order_id,user_id,order_date,order_time,total_amount
O00010104,U007788,07-08-2025,04:08:55,7950.74
O00006269,U006376,30-03-2025,00:52:56,7793.20
O00006360,U005279,08-02-2024,04:46:02,7735.27
O00011687,U000006,27-03-2024,01:18:08,7490.93
O00013787,U003852,20-04-2025,17:56:56,7452.94
O00005889,U006231,23-01-2024,12:46:45,7051.40
O00005963,U009076,30-07-2024,21:54:20,7013.55
O00000744,U009931,10-11-2024,10:56:25,6975.66
O00014664,U002574,25-02-2024,19:49:01,6499.76
O00013562,U002814,25-10-2025,20:02:11,6360.11
O00003203,U006696,18-01-2024,11:10:35,6340.40
O00004528,U006233,09-12-2024,19:37:25,6267.05
O00001337,U005797,13-06-2025,11:28:06,6265.52
O00001566,U005921,24-06-2025,04:04:02,6195.80
O00002113,U008370,27-09-2024,05:26:50,6166.89
O00006650,U004277,25-04-2024,02:31:05,6138.50
O00004586,U003427,01-11-2025,00:09:43,6123.01
O00017821,U009626,25-04-2025,00:00:31,6101.43
O00016994,U005803,13-10-2024,05:10:19,6066.85
O00008591,U001861,05-03-2024,10:03:13,5821.54
O00004183,U002851,07-11-2024,16:45:29,5790.47
O00010626,U000567,02-05-2024,04:53:02,5785.10
O00017229,U005201,17-08-2024,05:04:37,5761.47
O00011255,U007500,27-11-2024,20:01:32,5734.88
O00012980,U000564,22-09-2024,21:02:17,5717.67
O00009897,U009674,20-01-2024,04:24:02,5711.62
O00001520,U004729,19-09-2025,23:25:03,5682.77
O00009891,U008543,09-10-2025,14:01:11,5637.41
O00006708,U006817,05-07-2024,12:33:51,5559.33
O00007316,U002659,02-12-2024,08:29:33,5514.95
O00008048,U003711,02-02-2024,00:29:00,5506.43
O00004819,U002693,19-05-2024,22:54:35,5502.76
O00016900,U006801,27-09-2024,01:27:43,5471.26
O00002146,U000234,28-08-2025,21:07:46,5433.42
O00009319,U004982,10-08-2024,18:36:33,5397.05
O00010171,U006632,29-01-2024,17:46:31,5374.66
O00013383,U004172,01-02-2024,03:53:45,5368.25
O00003625,U002700,20-03-2025,04:23:05,5334.36
O00002901,U004474,13-01-2024,00:45:18,5323.75
O00000220,U008072,28-11-2024,01:25:41,5220.21
O00011531,U006816,31-10-2025,23:49:54,5183.18
O00011975,U000319,18-07-2025,09:02:18,5180.76
O00017742,U007594,01-09-2024,14:27:00,5176.65
O00019575,U004736,26-06-2024,12:26:15,5166.20
O00015502,U005169,10-03-2024,17:17:00,5156.63
O00005233,U002376,15-05-2025,13:46:00,5125.41
O00016808,U004990,19-12-2024,18:33:13,5117.51
O00008460,U000394,11-10-2024,19:17:18,5112.76
O00010435,U009746,07-10-2025,20:02:17,5091.84
O00016299,U007043,26-06-2025,13:27:16,5053.45
O00007402,U000761,11-09-2024,14:32:05,5048.86
O00005864,U000691,06-04-2024,18:07:23,5044.77
O00015329,U009931,06-07-2025,13:14:06,5035.42
O00006919,U004539,14-07-2024,22:20:29,5002.49
O00000162,U003794,16-10-2025,06:33:38,4995.83
O00013053,U000737,12-08-2024,02:58:10,4994.42
O00013174,U002651,27-04-2025,07:48:20,4978.39
O00000031,U007162,19-11-2024,07:31:44,4942.06
O00010414,U006802,04-01-2025,22:11:53,4921.97
O00002715,U009395,30-09-2024,04:23:06,4918.02
O00016374,U005486,24-02-2024,14:45:27,4909.21
O00013142,U008080,09-11-2025,17:59:37,4879.42
O00010401,U000999,09-07-2025,09:50:25,4862.16
O00006453,U005746,17-04-2025,11:41:10,4857.37
O00001790,U001843,05-11-2025,03:42:48,4850.64
O00014198,U006206,16-05-2025,04:52:07,4826.25
O00012535,U000157,26-04-2024,11:28:11,4813.35
O00017121,U007567,08-11-2025,03:36:18,4804.48
O00012400,U000386,10-11-2025,18:29:40,4799.94
O00014558,U007712,26-08-2024,12:12:26,4799.94
O00009623,U004530,23-08-2024,03:21:50,4789.02
O00019407,U001936,19-07-2024,18:26:35,4784.12
O00007255,U001983,18-08-2025,12:51:11,4783.84
O00001159,U001963,09-04-2024,19:20:43,4748.95
O00002537,U008970,27-03-2024,13:37:27,4734.87
O00005178,U007204,21-06-2024,09:51:01,4700.56
O00012387,U007031,05-10-2025,03:01:12,4675.70
O00011453,U000860,21-01-2024,00:50:07,4636.09
O00006078,U008141,12-10-2024,00:27:02,4631.86
O00016979,U002381,25-06-2025,18:19:41,4619.11
O00008438,U006367,01-01-2024,07:42:49,4585.26
O00008323,U008245,12-06-2024,06:52:33,4573.76
O00006524,U002424,30-05-2025,01:53:34,4555.10
O00000423,U001646,23-10-2025,23:42:26,4528.73
O00010840,U006844,30-09-2025,20:09:41,4513.75
O00009939,U006311,19-04-2025,18:39:16,4460.94
O00005077,U004459,06-03-2024,15:28:22,4441.96
O00009590,U004114,23-07-2025,09:13:28,4441.39
O00015635,U000206,05-01-2024,17:36:02,4436.59
O00006804,U006946,02-04-2024,09:52:42,4431.11
O00017415,U000524,13-12-2024,14:04:03,4430.15
O00001506,U007793,09-06-2024,16:40:32,4378.03
O00001781,U003821,27-01-2025,09:15:27,4377.85
O00006850,U002358,14-12-2024,05:03:12,4359.57
O00009981,U005918,13-10-2024,13:28:19,4354.04
O00011882,U009112,09-02-2024,22:56:41,4347.07
O00008096,U002848,30-05-2024,21:57:23,4339.96
O00008887,U004597,17-01-2024,14:41:39,4333.38
O00017428,U003816,07-05-2025,09:41:36,4331.22
O00003793,U006208,29-09-2024,14:16:04,4322.67
O00007326,U006663,07-09-2024,04:23:06,4315.17
O00005806,U004646,02-04-2024,12:11:08,4314.32
O00013141,U009157,16-07-2024,22:24:01,4311.05
O00018091,U003196,02-09-2024,03:34:14,4297.70
O00004485,U004214,11-05-2024,02:30:36,4284.49
O00005274,U000778,17-02-2025,19:28:23,4283.43
O00006095,U004575,20-10-2025,20:59:55,4279.03
O00010792,U009731,25-07-2025,19:39:37,4270.41
O00009702,U007160,04-07-2024,21:06:07,4267.56
O00002418,U007230,27-05-2025,21:48:37,4264.37
O00000588,U002165,02-04-2025,08:00:07,4251.38
O00016417,U004271,18-08-2024,07:06:16,4240.23
O00002771,U007569,30-04-2024,04:00:57,4231.46
O00009272,U008380,16-05-2025,20:52:33,4221.43
O00009903,U000924,15-05-2025,01:18:02,4216.53
O00003988,U000531,21-08-2024,07:29:23,4212.90
O00004498,U006863,20-02-2024,06:23:38,4208.04
O00011621,U005571,29-07-2024,18:48:10,4177.50
O00014749,U002710,27-05-2024,19:44:35,4169.93
O00019320,U006569,09-08-2024,02:43:33,4161.81
O00015481,U006871,17-09-2024,14:45:22,4158.91
O00014688,U000922,11-09-2024,07:03:50,4147.31
O00013033,U004906,05-12-2024,22:02:42,4143.52
O00019460,U003943,06-07-2025,16:10:33,4140.78
O00019537,U002508,02-11-2025,21:54:50,4140.43
O00010694,U005577,16-04-2024,21:35:14,4123.50
O00000206,U008405,21-11-2024,01:44:31,4116.65
O00013215,U009127,08-02-2024,03:37:32,4115.10
O00003829,U009150,20-09-2025,01:53:30,4114.18
O00004092,U008293,07-11-2025,09:57:35,4110.41
O00011450,U006295,15-08-2024,11:20:36,4106.99
O00003360,U005240,09-03-2024,07:19:55,4103.49
O00007220,U006124,16-11-2024,14:44:58,4092.12
O00006381,U009352,28-07-2024,12:02:54,4090.19
O00015795,U001818,13-06-2024,20:56:57,4086.07
O00004190,U008507,24-10-2025,15:17:10,4075.80
O00009427,U006005,17-08-2025,03:03:34,4071.32
O00015611,U000032,16-08-2024,18:52:57,4070.84
O00000498,U001990,29-12-2024,03:17:14,4068.17
O00008084,U007950,11-05-2025,13:04:44,4067.69
O00016206,U006704,07-04-2025,13:23:07,4064.62
O00016159,U001125,18-11-2024,16:16:54,4052.34
O00005841,U007639,18-01-2025,22:22:48,4048.39
O00004726,U000155,03-08-2024,15:21:03,4047.79
O00000995,U003307,05-04-2024,14:31:50,4043.84
O00010748,U005576,22-03-2025,13:18:41,4042.37
O00012054,U009326,17-02-2025,00:28:18,4036.64
O00007910,U001972,27-09-2024,15:40:02,4031.74
O00001526,U008825,29-02-2024,23:22:09,4031.23
O00011602,U007204,21-06-2025,14:30:43,4028.21
O00014715,U008370,26-04-2025,04:35:57,4023.22
O00002394,U004942,24-02-2025,01:14:31,4022.28
O00013695,U003637,25-08-2024,09:07:52,4022.23
O00010131,U001372,29-08-2024,03:59:41,4019.32
O00001425,U000731,13-02-2024,15:10:31,4015.79
O00015769,U004881,28-09-2025,07:44:27,4015.59
O00001246,U003289,21-08-2024,17:39:40,4008.22
O00015175,U000389,14-11-2025,14:24:35,3993.63
O00015120,U004002,22-09-2024,23:14:46,3980.02
O00013205,U000127,07-02-2024,19:42:35,3975.71
O00010385,U005897,03-08-2025,06:07:52,3968.58
O00014645,U003814,17-11-2024,23:27:26,3954.50
O00013698,U002662,17-06-2024,22:58:24,3949.42
O00008966,U000546,02-04-2024,04:30:29,3943.12
O00002060,U000600,28-01-2024,11:58:54,3941.36
O00019116,U005273,09-10-2025,14:21:21,3938.88
O00001333,U006233,09-07-2024,03:40:44,3937.02
O00015997,U004906,31-05-2025,04:10:17,3936.98
O00016549,U006907,11-12-2024,10:37:46,3935.52
O00009407,U009018,12-01-2024,09:36:54,3933.71
O00006574,U009903,03-02-2025,23:30:13,3932.97
O00006059,U001483,06-10-2024,06:28:41,3932.55
O00010281,U001332,02-01-2025,13:20:05,3930.41
O00000272,U005269,04-05-2024,17:33:24,3930.26
O00009630,U001854,04-03-2025,21:19:22,3923.66
O00000289,U009034,15-02-2024,06:42:03,3917.14
O00010005,U006092,05-12-2024,10:39:39,3915.18
O00015388,U008079,16-09-2024,21:36:40,3913.83
O00010655,U005568,12-10-2024,00:20:43,3896.10
O00008777,U003723,09-11-2025,11:02:11,3895.50
O00018415,U009681,23-04-2025,03:45:49,3893.18
O00001087,U007901,21-02-2025,21:12:40,3890.26
O00013333,U002533,21-05-2024,23:39:04,3889.33
O00013290,U000280,14-08-2024,14:18:10,3888.36
O00015306,U002247,08-11-2024,19:12:36,3886.70
O00006169,U003905,21-04-2024,04:53:14,3870.60
O00019417,U005280,06-12-2024,09:35:09,3868.84
O00009741,U004129,31-05-2025,22:02:23,3867.93
O00003032,U004135,20-04-2024,22:09:26,3863.85
O00003614,U001935,26-05-2024,06:50:49,3861.06
O00009680,U009172,04-06-2024,04:59:34,3857.34
O00008139,U007854,21-06-2025,09:28:44,3850.16
O00019553,U005039,21-05-2025,06:08:56,3844.33
O00006889,U006469,09-03-2024,00:12:57,3841.84
O00004343,U000399,22-03-2024,22:50:04,3838.12
O00015999,U007583,20-07-2024,00:21:04,3812.43
O00016866,U000792,12-06-2024,09:58:19,3809.48
O00003280,U006991,01-01-2025,08:34:09,3808.46
O00012336,U006596,06-01-2024,09:42:31,3806.33
O00007878,U001453,13-04-2025,08:21:36,3805.27
O00019787,U008212,10-10-2025,11:06:52,3803.31
O00006723,U005738,15-08-2024,23:19:27,3801.45
O00006555,U007458,01-03-2024,21:47:21,3800.70
O00018513,U005082,22-11-2024,07:14:31,3790.04
O00001651,U000035,05-08-2024,09:46:35,3787.12
O00009464,U001998,13-01-2024,02:54:25,3772.56
O00016386,U003799,16-02-2024,20:34:27,3771.26
O00012318,U006864,16-10-2025,09:07:28,3765.65
O00001277,U005226,03-03-2024,20:01:45,3759.72
O00001838,U007561,16-04-2024,16:53:25,3759.40
O00017134,U006318,27-05-2025,06:37:13,3755.22
O00012931,U003206,19-11-2024,01:10:38,3753.90
O00006011,U003929,13-06-2024,10:46:37,3746.19
O00018157,U007069,02-02-2024,17:56:20,3742.27
O00016931,U009950,02-04-2025,00:25:32,3741.99
O00002102,U008770,23-02-2024,12:54:35,3724.27
O00006497,U009990,18-05-2025,16:35:48,3716.79
O00000370,U003571,04-03-2024,18:29:12,3716.40
O00001281,U002441,05-06-2025,03:21:06,3703.81
O00019802,U003882,03-02-2025,13:00:28,3700.80
O00008059,U006097,17-12-2024,15:47:04,3700.06
O00019249,U000758,24-07-2024,05:40:56,3688.78
O00010813,U005151,28-08-2024,22:00:02,3677.89
O00013859,U003610,19-07-2025,05:38:23,3677.37
O00015025,U008774,25-09-2025,05:04:09,3670.64
O00013529,U008134,01-12-2024,06:17:10,3665.37
O00016629,U001025,03-07-2025,13:19:07,3660.22
O00016532,U001842,13-04-2024,01:48:26,3651.65
O00008536,U007046,08-06-2024,23:07:54,3631.32
O00002650,U000829,05-07-2025,22:05:04,3626.14
O00007633,U001168,17-09-2024,11:35:52,3618.88
O00011094,U006381,30-03-2025,23:17:51,3615.30
O00006113,U000245,05-07-2025,21:54:19,3613.40
O00008467,U007483,10-10-2025,22:02:44,3611.16
O00017278,U004692,11-02-2024,16:45:59,3607.00
O00011083,U002352,14-05-2024,08:10:05,3604.90
O00012863,U007358,21-07-2025,08:36:55,3601.30
O00017950,U004941,17-10-2024,01:10:33,3598.59
O00019899,U003778,27-04-2024,04:03:40,3596.17
O00010300,U009634,31-07-2024,01:46:25,3595.10
O00012581,U005098,08-08-2024,12:26:02,3593.95
O00019825,U005156,23-07-2024,11:54:10,3591.01
O00000204,U004810,11-05-2025,07:07:03,3590.85
O00000489,U008490,11-10-2025,23:59:21,3584.82
O00006633,U003198,09-10-2024,02:17:22,3584.82
O00008841,U009470,05-01-2025,16:39:28,3573.83
O00003860,U009149,15-10-2025,07:26:27,3572.60
O00000626,U001359,05-01-2025,14:28:39,3555.56
O00003416,U000004,10-09-2025,10:48:40,3554.99
O00013469,U002233,22-04-2024,13:12:08,3553.06
O00018785,U001465,26-10-2025,09:00:58,3552.96
O00018040,U001139,17-05-2024,06:25:51,3549.91
O00007853,U000456,10-06-2025,10:19:52,3547.33
O00007193,U004487,18-11-2024,07:21:38,3542.54
O00013634,U008883,20-06-2025,19:59:03,3529.45
O00006752,U001763,06-06-2024,18:48:29,3528.00
O00012265,U003458,01-02-2025,10:41:56,3527.91
O00007618,U008635,20-10-2025,05:21:01,3525.02
O00013657,U003335,18-06-2025,12:33:51,3522.84
O00006571,U008830,20-09-2025,10:20:26,3522.00
O00018766,U002972,08-11-2025,16:28:00,3513.16
O00017401,U007578,10-02-2025,12:09:07,3503.10
O00009790,U006666,24-01-2025,06:13:14,3500.02
O00013546,U005987,17-02-2024,17:51:28,3499.63
O00005724,U002221,13-06-2025,01:21:50,3497.84
O00003674,U001648,06-06-2024,02:54:55,3493.50
O00005440,U005412,20-06-2024,18:36:49,3493.14
O00004014,U009190,01-06-2025,14:49:31,3488.54
O00013652,U004903,04-08-2025,23:59:03,3487.22
O00016993,U001973,28-09-2024,08:56:59,3486.19
O00013097,U002012,15-02-2025,10:42:22,3475.97
O00017090,U006093,24-10-2025,06:55:35,3474.44
O00004878,U003598,26-01-2024,04:27:34,3464.19
O00004672,U008033,30-11-2024,04:44:22,3448.55
O00003013,U007303,03-12-2024,22:44:44,3447.86
O00005081,U008917,29-01-2024,01:43:38,3441.37
O00012220,U005153,31-07-2024,16:30:24,3441.20
O00010048,U007875,02-10-2024,21:55:50,3438.14
O00015282,U008037,13-01-2025,05:06:20,3437.44
O00012907,U000070,18-09-2024,14:52:35,3434.29
O00019432,U000188,21-02-2024,22:00:57,3421.12
O00019646,U001687,27-07-2025,06:31:45,3418.84
O00009080,U009718,01-03-2025,12:49:31,3417.82
O00001865,U005766,16-01-2025,12:39:32,3416.40
O00005271,U005450,03-08-2024,18:34:52,3411.50
O00002585,U001650,06-06-2024,13:58:46,3404.65
O00003519,U004594,25-02-2025,23:48:42,3400.08
O00012826,U003247,06-04-2024,08:17:18,3397.59
O00000669,U003718,03-08-2024,03:25:53,3395.70
O00000731,U004978,09-07-2025,09:35:10,3394.24
O00011854,U006383,21-10-2025,04:05:57,3393.68
O00008332,U000416,05-04-2025,02:40:25,3388.85
O00000935,U001533,06-10-2024,22:49:31,3388.79
O00001034,U005256,06-06-2024,07:28:30,3385.66
O00001169,U009884,14-07-2024,18:09:23,3383.76
O00000564,U000771,29-04-2025,06:09:15,3382.41
O00005528,U002743,20-02-2024,20:38:29,3375.17
O00001443,U002977,24-12-2024,09:54:00,3371.87
O00012404,U004567,01-05-2025,01:36:08,3371.57
O00013774,U005805,05-08-2025,00:50:54,3368.72
O00019962,U002222,22-09-2025,03:14:44,3353.35
O00019854,U009218,19-08-2024,17:29:21,3352.70
O00001409,U004268,07-11-2025,16:34:30,3350.65
O00003769,U004428,24-07-2024,13:39:59,3350.46
O00007570,U002142,09-09-2024,21:17:13,3350.08
O00016754,U000044,05-06-2025,13:45:47,3346.02
O00013770,U004345,08-02-2025,03:26:28,3330.56
O00019086,U008744,24-08-2024,23:15:32,3326.24
O00013719,U006751,09-01-2024,08:35:43,3317.72
O00000894,U009903,19-08-2025,08:32:42,3316.87
O00019624,U006341,11-09-2025,14:49:02,3316.35
O00002574,U002184,28-02-2025,20:48:33,3313.67
O00012331,U006221,10-09-2024,20:33:13,3312.03
O00010561,U000136,28-04-2024,00:33:46,3310.83
O00015567,U006168,27-09-2025,04:41:53,3308.02
O00019504,U008913,06-07-2025,20:03:29,3305.94
O00016153,U004080,26-05-2025,05:33:51,3298.70
O00000674,U006504,17-05-2025,11:46:10,3296.56
O00015458,U007548,28-04-2024,18:06:53,3295.90
O00005849,U000482,07-08-2024,01:39:14,3295.55
O00018149,U006049,25-10-2024,15:22:27,3292.89
O00014579,U004842,25-01-2025,05:47:10,3287.02
O00001058,U004670,21-09-2024,00:24:49,3283.60
O00014674,U001294,07-09-2024,07:30:34,3275.04
O00015523,U006629,07-06-2025,15:49:50,3274.34
O00019387,U000675,04-10-2025,17:18:40,3268.38
O00008314,U005913,18-07-2025,06:09:30,3267.20
O00011758,U002198,09-11-2025,12:21:47,3261.32
O00004136,U009896,17-12-2024,13:03:05,3254.37
O00013874,U008142,14-03-2025,06:32:06,3249.14
O00005830,U003902,18-02-2025,00:38:24,3249.06
O00011019,U005287,20-03-2025,01:54:56,3245.40
O00002811,U008784,02-11-2025,06:58:37,3237.12
O00003210,U009313,11-08-2024,03:13:02,3236.70
O00007196,U002589,16-07-2025,11:39:34,3232.29
O00001414,U001219,04-10-2025,06:04:05,3227.90
O00011572,U005959,16-06-2024,19:39:44,3226.11
O00010876,U006072,30-01-2024,22:42:49,3220.86
O00019123,U008704,18-02-2024,23:31:33,3219.65
O00017109,U000004,18-06-2025,04:30:01,3218.25
O00015898,U001599,17-02-2025,03:43:29,3218.19
O00008401,U000785,04-08-2025,15:19:35,3211.69
O00003339,U006611,22-04-2025,10:33:36,3207.86
O00012148,U007282,05-01-2024,16:04:23,3202.55
O00013663,U007095,15-06-2025,11:48:11,3199.96
O00004007,U006992,14-03-2025,05:53:57,3199.14
O00018158,U002935,14-11-2024,06:30:20,3198.80
O00004486,U001916,15-12-2024,05:23:16,3197.72
O00019205,U009967,05-09-2025,01:01:54,3194.27
O00007855,U007399,06-12-2024,02:37:19,3187.18
O00014194,U003521,06-08-2024,20:57:53,3184.58
O00019056,U003562,14-12-2024,11:47:16,3183.46
O00013785,U008995,04-02-2025,12:31:46,3169.33
O00004147,U001916,23-04-2025,14:47:57,3167.44
O00014407,U009511,31-05-2025,14:03:24,3164.15
O00002337,U009566,13-02-2024,04:02:46,3158.22
O00015827,U004635,24-06-2024,11:17:19,3154.50
O00000591,U007587,13-05-2025,17:38:25,3154.41
O00012730,U001799,04-06-2025,20:58:01,3152.30
O00018104,U006835,30-07-2024,08:46:03,3152.23
O00011378,U004431,30-07-2024,05:05:38,3151.22
O00000511,U001525,27-02-2025,12:20:54,3150.71
O00009415,U004336,11-04-2024,19:50:14,3147.76
O00012114,U005745,12-05-2024,21:06:23,3145.64
O00016177,U001082,01-07-2024,01:43:40,3144.71
O00005456,U008465,09-09-2024,16:07:24,3140.88
O00010262,U003841,15-12-2024,14:46:44,3130.18
O00006421,U006073,05-11-2024,04:47:30,3129.71
O00008093,U009220,10-03-2024,00:38:06,3127.96
O00005369,U007682,02-02-2024,21:22:23,3121.84
O00008374,U007166,30-12-2024,19:09:52,3121.09
O00002230,U003011,19-04-2025,04:40:21,3116.49
O00001440,U000993,22-04-2025,00:57:45,3113.10
O00006627,U003235,26-01-2025,13:19:37,3112.56
O00014999,U009945,30-09-2024,06:25:21,3111.97
O00011376,U003531,04-05-2024,08:19:19,3109.92
O00019316,U007881,05-11-2025,10:28:39,3107.28
O00001025,U003411,25-05-2024,16:24:51,3106.22
O00001294,U009854,04-12-2024,12:03:52,3105.54
O00004507,U000291,09-12-2024,01:30:32,3103.96
O00008770,U006744,02-04-2024,15:27:24,3097.79
O00012207,U001055,10-07-2025,13:35:24,3097.17
O00014824,U002398,02-03-2024,12:55:01,3096.09
O00011622,U004782,22-07-2025,19:40:35,3090.20
O00019736,U003252,13-03-2025,18:30:21,3090.16
O00009963,U008661,09-07-2024,16:57:33,3087.33
O00015045,U007484,02-03-2024,17:33:19,3086.64
O00011648,U007286,26-10-2024,06:20:40,3083.37
O00010043,U005163,04-01-2024,18:35:04,3078.25
O00008162,U006999,21-03-2024,03:41:09,3075.93
O00006646,U004947,25-08-2024,14:22:25,3075.53
O00003595,U005303,10-07-2025,15:05:11,3073.26
O00002417,U004030,04-06-2024,03:08:09,3072.82
O00004751,U003663,20-12-2024,10:23:34,3069.83
O00016775,U000410,04-03-2025,04:37:40,3066.77
O00012526,U006864,15-02-2024,01:11:34,3066.68
O00017666,U004531,06-08-2024,14:00:07,3065.95
O00013039,U006516,08-03-2024,11:48:12,3064.32
O00011313,U005365,26-07-2024,23:22:22,3060.97
O00008371,U007167,21-04-2024,03:02:57,3059.58
O00002597,U009889,17-10-2025,15:59:54,3058.66
O00001461,U009347,23-02-2025,15:13:54,3053.51
O00015368,U000146,05-05-2024,21:48:50,3052.82
O00002700,U008309,02-04-2024,17:42:21,3051.51
O00013841,U000611,21-02-2025,12:58:18,3051.20
O00012325,U009048,05-06-2024,11:36:21,3049.78
O00008513,U002553,02-05-2024,15:21:41,3042.60
O00018829,U001020,21-03-2025,04:36:56,3039.41
O00005387,U001887,29-11-2024,11:39:47,3038.98
O00016271,U005806,07-07-2024,23:43:19,3037.86
O00009052,U005715,26-02-2025,22:17:48,3035.13
O00019876,U003089,08-01-2024,14:40:02,3035.13
O00016673,U007387,21-02-2025,19:12:55,3035.10
O00000632,U008268,18-09-2024,09:48:13,3031.33
O00014525,U004659,09-01-2025,18:59:49,3030.95
O00009738,U000261,10-03-2025,00:45:28,3030.53
O00010763,U009310,22-05-2025,15:47:11,3029.48
O00000943,U000374,26-05-2025,13:53:44,3023.06
O00013981,U003116,25-10-2024,03:06:04,3022.26
O00014874,U006888,06-07-2024,14:17:15,3022.22
O00014928,U007430,08-11-2025,03:22:29,3017.25
O00000675,U000323,14-01-2025,01:12:37,3007.35
O00008705,U004627,03-11-2025,08:21:34,3006.20
O00017745,U002022,02-01-2025,23:00:41,3005.01
O00005650,U002495,07-03-2024,07:25:19,3004.54
O00017987,U000085,13-03-2024,03:12:03,3003.15
O00018013,U007207,14-10-2025,06:00:57,2990.38
O00017256,U003686,19-10-2024,18:05:54,2989.27
O00010670,U001420,05-10-2025,14:27:35,2988.09
O00009126,U008870,08-05-2024,11:50:46,2987.87
O00007996,U002756,25-05-2025,03:07:56,2985.27
O00006566,U008661,28-11-2024,11:56:27,2985.24
O00006151,U001081,18-09-2025,00:55:54,2984.62
O00013864,U002365,20-11-2024,06:24:27,2980.46
O00011469,U004175,29-08-2024,08:12:08,2979.41
O00009995,U007041,11-07-2024,10:13:25,2976.70
O00005776,U006673,03-02-2024,21:49:57,2975.45
O00008694,U005825,16-07-2025,14:35:13,2973.01
O00013720,U006555,02-10-2025,17:43:07,2968.76
O00003135,U001688,12-04-2024,20:40:58,2966.90
O00007028,U001900,12-09-2024,00:11:20,2965.98
O00006087,U001739,24-06-2025,08:43:28,2963.85
O00012261,U005891,01-10-2024,03:05:35,2963.59
O00006002,U008902,09-01-2024,10:30:10,2962.65
O00012014,U003090,24-01-2025,18:52:06,2960.66
O00008600,U004807,08-11-2024,06:48:52,2958.01
O00018363,U002768,15-02-2024,14:30:16,2956.78
O00002263,U008355,14-07-2024,10:07:09,2956.05
O00014882,U008420,10-08-2024,13:48:19,2956.05
O00005342,U000649,03-07-2025,17:48:44,2954.90
O00017575,U004226,17-05-2024,20:57:50,2954.90
O00004424,U006269,27-03-2025,14:45:58,2954.49
O00002396,U002362,16-01-2024,13:37:40,2954.41
O00013610,U009873,28-09-2024,19:25:35,2951.72
O00009833,U000844,07-05-2025,19:33:12,2951.22
O00001864,U004670,19-06-2024,13:44:28,2949.02
O00016031,U004573,22-02-2024,07:07:40,2946.30
O00007247,U008785,02-03-2025,16:06:17,2945.45
O00009298,U006328,10-02-2024,08:21:29,2943.73
O00013669,U003275,21-05-2024,08:23:55,2941.96
O00012021,U003316,14-02-2024,10:11:26,2941.57
O00010791,U009632,26-10-2024,11:11:36,2939.45
O00014314,U002861,30-12-2024,12:37:59,2939.33
O00011564,U009779,08-03-2024,11:16:23,2934.17
O00001240,U002369,12-11-2024,09:35:45,2932.83
O00014075,U000932,29-10-2025,05:17:28,2927.65
O00010914,U005461,30-10-2024,01:36:55,2927.15
O00008803,U004390,11-03-2024,17:25:51,2926.52
O00003064,U004378,09-12-2024,09:18:03,2924.22
O00013804,U003044,28-06-2024,08:46:31,2923.12
O00012657,U001081,29-04-2024,12:44:56,2922.92
O00016845,U007839,12-01-2025,01:21:35,2922.48
O00001880,U004788,18-04-2025,21:46:49,2921.39
O00014996,U006590,25-09-2025,11:21:05,2920.93
O00009344,U009910,13-11-2025,04:11:04,2919.65
O00002704,U001093,21-07-2025,13:00:24,2913.91
O00004232,U005567,07-08-2025,20:26:29,2912.05
O00001929,U008472,17-01-2024,13:53:20,2911.10
O00017328,U004317,25-12-2024,03:37:54,2910.30
O00017806,U004161,08-07-2024,10:36:48,2907.28
O00010604,U002868,26-10-2024,00:31:50,2905.02
O00014157,U002255,29-06-2024,18:05:51,2903.49
O00016774,U004025,02-06-2024,02:11:21,2902.76
O00019412,U000511,08-05-2025,16:51:20,2899.31
O00005832,U000964,12-11-2025,22:06:00,2897.95
O00013208,U009246,29-01-2025,13:12:24,2897.95
O00007963,U004737,07-12-2024,04:04:19,2895.51
O00002496,U009246,01-08-2024,14:09:42,2893.64
O00003768,U003980,10-04-2024,04:46:39,2891.84
O00014326,U009806,18-01-2025,00:00:44,2891.27
O00014686,U000837,01-05-2024,22:17:37,2890.61
O00015838,U002707,13-04-2025,13:14:37,2885.06
O00017285,U006559,26-12-2024,06:27:27,2882.27
O00006671,U002149,05-03-2025,07:19:48,2879.77
O00018416,U009406,27-06-2025,23:52:26,2876.90
O00002872,U005699,13-11-2024,07:04:21,2876.86
O00017802,U009678,05-07-2024,18:13:55,2873.71
O00003675,U008350,07-08-2025,21:35:11,2872.53
O00019609,U007688,19-01-2024,00:34:22,2871.33
O00015673,U000023,09-02-2024,04:32:39,2869.96
O00003905,U006665,15-09-2024,14:28:30,2868.69
O00019934,U000458,18-07-2025,17:41:45,2868.55
O00018636,U000217,20-05-2025,14:31:44,2862.77
O00000749,U003848,28-05-2024,21:11:42,2862.02
O00008730,U004161,11-02-2024,10:55:02,2861.48
O00001764,U002614,05-05-2025,19:26:05,2859.09
O00012903,U005702,05-09-2025,23:40:22,2858.00
O00002930,U006099,04-04-2025,17:30:30,2857.11
O00019405,U008253,11-03-2024,07:42:44,2855.07
O00001635,U004451,19-01-2024,23:31:58,2852.30
O00018045,U002210,01-09-2024,16:07:03,2849.31
O00001442,U004550,02-11-2025,15:32:48,2849.19
O00002003,U008528,08-05-2025,00:05:33,2846.32
O00000446,U001117,27-05-2024,06:17:23,2845.08
O00006672,U004742,03-11-2024,14:14:33,2844.18
O00017835,U005077,26-06-2024,14:26:55,2843.14
O00008317,U002446,04-11-2025,02:34:57,2842.51
O00008186,U008164,10-04-2025,22:18:54,2842.41
O00017673,U001344,02-08-2024,13:06:45,2841.12
O00000732,U000038,17-05-2024,20:33:54,2840.22
O00018002,U007737,06-09-2025,13:05:19,2838.38
O00018116,U003077,03-05-2024,21:19:48,2838.11
O00002393,U000332,10-02-2025,01:41:16,2835.79
O00019993,U002624,22-09-2024,19:45:28,2833.68
O00010715,U004827,19-04-2024,19:59:17,2831.36
O00009137,U002195,26-12-2024,04:14:16,2828.55
O00014699,U004234,07-10-2024,18:56:51,2823.15
O00003993,U006973,22-02-2024,04:01:29,2822.06
O00019568,U000803,13-09-2025,07:23:15,2821.02
O00011500,U002633,13-05-2025,11:05:00,2817.69
O00018237,U003646,20-09-2024,07:10:38,2816.24
O00018014,U000532,19-06-2024,03:58:36,2815.48
O00006030,U006952,04-12-2024,09:57:12,2815.22
O00007073,U002288,07-03-2024,06:23:41,2815.07
O00010908,U003435,14-02-2024,21:08:44,2812.92
O00009211,U009109,21-06-2024,17:12:54,2811.96
O00003377,U005696,25-03-2025,10:37:59,2811.77
O00015230,U008376,18-05-2024,19:22:03,2808.83
O00009035,U004695,08-11-2024,00:12:08,2807.98
O00005826,U007445,19-05-2024,19:41:05,2807.11
O00010500,U009957,30-10-2025,11:14:27,2805.83
O00000039,U005127,09-11-2024,01:20:49,2803.64
O00019250,U006953,16-09-2025,03:03:41,2801.80
O00000412,U007274,26-11-2024,23:01:06,2799.70
O00001046,U002915,01-06-2024,07:00:36,2799.01
O00008478,U006762,29-07-2024,08:14:43,2797.38
O00003102,U008652,04-12-2024,18:00:07,2797.11
O00017334,U001782,17-07-2024,01:38:08,2795.99
O00004269,U002440,30-07-2024,09:58:35,2793.58
O00006900,U000512,15-11-2024,05:04:42,2791.04
O00007596,U001678,25-05-2025,23:36:04,2790.66
O00007986,U003939,15-08-2025,22:46:11,2789.19
O00017557,U002316,23-01-2024,14:22:54,2789.19
O00006548,U005598,06-12-2024,10:32:42,2784.07
O00017399,U009184,02-08-2025,21:26:51,2782.76
O00004806,U006904,20-11-2024,18:47:02,2778.58
O00003862,U005125,08-11-2024,03:21:18,2778.45
O00008075,U005444,08-06-2024,23:11:48,2774.78
O00017539,U009367,19-10-2025,22:07:20,2770.80
O00009451,U007206,18-03-2024,10:06:05,2768.64
O00002887,U007483,08-11-2025,09:37:07,2768.16
O00017333,U002496,19-07-2024,16:45:31,2768.07
O00007909,U009525,14-07-2025,14:50:36,2765.46
O00006137,U004919,27-08-2025,09:51:44,2764.50
O00013468,U009511,21-04-2024,18:41:39,2763.00
O00007874,U004836,05-06-2025,17:32:29,2758.41
O00005887,U009807,06-07-2024,13:55:14,2757.36
O00011654,U008488,03-04-2025,10:32:49,2752.62
O00011656,U004698,20-06-2024,01:25:00,2751.72
O00014606,U009270,30-06-2025,09:34:20,2749.06
O00018155,U007930,03-06-2025,01:08:04,2744.83
O00016816,U008184,23-10-2025,09:51:43,2741.54
O00008596,U006531,03-03-2024,07:47:35,2735.80
O00009770,U008768,29-12-2024,05:06:20,2733.32
O00011759,U000233,01-07-2024,04:27:09,2731.48
O00013236,U008152,02-03-2024,09:45:17,2731.04
O00016342,U005707,05-07-2024,08:22:52,2728.50
O00008116,U005020,25-03-2025,21:48:32,2727.16
O00017722,U009969,03-09-2024,23:19:46,2724.85
O00016944,U002422,27-10-2024,12:42:40,2719.97
O00018989,U003005,25-08-2025,22:22:10,2717.17
O00003676,U001055,23-09-2025,21:48:07,2715.92
O00019637,U005028,23-03-2025,07:17:59,2713.97
O00013163,U007269,02-05-2025,12:08:55,2705.26
O00014992,U001130,10-08-2025,19:15:18,2705.26
O00008399,U004993,20-12-2024,12:38:47,2703.56
O00007619,U007631,12-02-2025,10:59:49,2702.60
O00011999,U000892,03-09-2024,20:22:43,2702.39
O00008804,U000968,07-01-2024,21:02:43,2698.71
O00000777,U002342,14-09-2025,04:06:07,2689.64
O00000380,U006382,09-10-2024,03:37:02,2688.09
O00008125,U006257,20-07-2024,06:30:09,2684.57
O00015882,U003996,23-04-2025,13:51:37,2682.45
O00004166,U003375,02-10-2024,07:24:30,2681.52
O00012533,U008520,07-05-2025,10:43:53,2681.52
O00002013,U006339,20-09-2025,07:18:44,2680.04
O00014318,U005655,05-04-2025,08:08:54,2679.61
O00007117,U007629,04-04-2025,13:00:33,2677.06
O00007284,U004436,04-04-2024,03:47:02,2677.06
O00019831,U002959,21-11-2024,00:30:24,2677.06
O00002668,U005608,16-01-2025,03:56:55,2675.55
O00007203,U000436,27-11-2024,00:12:01,2673.43
O00007300,U000481,05-12-2024,01:38:38,2670.31
O00002147,U003750,01-04-2025,15:43:52,2670.07
O00017241,U005180,07-07-2024,03:34:33,2667.94
O00010811,U000055,28-06-2025,19:19:33,2667.15
O00000418,U003487,06-09-2025,02:25:49,2660.31
O00001518,U007484,17-09-2024,09:57:13,2660.31
O00000069,U007490,22-03-2025,23:03:28,2659.83
O00001330,U004485,10-04-2024,11:22:05,2659.38
O00000528,U008440,27-06-2024,17:06:43,2656.92
O00008571,U000470,05-09-2025,05:13:05,2654.98
O00019170,U008953,12-04-2025,08:30:05,2653.11
O00008910,U003574,28-06-2024,12:55:41,2652.96
O00003023,U000338,22-03-2025,01:01:15,2652.75
O00000820,U008264,21-04-2025,22:28:49,2651.71
O00000284,U004677,31-08-2025,05:39:55,2650.12
O00006946,U008365,09-04-2025,12:58:37,2649.19
O00011848,U000047,17-08-2024,15:56:09,2644.85
O00007980,U006252,02-09-2024,14:43:51,2644.07
O00014333,U006532,25-06-2025,03:59:43,2643.90
O00012273,U005594,23-08-2024,06:48:48,2643.46
O00019702,U003606,14-12-2024,02:19:40,2643.07
O00013151,U006033,07-06-2025,12:42:26,2638.32
O00001488,U008659,01-02-2024,09:32:57,2635.95
O00015355,U009330,03-09-2024,23:13:40,2635.60
O00000556,U000669,06-08-2025,10:21:59,2635.13
O00019178,U006464,16-02-2024,06:16:22,2633.32
O00012654,U004645,04-10-2024,03:27:28,2631.23
O00018134,U005058,01-03-2025,19:32:49,2629.58
O00009919,U006601,22-11-2024,23:03:13,2626.65
O00001554,U009638,31-08-2024,02:49:20,2624.28
O00015053,U008923,09-03-2025,11:07:09,2624.23
O00014145,U008064,12-11-2025,10:25:58,2624.10
O00017271,U007867,29-01-2025,12:01:28,2621.25
O00008978,U003710,04-03-2025,18:41:58,2620.85
O00018653,U002377,29-03-2025,01:40:03,2619.68
O00018145,U002363,04-10-2024,05:09:23,2619.06
O00015220,U004880,21-06-2024,21:05:55,2618.37
O00015570,U007465,13-06-2024,16:01:01,2618.32
O00002015,U006382,22-05-2025,03:27:37,2617.21
O00017582,U008193,01-06-2024,18:09:14,2615.76
O00013758,U001374,06-05-2024,02:53:13,2610.31
O00016041,U004346,04-09-2024,14:48:41,2609.47
O00008461,U001104,13-11-2024,18:30:26,2609.30
O00007889,U008843,07-05-2025,11:04:08,2608.78
O00005980,U008550,27-10-2024,13:04:04,2605.34
O00000424,U003529,21-08-2025,09:06:23,2604.78
O00018817,U006776,26-07-2025,06:19:46,2604.54
O00017504,U003468,17-08-2025,18:58:35,2602.56
O00002916,U008488,27-05-2025,02:49:08,2601.96
O00011828,U008574,02-07-2025,20:13:08,2601.10
O00017338,U007549,03-05-2025,18:34:48,2599.42
O00013608,U006765,06-01-2025,09:46:49,2597.43
O00006265,U008826,20-11-2024,12:06:24,2594.72
O00005910,U006456,18-10-2024,15:09:55,2594.10
O00008961,U004326,02-05-2025,09:39:34,2594.00
O00010160,U007392,17-08-2025,08:23:56,2592.94
O00013900,U002780,03-09-2024,17:04:57,2592.57
O00017569,U004900,10-02-2025,22:21:00,2584.70
O00001745,U007112,08-05-2025,02:52:33,2583.17
O00017063,U008540,24-06-2025,16:47:52,2581.44
O00005846,U007576,18-03-2025,07:40:18,2578.80
O00006839,U003373,08-07-2025,03:31:34,2578.01
O00002118,U002836,16-04-2025,05:56:53,2577.90
O00017243,U004435,11-08-2024,12:58:46,2575.90
O00013966,U001293,14-02-2025,01:45:20,2573.59
O00008733,U005687,25-11-2024,08:47:08,2573.05
O00007221,U002922,22-06-2024,19:49:45,2572.96
O00012996,U006469,22-11-2024,00:54:25,2572.37
O00001784,U000074,13-01-2025,23:21:03,2571.53
O00015704,U006527,10-06-2024,06:54:57,2570.35
O00004512,U004013,30-01-2025,22:58:39,2567.94
O00012598,U008603,07-03-2024,18:03:23,2566.81
O00017625,U001951,20-09-2024,19:06:14,2566.71
O00018634,U008144,26-10-2024,20:10:36,2565.49
O00012821,U001786,01-08-2025,14:07:22,2564.40
O00003355,U009001,19-03-2025,19:35:28,2562.54
O00017462,U001581,25-08-2024,00:25:26,2561.17
O00006582,U008664,06-08-2024,19:06:11,2557.84
O00009064,U007494,30-03-2024,04:33:40,2556.31
O00008365,U000758,20-08-2025,14:30:43,2555.49
O00004998,U008088,30-11-2024,08:34:44,2553.82
O00011052,U005869,27-02-2025,03:55:54,2553.64
O00014317,U003780,17-04-2024,02:49:24,2553.12
O00016815,U002498,03-01-2025,21:09:12,2552.62
O00015590,U005575,15-01-2024,11:53:50,2548.48
O00003352,U006874,13-07-2025,09:13:18,2548.30
O00016216,U005733,04-03-2024,00:06:57,2547.05
O00017588,U003869,27-12-2024,12:43:55,2546.79
O00001812,U000400,06-06-2024,02:45:57,2546.41
O00007810,U001597,10-05-2025,08:46:59,2545.55
O00005770,U009115,22-06-2024,08:46:13,2545.48
O00002989,U006235,05-11-2025,05:57:34,2540.92
O00010496,U009158,08-07-2024,02:51:47,2540.22
O00002651,U004973,13-05-2024,13:50:53,2538.38
O00016285,U000263,02-01-2024,12:06:42,2534.34
O00010257,U003810,11-09-2024,05:51:31,2524.83
O00013417,U003026,21-03-2025,04:23:16,2523.65
O00002391,U000941,06-01-2025,03:33:06,2520.03
O00003784,U000187,28-02-2025,08:22:20,2518.61
O00005421,U001067,25-04-2024,15:45:17,2517.29
O00019499,U002602,10-02-2024,10:46:51,2515.04
O00017933,U004814,27-03-2025,00:07:20,2510.40
O00001375,U000546,05-12-2024,05:26:57,2510.02
O00015225,U006955,23-07-2025,15:20:30,2505.69
O00019772,U006972,28-10-2025,01:04:12,2505.66
O00008933,U000560,31-07-2024,10:59:38,2501.21
O00010701,U008552,23-07-2025,01:36:32,2500.68
O00008597,U006469,03-05-2024,07:07:31,2499.55
O00017633,U004375,01-06-2025,01:13:54,2499.17
O00018663,U003971,03-09-2024,03:35:53,2497.27
O00019954,U003673,15-03-2025,10:44:40,2495.36
O00004245,U000183,23-08-2025,03:58:49,2493.47
O00016522,U009308,27-07-2024,19:12:11,2488.16
O00003423,U004366,24-12-2024,15:42:04,2487.88
O00013079,U001415,04-05-2024,11:40:19,2484.27
O00004270,U004525,04-01-2024,01:50:35,2478.77
O00005264,U006226,19-05-2025,18:51:22,2477.86
O00014925,U009987,30-05-2025,02:46:25,2476.69
O00012703,U008298,26-04-2024,18:37:33,2474.74
O00017479,U003533,16-05-2025,07:45:12,2474.06
O00006238,U004825,05-10-2024,13:08:04,2473.96
O00001257,U006333,02-01-2025,15:02:47,2473.48
O00006875,U003173,15-09-2024,14:06:02,2473.24
O00005380,U001578,02-04-2024,07:09:03,2472.84
O00016932,U008624,24-07-2025,20:58:56,2472.34
O00015614,U008063,04-10-2025,21:20:45,2472.14
O00008076,U002738,09-02-2024,23:12:35,2470.13
O00017886,U007890,01-11-2024,00:24:46,2469.99
O00012537,U002606,06-05-2024,05:04:52,2468.01
O00006356,U007754,05-09-2025,19:26:14,2466.24
O00019132,U005330,31-08-2025,21:08:42,2464.11
O00004117,U001622,01-04-2024,02:07:53,2464.00
O00002709,U009868,04-02-2024,21:40:13,2462.20
O00000316,U000494,02-03-2025,13:48:49,2460.43
O00013233,U007198,28-07-2024,12:53:21,2459.69
O00014143,U006273,04-02-2024,20:59:38,2459.65
O00010848,U005170,31-10-2025,14:27:28,2457.51
O00017867,U009510,23-04-2025,08:22:13,2456.57
O00007685,U003365,08-04-2024,09:43:19,2456.22
O00006912,U002104,27-10-2024,17:53:03,2455.44
O00016595,U004760,28-08-2025,08:35:26,2450.98
O00004425,U005376,18-04-2024,23:26:31,2448.69
O00015872,U001886,24-12-2024,05:05:04,2447.31
O00011368,U000452,16-10-2025,12:28:41,2445.04
O00008609,U009645,21-10-2025,12:01:50,2444.57
O00010636,U009032,28-09-2025,15:24:25,2442.99
O00012001,U009193,07-10-2024,00:32:19,2439.87
O00004523,U003439,13-02-2025,21:54:02,2436.47
O00018797,U003816,09-11-2025,01:28:43,2436.42
O00016143,U000738,05-03-2024,18:11:11,2435.77
O00006008,U007711,04-08-2025,17:48:47,2435.66
O00017378,U008516,14-07-2024,07:27:09,2435.15
O00012881,U006231,06-08-2025,16:55:45,2434.89
O00009564,U003620,19-07-2025,07:50:45,2434.47
O00009743,U002932,18-10-2024,21:56:28,2432.47
O00005669,U004538,02-07-2024,21:19:58,2429.71
O00016322,U001621,24-04-2025,20:51:34,2428.57
O00008815,U005023,20-09-2024,18:32:13,2427.48
O00014944,U006215,16-05-2024,13:16:22,2427.45
O00007464,U006103,08-04-2025,18:16:18,2427.10
O00000558,U002083,18-03-2025,09:26:05,2426.82
O00014930,U006076,22-09-2025,19:43:20,2424.91
O00013662,U008930,06-10-2024,22:40:58,2422.46
O00002012,U004691,09-08-2025,03:32:33,2422.31
O00019939,U001425,02-09-2025,00:12:13,2421.00
O00013447,U007053,27-02-2024,00:03:04,2420.82
O00014681,U000302,29-07-2025,08:01:23,2419.89
O00000710,U006722,05-03-2025,01:14:20,2415.68
O00013401,U004983,11-08-2024,03:11:30,2414.96
O00018938,U005243,03-07-2025,13:25:16,2410.92
O00007720,U007951,24-06-2024,05:50:58,2410.20
O00017595,U005805,31-01-2024,08:35:34,2410.20
O00015701,U002132,19-07-2024,02:47:33,2409.80
O00019986,U003690,21-03-2024,15:40:21,2408.00
O00012355,U005977,23-07-2025,19:00:01,2406.01
O00003814,U000318,24-09-2025,10:59:36,2399.72
O00014064,U005164,26-08-2024,21:22:43,2398.76
O00009809,U005263,25-07-2025,21:40:19,2396.79
O00010570,U008296,16-05-2024,19:25:21,2395.23
O00007589,U006357,29-04-2025,02:11:51,2394.88
O00016550,U009371,24-07-2025,00:14:50,2394.87
O00008369,U003229,01-11-2025,18:40:10,2389.88
O00013119,U000201,13-03-2025,12:19:10,2389.88
O00000702,U004882,21-03-2024,11:46:59,2389.58
O00017640,U004738,11-06-2024,20:16:28,2384.61
O00012177,U002329,17-02-2025,09:22:56,2384.19
O00009622,U009903,13-10-2024,21:46:14,2379.84
O00010117,U009318,27-09-2025,19:59:40,2379.68
O00005269,U009257,16-03-2024,04:42:59,2375.28
O00011445,U008419,01-03-2024,05:49:49,2374.82
O00016668,U008121,17-05-2024,02:52:24,2373.89
O00013218,U005553,23-09-2025,10:50:48,2373.36
O00002737,U009369,08-04-2024,13:27:49,2372.99
O00002641,U005014,08-07-2025,22:11:18,2372.85
O00009328,U001962,29-04-2025,20:12:27,2372.41
O00009370,U009203,16-02-2025,22:26:01,2371.57
O00008327,U008723,23-09-2024,08:30:47,2370.71
O00014175,U009818,09-01-2025,19:32:49,2369.68
O00017608,U000862,15-04-2024,05:21:16,2368.55
O00016873,U005876,07-04-2025,23:09:58,2366.50
O00000956,U000418,22-07-2025,22:08:23,2365.61
O00007883,U000734,16-02-2024,09:37:01,2364.73
O00002104,U002304,18-10-2024,14:43:58,2363.37
O00009957,U005763,17-10-2024,02:26:58,2358.77
O00005748,U003279,26-02-2024,10:27:02,2357.22
O00013523,U002618,18-02-2025,14:38:10,2357.06
O00019438,U006222,03-06-2025,08:57:55,2355.27
O00006811,U003536,27-11-2024,09:08:30,2354.43
O00013691,U009629,03-03-2025,19:42:55,2353.66
O00019411,U009291,28-03-2024,14:55:43,2352.66
O00004295,U003649,17-06-2024,22:19:20,2352.00
O00017572,U006242,20-12-2024,04:50:01,2352.00
O00015004,U006998,04-08-2025,05:41:00,2350.27
O00012788,U009497,06-12-2024,03:17:38,2350.16
O00002697,U006477,25-02-2024,11:09:54,2348.53
O00003190,U004599,18-06-2025,13:38:52,2348.45
O00008792,U003718,04-07-2025,05:09:25,2347.58
O00015806,U000210,27-02-2024,05:00:37,2344.23
O00008557,U001905,14-09-2025,14:43:55,2343.21
O00012227,U006610,21-07-2025,11:43:54,2339.08
O00014736,U000036,24-02-2025,13:56:24,2339.03
O00006660,U006525,03-03-2024,04:59:42,2338.13
O00000295,U007518,01-09-2025,13:59:41,2337.85
O00013031,U002003,06-07-2024,20:58:44,2337.85
O00014170,U000118,20-05-2025,02:15:34,2337.85
O00017129,U009432,27-02-2025,09:44:23,2337.85
O00017148,U001885,03-01-2025,09:13:38,2337.85
O00017452,U003636,01-10-2024,03:48:55,2337.85
O00015020,U006750,12-10-2024,00:27:29,2337.60
O00005357,U005872,21-03-2024,09:37:20,2337.50
O00017020,U006446,12-05-2024,01:30:01,2336.85
O00017435,U000612,20-12-2024,10:32:25,2335.82
O00001923,U000982,05-10-2024,00:16:28,2335.43
O00013112,U007785,01-12-2024,18:46:27,2331.22
O00007663,U005868,26-06-2024,05:18:36,2329.19
O00015348,U001163,06-03-2024,03:18:21,2327.16
O00012071,U000519,03-08-2024,08:16:08,2326.46
O00011696,U001935,27-06-2024,07:46:15,2325.72
O00003542,U003119,01-11-2024,03:50:18,2325.01
O00007555,U006994,20-05-2025,12:07:12,2324.44
O00012237,U008400,14-05-2025,11:04:22,2323.68
O00012525,U003082,07-06-2024,20:52:10,2319.38
O00013513,U004555,07-02-2024,06:05:01,2319.17
O00010447,U004546,13-03-2024,11:32:11,2318.98
O00014943,U007756,14-02-2024,12:50:07,2318.62
O00009191,U005376,08-07-2025,05:01:04,2317.43
O00014822,U004154,17-01-2024,17:53:01,2314.93
O00004854,U000844,26-04-2025,16:53:03,2313.19
O00006247,U005380,14-02-2025,22:16:08,2312.07
O00004844,U001476,29-12-2024,21:27:18,2311.61
O00008585,U007406,02-10-2025,04:59:21,2309.13
O00010344,U009344,09-06-2024,04:42:18,2308.62
O00012929,U001069,19-02-2024,11:17:07,2307.15
O00012426,U000599,20-07-2025,16:44:34,2304.06
O00013157,U000082,25-06-2025,06:06:22,2302.94
O00014750,U007930,24-01-2025,04:55:48,2302.94
O00016543,U008481,25-01-2024,15:49:17,2302.94
O00003889,U004001,06-06-2024,05:55:41,2302.78
O00013595,U009543,05-02-2024,14:48:54,2301.88
O00014626,U007791,22-08-2025,04:13:20,2301.63
O00015966,U003082,06-11-2024,21:57:26,2300.44
O00012478,U009896,15-10-2025,01:33:19,2295.83
O00000278,U001355,08-02-2025,11:16:57,2295.05
O00000621,U002290,18-10-2024,01:19:43,2294.56
O00012964,U009233,29-07-2024,17:37:28,2294.51
O00002027,U003697,17-03-2024,10:34:54,2292.67
O00010161,U003061,03-07-2024,10:39:16,2291.10
O00011422,U001637,22-06-2024,20:34:50,2289.11
O00017301,U001309,11-04-2024,05:41:33,2287.09
O00012653,U003125,19-12-2024,19:16:15,2286.32
O00001268,U008127,20-04-2024,14:17:27,2286.15
O00012714,U002285,14-06-2024,10:39:38,2284.29
O00005719,U007747,07-11-2024,00:56:38,2280.13
O00018372,U007688,22-04-2025,17:41:26,2276.99
O00001791,U008033,02-08-2025,22:42:23,2275.76
O00007415,U009316,11-09-2025,18:16:36,2275.56
O00001494,U009944,17-06-2024,11:19:36,2274.21
O00006849,U006182,02-02-2025,02:06:48,2269.31
O00008788,U000886,26-01-2024,17:01:41,2266.99
O00008702,U009918,16-10-2025,20:09:49,2266.94
O00017997,U000881,15-07-2024,20:44:20,2262.72
O00004676,U003893,02-08-2024,03:30:48,2262.60
O00009976,U000430,26-08-2025,09:23:26,2262.60
O00012000,U000616,20-04-2025,14:53:05,2262.26
O00016773,U006853,10-10-2024,12:20:03,2259.12
O00000006,U003449,13-10-2024,09:02:27,2258.34
O00012889,U000817,04-11-2025,05:27:19,2258.20
O00004292,U000097,11-05-2024,18:01:30,2258.19
O00004509,U004062,21-06-2024,02:07:15,2256.65
O00012961,U003347,25-04-2025,04:50:33,2256.52
O00017609,U003784,07-01-2025,07:58:49,2255.01
O00001997,U009737,22-01-2025,03:20:45,2254.87
O00015855,U009361,18-06-2024,09:29:13,2254.50
O00014665,U009739,08-04-2024,08:10:49,2247.18
O00009839,U008123,09-05-2024,08:05:01,2244.92
O00002063,U001284,05-03-2024,17:26:46,2241.70
O00019324,U005603,03-08-2024,12:17:20,2241.11
O00018554,U000702,25-10-2024,05:21:05,2238.89
O00003239,U008588,10-07-2025,05:39:03,2237.08
O00004029,U006086,10-01-2024,16:18:07,2236.70
O00010976,U001901,17-10-2024,22:27:48,2236.60
O00008660,U000521,06-07-2024,04:00:23,2235.22
O00015653,U006823,27-07-2025,16:13:29,2234.51
O00005833,U005370,23-06-2025,01:11:57,2234.41
O00011329,U008892,08-02-2025,09:26:50,2232.17
O00013869,U003554,29-01-2024,18:40:57,2228.42
O00011449,U009758,28-10-2024,20:06:13,2228.31
O00007594,U000742,14-01-2024,12:05:10,2227.85
O00017549,U002519,08-06-2025,06:24:44,2226.06
O00015267,U003550,04-08-2024,20:27:10,2225.76
O00010582,U005291,11-05-2024,05:11:33,2224.26
O00004585,U007159,23-10-2024,08:30:42,2222.66
O00012678,U008288,20-01-2025,19:07:46,2221.77
O00011785,U002048,22-01-2024,18:55:46,2221.49
O00009222,U009333,12-09-2025,18:15:51,2221.00
O00013444,U009804,17-06-2025,07:34:14,2218.59
O00008291,U007874,13-01-2024,07:20:47,2218.56
O00015247,U004220,15-03-2024,23:08:35,2218.33
O00010507,U003586,16-12-2024,18:23:47,2217.10
O00019156,U001474,26-03-2024,20:29:02,2215.32
O00005850,U006314,15-03-2025,02:23:03,2212.50
O00014211,U008925,19-06-2024,11:47:57,2211.72
O00000649,U002649,07-05-2024,17:57:46,2210.73
O00000279,U007727,01-01-2024,11:30:34,2210.19
O00010677,U007153,29-01-2025,02:16:37,2209.97
O00011546,U001011,08-03-2024,02:56:27,2209.02
O00001747,U007968,27-06-2024,20:38:18,2208.70
O00002050,U006450,06-01-2024,12:59:32,2208.36
O00009133,U004928,16-10-2024,15:12:00,2207.96
O00013790,U004272,06-08-2025,11:01:31,2207.65
O00002000,U005385,16-11-2024,07:54:12,2206.39
O00014902,U005690,30-11-2024,15:28:55,2205.70
O00008516,U005922,27-06-2024,16:15:10,2205.08
O00019588,U007979,08-08-2025,17:36:25,2204.40
O00000307,U000083,02-06-2025,21:36:23,2204.17
O00018789,U003117,08-07-2024,21:42:42,2203.72
O00000858,U008200,27-12-2024,23:44:28,2202.00
O00009066,U006210,18-01-2024,05:26:40,2201.62
O00009091,U005349,07-04-2024,07:44:15,2199.33
O00001609,U006128,06-07-2024,06:59:56,2197.45
O00017574,U009869,10-09-2024,22:38:47,2196.99
O00002350,U008565,18-02-2025,07:52:45,2195.57
O00015085,U004464,13-11-2025,14:17:44,2194.56
O00009576,U008377,30-07-2024,10:24:52,2193.24
O00018578,U003260,17-04-2024,02:08:33,2192.46
O00009256,U002931,23-04-2025,12:17:18,2192.19
O00011941,U003127,03-02-2025,01:31:03,2192.13
O00005371,U000829,19-02-2025,17:11:57,2191.79
O00016394,U005646,27-09-2024,14:22:56,2191.47
O00017112,U002888,14-02-2025,03:15:20,2190.79
O00014622,U003668,10-04-2025,08:01:56,2187.81
O00002864,U006643,18-01-2025,01:16:05,2186.91
O00007217,U008215,23-07-2025,17:42:33,2186.73
O00016409,U001216,05-01-2024,21:40:04,2186.06
O00006669,U006296,04-04-2024,22:13:25,2183.00
O00008884,U001778,18-05-2024,03:52:05,2181.74
O00013083,U001056,03-11-2024,19:55:31,2181.05
O00001705,U003088,03-05-2024,19:19:02,2180.20
O00010040,U002537,13-01-2025,17:07:54,2179.78
O00003607,U005602,12-04-2024,03:39:41,2179.69
O00010939,U005705,16-01-2025,14:51:12,2179.64
O00010015,U004712,25-05-2024,20:27:38,2179.46
O00007237,U008610,12-09-2024,14:20:13,2179.23
O00007934,U000207,25-02-2024,15:30:02,2178.11
O00012978,U001279,06-01-2025,16:15:43,2177.90
O00018924,U005105,27-11-2024,21:24:05,2174.05
O00004893,U009335,23-02-2025,23:58:26,2173.37
O00009077,U010000,14-04-2024,14:53:21,2172.41
O00003359,U000357,04-09-2024,18:17:16,2171.31
O00005211,U004226,03-07-2024,09:23:32,2169.98
O00009016,U001955,30-05-2025,05:24:33,2169.52
O00018092,U008965,13-04-2024,01:26:35,2168.79
O00008771,U009113,30-09-2025,23:12:21,2165.86
O00019992,U001855,05-03-2025,01:19:04,2164.38
O00008056,U007012,24-10-2024,19:18:32,2160.15
O00001918,U004982,28-07-2024,21:03:48,2159.94
O00016884,U000289,05-03-2025,13:09:02,2159.16
O00015038,U006152,25-04-2025,10:21:05,2158.97
O00011338,U009761,08-03-2024,03:38:53,2158.91
O00013495,U001892,20-07-2024,02:54:30,2158.15
O00019256,U005631,25-02-2024,20:18:48,2156.22
O00006171,U001157,14-10-2024,13:59:17,2155.96
O00011017,U001871,10-07-2024,20:11:21,2155.65
O00007215,U007314,08-03-2024,23:46:20,2155.36
O00000138,U006921,19-02-2024,08:03:48,2154.33
O00007164,U009606,17-10-2024,16:19:43,2151.30
O00005685,U001880,20-05-2024,07:07:41,2150.97
O00003858,U002029,18-03-2025,01:43:57,2150.79
O00001962,U005249,09-08-2024,05:50:48,2150.76
O00019894,U009866,13-02-2025,04:40:06,2148.84
O00003799,U009435,23-12-2024,12:13:51,2148.39
O00005430,U009356,04-06-2025,21:50:45,2148.22
O00007627,U004201,11-01-2024,06:48:29,2143.25
O00004803,U001133,16-07-2024,01:02:02,2142.91
O00003341,U001088,04-09-2025,11:16:21,2142.16
O00001757,U003192,08-05-2025,04:30:03,2141.19
O00006037,U008986,29-06-2024,22:28:21,2140.87
O00011025,U002027,18-01-2024,01:06:03,2139.98
O00017222,U008840,27-05-2025,23:03:43,2139.13
O00017319,U003189,02-03-2024,02:23:43,2138.44
O00004110,U007589,03-01-2024,10:51:23,2136.30
O00016077,U006321,18-02-2025,11:14:10,2134.36
O00014200,U006490,27-07-2025,03:50:57,2134.09
O00005639,U000119,19-07-2024,23:40:01,2133.69
O00014285,U005517,31-03-2024,12:54:06,2133.56
O00013368,U002115,30-04-2024,14:22:24,2132.47
O00014954,U005536,11-03-2025,22:29:46,2132.30
O00013819,U001762,15-08-2025,15:36:35,2131.63
O00016148,U001203,23-02-2024,07:57:17,2131.58
O00006726,U000827,08-06-2024,10:04:35,2130.81
O00014214,U002629,30-01-2025,03:51:06,2130.49
O00002669,U008755,24-04-2024,06:52:17,2130.25
O00018571,U002555,19-10-2024,17:28:40,2128.79
O00006897,U008584,27-04-2025,02:24:48,2126.89
O00018041,U006988,01-09-2025,15:17:29,2126.55
O00005299,U006085,02-10-2025,18:21:23,2126.17
O00013391,U000810,30-08-2024,15:43:01,2124.65
O00013684,U004213,09-12-2024,04:22:37,2122.40
O00019378,U001708,15-09-2024,01:00:58,2121.05
O00017959,U002602,03-06-2025,06:02:26,2120.76
O00006857,U006589,15-01-2025,18:49:32,2120.71
O00005256,U000272,12-08-2024,23:57:56,2119.34
O00000070,U004383,28-08-2024,20:23:06,2118.73
O00000566,U000036,31-08-2025,18:10:47,2117.96
O00018767,U003965,23-06-2025,14:08:40,2117.44
O00014667,U009977,26-09-2025,14:36:26,2115.97
O00016633,U006935,01-09-2025,04:50:06,2113.82
O00009270,U001932,08-10-2024,18:30:56,2111.43
O00015717,U004637,25-09-2024,12:32:33,2110.27
O00007776,U004790,22-09-2024,01:09:29,2109.34
O00001476,U006435,09-11-2025,21:42:16,2109.02
O00013760,U000794,18-08-2024,14:07:08,2108.67
O00005135,U004502,08-01-2024,08:17:45,2107.92
O00018273,U001063,30-01-2024,21:33:08,2105.73
O00011289,U009026,15-04-2024,11:40:36,2105.63
O00005759,U006609,05-06-2025,08:59:48,2104.08
O00017784,U002885,05-01-2024,23:53:13,2101.58
O00011026,U001687,02-02-2025,17:06:53,2101.53
O00019295,U004030,11-05-2025,03:55:07,2100.38
O00016799,U006145,17-01-2024,14:44:40,2096.79
O00013502,U001241,07-04-2025,01:13:28,2095.37
O00003890,U006787,18-08-2025,08:15:43,2095.22
O00000282,U000510,30-03-2025,09:02:10,2094.36
O00015303,U005618,25-11-2024,06:28:59,2093.55
O00018927,U007479,29-05-2025,17:44:40,2093.28
O00017225,U008535,07-10-2024,11:09:01,2090.93
O00018442,U009851,26-12-2024,12:38:11,2090.22
O00002809,U009189,19-07-2025,20:17:53,2089.18
O00019965,U001123,06-05-2025,07:46:04,2088.65
O00013395,U001571,14-02-2024,21:20:53,2088.64
O00003532,U000183,10-05-2024,02:59:06,2088.19
O00002180,U001842,25-03-2025,11:54:35,2088.00
O00014509,U000730,01-07-2025,16:48:03,2087.42
O00007218,U004549,09-07-2024,15:19:08,2087.13
O00011726,U002142,17-06-2024,06:08:37,2084.73
O00014714,U007874,05-08-2025,02:59:36,2084.65
O00012852,U003153,25-05-2024,06:49:50,2084.53
O00014650,U002222,24-09-2024,16:21:44,2081.57
O00006607,U005925,24-01-2025,16:27:23,2080.40
O00001428,U009176,24-07-2025,06:25:11,2079.99
O00011272,U007044,12-08-2025,02:00:52,2079.21
O00011162,U007325,28-01-2024,07:30:34,2078.82
O00015248,U006548,07-01-2024,04:10:07,2078.70
O00019081,U002440,13-06-2025,02:23:43,2077.88
O00001884,U007585,10-06-2025,00:00:52,2077.17
O00002898,U009799,12-01-2025,00:14:53,2075.57
O00001304,U007721,25-09-2025,08:42:54,2074.75
O00009437,U004806,11-01-2025,16:51:34,2071.64
O00006251,U005880,15-03-2024,15:02:21,2070.54
O00017680,U008633,24-07-2024,00:24:11,2069.16
O00015528,U001505,20-03-2025,06:32:01,2068.54
O00019482,U009400,20-02-2025,14:01:01,2068.50
O00018327,U007439,17-09-2025,04:20:59,2066.58
O00016495,U002301,15-01-2025,20:51:07,2066.26
O00004309,U002682,30-03-2024,22:03:55,2065.13
O00010726,U004379,30-06-2024,20:10:01,2064.91
O00004900,U009972,30-10-2024,20:25:55,2064.71
O00008067,U003943,22-12-2024,23:25:53,2063.86
O00010903,U003030,16-01-2024,11:39:56,2063.70
O00005654,U002602,12-05-2025,02:25:58,2061.92
O00005890,U007261,13-12-2024,19:14:25,2061.65
O00014420,U008420,09-04-2025,12:06:39,2059.41
O00012307,U005189,22-03-2025,19:40:40,2058.99
O00016844,U001678,28-01-2025,16:10:57,2058.61
O00007078,U008920,08-11-2025,12:35:59,2056.42
O00016329,U003125,12-06-2025,05:36:08,2055.48
O00005445,U000175,08-08-2024,17:59:54,2055.26
O00011862,U006507,16-01-2024,00:50:07,2053.48
O00016160,U008110,27-03-2025,11:21:38,2052.88
O00010369,U006051,26-10-2024,08:53:38,2051.98
O00004568,U006627,17-03-2024,10:31:54,2050.60
O00009252,U004005,14-07-2024,11:10:02,2048.97
O00017168,U000717,05-08-2024,07:16:50,2048.30
O00004962,U003584,19-11-2024,06:12:59,2048.14
O00017984,U001214,27-03-2025,11:12:42,2046.72
O00001684,U009441,15-03-2024,02:03:22,2045.41
O00004122,U005967,23-09-2025,08:40:28,2044.11
O00006612,U008476,01-10-2025,04:27:38,2042.70
O00004297,U003209,21-05-2025,10:21:44,2042.63
O00011057,U007103,06-08-2024,03:49:34,2042.39
O00006772,U009238,12-06-2025,22:11:07,2042.32
O00008131,U001901,25-05-2025,13:07:14,2040.79
O00006991,U003972,02-02-2025,07:55:38,2040.45
O00006965,U009921,27-04-2024,17:45:59,2040.33
O00004714,U009376,05-01-2025,04:24:43,2040.30
O00016244,U006592,24-01-2025,00:20:22,2040.11
O00003546,U006469,19-05-2025,13:49:04,2039.42
O00017214,U002319,22-05-2024,12:12:21,2038.87
O00001655,U007417,11-08-2024,16:58:26,2038.82
O00010119,U006294,01-01-2025,03:43:46,2038.74
O00015853,U008025,28-06-2025,20:15:39,2037.89
O00002575,U003092,01-09-2024,12:31:10,2036.57
O00008250,U001992,30-04-2024,15:24:33,2036.33
O00016319,U008015,19-05-2025,00:50:31,2035.68
O00005740,U000986,12-06-2024,12:11:35,2035.42
O00007831,U001947,07-02-2025,11:25:18,2035.42
O00017888,U008835,21-05-2024,23:44:23,2035.42
O00005096,U001769,23-02-2024,03:25:08,2033.38
O00012737,U002904,05-08-2025,12:44:54,2033.35
O00019251,U007140,17-09-2025,20:24:16,2032.94
O00009983,U006157,29-05-2025,05:30:40,2032.50
O00015228,U004926,01-03-2025,01:14:41,2031.18
O00005613,U002278,16-01-2024,10:32:48,2030.98
O00000033,U000286,29-05-2024,17:27:31,2028.84
O00009033,U004717,31-08-2024,13:52:58,2028.22
O00003493,U004977,23-05-2024,03:16:52,2025.69
O00007332,U005707,19-07-2024,06:41:57,2025.50
O00014195,U004646,10-08-2025,06:39:42,2025.08
O00000818,U005180,01-03-2024,05:16:39,2024.67
O00006411,U007986,29-02-2024,18:55:03,2023.42
O00019143,U008889,25-02-2024,08:31:46,2023.42
O00006046,U009414,24-01-2024,03:59:11,2022.33
O00018744,U007676,13-07-2024,07:41:59,2022.31
O00005212,U001987,18-07-2024,07:26:58,2021.65
O00007351,U000415,23-04-2025,11:17:07,2020.23
O00009468,U006884,01-10-2025,07:33:10,2020.00
O00010307,U003615,26-04-2025,22:58:30,2018.66
O00018444,U000998,26-07-2024,08:19:36,2014.97
O00004026,U002895,12-06-2025,23:43:03,2014.57
O00001676,U004519,30-07-2024,11:47:20,2014.07
O00019811,U006455,15-06-2024,05:40:05,2014.06
O00011496,U006088,14-04-2024,08:00:44,2013.19
O00006124,U000348,03-05-2025,09:23:57,2012.94
O00011131,U001926,17-01-2025,18:17:17,2011.89
O00006305,U002360,03-06-2024,12:23:03,2011.39
O00006577,U003795,23-09-2024,08:14:54,2011.23
O00019591,U001810,03-06-2025,08:15:56,2011.17
O00013002,U007030,24-03-2024,06:18:42,2009.56
O00014836,U004334,27-12-2024,16:17:31,2009.43
O00006388,U009948,19-05-2025,21:40:11,2008.13
O00005716,U006577,19-03-2025,03:06:22,2007.47
O00018347,U001393,03-07-2025,00:12:02,2006.72
O00009698,U001843,06-06-2024,19:00:18,2004.80
O00010188,U003649,20-03-2025,08:15:12,2004.61
O00001949,U004717,30-08-2025,12:46:43,2002.77
O00018558,U002080,13-07-2025,00:24:28,2002.68
O00013199,U006028,23-10-2025,21:10:15,2002.61
O00002312,U007832,18-08-2025,07:53:05,2002.35
O00007660,U002826,09-12-2024,01:50:47,2000.67
O00017293,U005784,31-10-2025,03:25:46,2000.54
O00014777,U002966,29-05-2024,13:57:31,2000.48
O00008850,U002769,18-04-2024,00:11:38,2000.14
O00006717,U003854,22-04-2024,10:00:20,1997.97
O00005207,U009825,18-02-2025,03:39:04,1996.94
O00017218,U007223,22-09-2025,06:20:09,1994.47
O00008455,U002721,14-01-2025,03:52:37,1994.45
O00000415,U006705,30-12-2024,13:41:48,1993.95
O00003737,U006510,08-09-2025,14:57:18,1993.95
O00016232,U000730,07-01-2024,06:30:31,1993.95
O00018183,U004256,08-04-2025,04:26:00,1993.95
O00001649,U006395,11-10-2024,14:46:51,1989.66
O00003241,U008685,02-09-2025,09:13:33,1989.50
O00008832,U006956,09-12-2024,06:58:56,1989.11
O00005701,U008919,29-12-2024,14:08:23,1988.40
O00000264,U002837,06-11-2024,06:18:57,1988.26
O00012915,U004877,05-09-2025,19:22:42,1986.27
O00014455,U009290,25-02-2024,10:48:55,1986.19
O00005047,U000567,13-09-2025,09:27:32,1985.67
O00013899,U009367,29-04-2025,23:47:12,1985.20
O00015103,U000583,01-04-2024,06:51:18,1984.68
O00010796,U003519,08-07-2024,07:40:41,1984.58
O00008920,U001679,08-02-2024,23:28:30,1982.30
O00012778,U007259,17-07-2024,14:34:18,1982.17
O00001261,U008299,29-10-2024,04:29:27,1981.42
O00003955,U005555,12-02-2025,04:08:50,1981.13
O00009915,U002693,18-07-2024,10:12:10,1979.79
O00012358,U005857,11-02-2024,09:47:00,1979.71
O00006409,U007880,08-06-2025,16:42:17,1979.60
O00008849,U007117,20-11-2024,19:23:25,1977.67
O00007918,U002311,03-08-2025,20:42:59,1977.15
O00011914,U007961,22-12-2024,17:14:47,1976.90
O00004004,U006417,12-11-2024,19:38:13,1976.02
O00019928,U009136,21-12-2024,02:16:29,1975.50
O00017871,U003772,07-04-2024,14:14:26,1974.06
O00008230,U004516,02-02-2024,01:45:51,1973.04
O00010140,U001043,26-05-2024,23:11:27,1971.77
O00011633,U005885,29-08-2024,13:03:30,1971.38
O00007541,U001029,24-05-2025,16:08:20,1968.38
O00014938,U006166,01-04-2025,07:35:12,1968.19
O00002364,U001799,09-11-2025,14:05:12,1967.04
O00008121,U001046,31-08-2025,23:45:13,1966.68
O00010303,U007994,07-08-2024,19:01:15,1965.68
O00011937,U001004,21-12-2024,22:23:41,1965.44
O00014231,U008372,11-09-2024,22:36:05,1964.65
O00015662,U007750,26-11-2024,18:06:19,1964.42
O00016573,U003808,11-07-2025,04:45:00,1964.28
O00009718,U005276,20-04-2024,08:12:18,1964.20
O00003817,U003078,28-09-2025,09:59:28,1962.14
O00006430,U002053,16-08-2025,02:26:55,1961.26
O00003108,U008774,20-04-2025,23:23:12,1960.92
O00000594,U003433,20-04-2024,15:20:07,1957.91
O00016437,U005531,23-05-2025,17:00:21,1957.11
O00016858,U002649,10-01-2025,17:59:20,1956.36
O00005772,U003188,04-04-2025,00:47:52,1956.18
O00007212,U003020,02-12-2024,15:49:40,1955.02
O00014465,U000050,07-01-2024,07:09:04,1953.62
O00004142,U003539,19-07-2025,00:57:43,1953.03
O00007513,U006516,14-08-2025,09:53:18,1948.19
O00010056,U004726,18-04-2025,23:24:25,1947.85
O00012002,U006183,01-11-2025,14:36:44,1947.49
O00004543,U004145,10-03-2024,01:40:55,1947.38
O00003920,U008872,07-10-2024,12:00:13,1946.67
O00000752,U005702,04-11-2025,15:27:30,1946.03
O00009823,U004613,19-08-2025,19:58:22,1945.89
O00004364,U003210,01-04-2024,11:07:17,1944.66
O00011766,U000773,09-08-2024,17:32:23,1944.31
O00004875,U009161,10-10-2024,15:19:59,1943.29
O00003811,U008854,10-01-2025,23:01:44,1942.90
O00011898,U005473,20-01-2025,12:42:19,1942.87
O00016923,U007665,07-04-2024,07:52:37,1941.52
O00005967,U007324,24-06-2024,21:47:17,1941.10
O00006091,U005426,11-07-2024,02:35:21,1940.79
O00011285,U005032,26-02-2024,15:06:39,1939.93
O00002278,U002773,05-01-2025,07:23:19,1938.06
O00008422,U004103,14-07-2025,18:16:25,1937.99
O00016399,U002686,25-08-2024,11:36:30,1937.40
O00011410,U005568,24-05-2024,04:11:02,1936.92
O00006155,U005401,25-07-2024,19:54:07,1935.66
O00011926,U001003,19-03-2024,13:13:38,1935.66
O00005192,U000528,26-06-2024,20:41:29,1935.19
O00008831,U008855,14-03-2024,11:29:44,1934.81
O00018667,U008512,04-08-2025,07:59:49,1933.47
O00000362,U004400,06-06-2025,17:42:40,1932.49
O00015995,U004788,15-08-2024,05:12:24,1931.88
O00014303,U003637,20-06-2025,12:23:23,1930.30
O00013434,U004165,18-01-2025,18:20:26,1924.14
O00017540,U005541,26-10-2024,02:22:46,1923.66
O00017518,U004381,17-02-2025,02:50:15,1923.57
O00001653,U006664,03-06-2024,01:17:52,1923.21
O00001695,U003659,15-12-2024,13:38:05,1922.54
O00004077,U005920,04-01-2025,13:18:57,1920.96
O00019692,U006762,02-09-2025,00:11:10,1920.75
O00019727,U001784,29-05-2025,10:32:31,1919.88
O00012567,U001136,16-07-2025,16:02:18,1917.51
O00018526,U005978,09-08-2025,08:07:22,1917.20
O00017200,U002083,15-06-2025,07:17:47,1916.68
O00002021,U002002,19-04-2024,21:03:57,1916.35
O00001393,U003253,29-04-2025,21:34:07,1916.31
O00004536,U007767,28-04-2025,18:36:37,1915.91
O00012801,U007251,07-06-2024,12:36:32,1912.29
O00014150,U007566,17-06-2024,11:14:01,1911.62
O00018452,U001887,02-01-2024,04:47:22,1911.50
O00006406,U006883,23-09-2025,08:40:42,1911.00
O00004604,U009408,18-02-2025,17:06:11,1910.48
O00019118,U002076,30-06-2024,19:34:38,1908.06
O00017114,U004753,14-10-2025,12:43:23,1907.95
O00016050,U001377,11-04-2025,23:41:55,1907.59
O00000389,U006374,14-10-2024,03:14:15,1907.10
O00006667,U006449,13-10-2025,20:19:28,1906.95
O00010026,U007586,21-08-2024,06:00:00,1906.06
O00012019,U001008,02-04-2024,14:03:38,1906.06
O00003991,U008338,08-04-2024,16:11:02,1906.04
O00010648,U009099,17-08-2025,01:52:39,1905.02
O00007299,U004954,04-10-2025,13:33:09,1904.76
O00008063,U003331,16-05-2024,08:04:49,1904.31
O00005859,U005072,28-03-2025,15:40:11,1903.68
O00014409,U005660,12-05-2024,18:26:49,1903.38
O00010314,U000510,31-03-2024,13:30:47,1902.83
O00018580,U005269,25-01-2024,09:35:26,1901.73
O00018755,U005838,27-06-2025,21:54:53,1900.19
O00006020,U005549,29-07-2024,21:58:45,1900.11
O00017459,U007897,10-08-2025,19:07:56,1898.69
O00003340,U006555,28-02-2024,16:33:35,1898.34
O00004099,U009439,06-06-2024,02:36:12,1897.38
O00014350,U000654,05-11-2024,11:35:50,1896.65
O00000374,U004922,06-11-2025,18:01:12,1896.22
O00017730,U000172,13-08-2025,17:27:24,1896.20
O00003689,U005002,14-10-2025,14:53:54,1895.90
O00001832,U009862,24-07-2025,14:45:07,1895.52
O00014238,U009061,12-06-2025,05:12:06,1895.52
O00009929,U003230,11-03-2024,18:28:14,1895.27
O00009669,U004937,23-07-2025,00:41:36,1894.88
O00006999,U007623,03-07-2024,13:53:52,1894.36
O00016183,U000578,03-04-2024,09:35:48,1894.08
O00006286,U004968,02-07-2025,21:04:11,1893.81
O00013364,U005403,17-06-2024,08:12:56,1893.58
O00012347,U001293,13-07-2024,13:15:31,1893.44
O00010420,U001260,23-07-2024,13:30:47,1892.71
O00013209,U006565,19-06-2025,20:13:57,1892.57
O00015273,U008943,28-01-2025,21:01:28,1892.26
O00000623,U006723,30-03-2025,13:22:25,1892.21
O00009927,U005760,17-02-2025,14:35:41,1891.78
O00016576,U002158,30-06-2024,19:22:05,1889.87
O00015313,U002420,14-03-2025,21:47:06,1889.45
O00004517,U001092,20-06-2025,13:13:21,1888.23
O00013644,U004227,07-08-2025,02:28:58,1887.94
O00012267,U006380,14-04-2025,04:17:47,1887.88
O00012905,U002979,05-03-2024,22:14:27,1887.10
O00008759,U004963,03-12-2024,15:14:47,1885.35
O00013100,U005113,24-09-2025,02:24:37,1885.20
O00004401,U006601,17-02-2024,14:22:20,1883.89
O00006716,U007894,02-05-2025,05:47:51,1882.12
O00004443,U004900,10-05-2024,07:28:30,1880.78
O00010785,U007412,20-04-2025,06:03:39,1880.55
O00007400,U006344,27-07-2024,12:54:18,1879.62
O00003070,U005706,03-08-2024,06:45:11,1878.86
O00018071,U000262,09-01-2024,07:05:11,1878.79
O00017756,U004678,12-02-2024,01:15:40,1878.32
O00017253,U009981,14-07-2025,09:25:10,1876.56
O00011435,U009297,26-03-2025,06:00:27,1876.45
O00004091,U008527,12-04-2024,06:58:49,1875.14
O00001591,U000433,28-08-2024,06:37:47,1874.73
O00012946,U007268,28-05-2025,10:26:59,1874.69
O00014460,U005530,12-05-2024,11:36:32,1874.39
O00011771,U008684,03-02-2024,17:02:24,1873.93
O00003314,U001151,30-12-2024,14:12:51,1873.62
O00018477,U000571,05-02-2025,08:58:18,1872.30
O00010220,U007257,09-08-2025,22:52:45,1871.28
O00007635,U003180,13-12-2024,22:52:29,1871.26
O00005468,U006183,25-10-2025,20:53:00,1871.14
O00007815,U006365,10-08-2025,22:04:52,1870.01
O00010601,U008073,30-06-2024,14:42:19,1868.93
O00018866,U005505,08-11-2024,09:45:11,1866.82
O00009758,U003755,16-04-2025,09:28:05,1866.45
O00013915,U006574,01-09-2025,11:58:02,1864.92
O00002602,U008646,21-05-2024,04:43:18,1863.26
O00016492,U008686,16-08-2024,06:50:25,1862.71
O00012221,U003719,04-07-2025,10:09:41,1860.95
O00019925,U009887,18-02-2024,13:04:38,1860.15
O00003103,U007434,01-04-2024,07:13:11,1859.74
O00012934,U003755,30-08-2025,10:57:42,1859.46
O00016601,U003364,18-04-2025,01:15:10,1859.05
O00003403,U008159,07-10-2024,00:35:44,1857.72
O00005984,U005194,08-12-2024,15:42:17,1857.61
O00005130,U009880,15-04-2024,11:03:44,1857.50
O00006750,U002092,14-10-2025,08:06:27,1857.32
O00013085,U009190,03-10-2024,04:47:50,1855.58
O00019949,U008983,14-07-2025,22:21:01,1855.06
O00000147,U002779,22-07-2024,18:51:24,1854.44
O00017579,U005529,09-10-2025,06:47:16,1852.36
O00003879,U008035,09-11-2025,17:43:01,1852.30
O00009865,U009873,14-07-2024,17:09:52,1849.31
O00008913,U006668,08-02-2025,07:03:01,1849.14
O00004514,U005389,27-05-2024,02:10:42,1849.04
O00000990,U009819,03-10-2024,03:13:11,1848.71
O00003593,U000436,16-09-2024,18:31:32,1848.24
O00009143,U009722,01-07-2024,15:02:53,1847.41
O00011611,U001703,02-06-2025,18:35:51,1847.15
O00008782,U003718,24-11-2024,02:01:57,1846.10
O00016878,U005596,21-05-2024,01:48:54,1845.14
O00008431,U009552,08-07-2025,16:48:52,1843.82
O00000410,U002684,15-05-2024,21:23:43,1842.85
O00006498,U009018,15-04-2024,14:15:40,1842.42
O00000510,U008319,05-03-2024,08:08:13,1842.00
O00001045,U006281,24-02-2024,02:47:46,1842.00
O00009187,U006147,01-01-2024,22:24:46,1842.00
O00007585,U006165,11-07-2025,10:30:06,1841.91
O00013851,U001838,27-08-2024,01:52:56,1841.68
O00008514,U008272,03-06-2024,02:23:17,1841.22
O00002787,U001470,22-07-2025,01:00:35,1840.05
O00008710,U006165,01-04-2025,23:24:15,1839.85
O00009197,U001280,02-03-2024,01:28:05,1839.84
O00015194,U004008,14-03-2024,10:48:04,1839.38
O00002682,U006584,14-07-2025,23:04:22,1837.91
O00006291,U002850,12-03-2025,04:39:14,1837.89
O00018525,U006229,21-09-2024,19:44:47,1837.49
O00007880,U003660,20-08-2024,00:52:18,1837.06
O00003718,U007620,24-07-2025,00:05:23,1836.89
O00001689,U008720,03-01-2024,03:37:57,1836.69
O00003514,U003223,17-12-2024,09:42:55,1836.63
O00017668,U005378,02-08-2024,13:06:07,1836.47
O00014052,U003737,25-06-2024,09:38:00,1836.44
O00007836,U005542,06-10-2024,15:13:23,1836.08
O00000077,U005127,31-12-2024,15:25:20,1836.00
O00002101,U005615,13-04-2024,07:43:26,1835.32
O00011817,U007279,31-03-2024,09:36:35,1835.32
O00012752,U005652,07-09-2025,03:37:24,1835.32
O00016057,U009267,05-12-2024,11:59:05,1835.18
O00002297,U009086,19-04-2024,10:18:33,1834.97
O00011328,U003526,04-10-2025,17:05:39,1834.76
O00002821,U006851,05-06-2024,01:35:15,1833.85
O00000546,U007291,27-10-2025,13:44:10,1833.62
O00015172,U005185,10-09-2024,11:40:39,1832.97
O00010751,U009304,15-05-2025,05:09:33,1832.76
O00007975,U006823,23-05-2024,20:19:31,1832.71
O00012457,U006630,09-06-2025,15:02:07,1832.38
O00015496,U006652,19-06-2024,16:10:53,1832.31
O00003475,U002660,07-02-2025,18:32:26,1832.16
O00000286,U008461,09-01-2025,21:37:15,1831.44
O00008659,U009754,28-05-2024,19:54:10,1830.96
O00015825,U008780,02-11-2024,17:33:59,1830.61
O00014492,U009291,05-07-2025,21:25:20,1829.11
O00019004,U004818,14-09-2025,23:16:37,1828.00
O00011380,U001144,19-04-2025,08:51:44,1827.88
O00012096,U009961,07-01-2024,07:27:01,1827.22
O00006026,U004167,08-12-2024,21:12:28,1826.66
O00000219,U005698,15-10-2025,16:31:31,1826.06
O00014588,U007432,26-08-2025,23:38:55,1825.20
O00018494,U000228,23-10-2024,18:31:45,1824.52
O00016699,U006247,26-05-2024,02:28:30,1823.48
O00011770,U000049,01-09-2025,11:03:40,1821.99
O00016967,U008944,03-10-2025,01:41:10,1818.97
O00012411,U009637,25-03-2025,20:51:39,1818.10
O00016784,U007330,15-03-2025,06:05:16,1817.68
O00016213,U004769,30-03-2024,22:42:29,1816.96
O00011040,U001077,15-09-2024,03:34:36,1816.28
O00011756,U005625,31-07-2025,06:34:19,1816.28
O00019640,U002177,04-10-2025,07:37:25,1816.28
O00015845,U000704,11-12-2024,05:45:40,1815.76
O00010859,U009569,10-10-2024,08:00:01,1815.06
O00001678,U008151,12-07-2024,06:44:22,1814.71
O00004452,U008185,23-11-2024,19:09:31,1813.76
O00009243,U004479,09-02-2025,23:59:31,1812.86
O00014679,U009114,27-05-2025,00:47:06,1812.85
O00013909,U000897,10-02-2025,09:37:43,1811.86
O00005676,U004041,06-12-2024,05:46:11,1811.84
O00019737,U003706,30-06-2025,06:09:19,1811.62
O00002267,U000378,16-09-2024,13:01:42,1811.55
O00019058,U002494,13-09-2025,23:33:04,1808.37
O00008141,U008089,20-04-2025,13:42:33,1807.67
O00011346,U004023,07-03-2024,04:58:17,1807.47
O00016254,U003957,21-03-2025,08:08:06,1805.36
O00005486,U004047,28-02-2024,21:07:20,1805.06
O00016250,U009268,08-09-2025,17:38:02,1804.96
O00018502,U001194,26-05-2024,17:56:17,1804.51
O00017381,U006659,20-04-2025,00:53:46,1804.13
O00016734,U001008,21-09-2025,19:13:30,1803.09
O00004356,U001479,17-12-2024,15:51:42,1802.32
O00015539,U002511,12-05-2025,14:23:21,1801.55
O00008980,U008222,24-02-2025,11:51:36,1801.19
O00008425,U009430,03-02-2025,11:09:48,1800.63
O00013322,U002925,25-11-2024,11:06:05,1800.51
O00011184,U004880,12-02-2025,01:22:28,1799.99
O00011959,U003996,31-10-2025,16:48:15,1799.50
O00000038,U004419,30-06-2025,05:15:33,1797.90
O00009310,U000280,08-04-2025,05:14:44,1797.55
O00016768,U003435,20-02-2025,09:34:16,1796.35
O00019530,U004642,09-11-2024,08:33:06,1795.90
O00004781,U001040,23-05-2024,10:35:22,1795.89
O00002397,U001910,07-06-2025,17:25:37,1794.21
O00000590,U009060,15-04-2024,00:09:08,1792.76
O00012630,U005179,26-07-2025,11:12:27,1792.76
O00016571,U009493,14-03-2025,15:40:29,1791.94
O00006521,U008243,27-05-2025,20:23:21,1788.99
O00010953,U001651,07-10-2024,16:24:38,1788.65
O00017320,U002599,20-06-2024,15:16:29,1788.60
O00008480,U003286,01-10-2025,09:43:00,1788.06
O00017855,U006048,15-03-2025,11:47:46,1786.31
O00007420,U009070,22-06-2024,01:01:59,1785.72
O00005359,U009258,30-10-2025,18:46:55,1784.29
O00002564,U002390,28-07-2024,02:10:13,1781.38
O00015132,U001866,02-01-2025,11:14:59,1781.17
O00015431,U003787,08-05-2025,11:45:39,1779.57
O00015520,U009894,14-05-2025,16:48:01,1778.84
O00003187,U007687,13-01-2024,07:33:13,1778.14
O00012949,U005023,05-05-2024,21:52:24,1777.98
O00016546,U006096,02-11-2024,08:26:40,1776.27
O00005847,U008335,25-10-2024,22:27:15,1775.66
O00017599,U008449,06-01-2024,19:18:53,1775.51
O00000373,U003243,30-08-2025,21:20:12,1774.66
O00006053,U006189,16-10-2024,23:03:43,1774.29
O00004574,U001758,22-10-2024,06:44:50,1773.88
O00018900,U002220,24-01-2025,03:46:14,1773.86
O00017213,U003757,09-08-2025,03:12:20,1773.54
O00019768,U009575,08-06-2024,18:01:32,1773.54
O00016787,U001017,20-09-2024,22:05:06,1773.26
O00013590,U003478,18-07-2025,10:42:53,1772.84
O00011871,U008565,20-12-2024,13:58:52,1772.61
O00004824,U008477,20-09-2024,19:34:39,1772.36
O00010165,U003520,16-09-2025,15:44:24,1772.36
O00015261,U001454,25-04-2025,10:32:32,1772.36
O00009098,U000685,18-12-2024,00:56:15,1771.90
O00009135,U008879,24-05-2025,21:59:40,1771.21
O00002211,U004033,27-06-2024,04:03:23,1770.55
O00017258,U009356,14-09-2024,16:41:29,1770.03
O00010569,U006362,07-06-2025,18:45:37,1769.32
O00010567,U009644,25-06-2024,03:00:19,1767.66
O00001348,U003700,24-08-2025,23:05:06,1767.38
O00017661,U003052,31-03-2025,09:37:18,1766.76
O00004106,U004288,15-01-2025,05:10:31,1766.34
O00000251,U008264,02-11-2025,06:27:12,1766.22
O00004344,U008469,23-03-2024,19:21:01,1766.12
O00001213,U002052,02-08-2024,09:16:19,1765.75
O00008304,U008018,22-08-2025,20:33:05,1764.29
O00012074,U005437,12-02-2025,10:33:56,1764.16
O00013474,U009230,04-01-2025,21:07:51,1763.77
O00019379,U005702,13-04-2025,05:20:41,1763.51
O00004116,U009005,27-08-2024,11:29:02,1763.34
O00003124,U001200,29-03-2024,09:53:08,1761.71
O00001365,U004066,30-04-2024,19:44:16,1761.12
O00008392,U007680,26-10-2025,18:40:18,1761.08
O00005245,U005858,02-08-2025,09:04:13,1760.43
O00015582,U006000,15-01-2024,19:05:59,1759.69
O00007623,U002634,25-03-2024,07:53:56,1759.16
O00012091,U009034,20-10-2024,19:50:26,1758.92
O00001283,U000417,07-06-2025,22:55:29,1758.84
O00018406,U003496,20-11-2024,20:18:46,1757.61
O00013510,U004988,09-01-2025,14:46:12,1757.33
O00019735,U009257,10-09-2024,11:53:40,1757.32
O00005208,U003427,12-02-2024,07:33:33,1756.76
O00002592,U004898,02-06-2024,20:54:31,1756.19
O00018995,U006825,14-06-2024,01:43:19,1755.69
O00010174,U008261,16-02-2024,21:56:53,1755.68
O00014561,U005300,29-09-2024,21:13:09,1755.21
O00014933,U004335,11-01-2024,08:34:13,1752.91
O00017017,U007451,20-09-2025,16:16:03,1752.52
O00004035,U007972,11-04-2025,23:59:29,1751.06
O00011157,U001973,02-05-2025,06:19:06,1750.97
O00017297,U002672,03-10-2024,23:52:07,1750.67
O00002857,U003068,29-02-2024,14:56:38,1748.95
O00002009,U006310,13-07-2024,17:50:54,1748.42
O00016140,U003825,13-12-2024,03:10:55,1748.40
O00014090,U003437,12-11-2025,04:30:49,1748.33
O00006054,U001502,22-07-2024,13:49:42,1746.23
O00014922,U009474,14-01-2025,17:06:32,1745.79
O00008772,U003480,05-09-2025,07:48:36,1745.71
O00019108,U003089,16-07-2024,12:24:59,1744.46
O00013480,U008606,18-02-2024,07:08:44,1743.84
O00012166,U001118,19-09-2024,13:43:11,1742.92
O00006982,U007112,29-09-2025,02:47:06,1742.34
O00019705,U002194,05-10-2025,10:52:05,1742.31
O00009734,U006267,21-11-2024,17:19:11,1741.87
O00014502,U000084,12-04-2024,15:30:33,1741.27
O00006369,U006447,05-04-2025,01:29:17,1738.13
O00018478,U006586,01-09-2024,08:19:52,1737.05
O00011348,U001223,11-07-2024,14:52:01,1736.98
O00015687,U001636,26-02-2024,23:29:26,1736.40
O00014442,U008914,30-08-2025,11:00:31,1735.88
O00006473,U008063,01-07-2024,01:01:40,1735.18
O00014248,U008268,16-09-2024,03:37:46,1733.86
O00007286,U001381,09-02-2025,20:01:50,1732.27
O00003644,U009485,30-07-2024,02:52:16,1731.79
O00010595,U000215,18-08-2025,05:43:55,1729.22
O00007156,U007602,01-01-2024,07:50:30,1728.65
O00016197,U003314,17-07-2025,09:01:50,1728.48
O00006640,U006661,04-10-2025,06:23:39,1728.40
O00002678,U003413,30-08-2025,16:47:31,1728.38
O00002713,U006551,05-09-2024,09:23:44,1728.38
O00015055,U007913,12-09-2025,04:47:16,1728.38
O00005627,U007550,27-03-2024,13:51:55,1727.30
O00009783,U005562,14-08-2025,06:26:52,1727.30
O00005017,U001271,15-09-2025,05:01:46,1727.20
O00017235,U009664,13-08-2024,06:43:04,1726.10
O00000521,U002116,20-12-2024,10:29:08,1725.95
O00011943,U009674,11-02-2024,23:39:01,1725.93
O00016219,U000117,15-05-2024,11:38:04,1724.35
O00013378,U002786,01-09-2025,15:14:59,1722.89
O00013717,U001932,22-05-2024,02:09:49,1721.96
O00008360,U002346,20-01-2025,10:45:36,1720.46
O00009246,U005660,20-07-2025,02:22:01,1718.50
O00015107,U009621,31-07-2024,17:31:01,1718.35
O00002931,U007291,11-07-2024,22:41:33,1718.18
O00012543,U008773,16-08-2024,08:44:52,1718.01
O00007188,U006196,13-02-2025,01:32:16,1717.00
O00019084,U004050,18-05-2024,10:11:38,1716.30
O00017845,U000745,08-11-2025,17:00:08,1715.80
O00018623,U008202,16-12-2024,12:19:34,1715.64
O00012582,U007987,09-05-2024,19:23:29,1714.89
O00018084,U000425,08-07-2025,10:26:56,1714.78
O00002011,U003395,23-09-2024,19:33:46,1714.74
O00000365,U007974,24-04-2024,03:17:01,1714.38
O00003786,U007597,18-11-2024,23:58:50,1714.15
O00018941,U003122,31-03-2025,20:59:41,1713.20
O00006796,U005564,07-05-2025,00:39:46,1713.11
O00012570,U007653,21-07-2025,19:37:30,1712.95
O00016287,U005606,03-06-2024,05:29:47,1712.53
O00008810,U000395,27-03-2025,00:20:16,1711.71
O00012557,U000927,15-06-2025,04:11:20,1709.98
O00003118,U003782,14-09-2025,22:08:36,1708.37
O00004255,U002236,09-08-2024,19:00:43,1708.25
O00005390,U007828,11-11-2025,15:42:36,1708.20
O00013144,U005107,26-05-2024,02:45:27,1707.82
O00018499,U003241,13-10-2024,02:02:07,1707.59
O00000091,U006570,23-01-2024,19:27:58,1707.41
O00001433,U003836,22-02-2024,07:31:59,1707.21
O00009006,U003113,09-04-2025,01:15:54,1706.17
O00000396,U008571,14-07-2025,22:16:05,1706.08
O00001202,U007409,29-09-2024,01:03:00,1705.48
O00001218,U008156,22-02-2024,20:49:31,1705.48
O00014830,U008205,28-12-2024,22:35:23,1704.42
O00004776,U004255,26-06-2024,16:11:38,1704.24
O00011392,U006788,13-07-2025,03:56:11,1704.24
O00013506,U002708,17-09-2024,13:57:07,1703.42
O00008862,U008771,11-01-2024,15:11:25,1703.31
O00005891,U006620,25-06-2025,11:35:55,1703.13
O00017405,U003380,09-10-2024,19:52:46,1702.83
O00015272,U002102,04-01-2025,13:32:46,1702.76
O00009010,U005618,05-12-2024,12:02:27,1702.64
O00011958,U007278,29-03-2024,17:25:46,1702.17
O00016888,U006410,13-03-2025,07:28:42,1702.17
O00013622,U002613,06-12-2024,17:39:41,1702.11
O00000942,U004044,09-07-2024,02:59:42,1701.19
O00012646,U003399,11-04-2025,04:41:23,1700.73
O00009374,U005873,18-07-2024,05:00:16,1700.35
O00015145,U007875,13-07-2024,03:47:18,1700.35
O00016433,U001481,23-05-2024,16:28:24,1700.35
O00017137,U003064,13-09-2024,16:49:05,1700.35
O00002342,U003640,14-04-2025,15:01:58,1700.10
O00015625,U004404,25-10-2024,00:07:53,1699.06
O00008176,U009372,19-07-2024,04:47:30,1698.23
O00009287,U009073,26-11-2024,23:53:38,1696.80
O00003580,U000840,20-12-2024,15:58:17,1695.00
O00016924,U001188,11-07-2025,18:33:34,1694.78
O00009296,U006403,27-11-2024,22:13:54,1693.57
O00002460,U005554,04-08-2024,02:47:51,1693.22
O00016934,U001456,16-10-2025,19:30:38,1692.75
O00006787,U001311,27-10-2024,09:23:41,1691.55
O00019572,U004292,01-10-2024,16:23:43,1689.76
O00008890,U005995,19-03-2024,22:05:22,1689.54
O00010672,U005067,27-08-2024,03:55:02,1689.22
O00000914,U003515,01-02-2024,07:39:29,1688.84
O00005775,U009276,08-04-2024,23:14:21,1687.99
O00014521,U004764,09-07-2024,10:27:31,1687.16
O00004113,U008104,06-04-2024,10:08:41,1686.08
O00014610,U006121,28-07-2024,12:55:15,1685.35
O00005523,U005497,16-05-2024,00:35:28,1685.12
O00015918,U006557,29-06-2025,07:29:53,1683.58
O00015075,U004988,10-12-2024,17:55:39,1682.62
O00015684,U008236,20-10-2024,17:37:08,1682.10
O00009193,U000930,23-07-2025,08:33:17,1680.95
O00014367,U001590,25-01-2025,08:42:31,1680.09
O00002023,U009132,08-02-2024,13:59:08,1680.02
O00005171,U005099,19-06-2024,01:46:56,1680.02
O00012680,U007488,05-01-2024,00:39:37,1680.02
O00013438,U004723,14-07-2024,01:28:02,1680.02
O00015634,U005524,13-12-2024,20:40:43,1680.02
O00018450,U009014,05-04-2025,06:28:09,1679.23
O00017988,U006126,02-11-2025,16:29:30,1678.31
O00006372,U007833,25-02-2024,23:49:13,1677.96
O00011144,U004773,06-11-2024,05:31:12,1677.60
O00013977,U001795,03-04-2025,15:19:48,1677.09
O00004125,U005573,18-05-2024,19:05:04,1676.62
O00015609,U004428,21-11-2024,06:47:15,1676.57
O00009094,U001479,17-12-2024,20:52:56,1676.33
O00005239,U007930,28-12-2024,02:49:19,1675.92
O00011963,U006322,10-09-2025,15:34:12,1675.37
O00012013,U004266,15-11-2024,05:39:33,1674.33
O00001849,U004181,03-03-2025,11:48:06,1673.55
O00001266,U006650,16-07-2024,18:59:45,1673.47
O00017072,U006785,10-07-2024,02:19:38,1673.27
O00018078,U006096,26-03-2024,22:38:40,1673.13
O00018491,U003830,29-06-2025,06:02:18,1672.08
O00018965,U003144,10-12-2024,02:40:42,1671.80
O00006769,U004238,27-04-2025,08:21:44,1670.75
O00008535,U009294,29-06-2025,01:49:39,1670.52
O00000974,U009167,08-05-2025,15:58:52,1670.40
O00012236,U003695,31-01-2025,04:56:56,1670.08
O00004272,U008420,21-07-2025,23:08:54,1669.88
O00016036,U003342,04-05-2025,09:37:20,1668.18
O00000002,U003247,15-04-2025,01:18:27,1666.85
O00017267,U008957,22-03-2024,03:51:20,1664.68
O00017995,U006550,21-01-2025,00:43:13,1663.76
O00004399,U003339,16-04-2024,04:08:29,1663.45
O00009297,U001557,17-01-2024,08:50:36,1663.12
O00011594,U008380,07-08-2025,11:03:50,1663.12
O00016220,U003612,12-10-2025,12:51:03,1663.12
O00009942,U000801,17-08-2025,20:56:21,1662.63
O00019619,U000880,17-01-2025,10:38:04,1662.21
O00014037,U004969,26-08-2024,07:19:47,1661.84
O00006727,U007831,02-11-2024,13:49:58,1661.64
O00010896,U008733,01-03-2025,12:07:36,1660.14
O00009609,U001331,19-11-2024,17:44:00,1660.09
O00003683,U000209,30-10-2025,09:51:51,1659.79
O00000565,U003183,03-05-2025,18:31:37,1658.65
O00014764,U009935,30-09-2025,02:23:03,1658.32
O00001451,U004941,25-04-2024,06:40:47,1658.26
O00006446,U003827,28-11-2024,18:37:55,1658.22
O00014609,U005744,09-02-2024,00:04:44,1658.01
O00004070,U009812,31-03-2024,22:22:55,1658.00
O00019176,U007465,29-08-2025,20:50:08,1657.37
O00000672,U002630,07-12-2024,18:23:45,1656.88
O00000342,U009497,30-04-2025,02:11:31,1656.18
O00016951,U005126,04-01-2025,09:37:51,1656.18
O00017898,U000231,18-10-2024,04:00:19,1656.18
O00012609,U001843,27-05-2024,05:59:21,1655.43
O00005845,U007671,01-07-2025,13:59:36,1653.07
O00016767,U001046,19-12-2024,22:52:42,1652.36
O00019704,U006698,30-04-2025,05:27:11,1651.53
O00018726,U008290,04-11-2025,05:31:17,1651.24
O00019827,U007856,14-07-2024,17:01:10,1650.85
O00001667,U008138,15-08-2024,09:47:35,1650.61
O00006929,U001750,05-04-2024,23:07:37,1650.40
O00011238,U006246,05-04-2025,02:22:40,1650.34
O00000417,U004032,04-06-2025,13:20:17,1649.19
O00001888,U008005,16-01-2025,18:34:17,1648.71
O00001665,U004575,25-02-2024,00:45:25,1648.60
O00017676,U005492,12-06-2024,16:58:55,1648.51
O00013756,U001255,18-08-2025,07:47:34,1648.30
O00005657,U008438,28-01-2025,17:57:48,1648.14
O00005565,U005214,04-07-2025,16:36:03,1647.99
O00017427,U006618,23-06-2025,17:56:27,1647.90
O00010446,U005379,25-08-2025,21:21:55,1645.55
O00009954,U000175,22-01-2025,07:50:23,1644.91
O00005955,U001337,16-10-2025,14:02:39,1644.84
O00004160,U002411,26-09-2024,04:43:38,1644.39
O00015765,U002286,07-07-2024,13:42:12,1642.79
O00018401,U003239,13-11-2024,18:05:08,1642.36
O00003033,U001288,02-09-2025,01:09:34,1640.24
O00013949,U002089,28-09-2024,01:07:10,1640.19
O00009905,U009502,29-09-2025,23:34:56,1639.46
O00000852,U004677,14-09-2024,05:18:39,1639.09
O00012312,U008936,17-07-2024,09:56:08,1637.04
O00008166,U005632,26-06-2025,18:43:16,1636.74
O00001011,U000923,04-08-2025,08:16:55,1636.70
O00018483,U002757,17-03-2024,11:41:40,1636.46
O00017510,U000610,08-12-2024,02:24:42,1636.38
O00000663,U009177,02-03-2024,23:05:46,1636.01
O00018669,U002542,03-07-2025,11:19:32,1634.93
O00015448,U007627,31-05-2025,18:36:05,1634.19
O00018366,U002969,19-09-2024,06:27:56,1632.79
O00009278,U004378,02-05-2025,08:28:52,1632.64
O00014744,U003144,02-04-2025,19:05:59,1632.51
O00013703,U004528,26-07-2025,20:56:42,1632.06
O00004641,U000722,23-09-2025,17:18:02,1631.68
O00005202,U005703,21-02-2024,13:48:58,1631.37
O00012500,U005304,19-06-2025,17:17:06,1631.07
O00010691,U003053,01-07-2024,19:37:47,1630.94
O00017690,U003542,13-02-2024,10:16:48,1630.77
O00000834,U007098,29-12-2024,21:33:53,1629.93
O00004914,U004117,15-08-2025,21:21:58,1629.48
O00001478,U000345,14-06-2025,20:32:10,1628.79
O00006861,U001559,12-05-2024,07:17:13,1628.60
O00009093,U009032,23-07-2025,01:37:31,1628.60
O00012504,U000505,19-01-2024,03:08:07,1628.60
O00004601,U008242,04-11-2025,08:08:18,1628.58
O00005474,U005965,15-04-2024,19:08:33,1627.91
O00013258,U005084,14-09-2024,15:04:22,1627.50
O00005461,U006926,09-06-2024,07:07:33,1626.71
O00015773,U009614,18-04-2025,03:49:29,1625.76
O00007844,U004985,08-01-2025,04:15:42,1625.66
O00000921,U005929,05-08-2025,13:12:33,1624.66
O00003933,U005198,23-10-2025,23:06:38,1624.23
O00019990,U009792,05-08-2025,12:43:27,1624.01
O00002688,U000631,03-06-2025,19:14:13,1623.98
O00018661,U002389,03-09-2024,18:14:24,1623.86
O00018761,U008885,30-03-2025,03:53:31,1623.00
O00006923,U006909,31-10-2025,09:57:00,1622.68
O00006394,U002052,11-11-2024,14:00:31,1621.92
O00003733,U001882,27-09-2025,08:15:50,1621.54
O00004724,U006978,13-02-2024,09:05:55,1620.84
O00003952,U003365,26-02-2024,02:00:22,1620.72
O00017044,U003458,20-07-2025,12:00:37,1620.72
O00019651,U004225,13-04-2024,01:08:01,1620.72
O00010686,U001132,19-12-2024,22:28:35,1620.42
O00007512,U004228,07-11-2024,05:59:55,1619.61
O00010873,U007103,16-06-2024,09:05:42,1619.37
O00003722,U008463,26-04-2024,19:15:53,1618.12
O00007474,U001018,22-07-2024,02:56:07,1617.70
O00015072,U005237,05-11-2025,15:41:53,1617.06
O00017748,U008732,10-05-2024,15:55:40,1616.11
O00000297,U006600,27-05-2025,19:00:25,1615.94
O00013789,U008945,29-05-2024,09:59:08,1615.42
O00013189,U002628,09-05-2024,14:09:40,1613.80
O00011029,U001594,23-09-2025,08:20:48,1613.29
O00000419,U003451,10-08-2025,17:03:15,1612.52
O00017266,U005080,01-09-2025,21:37:46,1611.65
O00018220,U003183,10-03-2025,17:01:31,1611.47
O00015238,U003741,04-08-2025,11:46:52,1611.34
O00002599,U007756,24-10-2024,12:50:19,1611.30
O00017566,U002765,27-07-2025,19:03:24,1610.83
O00008669,U001000,04-03-2025,15:14:48,1610.30
O00007752,U002810,28-11-2024,17:54:39,1609.31
O00012448,U006657,03-02-2025,09:01:10,1609.06
O00005520,U008838,19-07-2025,10:50:31,1608.26
O00007297,U008022,28-02-2024,04:28:53,1607.73
O00004687,U001741,16-07-2025,20:23:11,1607.69
O00016072,U009156,25-04-2025,18:11:36,1607.29
O00009409,U002849,25-07-2025,21:23:43,1606.18
O00009661,U009212,21-05-2024,10:17:27,1605.98
O00003026,U005230,16-10-2024,18:29:34,1605.41
O00014957,U008936,10-04-2025,04:57:15,1605.25
O00016582,U005946,25-07-2024,11:54:17,1604.92
O00004299,U009768,29-07-2024,19:30:54,1603.75
O00007801,U005760,08-03-2024,21:41:25,1603.75
O00010633,U007876,22-06-2025,01:42:19,1603.75
O00008210,U009062,03-10-2024,15:37:50,1603.64
O00011981,U006673,20-07-2024,05:56:09,1603.10
O00000470,U004314,30-05-2024,00:07:00,1602.70
O00002850,U009627,07-04-2024,16:51:03,1602.43
O00014550,U000998,19-07-2024,01:46:21,1601.32
O00019220,U000953,08-11-2025,05:22:55,1600.79
O00012199,U004732,30-03-2024,07:58:08,1600.58
O00004619,U001026,24-07-2025,06:59:26,1600.19
O00000599,U009289,24-01-2024,17:46:52,1599.98
O00006603,U002922,01-10-2025,09:58:31,1599.98
O00012648,U007288,09-07-2024,21:43:02,1599.61
O00012125,U009282,12-03-2024,14:02:50,1599.60
O00011950,U006528,10-11-2025,11:37:03,1599.55
O00007272,U004039,26-09-2025,04:46:45,1599.25
O00010566,U006803,16-03-2024,13:09:36,1598.44
O00000585,U000299,13-06-2025,13:29:43,1597.20
O00014642,U009906,09-07-2025,16:39:27,1597.20
O00016570,U005324,13-03-2024,04:36:22,1597.20
O00019319,U003916,15-09-2024,20:11:11,1597.20
O00003630,U007383,17-11-2024,01:56:04,1597.10
O00018708,U002870,10-05-2025,03:07:55,1596.50
O00000329,U008429,01-10-2024,23:38:56,1594.59
O00019587,U001632,16-01-2025,13:36:04,1594.59
O00013463,U003076,26-02-2025,23:07:41,1594.21
O00018323,U007255,05-10-2024,11:08:04,1593.82
O00001388,U008107,27-10-2025,14:10:36,1593.27
O00000062,U009887,28-09-2024,22:07:39,1592.00
O00007929,U002039,15-04-2025,15:21:41,1591.60
O00018228,U008058,15-06-2025,14:43:57,1589.74
O00002389,U004931,07-06-2025,19:18:39,1588.62
O00015891,U005096,14-09-2024,21:11:45,1588.62
O00007816,U009413,08-04-2025,16:22:14,1588.30
O00002526,U006508,13-06-2025,17:35:13,1588.08
O00015681,U006583,07-06-2025,23:47:08,1587.76
O00011674,U006557,15-07-2025,19:56:15,1587.73
O00003362,U001691,21-07-2024,07:14:08,1587.18
O00013664,U001609,04-01-2025,19:57:10,1587.18
O00004398,U006538,14-08-2025,04:32:19,1586.77
O00008367,U005435,15-07-2024,11:31:55,1586.52
O00001119,U007266,19-06-2025,03:26:39,1586.27
O00017324,U003378,09-10-2025,15:10:52,1585.93
O00004216,U002139,12-10-2025,16:45:14,1585.35
O00005199,U008330,01-10-2024,06:28:48,1584.58
O00003727,U002357,04-06-2025,23:27:51,1584.36
O00000100,U007744,27-01-2025,04:41:34,1583.93
O00013612,U000920,08-12-2024,20:56:39,1583.67
O00018588,U007949,26-03-2024,15:09:32,1583.29
O00008428,U005541,23-04-2025,18:12:42,1582.20
O00001403,U003747,30-09-2025,10:35:09,1581.11
O00009714,U002428,10-07-2025,13:24:11,1580.95
O00003257,U006365,04-06-2024,20:54:16,1580.33
O00009697,U007701,02-02-2025,07:13:34,1580.24
O00010346,U003944,05-08-2024,14:18:16,1580.08
O00013716,U005096,27-03-2024,00:34:05,1579.78
O00008981,U005600,15-04-2024,00:10:18,1577.57
O00019840,U009571,01-01-2025,19:32:07,1577.42
O00003702,U008768,23-01-2025,06:23:30,1577.17
O00010709,U003013,20-05-2025,17:11:37,1577.04
O00000620,U007594,12-07-2024,11:45:11,1576.92
O00012660,U000183,02-06-2024,04:38:35,1576.90
O00014505,U002502,07-02-2024,14:23:39,1576.16
O00013371,U003514,15-08-2024,14:38:56,1574.68
O00008801,U004771,02-08-2025,00:59:09,1574.61
O00014398,U002186,10-02-2025,14:43:05,1574.43
O00005144,U008074,28-06-2025,21:54:58,1573.59
O00002385,U002731,16-06-2024,21:34:25,1572.73
O00011874,U007766,30-04-2024,07:01:39,1572.68
O00012838,U006969,06-12-2024,01:11:44,1572.57
O00002145,U008415,28-08-2024,14:05:46,1572.18
O00019374,U003210,23-03-2024,07:10:48,1570.95
O00018654,U008085,15-08-2025,03:46:20,1570.70
O00017001,U003005,06-09-2024,07:14:18,1570.68
O00014372,U007207,07-04-2024,01:33:26,1570.57
O00007900,U008751,18-07-2025,20:39:09,1569.62
O00017216,U008185,24-07-2025,21:32:30,1568.99
O00004965,U008345,02-05-2025,17:59:31,1568.98
O00004019,U007293,15-02-2025,14:37:06,1568.58
O00012830,U000633,30-09-2024,07:10:57,1568.51
O00007686,U001135,17-02-2024,21:42:11,1568.46
O00012444,U003581,12-05-2025,13:20:09,1567.63
O00015665,U008563,03-07-2024,09:33:50,1567.54
O00013886,U002983,18-10-2025,10:52:00,1567.10
O00015961,U003383,08-06-2024,11:29:48,1566.87
O00011992,U003756,26-09-2024,22:47:00,1565.82
O00004095,U006585,11-04-2024,02:19:31,1565.66
O00000931,U001362,10-03-2025,21:17:45,1565.59
O00015586,U001303,13-10-2025,13:30:21,1565.53
O00011528,U006972,24-09-2025,00:53:39,1564.97
O00016703,U003779,17-09-2025,17:03:42,1564.57
O00018798,U006243,31-08-2025,10:57:00,1564.55
O00006404,U002788,03-01-2024,12:08:39,1564.01
O00005315,U004612,20-06-2025,07:57:00,1563.77
O00001457,U008080,20-03-2024,05:03:49,1563.08
O00007922,U000048,02-02-2024,05:31:50,1562.40
O00002645,U002961,05-07-2025,09:00:02,1561.73
O00011183,U006141,17-06-2025,12:08:17,1561.41
O00017260,U007268,28-10-2024,10:00:46,1560.88
O00010296,U000717,26-07-2025,19:03:10,1560.84
O00005898,U000393,05-05-2024,12:38:13,1560.67
O00012983,U004802,22-10-2024,12:01:03,1560.63
O00015443,U001041,21-04-2025,17:33:52,1560.18
O00006608,U009997,13-09-2025,15:23:42,1559.89
O00015444,U000607,22-11-2024,06:11:35,1559.61
O00015189,U002454,09-04-2024,14:09:55,1559.33
O00008448,U001523,27-04-2024,02:55:04,1559.13
O00018300,U004910,03-06-2025,19:34:41,1559.03
O00002296,U007393,28-09-2024,20:13:23,1558.73
O00016276,U006783,15-05-2025,20:53:06,1558.09
O00007625,U008614,21-09-2025,08:05:07,1557.88
O00017249,U000414,23-07-2025,00:00:57,1557.84
O00012534,U002535,06-05-2025,09:56:56,1557.48
O00019066,U009818,28-04-2024,05:46:58,1557.33
O00010019,U006108,26-07-2024,15:22:47,1556.06
O00007960,U000121,19-10-2024,02:50:02,1555.98
O00007994,U004335,18-02-2024,09:06:38,1555.95
O00016352,U007665,14-04-2025,19:42:11,1555.63
O00000924,U004455,18-07-2024,03:09:59,1555.34
O00018712,U008585,16-07-2024,19:23:05,1555.28
O00019501,U002453,28-03-2025,00:50:26,1554.15
O00000668,U007311,27-09-2024,23:20:37,1554.14
O00013729,U000631,29-08-2025,22:44:40,1554.08
O00015363,U001132,16-06-2025,02:26:23,1553.95
O00004073,U009702,24-08-2024,12:18:53,1553.26
O00015208,U003617,05-04-2024,02:43:05,1553.17
O00006435,U007319,27-12-2024,06:56:55,1552.70
O00011413,U005810,30-12-2024,06:43:17,1552.58
O00003981,U003302,24-10-2024,02:29:50,1552.42
O00016660,U006001,25-07-2025,04:37:59,1552.00
O00014098,U002863,27-06-2025,18:06:37,1551.98
O00015309,U004879,06-11-2024,21:47:06,1551.97
O00012773,U006402,14-11-2024,03:00:16,1551.44
O00004791,U007184,18-04-2024,22:43:29,1551.04
O00007058,U009790,26-12-2024,12:27:57,1551.04
O00013497,U003899,06-04-2024,23:00:58,1551.04
O00016018,U004915,20-09-2024,20:36:23,1551.04
O00012489,U004206,06-11-2025,03:21:14,1550.71
O00014720,U007339,04-09-2025,22:16:00,1550.62
O00008540,U002858,12-07-2024,21:48:19,1550.51
O00014899,U007206,22-01-2024,04:40:04,1549.42
O00001726,U003842,06-10-2024,14:02:51,1549.27
O00009161,U009989,23-01-2025,18:12:17,1549.22
O00016626,U002660,01-04-2024,09:06:37,1547.50
O00017684,U004755,17-02-2024,12:55:27,1546.94
O00002159,U005106,10-11-2025,21:06:13,1546.70
O00016289,U008434,01-10-2024,06:18:49,1546.52
O00015318,U002756,11-08-2025,16:18:00,1546.09
O00005497,U001301,16-03-2024,19:17:56,1544.10
O00003326,U003574,18-03-2025,04:32:37,1543.81
O00014554,U001381,01-09-2025,10:21:46,1543.73
O00015974,U009665,01-04-2025,05:11:34,1542.89
O00009706,U005423,16-11-2024,21:18:05,1542.77
O00007397,U002934,06-04-2024,15:25:01,1542.16
O00000124,U006150,14-02-2024,08:42:51,1541.87
O00017619,U001703,15-11-2024,17:22:40,1540.87
O00010124,U005768,19-05-2024,05:13:06,1540.53
O00014375,U006777,20-02-2025,19:01:12,1540.29
O00000341,U009830,02-05-2024,20:46:47,1539.96
O00014602,U008868,02-02-2024,00:20:53,1539.96
O00012554,U004042,21-07-2024,18:10:56,1539.89
O00001108,U000969,18-05-2024,22:59:36,1539.42
O00009575,U007350,09-09-2024,03:55:37,1539.40
O00000929,U009389,13-11-2024,22:37:45,1538.97
O00017384,U004129,01-08-2024,06:05:17,1538.72
O00007773,U001750,24-05-2024,15:31:50,1538.18
O00003961,U008887,21-03-2025,23:17:53,1537.25
O00017286,U001133,05-06-2024,13:12:58,1536.60
O00007870,U006135,28-02-2024,23:22:05,1536.32
O00004654,U009810,12-01-2024,09:34:57,1535.78
O00002279,U000517,16-08-2025,13:26:32,1535.55
O00009761,U000484,05-04-2025,02:55:27,1535.40
O00007504,U004885,22-07-2024,20:37:47,1534.35
O00001895,U004476,13-11-2025,22:03:11,1533.86
O00000910,U001660,21-04-2025,18:53:08,1533.30
O00007702,U008613,12-01-2025,08:54:56,1533.14
O00017184,U003763,28-04-2025,05:50:47,1531.86
O00007032,U007148,08-10-2024,12:00:57,1531.42
O00010868,U001191,03-02-2024,05:07:51,1530.60
O00004268,U007153,30-01-2024,23:41:21,1528.50
O00018061,U001351,27-10-2025,23:48:51,1528.09
O00003754,U001032,18-02-2025,21:07:12,1527.97
O00004963,U002760,11-10-2024,00:46:41,1527.52
O00004263,U009195,25-09-2025,20:51:50,1527.30
O00005341,U002659,20-01-2024,16:18:12,1527.30
O00004466,U006096,16-08-2024,09:25:50,1526.37
O00019607,U009545,03-04-2025,14:43:23,1525.83
O00019500,U002899,02-08-2025,13:00:16,1525.07
O00003072,U001201,15-08-2025,16:25:23,1524.92
O00019527,U003677,21-06-2025,20:02:24,1524.68
O00011852,U008656,27-07-2024,20:47:47,1524.12
O00008995,U009708,17-01-2025,07:50:13,1523.84
O00007713,U004158,16-02-2025,04:38:33,1523.58
O00008072,U004989,29-10-2025,15:50:49,1523.57
O00013359,U009828,11-08-2024,16:39:01,1523.53
O00012629,U005660,23-04-2024,13:10:00,1523.23
O00000301,U002528,31-08-2025,22:26:08,1522.12
O00010580,U002118,05-12-2024,00:59:15,1522.12
O00014519,U002584,08-12-2024,17:17:43,1520.96
O00007893,U005218,21-05-2024,07:08:18,1520.22
O00007835,U007532,30-06-2024,04:41:17,1520.17
O00002794,U000262,16-09-2025,09:16:49,1517.11
O00015942,U007083,09-10-2024,17:53:11,1516.20
O00016021,U002412,29-03-2025,02:02:09,1515.70
O00008720,U006622,05-11-2024,14:37:31,1515.39
O00017920,U000453,24-07-2025,16:14:27,1515.34
O00012048,U007173,27-03-2025,07:23:26,1515.25
O00014571,U004471,08-07-2025,10:21:39,1515.11
O00011860,U003173,08-10-2025,21:22:26,1514.24
O00007230,U004734,08-01-2024,04:03:53,1514.12
O00009111,U000137,18-01-2025,10:25:25,1513.74
O00009586,U007407,08-11-2025,10:27:12,1513.74
O00004559,U001101,06-08-2024,16:00:52,1511.46
O00010211,U003161,14-05-2025,10:32:28,1511.46
O00013602,U002277,31-01-2025,00:34:21,1511.30
O00006330,U009479,13-06-2025,04:15:07,1511.11
O00007833,U002207,01-01-2024,22:46:49,1511.11
O00011213,U004457,19-06-2024,14:58:05,1511.11
O00014768,U002027,05-08-2025,00:15:13,1511.11
O00016812,U009244,06-01-2025,16:34:14,1510.96
O00009852,U003031,31-12-2024,14:45:19,1510.92
O00002100,U007515,24-10-2024,01:49:29,1510.66
O00012799,U002695,12-01-2025,11:13:26,1510.53
O00007023,U003533,26-02-2025,05:04:44,1510.29
O00007527,U005474,11-09-2024,03:07:27,1509.75
O00000395,U009243,25-01-2024,01:02:26,1508.35
O00005601,U007553,04-10-2025,14:46:31,1507.97
O00003060,U005952,02-08-2024,04:38:30,1507.76
O00013943,U000779,23-06-2025,17:10:21,1507.40
O00000449,U007270,11-11-2024,09:03:29,1507.35
O00009198,U004137,21-01-2025,08:08:45,1507.07
O00009418,U008084,11-06-2024,21:00:17,1506.70
O00013213,U004801,16-01-2024,00:05:41,1505.83
O00003729,U001186,11-04-2025,11:48:25,1505.78
O00018629,U000458,16-09-2025,23:30:01,1505.40
O00006075,U003370,05-05-2024,04:39:27,1504.96
O00014361,U008464,29-08-2025,09:48:23,1504.61
O00006813,U003146,24-02-2025,01:24:49,1504.31
O00002087,U001229,12-10-2025,04:46:30,1504.20
O00006140,U001680,21-11-2024,02:03:59,1503.95
O00012270,U003552,23-07-2024,06:25:53,1501.76
O00002487,U002477,20-09-2025,15:27:59,1501.70
O00011060,U006401,06-01-2025,05:16:39,1501.60
O00000548,U008981,02-08-2024,05:30:39,1501.13
O00007234,U005411,17-12-2024,03:28:59,1500.87
O00002361,U000345,16-05-2025,19:15:19,1500.55
O00012912,U006927,21-10-2024,22:41:26,1500.03
O00012017,U009411,20-04-2024,13:49:39,1499.66
O00009867,U003035,09-02-2024,02:51:49,1499.58
O00017923,U006525,16-05-2025,23:24:47,1499.44
O00007716,U000721,01-01-2024,01:54:47,1499.08
O00017902,U003319,23-07-2025,00:34:12,1498.08
O00011485,U008139,07-06-2025,19:12:42,1497.45
O00015414,U005820,07-06-2024,01:37:23,1497.39
O00003211,U001273,01-04-2025,13:58:20,1497.30
O00003657,U007844,08-07-2025,01:06:28,1497.24
O00006695,U000484,03-05-2025,05:18:40,1497.22
O00007379,U006290,30-10-2025,11:38:29,1496.96
O00018428,U002847,25-04-2025,14:46:49,1496.37
O00003680,U004031,01-11-2024,18:12:38,1495.76
O00007158,U002753,22-05-2025,03:14:46,1495.76
O00013179,U009718,19-09-2024,12:29:33,1495.59
O00013549,U001161,29-05-2024,19:52:05,1495.26
O00010680,U002601,28-03-2024,08:07:13,1495.08
O00005285,U005177,19-02-2025,08:19:32,1495.01
O00001353,U003577,12-11-2024,16:37:15,1495.00
O00010812,U008426,27-05-2024,09:38:58,1494.33
O00013171,U005729,25-06-2025,05:39:42,1493.98
O00007659,U007871,04-11-2025,01:20:04,1493.94
O00017825,U004140,30-06-2025,07:08:47,1493.92
O00005290,U006378,03-06-2024,14:20:03,1493.77
O00002974,U000368,03-08-2025,22:56:19,1493.61
O00014165,U000391,19-02-2024,02:13:21,1493.61
O00000066,U003806,24-02-2025,21:30:04,1493.59
O00011030,U004034,12-07-2025,20:36:13,1493.02
O00017928,U003098,31-03-2025,09:18:10,1492.82
O00013706,U000645,13-12-2024,20:44:13,1492.13
O00012005,U007150,27-01-2025,07:28:16,1491.57
O00003923,U009656,06-07-2025,19:51:23,1491.17
O00015696,U005445,05-07-2025,17:28:10,1490.66
O00018508,U008463,14-08-2025,04:44:07,1490.27
O00017450,U004289,18-08-2025,22:01:07,1489.21
O00011237,U006268,21-07-2025,16:20:49,1488.57
O00007363,U009448,20-07-2025,17:23:44,1487.74
O00012095,U000283,07-05-2025,19:04:28,1487.03
O00017123,U009145,05-02-2025,08:55:24,1486.73
O00011351,U003886,22-02-2024,11:15:23,1486.62
O00012753,U008634,05-02-2024,16:38:57,1486.49
O00014321,U009453,31-10-2025,06:25:41,1485.55
O00009548,U006645,21-01-2025,03:43:32,1485.25
O00009327,U003020,25-08-2025,21:36:43,1484.99
O00016196,U000396,09-06-2025,12:59:22,1484.94
O00008701,U008614,04-03-2025,11:56:44,1484.43
O00010099,U003656,09-01-2024,17:29:54,1483.46
O00001858,U002360,20-06-2025,19:51:01,1483.40
O00018455,U004166,01-12-2024,17:04:40,1481.90
O00017453,U001021,25-05-2025,10:22:58,1480.95
O00011044,U004232,09-03-2025,08:26:26,1480.65
O00006591,U004121,29-03-2024,16:56:15,1480.51
O00015921,U003669,20-07-2025,23:13:37,1479.59
O00017705,U001492,25-07-2025,19:41:36,1479.56
O00013406,U005777,14-11-2025,06:16:21,1478.43
O00005322,U004294,25-07-2025,14:14:58,1478.26
O00019978,U001176,30-09-2025,22:01:54,1477.96
O00014212,U003269,21-06-2025,01:28:54,1477.91
O00008029,U001342,30-01-2025,11:43:07,1477.71
O00012939,U001208,22-04-2024,23:06:44,1477.45
O00003313,U002544,08-11-2025,01:55:14,1477.44
O00014381,U007227,15-08-2025,06:17:30,1477.36
O00003886,U003221,05-06-2025,06:39:39,1477.03
O00003725,U004737,15-10-2025,15:30:52,1476.94
O00019900,U008516,24-09-2025,16:21:33,1476.59
O00009994,U000319,25-03-2025,00:10:36,1476.54
O00002823,U004905,01-04-2025,18:57:26,1476.04
O00014038,U005173,18-03-2024,21:46:16,1475.29
O00008639,U002273,29-05-2024,22:56:34,1474.87
O00009377,U009729,12-04-2025,21:20:32,1474.83
O00002894,U001974,29-12-2024,07:30:05,1474.44
O00003401,U001501,15-12-2024,04:45:08,1474.25
O00013525,U009686,16-02-2024,04:47:17,1474.17
O00009045,U008560,19-02-2024,20:24:19,1473.46
O00014841,U001982,21-05-2024,05:04:17,1473.20
O00015954,U001674,26-01-2024,19:29:45,1472.48
O00016803,U008721,23-01-2024,23:25:51,1472.28
O00006885,U002100,06-08-2024,05:49:37,1472.24
O00000517,U005325,25-04-2024,02:02:19,1471.73
O00018858,U009955,19-03-2024,23:20:45,1471.54
O00004707,U007582,06-07-2025,16:01:08,1471.05
O00002317,U004177,06-03-2025,19:25:52,1470.93
O00019516,U000119,26-04-2025,14:57:31,1470.75
O00006106,U009624,05-04-2025,07:19:43,1469.92
O00018969,U009189,11-06-2024,23:04:52,1469.92
O00002563,U006130,07-10-2024,19:40:20,1469.38
O00008398,U002740,10-07-2025,14:59:51,1469.33
O00008288,U000992,18-04-2024,04:55:35,1468.52
O00001367,U008259,20-10-2024,09:24:55,1468.38
O00013815,U005059,25-02-2025,05:30:51,1468.32
O00013435,U008614,07-11-2025,10:31:21,1468.14
O00012942,U003950,30-08-2025,23:29:11,1466.77
O00009545,U005721,14-05-2024,20:47:26,1466.70
O00011497,U009759,17-05-2025,15:39:01,1465.21
O00005140,U005390,27-03-2025,10:06:47,1464.64
O00008397,U006582,25-06-2024,16:35:13,1463.97
O00004888,U000944,10-10-2025,10:13:15,1463.86
O00017245,U007254,02-09-2025,17:24:30,1463.85
O00019323,U005850,26-09-2024,18:58:01,1463.55
O00016512,U004732,10-02-2024,12:27:23,1463.53
O00002953,U008978,21-06-2024,13:47:04,1463.26
O00012610,U004618,17-05-2025,03:47:05,1463.26
O00013054,U001197,25-04-2025,03:20:18,1463.26
O00014181,U000610,03-04-2025,19:14:00,1463.12
O00017502,U000321,10-09-2024,12:12:27,1462.77
O00006887,U003756,08-03-2025,20:09:17,1462.21
O00002372,U007474,18-04-2025,11:21:11,1461.94
O00016033,U002205,20-03-2025,15:01:36,1461.94
O00005633,U007150,27-01-2024,06:26:14,1461.67
O00015640,U005754,06-12-2024,22:52:59,1461.03
O00003732,U009573,20-02-2025,21:33:48,1460.92
O00003106,U003602,10-09-2025,07:09:07,1460.84
O00007199,U006448,11-08-2025,16:51:02,1460.75
O00005453,U001191,12-10-2025,16:31:30,1460.73
O00010089,U003190,21-01-2024,17:48:24,1459.28
O00000217,U000008,30-12-2024,20:16:37,1459.03
O00003738,U009265,15-03-2025,18:15:03,1458.87
O00016052,U003432,04-04-2024,14:09:59,1458.84
O00011565,U006383,01-10-2025,00:52:31,1458.53
O00007095,U003558,11-06-2025,21:00:44,1458.26
O00012894,U000642,21-08-2024,14:54:46,1457.94
O00017492,U006026,01-03-2024,18:23:28,1457.94
O00000989,U000856,14-07-2025,15:14:04,1457.74
O00002237,U009510,04-07-2024,14:43:04,1457.49
O00011481,U008488,24-08-2025,01:27:46,1457.43
O00008794,U005262,08-02-2025,02:09:19,1457.42
O00004587,U009653,16-04-2024,07:09:19,1456.83
O00007169,U005702,14-08-2025,07:03:13,1454.71
O00004663,U008130,03-01-2024,05:18:21,1454.57
O00017052,U008036,09-08-2024,21:17:55,1452.91
O00000865,U009014,23-06-2024,13:53:42,1452.85
O00002560,U009842,22-06-2024,05:43:12,1452.55
O00014562,U007717,06-03-2025,13:14:27,1452.32
O00012278,U008728,01-08-2025,20:13:37,1452.31
O00013257,U008231,03-10-2025,21:48:55,1452.17
O00005065,U008758,02-02-2025,22:40:25,1450.09
O00017895,U000749,28-05-2025,03:02:39,1449.85
O00016323,U009059,12-07-2025,07:52:09,1449.66
O00016377,U007434,02-01-2024,08:27:19,1449.36
O00011974,U000943,03-04-2024,12:51:11,1449.16
O00015015,U000119,27-05-2024,09:48:33,1449.13
O00003992,U003233,29-06-2024,16:00:50,1448.85
O00008100,U008291,24-03-2024,21:46:51,1448.40
O00012213,U007682,30-03-2024,15:53:33,1448.34
O00008187,U006691,05-05-2024,16:04:18,1448.06
O00014828,U006962,03-08-2025,06:10:42,1447.06
O00007352,U004279,25-09-2024,09:08:01,1445.54
O00018100,U005173,31-10-2024,07:52:56,1445.49
O00007308,U000427,18-07-2024,03:22:10,1445.44
O00015068,U001585,31-10-2025,13:31:50,1444.97
O00002627,U001858,08-04-2024,18:14:16,1444.95
O00004936,U002295,22-04-2025,04:40:10,1444.27
O00016246,U003919,29-08-2024,15:52:31,1443.31
O00015439,U005094,12-01-2025,00:08:09,1442.81
O00004573,U009545,05-05-2025,11:39:18,1442.77
O00015092,U003216,10-01-2024,12:44:11,1442.62
O00011683,U003510,18-01-2024,18:12:11,1441.65
O00008405,U000158,01-12-2024,06:11:56,1441.15
O00000381,U000206,15-09-2024,00:36:36,1440.77
O00001222,U002404,26-03-2024,11:53:09,1440.48
O00012206,U007396,31-05-2024,15:58:10,1440.19
O00001374,U003361,12-11-2025,20:36:21,1440.10
O00006659,U007327,25-04-2025,14:48:50,1440.10
O00008200,U003167,04-01-2024,09:22:01,1439.84
O00016676,U000455,25-09-2025,05:44:50,1437.75
O00011850,U001399,04-11-2025,00:15:12,1437.35
O00008932,U008091,07-11-2024,02:16:35,1437.30
O00018356,U009645,30-07-2025,15:06:34,1437.14
O00008767,U003583,02-11-2024,16:33:15,1437.06
O00008054,U001183,08-01-2025,00:36:50,1436.46
O00003353,U001800,11-03-2025,00:38:27,1436.38
O00000778,U006338,20-06-2024,08:16:11,1436.36
O00006553,U006102,18-03-2025,23:55:47,1436.00
O00007451,U008733,06-10-2025,20:12:23,1435.87
O00013220,U007118,14-10-2024,22:11:47,1435.85
O00017316,U009753,24-12-2024,13:46:02,1435.57
O00001693,U008104,24-08-2024,19:47:26,1435.37
O00000098,U001491,06-10-2024,16:57:56,1435.20
O00001496,U000675,30-01-2024,21:51:34,1435.18
O00007539,U001061,13-06-2025,13:20:29,1433.78
O00017683,U009679,10-01-2024,21:09:41,1433.17
O00010793,U001116,22-10-2024,18:48:07,1432.15
O00002988,U007702,02-06-2024,03:03:33,1431.97
O00018870,U004475,03-06-2025,23:14:38,1431.84
O00007063,U001782,24-08-2025,04:35:00,1431.77
O00000612,U008652,10-04-2024,15:15:21,1431.75
O00016126,U002382,08-09-2025,04:32:36,1431.60
O00003366,U001083,09-05-2024,04:58:03,1431.42
O00014044,U001989,16-05-2025,05:58:41,1429.89
O00010167,U002335,12-06-2025,17:13:02,1429.08
O00019035,U009193,04-01-2024,05:24:48,1428.90
O00011778,U000481,05-11-2024,19:48:13,1428.84
O00000812,U006087,21-09-2024,18:39:18,1428.63
O00014043,U009465,04-08-2025,08:03:07,1428.45
O00015846,U003650,12-03-2024,09:36:12,1428.37
O00007867,U005784,14-05-2025,07:22:05,1428.12
O00017178,U003360,27-06-2024,03:38:31,1427.86
O00002718,U000262,27-12-2024,11:17:23,1427.85
O00004872,U006560,17-10-2025,10:34:47,1426.95
O00013807,U001094,10-03-2024,11:22:03,1426.75
O00019715,U004867,26-02-2025,12:35:06,1426.68
O00015540,U007118,31-05-2024,19:12:07,1426.08
O00004894,U005263,20-02-2025,21:42:41,1426.01
O00003389,U004360,24-03-2024,04:40:45,1424.38
O00012293,U002741,02-06-2024,14:44:41,1424.38
O00007314,U001509,09-11-2025,08:26:57,1424.27
O00004753,U001142,08-09-2025,04:16:34,1424.08
O00000125,U005706,15-02-2024,06:08:52,1423.47
O00003736,U002893,03-10-2024,21:03:37,1423.47
O00004566,U001160,06-11-2024,14:37:44,1423.47
O00012614,U008852,08-02-2024,01:41:26,1423.17
O00016943,U008705,19-12-2024,08:41:56,1422.85
O00001360,U005841,07-08-2024,22:49:55,1422.23
O00005916,U009335,08-03-2024,00:49:53,1421.85
O00019605,U000401,05-03-2025,10:46:40,1421.77
O00006177,U002558,02-10-2025,05:28:51,1421.63
O00007480,U006106,05-06-2024,22:55:49,1421.23
O00012924,U004053,11-02-2025,23:38:58,1421.14
O00011724,U000231,25-06-2024,16:27:58,1421.07
O00017934,U006348,17-03-2024,00:30:08,1420.87
O00012488,U001187,05-05-2025,15:51:09,1420.71
O00009302,U009837,15-07-2024,09:44:21,1419.90
O00009071,U009892,16-04-2024,19:08:59,1419.57
O00009112,U008425,14-08-2025,22:07:43,1418.95
O00002900,U002788,26-06-2024,06:44:15,1418.75
O00019134,U007327,18-03-2024,19:45:08,1418.30
O00016537,U002355,24-12-2024,22:09:34,1418.14
O00017022,U003328,09-03-2025,21:31:04,1417.60
O00012559,U008395,02-07-2024,14:29:10,1416.99
O00000015,U003336,16-07-2024,18:07:56,1416.93
O00007928,U006182,04-07-2024,07:04:46,1416.87
O00000520,U008373,22-12-2024,22:34:42,1416.85
O00001743,U002895,30-09-2024,11:02:16,1416.66
O00001450,U006770,09-05-2025,17:13:36,1416.30
O00003836,U005689,17-02-2024,06:51:39,1416.19
O00011610,U001996,11-02-2024,11:58:37,1415.31
O00001629,U004381,30-03-2024,13:39:37,1415.15
O00004239,U008868,08-04-2024,04:30:41,1414.53
O00016919,U004087,05-12-2024,21:35:43,1414.03
O00018546,U003692,27-06-2024,20:39:20,1413.95
O00008152,U007844,23-06-2024,22:57:15,1413.87
O00002231,U005174,07-06-2025,21:29:03,1413.59
O00009448,U005664,08-10-2025,09:31:20,1413.41
O00016907,U000704,14-03-2025,13:38:00,1413.41
O00019769,U002937,07-05-2024,03:02:05,1413.41
O00013063,U001811,05-11-2025,01:25:47,1413.34
O00019142,U008729,04-11-2025,04:59:14,1413.28
O00008286,U005686,26-03-2024,07:16:41,1413.25
O00014760,U009952,30-01-2024,18:52:12,1413.17
O00008110,U008832,11-05-2025,13:57:58,1412.98
O00001530,U001243,09-06-2024,15:36:45,1412.67
O00008301,U001404,23-05-2024,05:57:44,1412.41
O00011640,U002172,06-03-2024,23:48:34,1411.81
O00016178,U003080,12-09-2025,21:02:17,1411.76
O00019621,U004223,08-05-2024,10:01:01,1411.57
O00001077,U006892,28-05-2025,04:39:52,1411.54
O00007882,U007933,25-08-2024,04:48:51,1410.93
O00012049,U003079,07-05-2025,19:47:45,1410.73
O00006004,U008877,27-03-2025,20:46:47,1410.06
O00002129,U003952,22-04-2024,20:23:19,1410.05
O00011079,U006523,01-09-2025,13:47:41,1409.70
O00006771,U004774,29-09-2025,18:09:27,1409.44
O00016753,U002657,15-03-2024,07:28:46,1409.44
O00010196,U009495,29-05-2024,15:32:11,1409.37
O00016149,U002288,15-01-2025,08:12:42,1408.92
O00018310,U001419,30-03-2024,21:34:56,1408.92
O00018524,U005348,21-10-2024,03:13:31,1408.72
O00000356,U000445,19-05-2025,22:37:34,1407.61
O00017614,U001238,06-06-2024,12:08:47,1407.61
O00019709,U001289,06-09-2024,12:07:08,1407.61
O00012471,U007457,20-09-2024,16:40:31,1407.57
O00004457,U005357,13-11-2025,17:40:26,1406.66
O00001081,U002822,02-09-2025,14:31:54,1405.44
O00011230,U004242,19-12-2024,19:52:28,1404.66
O00003293,U006397,27-01-2024,23:28:00,1403.85
O00004807,U003547,25-10-2025,20:11:18,1403.84
O00003034,U005670,19-12-2024,07:00:02,1403.71
O00019372,U006603,23-09-2025,19:02:11,1403.65
O00017212,U001452,04-12-2024,03:59:13,1403.54
O00013137,U008561,01-08-2024,09:07:57,1403.52
O00007309,U000919,05-05-2025,23:40:35,1403.03
O00016482,U001225,14-09-2024,06:52:21,1402.93
O00006487,U001556,04-01-2024,15:13:26,1402.65
O00017943,U004151,15-06-2025,08:04:04,1402.36
O00015591,U008480,06-12-2024,10:03:42,1401.70
O00009258,U001068,19-05-2024,21:47:01,1400.72
O00013096,U008428,15-05-2024,14:45:40,1399.27
O00018771,U000638,02-09-2024,19:48:04,1398.87
O00017564,U001820,31-12-2024,18:52:22,1398.73
O00010268,U009501,06-10-2025,22:46:01,1398.44
O00005203,U000142,30-01-2024,15:28:56,1398.35
O00011661,U006967,20-08-2025,16:44:15,1398.18
O00011600,U006862,12-11-2024,00:50:18,1397.49
O00003747,U004162,06-02-2024,03:04:29,1397.25
O00005995,U006366,05-12-2024,04:48:06,1396.27
O00006681,U003701,04-01-2025,20:18:26,1395.91
O00001911,U006910,04-01-2025,13:11:31,1395.52
O00004634,U003135,27-02-2025,09:42:55,1395.52
O00002103,U009953,30-07-2024,09:45:03,1395.27
O00007410,U006387,02-09-2025,13:06:28,1395.25
O00016079,U006113,11-05-2025,05:13:41,1395.25
O00005493,U008647,20-02-2024,20:10:40,1394.51
O00002973,U007069,05-06-2024,20:40:00,1394.14
O00008786,U003737,11-05-2024,22:08:16,1394.14
O00017768,U003534,20-03-2025,02:57:01,1394.14
O00018740,U000877,17-03-2025,20:52:58,1394.14
O00003464,U002489,14-01-2024,08:26:10,1393.83
O00008783,U009193,02-07-2025,07:30:48,1393.78
O00013750,U009707,01-09-2024,04:00:13,1393.78
O00005679,U006846,12-09-2025,18:34:14,1393.31
O00004780,U000001,25-04-2024,15:53:17,1392.89
O00011709,U002586,16-10-2024,05:25:54,1392.61
O00005927,U008915,13-11-2024,00:16:58,1392.56
O00007074,U002707,19-09-2025,22:44:25,1392.55
O00017042,U009133,29-01-2024,23:47:53,1391.35
O00013551,U008637,08-10-2024,18:28:22,1391.14
O00017261,U008742,24-09-2025,23:59:30,1390.88
O00005800,U006866,30-01-2024,23:52:30,1390.58
O00010236,U008633,15-07-2025,00:09:45,1390.56
O00019177,U005422,06-05-2025,20:33:04,1390.05
O00001954,U005436,11-02-2024,05:03:26,1389.62
O00006377,U001080,19-01-2024,17:49:14,1389.57
O00018127,U005760,19-10-2024,02:17:14,1389.28
O00019302,U001822,01-07-2025,14:22:48,1389.28
O00003358,U001713,08-05-2025,06:26:14,1389.24
O00019327,U005894,09-07-2025,23:44:09,1389.24
O00019511,U005592,01-01-2024,21:37:40,1389.22
O00003693,U007585,30-06-2024,03:46:12,1389.14
O00013057,U008644,20-05-2025,11:10:18,1389.04
O00019247,U000145,22-06-2025,05:56:30,1388.90
O00002752,U009649,08-01-2024,05:24:00,1388.69
O00001654,U007210,13-09-2024,23:31:36,1388.64
O00008651,U005513,14-11-2025,20:09:06,1388.64
O00015471,U001138,25-04-2024,07:38:16,1388.64
O00009767,U005338,02-12-2024,03:00:30,1388.44
O00015404,U003342,12-09-2024,19:21:09,1387.71
O00005127,U004393,12-08-2024,07:09:07,1387.66
O00005012,U007029,30-04-2025,19:48:37,1387.63
O00015597,U002760,16-04-2025,22:51:14,1387.39
O00017448,U006565,05-11-2025,01:38:43,1387.39
O00015843,U000890,01-01-2024,09:27:44,1386.99
O00014074,U007998,30-01-2025,22:24:50,1385.96
O00010552,U006284,26-04-2024,11:50:05,1385.83
O00002196,U002010,16-05-2024,15:15:42,1385.18
O00015899,U008376,04-05-2024,00:24:05,1385.18
O00002677,U004086,19-07-2024,14:24:01,1385.17
O00017487,U007619,03-01-2025,08:13:33,1385.10
O00005173,U004049,13-05-2024,02:29:58,1383.96
O00014988,U006296,19-07-2024,15:18:09,1383.21
O00008120,U006247,26-01-2024,21:52:44,1382.80
O00004379,U007427,10-01-2024,20:40:27,1382.32
O00015967,U008912,01-02-2025,23:59:21,1382.01
O00011907,U004262,23-09-2024,12:08:17,1381.38
O00016175,U007776,15-02-2024,00:55:35,1380.92
O00005367,U003088,11-08-2024,05:18:22,1380.35
O00019061,U001389,13-06-2025,22:10:29,1380.24
O00014637,U000168,24-07-2024,18:58:03,1380.23
O00013277,U000871,25-06-2025,11:01:22,1379.87
O00013192,U009840,20-04-2024,13:44:34,1378.97
O00011266,U001378,05-02-2025,21:21:32,1378.25
O00019168,U001817,20-09-2025,03:17:32,1378.17
O00017498,U009785,31-12-2024,03:40:52,1377.99
O00001484,U008284,27-10-2025,04:39:41,1377.70
O00002689,U004501,16-02-2025,02:26:53,1377.68
O00005897,U004502,18-02-2025,17:53:42,1377.67
O00008321,U005504,15-08-2025,09:56:41,1377.51
O00016705,U002417,15-08-2025,02:08:34,1377.14
O00005399,U001408,26-03-2025,02:11:27,1376.79
O00013896,U001931,04-12-2024,03:08:57,1376.72
O00018590,U009631,02-01-2025,04:25:59,1375.55
O00002334,U008552,02-10-2024,17:59:12,1375.14
O00018830,U002586,04-02-2024,10:11:48,1374.02
O00002172,U002336,23-11-2024,06:19:04,1373.80
O00019879,U007629,04-04-2025,05:00:58,1373.80
O00008081,U004423,06-02-2024,13:03:55,1373.78
O00013631,U005210,18-10-2025,03:10:57,1373.18
O00013890,U005094,14-05-2024,05:49:49,1372.61
O00012458,U005176,29-03-2025,00:51:15,1372.29
O00018816,U003454,15-03-2025,22:40:22,1372.20
O00006501,U008033,12-05-2025,09:48:06,1371.81
O00012006,U008593,24-02-2024,10:58:49,1371.52
O00012548,U009001,08-02-2025,12:30:55,1370.90
O00001276,U004013,28-05-2024,01:23:05,1370.08
O00019719,U000888,28-03-2024,05:44:29,1369.63
O00001067,U006423,26-03-2025,17:40:59,1369.30
O00012407,U006836,08-07-2024,19:58:31,1369.30
O00006009,U006789,28-03-2024,22:27:17,1368.99
O00015283,U002260,17-04-2024,11:09:31,1368.58
O00017007,U006647,12-04-2025,10:16:27,1368.47
O00016382,U004195,16-05-2025,16:16:42,1368.32
O00010229,U007605,04-04-2025,10:05:27,1368.04
O00005410,U006848,09-01-2024,09:08:13,1367.94
O00018701,U009209,31-01-2024,08:06:45,1367.75
O00005658,U005584,04-06-2024,04:54:03,1367.00
O00009230,U001481,07-06-2025,22:11:12,1366.79
O00007530,U000813,18-12-2024,21:49:31,1366.44
O00007988,U008399,05-07-2025,17:33:02,1366.16
O00003404,U008868,25-05-2024,17:31:49,1365.33
O00005231,U007625,26-11-2024,11:48:20,1365.12
O00017303,U009033,10-02-2025,11:45:51,1364.80
O00013441,U008038,11-10-2025,06:02:00,1364.57
O00013392,U008589,30-09-2025,16:36:56,1364.43
O00001847,U005405,06-05-2024,03:28:29,1364.30
O00001423,U002179,04-09-2025,00:56:21,1364.22
O00019784,U009206,20-04-2024,22:47:07,1363.96
O00003590,U009089,18-06-2024,05:06:00,1362.77
O00014330,U000732,25-01-2024,20:55:10,1362.31
O00002033,U004248,11-12-2024,21:46:12,1362.28
O00004161,U005800,06-09-2024,20:40:52,1362.13
O00001906,U008502,28-09-2024,04:55:00,1361.14
O00010987,U003048,22-09-2024,23:16:14,1361.00
O00013666,U005369,05-06-2024,06:50:32,1360.30
O00019885,U009875,22-04-2025,20:08:54,1359.98
O00006853,U007947,08-09-2025,17:26:19,1359.40
O00005405,U009696,05-09-2025,18:18:51,1358.77
O00019538,U007243,09-06-2025,10:40:17,1357.18
O00015036,U009670,19-10-2025,06:09:22,1356.44
O00014018,U000376,11-08-2025,15:50:51,1355.37
O00002456,U002034,06-01-2025,19:20:31,1355.20
O00000715,U002453,23-05-2025,14:48:59,1354.30
O00014453,U009094,22-05-2025,00:55:49,1353.95
O00001343,U001151,23-04-2024,20:56:30,1353.18
O00001593,U000815,19-09-2024,06:40:18,1352.63
O00004383,U007097,09-05-2025,03:02:48,1352.63
O00008957,U000173,05-01-2024,13:16:42,1352.63
O00011391,U008876,21-03-2025,10:20:23,1352.63
O00012986,U003768,11-03-2024,14:41:52,1352.36
O00013782,U003734,08-06-2025,03:02:11,1351.92
O00001248,U002609,13-05-2025,12:39:03,1351.78
O00001780,U008582,01-07-2025,12:42:18,1351.78
O00006312,U005280,09-09-2024,18:59:37,1351.78
O00016049,U008919,18-08-2025,18:40:03,1351.41
O00003152,U006068,27-02-2025,04:38:55,1350.84
O00007447,U001850,09-07-2025,00:47:11,1350.84
O00009725,U008807,06-04-2024,22:29:10,1350.81
O00017270,U008815,25-06-2024,13:45:12,1349.98
O00018991,U004986,28-08-2025,06:11:03,1349.84
O00015262,U006606,21-07-2025,20:26:10,1349.44
O00011215,U003051,20-09-2025,17:50:53,1348.97
O00004891,U000116,02-11-2024,15:59:36,1348.70
O00014023,U003319,24-04-2025,12:17:41,1348.57
O00006977,U009403,12-07-2024,11:32:33,1348.51
O00010533,U004013,04-05-2024,05:43:22,1346.32
O00004210,U009179,24-07-2024,01:07:25,1346.29
O00010870,U002351,09-12-2024,00:28:28,1346.05
O00011134,U006241,21-08-2025,07:03:39,1345.82
O00014921,U006310,07-04-2025,00:20:17,1345.41
O00004187,U006050,10-01-2025,21:57:12,1345.37
O00000191,U003178,07-03-2024,15:48:49,1345.24
O00008937,U000206,24-06-2024,15:50:10,1345.13
O00003150,U007698,07-03-2024,06:41:25,1345.07
O00002698,U005218,25-04-2024,10:52:28,1344.09
O00017185,U001792,22-10-2024,03:35:07,1343.88
O00007110,U000985,12-09-2024,05:03:21,1342.27
O00001458,U003979,01-10-2024,23:10:08,1341.80
O00007821,U008115,16-07-2025,06:11:25,1341.10
O00019868,U001489,20-07-2025,03:40:56,1340.96
O00001462,U007869,18-03-2025,11:16:59,1340.76
O00007553,U008412,01-03-2024,07:57:19,1340.76
O00014324,U008460,23-03-2024,19:04:04,1340.76
O00014743,U006556,16-04-2025,10:26:51,1340.76
O00018920,U007098,12-05-2025,08:11:34,1340.76
O00014942,U007395,27-12-2024,02:03:52,1340.34
O00019133,U007312,28-06-2025,00:55:00,1340.33
O00019790,U009156,01-10-2024,19:48:33,1340.00
O00005712,U006813,28-11-2024,14:35:13,1339.68
O00010075,U003948,12-09-2024,06:25:33,1339.68
O00008328,U008809,02-02-2024,03:39:26,1339.21
O00003753,U006899,25-06-2025,12:35:56,1338.88
O00002755,U004118,26-09-2025,18:39:47,1338.76
O00011624,U004507,09-04-2025,18:09:50,1338.53
O00013744,U002153,31-05-2024,11:07:18,1338.53
O00006000,U003296,30-11-2024,12:29:14,1337.98
O00008977,U002773,26-08-2025,11:03:50,1337.73
O00001039,U009183,29-09-2024,05:11:05,1336.95
O00013924,U009689,19-09-2024,22:07:10,1335.90
O00017272,U000038,22-01-2025,00:43:02,1335.75
O00016611,U008691,19-09-2025,23:40:58,1335.18
O00000383,U004297,25-09-2024,04:00:34,1333.52
O00004089,U003809,26-06-2025,17:57:36,1333.38
O00001139,U007628,08-10-2025,04:01:35,1333.28
O00016790,U004981,22-03-2025,00:04:39,1333.26
O00011314,U003739,14-10-2024,23:17:08,1332.31
O00010568,U003374,28-10-2025,17:35:40,1331.51
O00010473,U003027,24-05-2025,13:07:37,1331.47
O00004779,U006620,03-02-2024,08:26:24,1331.40
O00014501,U003724,07-05-2024,15:14:56,1331.01
O00014728,U008340,12-06-2025,17:16:59,1331.01
O00018521,U004978,30-06-2024,02:41:12,1330.75
O00019884,U004453,19-05-2024,03:20:25,1329.84
O00003575,U009515,03-01-2024,08:17:29,1328.19
O00016750,U001808,16-09-2025,17:30:13,1327.69
O00004442,U002268,25-08-2024,10:45:15,1327.53
O00008387,U000508,03-03-2025,07:10:29,1326.95
O00005066,U004573,30-04-2025,07:14:49,1326.68
O00000760,U007015,02-01-2024,18:32:37,1326.43
O00018090,U009587,24-01-2025,20:45:30,1326.36
O00008664,U009323,15-11-2024,06:32:44,1326.24
O00008160,U001621,06-07-2025,14:35:03,1325.75
O00006060,U007780,11-03-2025,05:55:06,1325.06
O00016371,U006793,07-06-2024,16:17:13,1325.06
O00018241,U003067,29-06-2024,00:54:08,1324.44
O00009365,U006581,08-03-2024,10:49:11,1324.21
O00002923,U000167,17-05-2024,20:30:29,1324.11
O00003626,U004943,07-02-2025,10:59:15,1324.11
O00009125,U007340,03-09-2025,14:58:51,1324.08
O00009251,U002570,24-12-2024,20:51:52,1323.86
O00016256,U008468,25-04-2025,19:44:08,1323.58
O00004626,U002426,17-07-2025,09:40:04,1323.47
O00002136,U008227,24-04-2024,15:24:21,1323.25
O00008380,U008569,26-07-2024,08:39:53,1323.12
O00007750,U005955,21-07-2025,14:14:47,1323.04
O00017369,U000906,29-03-2025,03:56:28,1323.04
O00014005,U007910,06-09-2025,02:28:15,1322.71
O00008423,U001835,04-10-2024,16:47:16,1322.52
O00012378,U003840,31-08-2025,17:41:44,1322.18
O00001777,U002972,28-05-2025,11:59:01,1322.13
O00018948,U006714,07-10-2025,03:01:55,1321.95
O00006331,U003392,23-06-2025,23:15:37,1320.89
O00011587,U006031,21-07-2025,16:33:49,1320.80
O00005110,U008925,18-06-2025,12:20:31,1319.87
O00001479,U003161,19-06-2024,22:55:58,1319.64
O00016367,U003032,15-03-2024,18:32:44,1319.06
O00007748,U001472,07-11-2024,08:10:31,1318.97
O00014478,U002754,24-04-2024,07:09:32,1318.95
O00003020,U007813,19-06-2025,08:55:17,1318.53
O00018335,U004732,08-07-2025,06:29:43,1317.77
O00009403,U006839,19-05-2024,14:05:24,1316.52
O00004143,U005065,13-10-2024,12:50:12,1316.47
O00017545,U008870,12-03-2025,14:53:54,1316.47
O00018484,U008254,08-11-2025,11:07:39,1315.93
O00000357,U009579,20-05-2024,13:20:41,1315.50
O00003631,U007662,02-04-2024,19:05:57,1315.38
O00016457,U007387,16-10-2025,02:25:03,1315.05
O00002701,U008890,28-03-2024,19:23:29,1314.80
O00001200,U008650,14-09-2025,08:32:22,1314.43
O00000065,U009764,10-08-2025,14:12:57,1313.93
O00008640,U002781,03-08-2025,18:43:38,1312.97
O00006425,U008992,02-08-2025,14:25:32,1312.84
O00000544,U009936,01-04-2025,09:43:28,1312.75
O00004229,U008142,17-02-2024,23:57:26,1312.74
O00014534,U003789,13-05-2024,10:23:31,1312.71
O00008522,U004623,02-07-2024,21:59:13,1312.51
O00003125,U001075,24-01-2025,11:37:49,1312.02
O00006779,U001664,11-06-2024,11:22:44,1311.40
O00019347,U008960,08-03-2025,14:46:42,1311.34
O00015063,U009248,21-03-2024,16:48:27,1311.25
O00002506,U005118,31-08-2025,08:09:06,1310.78
O00005312,U002469,20-08-2024,21:45:33,1310.19
O00007505,U008740,23-06-2024,10:30:33,1310.13
O00004340,U006516,24-02-2024,14:51:31,1309.52
O00011652,U001660,09-05-2024,15:36:37,1309.39
O00011558,U004091,17-08-2025,04:12:18,1308.97
O00005695,U003980,18-09-2025,20:13:33,1308.56
O00016485,U003509,03-01-2024,11:09:55,1308.09
O00017024,U008098,26-12-2024,23:06:02,1307.61
O00018438,U003474,08-02-2024,10:32:45,1307.61
O00009508,U009812,02-09-2025,17:58:42,1307.44
O00005922,U006565,18-12-2024,05:28:01,1306.99
O00001742,U008088,06-01-2025,00:46:36,1306.87
O00000781,U009269,10-05-2024,02:10:08,1306.32
O00011320,U001577,11-07-2024,05:36:45,1305.24
O00002485,U003679,02-03-2024,01:28:08,1304.52
O00014444,U006810,20-12-2024,07:56:12,1304.37
O00015438,U002731,05-07-2025,22:17:51,1304.19
O00013833,U000405,20-08-2025,12:36:00,1304.17
O00017856,U009672,05-04-2025,03:44:04,1304.09
O00003011,U004886,14-10-2025,17:18:16,1304.01
O00006829,U005324,14-02-2024,01:51:28,1302.20
O00019330,U009060,01-06-2025,22:45:46,1300.20
O00008114,U009892,09-09-2025,22:36:09,1300.17
O00013687,U009657,28-03-2025,21:32:40,1300.08
O00018178,U008164,16-03-2025,19:41:06,1299.71
O00004834,U008091,19-04-2025,01:20:14,1299.39
O00007662,U008269,23-02-2025,23:03:36,1299.13
O00013248,U007577,28-09-2025,11:33:03,1298.89
O00019187,U000612,05-11-2025,20:36:50,1298.77
O00015744,U001872,05-06-2025,16:10:53,1298.39
O00002761,U008393,25-12-2024,18:58:30,1298.36
O00013427,U006685,21-09-2024,10:21:32,1298.33
O00014974,U009251,02-01-2024,06:05:28,1297.98
O00013450,U005724,28-08-2024,21:15:41,1297.72
O00017961,U000009,06-03-2025,14:08:55,1297.61
O00017416,U001833,22-11-2024,13:35:47,1296.82
O00001287,U002704,02-07-2024,10:47:39,1296.48
O00007012,U007027,27-03-2025,04:40:51,1296.43
O00007380,U009987,02-05-2024,18:37:30,1295.95
O00001052,U008858,21-07-2025,23:15:27,1295.76
O00019461,U003921,26-05-2024,00:07:28,1295.59
O00007676,U002050,25-10-2024,18:35:12,1295.28
O00019418,U002344,06-08-2025,19:51:52,1295.06
O00019981,U000224,10-04-2024,14:10:05,1294.54
O00004395,U009483,31-12-2024,01:59:32,1294.05
O00018770,U009325,17-05-2024,17:02:28,1293.59
O00019312,U009258,10-03-2024,23:25:13,1293.42
O00010479,U002018,14-10-2024,18:28:15,1293.17
O00013128,U008656,23-06-2025,20:02:41,1292.91
O00003117,U009142,18-04-2024,06:57:29,1292.79
O00000804,U006487,20-01-2025,21:56:01,1292.61
O00005179,U004661,22-05-2025,01:09:51,1292.26
O00019427,U005914,24-09-2025,15:54:40,1292.15
O00002620,U003554,21-02-2025,05:25:52,1291.71
O00009079,U001109,27-01-2025,16:59:20,1291.30
O00000475,U005941,02-11-2024,05:18:50,1290.86
O00003946,U008465,05-01-2025,04:35:53,1290.63
O00016593,U001844,14-01-2024,11:49:28,1289.81
O00005503,U008887,13-09-2024,21:38:13,1288.66
O00001132,U007613,07-03-2024,01:18:56,1288.50
O00018009,U005505,25-02-2025,06:30:37,1288.26
O00005737,U007482,13-12-2024,23:07:27,1287.95
O00007377,U009097,29-09-2025,02:25:13,1287.95
O00009300,U000466,06-11-2024,11:14:30,1287.95
O00001881,U001028,02-08-2025,07:26:51,1287.60
O00008426,U006274,09-04-2024,12:53:38,1287.55
O00019845,U005893,19-01-2024,00:27:26,1287.49
O00006451,U009841,03-08-2024,21:30:29,1286.93
O00013010,U008103,29-06-2024,23:43:21,1286.75
O00000870,U005752,18-05-2024,20:01:44,1286.28
O00011008,U003386,07-07-2024,22:54:16,1286.28
O00019738,U006516,02-05-2024,20:08:57,1286.28
O00017273,U005187,07-08-2025,22:36:40,1286.18
O00004471,U006911,28-04-2025,20:36:40,1285.51
O00014462,U009789,20-05-2024,02:24:19,1285.09
O00005926,U005968,01-10-2024,04:33:06,1284.63
O00009895,U000585,19-01-2025,10:06:11,1283.78
O00005142,U004391,20-03-2024,07:25:47,1283.59
O00019570,U008865,12-05-2024,09:43:51,1283.45
O00006181,U009606,17-09-2025,09:46:18,1283.15
O00009974,U006080,07-10-2025,08:11:20,1282.99
O00019936,U005933,08-06-2024,03:08:59,1282.67
O00006117,U007190,11-01-2024,03:13:41,1282.36
O00018334,U009689,13-06-2024,14:00:37,1281.98
O00018622,U003948,07-07-2025,20:00:18,1280.99
O00015930,U008760,20-10-2025,03:31:52,1280.91
O00016656,U002606,07-10-2025,10:08:15,1280.31
O00015327,U003988,12-11-2025,07:37:49,1280.19
O00010254,U002844,22-12-2024,13:14:14,1280.15
O00005401,U000987,01-05-2024,21:56:20,1279.86
O00005513,U003858,15-05-2025,10:19:20,1279.55
O00003327,U008355,26-05-2025,19:43:12,1279.50
O00012545,U001769,29-08-2024,04:11:51,1279.29
O00016267,U007514,25-12-2024,01:50:32,1279.05
O00004234,U000934,30-06-2024,16:56:00,1278.82
O00007912,U006624,30-08-2025,20:46:08,1278.28
O00009293,U009456,09-03-2024,15:49:49,1277.73
O00012696,U002503,13-11-2024,03:59:40,1277.65
O00007887,U006783,20-08-2025,23:34:10,1277.29
O00017056,U008923,24-01-2025,02:01:20,1276.34
O00004088,U003923,21-04-2025,14:20:14,1275.55
O00017359,U008456,30-07-2024,20:24:30,1275.27
O00017322,U001523,05-11-2025,10:42:40,1274.92
O00013834,U000532,01-08-2025,01:56:40,1274.90
O00017460,U006354,19-03-2025,11:23:18,1274.75
O00004555,U005025,27-01-2025,22:12:18,1274.74
O00011763,U000457,19-02-2025,05:09:48,1274.72
O00014131,U001241,15-10-2025,17:57:44,1274.68
O00007118,U000771,13-11-2025,02:32:14,1274.56
O00009857,U001903,24-01-2024,05:44:56,1274.14
O00001804,U000759,04-06-2025,09:46:16,1273.88
O00017544,U007483,19-10-2024,11:08:11,1273.40
O00001724,U007185,05-05-2024,12:50:25,1273.36
O00001772,U007890,21-10-2025,15:19:07,1273.27
O00016677,U006778,07-09-2024,22:54:00,1273.23
O00001963,U003888,04-07-2025,19:55:27,1272.62
O00017495,U002224,24-05-2024,21:54:13,1272.50
O00010837,U008232,26-02-2024,18:06:41,1271.91
O00010676,U009558,04-10-2024,02:57:55,1271.76
O00009989,U006287,08-07-2025,22:34:58,1271.09
O00010948,U002001,07-02-2025,06:22:11,1271.03
O00010426,U002134,18-09-2024,03:50:24,1269.84
O00003207,U004244,17-01-2025,03:09:32,1269.79
O00008675,U007541,11-10-2025,08:30:17,1269.75
O00004988,U005386,04-11-2024,07:38:18,1269.59
O00000791,U001036,01-12-2024,07:16:51,1269.30
O00019001,U003271,21-10-2025,02:57:02,1269.25
O00000064,U006235,07-09-2025,08:53:30,1269.08
O00006218,U000932,14-01-2024,17:41:43,1268.92
O00018806,U001618,12-07-2025,05:18:20,1268.92
O00010823,U004695,13-02-2024,18:52:55,1268.44
O00003276,U002636,12-10-2025,12:13:50,1268.43
O00012377,U005928,10-06-2025,16:41:48,1268.36
O00007925,U008085,12-05-2024,21:06:33,1268.31
O00019889,U009016,27-03-2024,16:39:54,1268.27
O00016938,U009864,08-03-2025,14:05:42,1268.20
O00001912,U005821,21-10-2025,14:36:27,1268.16
O00011321,U004360,20-01-2025,05:10:01,1268.12
O00014076,U008252,17-01-2024,06:51:04,1267.96
O00010624,U000860,21-12-2024,09:26:35,1267.89
O00016578,U002280,04-10-2025,12:42:56,1267.31
O00000079,U008184,21-06-2025,13:36:12,1266.95
O00009878,U004717,16-05-2024,23:06:35,1266.66
O00012210,U007625,10-10-2024,13:04:07,1266.66
O00006949,U007428,01-11-2025,08:27:51,1266.58
O00008302,U005087,14-10-2025,12:16:44,1266.34
O00005162,U001412,22-10-2024,15:30:04,1266.26
O00015304,U006782,02-05-2025,23:48:35,1266.25
O00013937,U003019,01-04-2025,01:02:07,1265.30
O00002941,U007297,26-01-2025,15:52:29,1265.08
O00010210,U003521,05-07-2025,23:48:44,1264.72
O00017353,U003262,29-03-2025,09:52:41,1264.69
O00007019,U007102,30-05-2025,05:56:20,1262.95
O00005317,U001193,18-07-2025,19:20:05,1262.89
O00003231,U006719,07-05-2024,09:47:23,1262.82
O00000961,U003616,28-01-2025,02:43:06,1262.72
O00000691,U000992,28-07-2024,12:28:19,1262.10
O00013569,U007892,03-03-2024,19:02:32,1261.84
O00017601,U001406,09-07-2024,23:19:02,1261.37
O00013349,U004860,31-07-2024,02:10:21,1261.19
O00011228,U005683,12-11-2024,01:56:24,1260.88
O00005767,U002289,07-06-2025,12:48:14,1260.68
O00007068,U009347,01-06-2024,11:52:59,1260.68
O00011731,U002188,25-04-2025,15:25:10,1260.68
O00017796,U000682,23-05-2025,23:12:25,1259.82
O00003864,U004324,10-02-2025,21:37:51,1259.79
O00002886,U001633,21-02-2024,20:03:06,1259.50
O00005690,U008857,19-07-2025,07:24:30,1259.44
O00016317,U003273,27-03-2025,00:57:54,1259.06
O00011787,U000023,11-05-2025,01:35:31,1258.58
O00002367,U001833,26-01-2025,23:56:18,1258.37
O00012576,U001953,10-11-2025,21:25:19,1258.25
O00008508,U003982,10-10-2024,21:23:10,1257.52
O00008883,U004382,20-01-2024,22:34:03,1257.52
O00015409,U002995,22-01-2025,02:45:40,1257.52
O00016026,U004136,01-03-2025,23:07:53,1257.52
O00002758,U005788,27-01-2025,01:49:33,1257.37
O00017442,U008260,03-10-2025,05:28:29,1257.27
O00013398,U003803,28-04-2025,05:37:42,1257.26
O00018267,U008495,29-08-2024,20:44:35,1256.44
O00001331,U001551,03-01-2024,15:57:12,1256.36
O00001973,U009287,11-05-2025,15:23:21,1256.26
O00003151,U009800,14-12-2024,11:18:53,1256.05
O00002189,U001120,24-08-2024,08:12:48,1254.84
O00012256,U009512,15-09-2024,01:43:54,1254.82
O00007454,U002520,25-02-2024,17:52:32,1254.74
O00006870,U005082,08-09-2024,08:31:16,1254.69
O00005990,U008243,01-06-2024,12:06:45,1253.94
O00009640,U002570,01-09-2025,05:35:44,1253.52
O00012152,U009295,08-03-2025,06:56:24,1253.29
O00009488,U009812,16-09-2024,09:39:12,1253.26
O00008943,U007611,23-06-2025,11:08:13,1252.69
O00015560,U004525,25-06-2024,09:36:31,1252.44
O00014986,U000743,02-09-2024,03:14:24,1251.31
O00001452,U009669,22-06-2025,11:46:27,1251.10
O00017372,U002630,29-01-2024,23:11:20,1251.10
O00016719,U008814,09-09-2025,19:47:07,1251.09
O00010536,U003740,15-08-2025,17:13:26,1251.01
O00017523,U001761,18-06-2024,14:05:43,1250.89
O00010241,U000473,01-10-2024,01:10:09,1250.34
O00005907,U007676,12-03-2024,12:07:17,1249.51
O00012611,U001537,09-06-2025,06:44:25,1249.04
O00017400,U005217,11-05-2024,20:36:43,1248.21
O00000193,U006708,25-11-2024,02:18:56,1248.13
O00008410,U005698,01-04-2025,13:18:56,1248.13
O00015268,U007743,14-11-2024,11:23:55,1248.13
O00008778,U007194,30-11-2024,23:28:10,1248.06
O00013069,U006270,05-11-2025,04:42:07,1247.67
O00003934,U009934,23-05-2024,10:19:43,1247.44
O00012356,U004746,09-05-2025,04:30:15,1246.87
O00016509,U007695,28-09-2025,07:09:05,1246.53
O00011803,U009117,28-10-2025,01:32:12,1246.26
O00019765,U002393,10-01-2024,23:02:26,1245.72
O00000139,U002993,11-01-2025,11:27:27,1245.60
O00009192,U009847,14-07-2025,04:44:36,1245.60
O00010120,U004904,13-06-2025,05:31:05,1245.03
O00011623,U001201,12-08-2025,02:46:49,1244.51
O00012728,U004836,12-02-2024,00:14:39,1244.34
O00009008,U001299,31-03-2025,14:57:42,1243.96
O00013806,U006783,23-02-2025,16:52:09,1243.81
O00005151,U001484,20-03-2025,13:10:46,1243.77
O00000349,U008969,07-08-2024,15:07:24,1242.87
O00005532,U002083,16-04-2025,13:35:40,1241.86
O00014929,U000059,17-10-2024,16:18:32,1241.75
O00009127,U002970,07-08-2024,18:05:04,1241.73
O00006691,U003892,28-01-2025,00:35:15,1241.49
O00015541,U001044,29-08-2024,05:33:09,1241.42
O00012119,U008113,04-08-2024,06:28:35,1240.26
O00009899,U006302,22-02-2024,16:08:28,1239.89
O00000976,U004812,16-02-2025,00:38:54,1239.53
O00000893,U007147,10-10-2025,06:40:36,1239.31
O00005873,U002278,26-03-2025,16:45:30,1238.93
O00011712,U008099,15-09-2025,23:29:21,1238.93
O00005994,U003421,05-01-2024,22:29:30,1238.84
O00007477,U009942,29-05-2025,21:38:26,1238.54
O00000867,U004937,24-06-2025,19:06:29,1237.89
O00014632,U006478,27-03-2024,19:34:14,1237.25
O00017602,U002842,21-11-2024,10:13:23,1237.23
O00014721,U008930,25-07-2024,14:16:39,1236.95
O00013227,U001785,09-08-2024,12:07:32,1236.76
O00008231,U005723,18-07-2025,01:26:35,1236.54
O00014488,U000961,13-11-2025,10:13:27,1236.52
O00014848,U008971,26-05-2024,12:48:26,1236.42
O00016890,U000804,16-10-2025,20:22:27,1236.42
O00013755,U007965,31-05-2025,18:29:16,1236.22
O00000464,U004855,02-03-2025,05:52:25,1235.70
O00015285,U001052,29-04-2024,01:46:14,1235.37
O00005409,U007497,10-05-2025,20:25:46,1235.24
O00002088,U005825,16-10-2024,04:31:30,1234.83
O00018164,U001354,02-06-2025,20:33:39,1234.79
O00018710,U004439,15-03-2025,00:38:05,1233.97
O00016764,U005565,09-10-2025,02:39:49,1233.96
O00014316,U001055,13-01-2025,03:01:08,1233.60
O00018904,U001544,09-04-2024,22:39:18,1233.60
O00005098,U005128,26-04-2025,19:38:54,1233.42
O00000939,U004928,09-03-2024,20:28:38,1233.39
O00011043,U008378,22-03-2025,07:56:03,1233.14
O00011323,U005314,02-05-2024,01:10:52,1233.14
O00017804,U008196,18-10-2025,09:53:48,1233.14
O00015526,U000273,10-05-2025,01:06:07,1231.79
O00008524,U007149,07-02-2025,04:34:26,1231.60
O00011613,U004717,02-11-2024,10:57:08,1229.92
O00012007,U000276,04-04-2025,01:30:09,1229.16
O00009383,U004830,01-01-2025,08:24:29,1229.11
O00003530,U007052,15-02-2025,06:17:09,1228.93
O00003289,U001744,22-02-2024,19:26:45,1228.83
O00004346,U006618,14-11-2024,02:01:14,1228.80
O00010720,U003324,06-11-2025,00:33:20,1228.41
O00017298,U009964,31-03-2024,14:46:17,1228.12
O00018560,U006981,14-01-2025,21:12:23,1228.08
O00000112,U002203,16-12-2024,09:01:05,1226.59
O00007628,U009253,24-01-2024,15:11:25,1226.13
O00011856,U002733,18-07-2025,18:18:54,1225.23
O00012319,U000839,13-09-2025,03:59:22,1224.53
O00018503,U006680,18-05-2025,23:08:53,1224.42
O00001278,U002665,05-05-2025,05:03:41,1223.94
O00005249,U008850,31-05-2025,03:04:45,1223.49
O00012395,U004708,22-08-2024,21:36:36,1223.44
O00011998,U005366,24-07-2024,15:48:04,1223.02
O00008988,U002437,23-10-2024,15:05:11,1222.88
O00011251,U008943,20-06-2025,04:42:21,1222.56
O00009678,U006590,08-02-2025,21:19:06,1221.08
O00000221,U003022,09-01-2025,20:02:41,1221.05
O00008268,U008717,20-10-2024,00:23:50,1220.80
O00014799,U001646,02-06-2024,04:23:08,1219.43
O00012274,U004350,26-01-2025,06:47:39,1218.91
O00005508,U006566,12-07-2024,18:40:37,1218.64
O00007419,U000322,02-12-2024,04:11:42,1218.16
O00002873,U007164,15-07-2025,18:41:14,1217.90
O00000683,U003520,02-09-2025,00:10:22,1217.83
O00005587,U009328,03-01-2024,16:53:17,1217.83
O00008280,U003105,27-07-2024,15:27:57,1217.83
O00010007,U009931,17-10-2024,04:43:12,1217.83
O00016825,U002500,22-08-2024,06:22:20,1217.83
O00014892,U008682,10-05-2025,14:05:08,1217.06
O00013093,U004128,29-10-2024,11:00:49,1217.05
O00007953,U002800,19-06-2024,00:09:00,1216.95
O00009667,U008843,27-02-2025,14:26:08,1216.44
O00002556,U004441,22-10-2025,03:43:07,1216.22
O00015708,U003047,09-05-2024,05:19:33,1215.58
O00010804,U009862,10-09-2024,23:36:05,1215.02
O00006449,U004020,28-06-2024,03:54:22,1214.91
O00017107,U006257,27-05-2025,01:52:03,1214.32
O00015330,U002383,16-02-2025,10:04:15,1214.18
O00001165,U003289,30-10-2024,21:31:53,1214.01
O00009628,U009370,17-04-2024,11:07:23,1213.07
O00001714,U001192,06-11-2025,03:51:59,1212.47
O00016872,U005590,01-02-2025,21:58:28,1212.17
O00008537,U007197,29-03-2024,14:35:38,1212.14
O00015284,U002870,12-01-2024,02:22:55,1212.12
O00009859,U009229,01-11-2025,11:13:03,1212.08
O00004589,U002262,12-01-2024,23:11:09,1211.68
O00016533,U000886,27-10-2025,21:19:10,1211.64
O00000693,U004761,17-09-2024,08:22:23,1211.15
O00008967,U000606,30-05-2024,10:50:54,1211.07
O00005167,U008480,16-10-2024,17:41:10,1211.04
O00001638,U000257,12-07-2024,11:34:12,1210.88
O00014793,U000923,25-01-2024,17:04:08,1210.45
O00016070,U004107,08-06-2025,06:58:24,1209.61
O00012130,U008676,08-05-2025,07:19:39,1209.24
O00009345,U002291,18-03-2025,10:13:44,1208.95
O00014769,U007878,26-03-2025,10:01:53,1208.68
O00004440,U001454,05-11-2024,07:39:32,1208.41
O00004843,U005573,11-11-2024,09:23:19,1207.12
O00006051,U003711,04-02-2024,03:07:53,1206.91
O00018689,U002399,10-08-2024,04:10:51,1206.88
O00006260,U005917,05-04-2025,19:45:54,1206.78
O00007819,U005966,06-02-2025,19:05:45,1206.65
O00001670,U004211,27-09-2024,02:44:39,1206.50
O00007195,U005224,17-12-2024,22:53:42,1206.27
O00015361,U008740,26-02-2025,06:57:17,1206.27
O00016902,U003930,30-01-2024,00:55:58,1206.27
O00017394,U008168,19-05-2024,07:49:03,1206.27
O00000082,U002630,17-07-2024,14:13:09,1206.21
O00002888,U006037,30-06-2025,13:14:05,1206.17
O00004656,U005237,09-08-2025,20:04:51,1206.17
O00004966,U002240,04-02-2025,15:11:59,1206.17
O00014452,U009180,22-09-2024,13:31:16,1206.17
O00015200,U000675,16-09-2025,12:50:19,1206.17
O00018522,U005845,18-05-2024,23:22:21,1206.17
O00003084,U009071,21-09-2024,17:45:33,1205.86
O00000213,U008807,10-11-2024,05:29:12,1205.79
O00004610,U008442,04-11-2025,11:26:52,1205.26
O00007367,U001161,08-06-2024,23:08:26,1205.10
O00010101,U009554,11-05-2024,08:51:37,1205.10
O00017841,U000971,04-02-2025,08:09:41,1204.84
O00008894,U008642,14-10-2025,17:16:00,1204.25
O00006688,U008785,10-03-2024,11:37:38,1204.05
O00006128,U009086,31-05-2024,18:14:33,1204.04
O00005941,U006140,06-02-2024,07:20:29,1204.00
O00001338,U008108,11-06-2025,15:29:25,1203.98
O00006626,U007735,25-03-2025,16:22:09,1203.90
O00007441,U000118,21-06-2024,19:44:48,1203.69
O00008634,U005191,15-07-2024,08:57:27,1203.69
O00000687,U009867,22-10-2024,18:21:45,1203.46
O00017653,U000154,18-08-2025,02:04:23,1203.06
O00018367,U004743,11-11-2024,01:20:02,1202.93
O00016653,U003555,06-09-2025,06:35:42,1202.79
O00002498,U005880,02-02-2024,00:50:04,1202.77
O00014935,U003838,27-08-2025,17:19:34,1202.18
O00005914,U009802,11-11-2025,07:57:24,1202.02
O00008310,U007690,08-10-2025,10:51:18,1201.82
O00014468,U005702,28-01-2025,17:33:05,1201.76
O00010781,U007912,10-08-2025,07:09:57,1201.63
O00005354,U005921,04-07-2025,23:28:45,1201.30
O00002696,U005662,06-05-2025,15:49:08,1201.02
O00007521,U001620,01-11-2025,06:22:53,1200.99
O00001546,U004146,29-10-2024,19:26:48,1200.96
O00018849,U002708,14-02-2025,08:09:32,1200.83
O00001979,U002580,22-05-2024,03:58:26,1200.52
O00017104,U006640,22-01-2025,16:21:02,1199.77
O00015860,U000569,25-07-2024,22:11:30,1199.62
O00012085,U007547,16-10-2025,19:40:28,1199.39
O00007207,U002820,06-05-2025,20:51:56,1198.84
O00008372,U000959,03-08-2024,09:36:55,1197.69
O00007025,U000648,12-07-2025,10:49:14,1197.44
O00009901,U002420,09-09-2024,01:57:04,1197.44
O00010945,U009801,18-02-2025,23:10:50,1197.44
O00012317,U008741,08-09-2025,15:39:43,1197.44
O00003719,U002216,27-01-2025,19:39:17,1197.26
O00004121,U004102,23-07-2025,08:50:45,1197.26
O00011117,U008823,06-11-2025,22:06:06,1197.26
O00000814,U000218,20-08-2024,22:48:40,1197.06
O00011872,U004643,14-10-2024,15:21:51,1196.85
O00018362,U007127,01-01-2024,13:25:42,1196.66
O00003351,U009331,23-02-2025,03:55:32,1196.58
O00010084,U005304,31-12-2024,01:29:30,1196.31
O00003892,U004866,07-09-2025,15:29:27,1196.28
O00014945,U007254,19-01-2025,10:50:02,1195.81
O00007967,U009079,04-05-2024,05:25:18,1195.61
O00008379,U002818,29-06-2024,18:57:54,1195.49
O00010330,U006754,15-03-2025,10:00:22,1195.38
O00011036,U001806,25-12-2024,21:03:32,1194.99
O00009557,U002722,02-01-2024,07:51:16,1194.97
O00005619,U002705,10-06-2024,19:25:33,1194.94
O00008583,U008987,19-05-2025,22:46:00,1194.94
O00011808,U001270,05-11-2024,02:24:17,1194.94
O00016882,U004031,04-07-2025,15:26:22,1194.94
O00013036,U000793,14-03-2024,04:40:52,1193.97
O00017665,U002178,02-06-2024,01:04:47,1193.38
O00001265,U005087,22-01-2025,23:39:16,1193.34
O00003238,U003481,01-01-2025,18:16:04,1193.28
O00010475,U006596,17-01-2025,19:53:20,1193.12
O00007471,U006047,23-06-2025,23:16:16,1193.05
O00010596,U007386,19-05-2025,20:01:36,1192.85
O00007016,U008433,29-09-2025,20:01:31,1191.98
O00014054,U004657,05-06-2024,06:36:30,1191.18
O00004908,U007536,01-09-2025,20:09:52,1191.11
O00019585,U006718,20-12-2024,08:36:10,1190.96
O00007129,U004742,09-06-2024,17:35:03,1190.40
O00007304,U005011,25-01-2025,08:45:09,1190.36
O00017993,U009414,17-06-2024,23:10:52,1190.09
O00013483,U006159,16-04-2025,05:51:12,1189.18
O00010883,U003741,06-09-2025,06:15:00,1188.62
O00017240,U003075,05-10-2025,15:09:25,1188.58
O00005731,U006871,23-08-2024,12:04:39,1188.26
O00000928,U009440,18-07-2025,17:43:47,1188.16
O00012966,U007031,11-10-2025,14:36:35,1187.92
O00007506,U004239,24-07-2024,03:49:49,1187.89
O00002108,U006642,18-06-2025,13:02:06,1187.64
O00004752,U004150,24-09-2025,06:00:02,1187.64
O00017929,U000906,23-07-2025,23:56:00,1187.64
O00010544,U002400,29-01-2025,07:05:26,1187.30
O00015862,U002783,20-03-2025,22:43:47,1186.58
O00011946,U004058,06-08-2024,12:25:45,1186.42
O00004617,U004061,03-12-2024,11:39:08,1186.14
O00008279,U000661,10-04-2025,19:05:48,1186.09
O00011089,U008213,03-04-2025,01:39:15,1185.73
O00005942,U006011,14-10-2025,05:53:12,1185.35
O00015299,U009183,23-05-2025,21:59:00,1184.88
O00000189,U001604,14-01-2025,13:17:04,1184.86
O00015722,U009778,09-10-2025,06:42:18,1184.69
O00019051,U009610,16-03-2024,04:15:12,1184.37
O00008672,U001573,14-11-2024,22:24:27,1183.55
O00004898,U007926,26-01-2025,17:01:57,1183.16
O00007445,U008132,20-06-2024,11:17:16,1182.86
O00007664,U006643,16-08-2024,13:28:24,1182.83
O00003529,U003788,06-12-2024,10:44:18,1181.94
O00007018,U006763,18-07-2025,03:19:00,1181.79
O00016266,U004407,03-05-2025,19:39:25,1181.79
O00001347,U000111,28-06-2024,23:11:15,1181.64
O00011748,U001852,04-11-2024,15:09:38,1181.64
O00017962,U007414,26-03-2025,00:11:58,1181.64
O00002343,U006810,15-10-2024,20:38:46,1181.36
O00005163,U006005,20-05-2025,20:03:44,1180.33
O00015935,U008354,23-05-2024,00:26:27,1179.98
O00013941,U003547,03-03-2025,05:15:44,1179.54
O00003001,U000940,21-09-2025,15:37:07,1179.52
O00009605,U002478,16-02-2025,03:01:50,1179.34
O00007774,U008004,12-07-2024,15:49:03,1179.14
O00001692,U000817,21-01-2025,07:01:37,1179.00
O00007052,U006644,16-08-2025,07:35:59,1178.93
O00007879,U004544,23-08-2024,13:07:18,1178.65
O00004370,U005686,02-07-2024,01:04:18,1178.40
O00008044,U003064,18-01-2024,09:43:05,1177.91
O00008490,U002877,15-02-2024,10:08:37,1177.77
O00018873,U006763,26-08-2024,01:20:58,1177.57
O00000643,U005384,14-11-2025,10:38:11,1177.50
O00014276,U004457,17-07-2024,14:38:31,1177.32
O00007102,U008899,07-10-2024,16:44:18,1176.90
O00006093,U008564,14-04-2024,17:53:46,1176.00
O00005723,U001938,11-11-2024,07:04:00,1175.73
O00000311,U003527,10-03-2025,20:59:51,1175.69
O00005530,U004938,23-11-2024,23:59:46,1175.64
O00009189,U001403,11-04-2024,13:29:27,1175.49
O00010881,U008849,07-06-2024,06:04:36,1175.37
O00007122,U006300,09-10-2025,10:59:46,1174.48
O00008233,U008902,13-05-2025,00:45:25,1174.37
O00010996,U007027,17-04-2025,17:35:42,1174.07
O00002036,U002596,09-10-2025,14:32:27,1173.98
O00006216,U002258,29-10-2024,06:41:18,1173.05
O00010664,U009090,10-10-2025,12:25:14,1172.24
O00010577,U004784,12-03-2024,07:20:33,1171.59
O00006568,U005247,24-10-2024,11:17:46,1170.57
O00007862,U008011,24-04-2025,16:37:02,1170.57
O00018322,U007400,20-03-2025,22:39:53,1170.57
O00005311,U002520,05-01-2024,03:27:55,1170.43
O00014694,U006722,20-09-2025,10:58:11,1170.13
O00001822,U005496,30-10-2024,05:06:13,1170.05
O00009229,U000527,25-02-2025,03:18:42,1169.58
O00005221,U005370,22-01-2024,15:32:23,1168.93
O00005276,U007675,27-02-2024,13:44:30,1168.69
O00014968,U000386,06-11-2024,18:29:56,1168.43
O00009585,U009857,19-02-2024,11:58:29,1168.31
O00003076,U009525,11-12-2024,06:29:41,1167.94
O00019138,U008209,11-07-2025,06:28:05,1167.24
O00014900,U009347,02-01-2024,04:10:21,1167.22
O00012353,U006850,14-07-2024,01:12:50,1166.49
O00000941,U001145,20-10-2025,18:59:08,1166.24
O00015207,U003954,07-05-2025,22:47:08,1165.54
O00011714,U003588,03-03-2025,15:14:13,1165.39
O00010542,U009513,04-09-2024,13:27:47,1165.32
O00017628,U004383,17-07-2024,16:09:50,1165.25
O00006502,U000188,09-09-2025,20:51:38,1164.97
O00009367,U005828,16-04-2025,02:41:35,1164.96
O00010620,U004937,07-07-2024,09:18:36,1164.76
O00005656,U005528,18-01-2025,06:53:00,1163.20
O00016278,U008870,18-02-2025,10:25:16,1162.60
O00014888,U006423,03-02-2024,14:29:00,1162.56
O00006477,U003657,11-07-2025,23:18:35,1162.39
O00011397,U006548,15-04-2025,18:05:24,1162.12
O00017905,U008092,28-07-2024,12:02:27,1162.07
O00012495,U009646,04-10-2024,03:49:03,1161.93
O00012953,U004243,21-04-2025,00:18:28,1161.90
O00018831,U009841,27-10-2025,12:08:46,1161.50
O00012764,U001889,29-05-2024,04:04:22,1160.35
O00018439,U002111,30-11-2024,02:05:31,1160.22
O00009475,U007151,28-08-2025,19:05:03,1159.92
O00004606,U007837,22-10-2025,19:20:35,1159.58
O00002436,U002962,06-08-2024,18:45:46,1159.41
O00006355,U008938,12-08-2024,03:07:04,1159.40
O00018877,U009219,26-05-2025,12:34:19,1158.99
O00015910,U002927,20-08-2024,10:51:56,1158.88
O00019794,U001673,04-07-2024,20:41:06,1158.55
O00002673,U000417,07-08-2024,13:29:11,1157.03
O00003972,U007919,01-03-2024,02:02:18,1156.34
O00016645,U005796,14-03-2025,03:19:02,1156.18
O00019531,U002607,19-09-2025,19:30:44,1156.00
O00007291,U008509,06-07-2025,18:17:19,1155.57
O00013628,U006735,30-09-2025,04:39:35,1155.43
O00006382,U005146,30-08-2024,11:48:57,1155.40
O00014543,U005322,24-05-2025,03:56:03,1154.99
O00007368,U007351,10-12-2024,16:35:39,1154.91
O00016562,U009020,28-05-2025,17:10:38,1154.88
O00013865,U004338,24-06-2025,14:53:30,1154.50
O00011268,U004415,18-05-2024,18:46:33,1154.01
O00019395,U007665,13-05-2025,03:08:42,1154.00
O00013660,U004076,02-06-2024,05:54:49,1153.94
O00012375,U004112,21-11-2024,08:24:59,1153.85
O00008415,U006928,10-07-2025,12:09:26,1153.44
O00016711,U001043,04-02-2025,03:23:26,1153.09
O00016252,U007329,22-03-2024,05:21:50,1152.69
O00018586,U000820,13-04-2024,13:38:15,1152.54
O00013945,U000160,27-03-2025,10:38:19,1152.27
O00012588,U005572,14-09-2025,10:15:02,1152.19
O00015046,U003391,11-10-2024,22:58:39,1152.00
O00003634,U004475,22-06-2025,05:47:15,1151.47
O00008834,U006637,21-09-2024,08:00:19,1151.47
O00019838,U003021,22-07-2024,14:27:41,1151.47
O00001728,U003920,04-10-2025,05:41:02,1150.99
O00016389,U003439,26-07-2024,09:51:42,1150.57
O00016087,U002515,09-12-2024,04:57:48,1150.40
O00011129,U003055,09-06-2025,15:14:18,1150.11
O00000647,U009485,09-09-2024,15:46:00,1149.67
O00008756,U004833,12-11-2025,17:44:44,1149.62
O00016445,U007244,30-04-2025,04:27:25,1149.14
O00001434,U006671,06-07-2025,18:34:23,1148.70
O00010944,U006591,11-03-2024,23:14:54,1148.59
O00004766,U005589,10-03-2024,16:14:29,1148.52
O00011751,U006181,05-11-2024,12:26:49,1148.47
O00004030,U003042,25-09-2024,23:21:44,1147.98
O00015034,U008325,17-08-2025,17:17:42,1146.85
O00005580,U005309,15-09-2025,21:15:11,1146.15
O00000391,U006033,17-03-2024,07:16:43,1145.97
O00000240,U005718,31-05-2024,13:33:38,1145.95
O00002368,U005481,24-08-2025,11:50:27,1145.84
O00016801,U001513,28-06-2024,11:52:43,1144.92
O00019630,U005071,02-10-2024,19:47:28,1144.60
O00000261,U004977,25-04-2025,16:35:37,1144.05
O00015482,U005792,14-09-2024,07:49:15,1143.83
O00001615,U004108,13-03-2025,23:48:48,1143.19
O00006314,U001844,10-03-2025,22:50:53,1142.87
O00018917,U002321,14-05-2024,21:30:46,1141.69
O00001700,U000678,12-08-2025,11:59:19,1141.53
O00006710,U001257,12-04-2024,09:53:52,1141.14
O00019567,U004822,06-12-2024,23:29:42,1141.14
O00012638,U002748,22-03-2024,21:39:50,1141.06
O00012635,U003263,23-09-2024,19:44:29,1140.87
O00011792,U006768,27-04-2025,15:41:23,1140.55
O00019791,U003917,27-10-2024,19:17:44,1140.39
O00000592,U003582,16-07-2025,14:09:22,1140.20
O00009406,U003179,09-07-2024,13:01:02,1139.86
O00014809,U001771,13-04-2025,05:16:11,1138.24
O00017016,U000171,29-08-2024,08:20:27,1138.06
O00014427,U003776,04-11-2024,23:07:32,1137.33
O00002542,U000180,21-09-2024,11:21:26,1137.23
O00018351,U007454,24-11-2024,00:19:08,1136.50
O00003452,U008541,08-07-2024,11:42:40,1136.31
O00014695,U005953,25-04-2024,11:31:54,1136.07
O00009250,U007957,04-02-2024,19:31:44,1135.81
O00016335,U002787,06-09-2024,05:36:24,1135.45
O00011839,U006128,13-07-2025,12:57:36,1134.96
O00009139,U004643,15-10-2025,23:30:23,1134.93
O00007600,U002069,28-08-2025,21:47:26,1134.78
O00005005,U009771,14-07-2024,21:48:57,1134.19
O00007099,U008645,19-03-2024,04:07:22,1133.71
O00006852,U005339,17-04-2024,08:29:39,1133.60
O00019462,U005967,05-07-2024,11:25:24,1133.29
O00014310,U001560,24-12-2024,04:52:39,1133.21
O00005819,U002674,27-08-2024,08:04:44,1133.06
O00015372,U005146,21-11-2024,05:39:17,1133.06
O00008649,U002544,19-07-2025,22:56:05,1132.64
O00004170,U005782,08-08-2025,20:29:29,1132.53
O00001317,U007529,12-04-2025,19:48:06,1132.31
O00016691,U001835,10-01-2024,21:53:13,1132.04
O00000551,U009003,18-11-2024,04:03:27,1131.30
O00018935,U002133,31-12-2024,15:33:16,1131.30
O00012191,U004315,24-02-2024,04:45:24,1130.78
O00014061,U007324,19-10-2025,23:20:45,1130.25
O00002653,U008594,21-06-2024,14:17:10,1130.20
O00014109,U002653,04-04-2025,21:10:28,1130.08
O00015643,U008253,27-01-2024,10:20:48,1129.69
O00001768,U004865,26-01-2024,23:17:44,1129.44
O00000152,U006228,26-02-2024,06:41:04,1129.34
O00003259,U008994,24-02-2024,00:26:43,1129.33
O00000614,U008730,13-07-2024,13:43:17,1129.23
O00006429,U009883,24-06-2024,17:53:23,1128.92
O00004135,U002726,17-04-2025,02:47:20,1128.54
O00006250,U005556,23-01-2024,22:34:48,1128.25
O00006391,U000023,16-10-2025,18:56:11,1128.09
O00003526,U004058,22-12-2024,19:48:50,1127.87
O00009894,U004622,11-09-2024,02:27:55,1127.47
O00017470,U001218,22-08-2024,23:37:32,1127.47
O00019145,U009774,01-01-2024,02:51:09,1127.04
O00017839,U009165,02-06-2025,08:07:31,1126.53
O00015389,U007503,06-12-2024,07:04:26,1126.46
O00017956,U004015,02-01-2025,15:03:08,1126.15
O00019047,U001471,26-03-2025,03:00:11,1125.95
O00016459,U000027,22-09-2024,02:17:55,1125.55
O00006515,U008210,31-07-2024,18:11:11,1125.37
O00010697,U006149,11-03-2025,23:17:36,1124.92
O00011016,U001880,06-02-2024,02:35:40,1124.91
O00015171,U002980,16-04-2025,12:29:11,1124.90
O00013794,U004870,06-01-2024,06:09:31,1124.87
O00011745,U001838,20-10-2024,20:37:12,1124.73
O00013759,U009362,26-08-2025,13:47:46,1124.67
O00009904,U000387,25-05-2025,23:47:07,1124.55
O00014379,U004674,03-02-2025,19:28:32,1124.20
O00002622,U006173,03-06-2024,04:20:33,1124.13
O00011851,U000255,09-05-2024,10:47:32,1124.10
O00015266,U002223,01-10-2024,09:48:49,1123.39
O00009511,U003236,10-09-2024,01:55:39,1123.03
O00018424,U004817,13-03-2025,08:49:57,1122.82
O00012902,U002264,11-07-2025,07:59:32,1121.87
O00006241,U003228,03-03-2024,04:20:01,1120.91
O00019604,U008030,04-11-2025,22:09:28,1120.91
O00015278,U002291,23-10-2024,19:48:06,1120.82
O00019752,U009341,04-05-2025,13:47:23,1120.76
O00013603,U002760,17-03-2025,19:10:05,1120.58
O00007135,U003153,26-06-2024,18:56:16,1120.32
O00004594,U008706,14-02-2025,23:53:52,1119.95
O00008644,U000683,21-04-2024,05:46:15,1119.87
O00013598,U006456,23-01-2025,22:26:22,1119.86
O00015359,U006631,30-01-2024,01:37:38,1118.96
O00015531,U009050,08-10-2025,04:15:16,1118.79
O00018821,U003364,12-02-2024,22:21:17,1118.26
O00002347,U009896,11-04-2024,06:11:54,1117.67
O00002610,U001133,09-01-2024,10:17:45,1117.66
O00001080,U008868,19-11-2024,02:47:58,1117.14
O00003139,U003098,17-10-2024,06:10:21,1116.51
O00000808,U009564,26-10-2024,20:26:08,1115.68
O00013843,U008892,28-07-2025,15:53:30,1115.16
O00013046,U001366,08-02-2025,04:45:07,1114.88
O00002831,U001679,08-11-2025,10:05:38,1114.47
O00001249,U009493,22-03-2024,20:45:38,1113.79
O00000312,U003472,16-03-2024,18:58:47,1113.78
O00011201,U009439,06-12-2024,23:21:25,1113.50
O00010457,U004138,18-08-2025,13:33:23,1113.29
O00012970,U001979,17-06-2024,06:38:48,1113.21
O00009238,U004257,01-01-2025,13:40:08,1112.95
O00019774,U002906,07-06-2025,11:07:52,1112.69
O00013929,U000416,10-01-2025,18:16:26,1112.34
O00006798,U002871,01-05-2024,20:54:02,1111.88
O00018549,U009206,12-05-2025,19:01:42,1111.55
O00014451,U004181,30-10-2024,06:47:58,1111.46
O00004481,U006763,14-12-2024,21:17:54,1111.27
O00001093,U002534,24-10-2024,08:00:39,1111.26
O00005939,U000060,23-04-2025,10:26:40,1110.90
O00013404,U000446,16-01-2024,00:24:15,1110.32
O00016810,U008633,22-09-2024,23:33:51,1110.31
O00012749,U000716,28-10-2024,21:35:20,1109.86
O00000165,U004253,20-05-2025,10:23:26,1109.33
O00007842,U001137,22-08-2024,04:05:28,1109.14
O00008098,U006442,04-03-2025,12:45:44,1108.89
O00014306,U002723,26-05-2024,14:48:57,1108.28
O00006021,U003409,01-02-2025,02:52:50,1107.66
O00007246,U004291,08-02-2024,06:28:34,1106.46
O00010082,U008073,03-11-2025,11:34:49,1105.80
O00001886,U003572,17-10-2024,15:46:24,1105.67
O00003596,U002811,06-11-2025,05:34:41,1105.14
O00013018,U000031,25-04-2024,00:59:57,1104.67
O00007784,U004266,17-01-2024,14:10:59,1104.46
O00010605,U003801,04-08-2024,02:25:55,1103.78
O00007746,U000779,15-02-2025,17:07:06,1103.49
O00008287,U008478,27-02-2025,01:17:59,1103.28
O00002535,U002011,15-07-2024,01:13:05,1103.11
O00007029,U000607,01-07-2025,15:48:56,1103.05
O00011666,U005170,04-12-2024,12:26:49,1103.03
O00014843,U007095,15-01-2025,16:48:58,1103.02
O00007899,U003812,26-03-2024,20:45:04,1102.97
O00012257,U002450,09-09-2025,01:04:48,1102.20
O00004087,U000316,20-06-2025,05:51:37,1101.68
O00012263,U004298,14-04-2025,03:21:58,1101.20
O00004164,U000394,22-02-2025,03:52:57,1100.02
O00001401,U005428,11-06-2025,04:06:10,1099.89
O00004609,U006926,23-01-2025,09:09:44,1099.87
O00003945,U000736,13-05-2024,22:13:40,1099.64
O00014511,U008179,10-04-2024,14:37:49,1099.62
O00017179,U003018,13-11-2024,05:18:25,1099.35
O00004448,U000040,16-04-2025,22:21:42,1098.99
O00004302,U006532,05-11-2024,18:16:17,1098.37
O00004204,U005807,18-05-2024,19:41:18,1098.23
O00000143,U000022,26-09-2024,05:12:39,1097.97
O00002790,U004983,10-07-2024,13:22:09,1097.96
O00016199,U003194,17-07-2025,11:03:25,1097.96
O00016351,U000927,23-06-2025,14:41:12,1097.96
O00018943,U008146,21-02-2025,09:45:29,1097.96
O00005948,U002678,12-09-2024,21:13:07,1097.86
O00010520,U009857,21-12-2024,08:51:38,1097.66
O00000557,U000104,12-11-2024,08:34:18,1097.64
O00005780,U004735,09-04-2025,21:53:26,1097.40
O00016791,U009384,22-06-2025,06:24:45,1097.33
O00001915,U005300,06-07-2024,16:36:27,1096.73
O00018690,U007042,13-04-2025,10:29:48,1096.72
O00003936,U007743,10-05-2024,16:15:20,1096.36
O00010321,U006934,29-04-2024,15:07:17,1096.07
O00004472,U000180,08-03-2024,15:06:45,1095.98
O00004815,U009602,10-06-2025,06:08:27,1095.33
O00006820,U007538,22-06-2024,05:42:29,1095.28
O00015434,U005499,19-02-2024,19:00:58,1095.05
O00018276,U002094,04-03-2025,11:33:56,1094.90
O00003576,U007956,21-01-2025,11:43:11,1094.77
O00016403,U001340,03-12-2024,07:23:29,1094.77
O00004227,U007119,31-05-2025,00:55:29,1094.53
O00012450,U003749,18-03-2024,20:35:03,1094.25
O00003639,U009901,03-01-2024,23:25:45,1093.80
O00010352,U006458,28-05-2025,21:59:53,1093.62
O00011846,U008765,24-09-2025,04:11:29,1093.37
O00003390,U009874,31-05-2024,15:46:43,1093.26
O00016296,U003243,16-02-2024,18:25:12,1093.19
O00001514,U009438,13-07-2024,08:27:51,1093.18
O00002735,U008202,01-01-2025,04:44:36,1092.71
O00010436,U000205,16-05-2024,20:43:10,1092.48
O00010931,U003889,10-03-2025,00:44:12,1092.45
O00010897,U001438,03-01-2024,08:14:33,1092.38
O00004410,U005284,27-06-2025,16:07:20,1092.25
O00012363,U000547,02-09-2024,10:02:42,1092.14
O00011048,U003400,01-07-2024,01:39:17,1091.95
O00016158,U001171,12-11-2025,16:21:56,1090.84
O00012994,U003204,03-05-2025,03:02:25,1090.83
O00007770,U005227,03-06-2025,06:19:29,1090.63
O00014466,U009058,05-07-2025,07:54:30,1090.31
O00005460,U003995,13-09-2024,16:02:14,1090.15
O00005197,U007115,06-08-2024,02:41:23,1090.13
O00014342,U002889,04-07-2025,04:09:29,1090.07
O00015950,U007832,09-04-2025,15:16:15,1089.82
O00015495,U002522,16-03-2025,10:54:19,1089.54
O00009025,U009674,07-02-2025,23:03:15,1089.48
O00005204,U008553,06-05-2024,00:23:39,1089.36
O00015149,U004294,15-06-2024,06:27:44,1089.34
O00002884,U002830,09-11-2025,17:30:22,1089.14
O00002132,U008534,23-03-2024,22:49:23,1089.04
O00008520,U004396,14-03-2025,12:21:50,1088.94
O00002863,U004706,09-07-2024,05:34:32,1088.52
O00001637,U004206,02-10-2025,14:23:36,1088.06
O00017649,U004544,02-11-2025,06:37:15,1088.04
O00008260,U007016,03-05-2025,02:51:30,1088.00
O00004953,U003544,25-10-2024,10:37:35,1087.67
O00002978,U009556,22-01-2025,22:41:58,1087.56
O00000063,U001271,24-02-2024,19:27:28,1087.18
O00006340,U002090,12-05-2024,23:02:56,1086.86
O00008282,U009202,28-03-2024,11:06:00,1086.71
O00004802,U007599,30-12-2024,20:17:29,1086.62
O00016034,U001144,18-05-2025,17:12:28,1086.38
O00016392,U006284,29-10-2025,03:45:13,1086.16
O00014898,U000481,09-09-2025,12:13:40,1085.66
O00015111,U004504,25-02-2024,12:21:22,1085.17
O00016793,U005935,29-02-2024,04:04:29,1085.06
O00001459,U004107,02-07-2025,06:08:53,1084.65
O00006530,U005250,22-10-2024,13:37:51,1084.62
O00008377,U007730,16-07-2025,01:45:52,1084.26
O00011909,U001384,07-08-2024,14:22:31,1084.07
O00003019,U001997,02-08-2025,18:02:06,1083.76
O00006803,U006527,18-03-2024,07:43:09,1083.48
O00018074,U009242,14-04-2024,20:26:50,1083.38
O00013882,U001749,11-11-2024,15:20:24,1083.34
O00010278,U008640,03-02-2025,01:29:02,1082.45
O00008958,U003887,11-07-2024,09:38:43,1082.15
O00006987,U005743,04-11-2024,21:08:04,1082.03
O00004260,U002279,17-09-2025,21:11:50,1081.57
O00008915,U000333,25-06-2025,16:42:28,1081.57
O00008744,U007601,13-11-2025,13:44:25,1081.09
O00013466,U009652,31-07-2025,19:31:54,1080.54
O00018617,U009377,13-11-2025,16:31:05,1080.46
O00016984,U005267,30-10-2025,21:25:12,1080.09
O00012496,U009782,17-02-2025,19:37:06,1079.48
O00002252,U003388,28-03-2025,03:06:55,1079.14
O00016135,U005588,08-12-2024,20:47:40,1078.40
O00014923,U001718,17-06-2024,09:47:00,1078.07
O00003397,U001740,12-12-2024,04:08:17,1077.43
O00004069,U002230,17-10-2025,07:26:52,1077.43
O00014692,U009219,26-03-2025,06:31:34,1077.43
O00019660,U006147,31-03-2024,17:20:53,1077.43
O00013425,U003909,31-10-2025,23:10:51,1077.36
O00002763,U009554,25-04-2024,12:53:02,1077.30
O00003586,U004332,13-11-2025,17:25:40,1076.84
O00009626,U001195,05-01-2025,08:55:17,1076.60
O00003869,U009197,28-08-2024,04:38:55,1076.54
O00016096,U005701,11-01-2024,14:04:53,1076.53
O00013796,U008693,19-09-2025,20:48:17,1076.07
O00012250,U002512,21-02-2024,02:46:00,1075.79
O00001232,U006550,29-04-2024,14:34:07,1075.65
O00002984,U008095,14-05-2024,20:18:13,1075.65
O00009184,U002641,29-05-2024,10:07:48,1075.65
O00013955,U001882,07-08-2024,20:58:44,1075.65
O00018098,U005321,11-03-2025,22:18:15,1075.65
O00011207,U008851,21-12-2024,22:00:57,1075.40
O00016813,U008096,27-05-2025,02:11:40,1075.17
O00007387,U005395,27-05-2025,23:16:02,1075.03
O00017914,U008123,03-09-2024,17:26:11,1074.62
O00016204,U001898,17-06-2024,07:42:48,1073.61
O00019042,U007302,26-01-2024,04:48:54,1073.58
O00009601,U001353,01-10-2025,05:42:22,1073.49
O00008414,U003591,14-08-2025,02:37:42,1073.48
O00000252,U003348,25-08-2024,04:23:40,1073.36
O00014281,U003838,29-10-2024,13:00:22,1073.35
O00011186,U005373,18-03-2024,01:22:14,1073.33
O00000022,U004486,28-08-2024,22:17:59,1072.94
O00001974,U009109,23-09-2025,11:14:25,1072.83
O00009756,U001431,22-10-2024,06:57:05,1072.77
O00002566,U008481,18-09-2025,11:59:27,1072.76
O00015623,U009368,09-04-2024,22:02:56,1072.23
O00009375,U005428,21-10-2025,11:49:55,1072.18
O00007593,U001089,06-06-2024,11:48:59,1072.06
O00006202,U002341,23-09-2025,16:23:13,1071.68
O00010422,U005136,14-12-2024,10:21:57,1071.58
O00006380,U009469,06-06-2025,13:13:09,1071.38
O00013369,U009108,18-08-2025,19:21:00,1071.00
O00015969,U002747,29-10-2024,08:46:59,1070.31
O00019160,U005271,28-04-2025,08:48:46,1070.06
O00013501,U005444,29-06-2025,00:26:49,1069.84
O00014252,U002703,24-03-2025,12:16:52,1069.66
O00012707,U007069,28-03-2025,08:19:20,1069.61
O00014953,U005154,09-07-2025,23:57:06,1069.14
O00004736,U002315,06-07-2024,13:42:38,1068.79
O00015698,U002723,13-10-2024,09:12:02,1068.61
O00014638,U002768,09-03-2025,14:43:57,1068.19
O00012644,U002227,02-04-2025,23:00:45,1068.13
O00004730,U004864,01-06-2024,08:33:30,1067.76
O00004105,U006754,26-11-2024,04:25:06,1067.26
O00003700,U004485,30-12-2024,19:26:45,1066.89
O00017096,U004298,10-02-2025,03:14:39,1066.87
O00016698,U009563,03-05-2025,06:06:12,1066.84
O00015829,U003209,19-03-2025,07:54:53,1066.70
O00016928,U002559,17-05-2024,10:58:36,1066.51
O00018516,U007619,25-05-2024,03:01:58,1066.08
O00009639,U005742,04-04-2025,16:59:15,1066.00
O00002738,U005171,02-08-2024,16:32:29,1065.91
O00012721,U001537,02-09-2024,03:59:40,1065.77
O00007009,U007307,23-09-2024,06:46:50,1065.60
O00004847,U003662,30-05-2025,18:37:59,1065.42
O00016977,U002882,19-04-2025,22:54:13,1065.42
O00013939,U005151,18-07-2025,09:04:59,1065.18
O00005567,U000991,03-06-2025,11:55:58,1064.87
O00018973,U000539,30-04-2024,05:18:27,1064.64
O00007689,U001914,05-03-2025,04:51:02,1064.52
O00011000,U004214,28-02-2024,10:49:27,1063.77
O00002143,U006528,28-02-2025,11:57:56,1063.68
O00015065,U006553,20-02-2024,00:11:16,1063.67
O00012962,U007506,19-01-2025,19:34:50,1063.49
O00013665,U007096,06-01-2024,02:18:05,1063.43
O00006808,U004783,29-04-2024,14:30:00,1063.06
O00009672,U009464,24-09-2024,02:57:16,1062.84
O00019194,U002705,17-01-2025,01:04:34,1062.76
O00015621,U005029,07-12-2024,15:57:38,1062.63
O00004254,U000827,03-07-2025,22:39:09,1062.32
O00018202,U003091,09-08-2025,06:48:49,1062.30
O00015497,U002920,21-07-2025,11:33:29,1062.28
O00004565,U007254,16-03-2025,19:30:46,1061.40
O00019893,U002376,28-07-2025,23:19:20,1061.13
O00003673,U009847,13-03-2025,20:55:01,1060.81
O00018388,U008046,09-10-2025,13:33:16,1060.58
O00004636,U000185,08-02-2024,09:59:34,1060.45
O00012117,U007319,28-05-2025,02:18:40,1060.43
O00002392,U004481,16-02-2024,09:58:33,1060.41
O00005355,U001574,03-07-2024,15:28:13,1059.58
O00003181,U007998,11-11-2024,14:48:52,1059.52
O00009538,U009933,14-04-2024,06:03:43,1059.44
O00002266,U000161,31-08-2025,12:58:31,1059.41
O00000907,U004247,01-03-2025,14:58:17,1059.30
O00010912,U008442,08-10-2024,06:19:25,1059.13
O00006463,U009804,30-08-2024,07:57:24,1059.08
O00008511,U000496,17-10-2024,16:28:03,1059.06
O00018349,U004629,28-11-2024,02:08:41,1058.69
O00001534,U006600,03-12-2024,11:32:40,1058.61
O00000061,U003431,30-08-2025,23:24:53,1058.07
O00014868,U000524,24-05-2024,02:36:18,1057.82
O00013310,U008188,10-06-2024,19:48:20,1057.74
O00014362,U002969,03-01-2025,15:52:57,1057.51
O00018289,U008540,04-02-2025,09:46:04,1057.40
O00012423,U006559,18-02-2025,12:36:36,1057.34
O00010753,U000667,15-02-2025,16:40:50,1057.09
O00005692,U009204,24-02-2024,16:09:44,1056.84
O00002298,U009603,04-02-2024,08:03:54,1056.79
O00010991,U004839,11-10-2024,17:00:39,1056.58
O00009275,U006124,09-07-2024,05:29:46,1056.56
O00011114,U003528,17-03-2025,11:25:54,1056.43
O00016145,U005552,11-03-2024,22:01:52,1055.74
O00015291,U004256,17-06-2025,06:10:46,1055.69
O00011248,U005613,04-10-2024,05:52:10,1055.43
O00010922,U009046,09-11-2024,13:59:06,1055.37
O00013615,U008674,25-08-2025,23:26:02,1055.26
O00010616,U001216,19-01-2024,05:04:45,1055.15
O00015440,U005626,28-10-2025,04:20:02,1055.14
O00005968,U001771,14-08-2025,14:14:05,1054.57
O00012090,U004439,27-01-2025,20:20:27,1054.01
O00017528,U009376,31-08-2025,04:46:49,1053.72
O00010646,U008728,09-01-2025,09:04:51,1053.35
O00010004,U000763,10-05-2025,04:00:37,1053.14
O00015642,U005961,19-03-2024,09:16:08,1052.76
O00004463,U005829,05-01-2025,20:32:11,1052.60
O00011514,U002110,21-04-2024,10:59:28,1052.57
O00000690,U005136,28-10-2025,13:11:14,1052.00
O00018023,U005832,14-08-2024,08:03:17,1051.57
O00010243,U001300,25-08-2024,03:35:10,1051.42
O00004972,U009895,25-11-2024,17:22:07,1051.36
O00004721,U001897,10-02-2024,19:05:59,1050.94
O00008974,U004134,09-11-2024,02:00:29,1050.94
O00015095,U007723,20-04-2025,00:44:45,1050.46
O00013667,U001924,13-09-2024,22:36:52,1050.42
O00006236,U000217,20-07-2025,02:47:47,1049.77
O00004428,U001668,29-05-2025,23:39:11,1049.55
O00010864,U007470,01-05-2024,12:26:10,1049.30
O00017503,U007649,03-04-2024,19:30:51,1049.28
O00005422,U003407,09-03-2024,09:57:17,1049.08
O00016460,U006836,05-02-2025,22:28:32,1048.54
O00011262,U008312,13-10-2024,20:55:13,1048.45
O00008136,U003455,16-12-2024,06:19:27,1048.26
O00011098,U008977,03-06-2025,04:50:15,1048.12
O00017340,U002953,04-11-2025,19:42:34,1047.75
O00006773,U003887,18-07-2024,16:33:09,1047.60
O00007852,U007633,07-09-2024,06:07:17,1047.49
O00004017,U001676,06-12-2024,17:50:57,1047.18
O00004199,U005087,20-05-2024,04:39:04,1047.18
O00009472,U008574,11-02-2025,17:48:34,1047.18
O00013064,U003576,12-09-2025,00:00:36,1047.18
O00014661,U003822,08-06-2025,11:39:16,1047.18
O00015100,U009337,22-09-2025,18:51:52,1047.18
O00018595,U001227,02-02-2024,16:47:50,1047.18
O00002562,U008806,19-02-2025,20:12:25,1046.66
O00001063,U009818,13-07-2025,08:06:21,1046.57
O00001944,U000770,15-05-2024,00:40:49,1046.44
O00003828,U004562,18-10-2025,06:06:19,1046.31
O00014391,U007525,24-06-2025,18:05:21,1046.04
O00014542,U005590,13-06-2024,08:07:39,1045.72
O00001942,U002427,26-01-2025,21:29:59,1045.70
O00011971,U003411,18-01-2024,23:42:07,1045.60
O00012720,U000796,19-09-2024,17:34:33,1044.89
O00005579,U001017,30-08-2025,11:27:01,1044.75
O00004653,U002257,04-11-2025,02:23:00,1043.96
O00000174,U007238,04-07-2025,11:36:48,1043.90
O00004522,U006104,23-07-2024,01:49:43,1043.62
O00005791,U009638,13-06-2024,15:06:53,1043.39
O00000393,U009235,09-12-2024,09:01:20,1043.24
O00016359,U005323,08-08-2024,21:45:07,1043.23
O00007524,U009162,21-10-2024,20:36:12,1042.85
O00012990,U000384,19-02-2025,12:06:33,1042.63
O00004767,U001515,09-03-2024,16:07:07,1042.55
O00001788,U002960,24-09-2025,10:45:08,1042.53
O00000255,U003862,22-05-2024,12:28:40,1042.00
O00012235,U003611,30-09-2025,04:28:47,1041.93
O00005763,U008880,24-01-2024,14:34:49,1041.73
O00014080,U004999,09-06-2025,04:53:40,1041.68
O00000581,U005710,03-08-2024,23:59:54,1040.96
O00007812,U008994,25-01-2024,03:07:11,1040.89
O00007346,U002267,26-06-2024,22:07:38,1040.49
O00003619,U006180,13-01-2025,14:14:36,1040.44
O00009546,U000912,18-07-2024,20:29:00,1040.23
O00015227,U004621,27-04-2024,18:51:02,1040.02
O00016937,U002026,29-07-2025,10:01:15,1039.79
O00017734,U001687,12-02-2024,03:48:51,1039.60
O00015909,U007358,08-04-2024,11:59:36,1039.20
O00002799,U005053,16-07-2025,12:42:27,1039.16
O00006067,U002534,17-06-2025,20:17:16,1038.94
O00009948,U004017,05-11-2024,05:17:55,1038.73
O00004278,U004575,01-08-2024,01:25:23,1038.66
O00007071,U003505,31-08-2025,03:39:48,1038.53
O00011879,U004008,07-10-2025,02:39:40,1036.92
O00011063,U000824,18-04-2024,20:14:25,1036.82
O00002801,U000684,28-07-2024,04:31:36,1036.33
O00011398,U006896,16-02-2024,16:10:27,1036.32
O00014770,U001322,21-09-2024,12:42:57,1035.33
O00006994,U001911,20-07-2024,04:16:22,1034.76
O00014704,U007652,18-08-2024,21:26:04,1034.57
O00017099,U008071,03-08-2025,06:33:16,1034.50
O00005837,U001060,13-07-2024,03:55:41,1034.24
O00019373,U003407,04-06-2025,19:57:27,1034.09
O00003604,U000201,25-04-2024,21:20:49,1033.86
O00013146,U009507,21-10-2025,00:46:34,1033.52
O00007529,U007053,03-07-2025,01:57:55,1033.39
O00014081,U002497,08-12-2024,13:53:27,1033.39
O00010093,U005077,12-08-2025,23:38:50,1033.13
O00017537,U003217,19-05-2025,05:51:29,1033.13
O00004727,U000544,04-09-2024,01:05:53,1032.78
O00017314,U002184,06-07-2024,03:12:41,1032.72
O00000281,U000988,19-06-2024,14:32:05,1032.53
O00017999,U005452,07-08-2024,01:53:23,1032.31
O00014972,U007815,06-04-2025,10:28:23,1031.37
O00017865,U007838,27-07-2024,06:55:53,1030.90
O00012203,U001837,26-12-2024,20:54:16,1030.18
O00002142,U000398,14-07-2025,23:00:02,1030.17
O00019566,U006233,12-01-2024,09:35:04,1030.15
O00018884,U005984,11-09-2025,09:54:18,1030.14
O00008619,U005897,27-09-2024,05:15:20,1029.84
O00010328,U005238,20-08-2024,08:20:07,1029.54
O00015774,U003212,04-04-2024,23:20:00,1029.10
O00017879,U007318,21-04-2024,14:50:37,1028.94
O00002798,U007628,12-05-2024,05:15:11,1028.88
O00009460,U007663,11-10-2024,20:49:15,1028.88
O00010212,U002530,26-09-2024,01:39:02,1028.88
O00018576,U002150,07-04-2024,21:28:17,1028.88
O00011536,U004853,08-12-2024,05:31:20,1027.70
O00004742,U001080,16-09-2024,18:02:30,1027.62
O00006701,U002981,19-02-2025,15:01:01,1027.26
O00009657,U007411,22-07-2024,13:38:38,1027.00
O00002433,U003175,14-10-2025,21:48:34,1026.74
O00019926,U005381,25-07-2024,01:16:45,1026.70
O00008031,U004227,17-10-2025,02:00:23,1026.27
O00011291,U001591,19-05-2025,12:12:37,1025.31
O00012269,U000854,05-02-2024,08:53:19,1025.31
O00016968,U003024,01-04-2025,18:13:50,1025.02
O00008606,U004569,15-10-2024,06:22:56,1024.75
O00015993,U006257,29-05-2024,22:58:43,1024.08
O00006560,U008824,03-08-2025,02:29:46,1024.05
O00009616,U005206,22-01-2025,20:32:39,1023.99
O00007059,U008904,29-03-2024,19:47:52,1023.75
O00018799,U006026,15-05-2024,03:08:31,1023.73
O00009822,U004947,25-11-2024,16:18:49,1023.50
O00013682,U004805,29-07-2024,16:21:05,1023.37
O00018896,U004747,13-12-2024,05:19:42,1023.01
O00002926,U000666,06-09-2024,02:48:03,1022.97
O00002403,U006949,11-07-2025,10:36:17,1022.65
O00011384,U004894,10-11-2025,23:25:48,1022.32
O00007977,U007446,26-01-2025,07:46:18,1022.07
O00005785,U006948,14-02-2024,22:53:36,1021.80
O00007665,U001923,13-05-2024,09:26:04,1021.50
O00004821,U001919,30-07-2025,13:37:30,1021.12
O00009092,U001508,18-02-2025,12:03:07,1021.04
O00002692,U003554,09-04-2025,21:05:19,1021.03
O00001382,U001247,23-10-2024,22:15:26,1021.02
O00012642,U001152,03-09-2024,10:30:31,1021.01
O00014456,U009490,21-05-2024,14:31:00,1020.72
O00002191,U003417,13-08-2025,09:57:56,1020.56
O00013445,U005492,03-02-2025,18:24:30,1019.97
O00010706,U000362,31-01-2025,01:41:50,1019.86
O00016973,U006128,10-11-2024,17:56:26,1019.15
O00010547,U006277,28-03-2025,16:05:35,1018.95
O00008587,U007901,05-12-2024,15:27:54,1018.78
O00017832,U009292,01-06-2025,08:08:00,1018.51
O00001959,U000003,12-09-2025,21:03:13,1018.29
O00003552,U007024,03-04-2025,06:07:59,1018.28
O00002322,U004975,21-04-2024,02:11:28,1017.84
O00011220,U007264,15-07-2024,14:42:44,1017.72
O00013436,U006908,20-11-2024,02:25:59,1017.65
O00002500,U001157,23-02-2025,05:07:29,1017.63
O00011673,U002549,14-08-2024,03:13:07,1017.35
O00013017,U003694,27-09-2024,01:07:38,1017.35
O00002311,U004522,18-12-2024,02:20:42,1017.19
O00010553,U000745,13-01-2025,00:56:35,1017.11
O00003220,U004072,15-05-2024,06:55:35,1016.69
O00000011,U004470,14-08-2025,09:59:55,1016.61
O00005251,U000998,20-01-2025,05:12:50,1015.47
O00014279,U003220,08-05-2025,07:33:24,1015.41
O00002802,U004170,17-09-2025,15:45:21,1015.34
O00000902,U000528,06-07-2025,15:25:42,1014.80
O00014118,U009689,05-09-2025,12:10:10,1014.64
O00000596,U007239,28-02-2024,10:05:25,1013.96
O00004287,U002620,07-01-2024,09:13:31,1013.88
O00007348,U001285,25-05-2024,09:16:33,1013.40
O00016340,U006477,10-01-2024,16:03:41,1013.26
O00019235,U007277,17-04-2024,13:53:57,1012.99
O00017808,U004638,07-03-2024,02:17:26,1012.80
O00008509,U006104,20-09-2025,01:43:09,1012.66
O00001786,U007405,23-10-2024,01:54:23,1012.02
O00002369,U005651,06-03-2024,22:01:40,1011.71
O00011069,U007465,01-07-2025,14:54:15,1011.71
O00012241,U000548,21-10-2025,15:24:01,1011.71
O00013696,U003832,18-11-2024,08:07:49,1011.71
O00008965,U001063,25-03-2025,13:15:35,1011.64
O00012439,U001212,14-07-2024,22:06:43,1011.51
O00014325,U002817,18-03-2024,08:36:38,1011.51
O00004175,U003481,19-01-2024,12:15:25,1010.89
O00010261,U002516,23-07-2024,15:34:01,1010.31
O00019611,U003559,11-03-2025,06:08:23,1010.24
O00003457,U006598,29-12-2024,03:19:23,1010.15
O00008352,U005999,04-10-2025,01:11:27,1009.83
O00010797,U001173,22-09-2025,15:52:14,1009.21
O00018692,U005015,25-04-2025,06:22:01,1008.82
O00006734,U005373,08-12-2024,15:55:30,1008.78
O00002362,U006880,30-04-2025,07:45:38,1008.77
O00002313,U008752,05-04-2025,22:42:23,1008.67
O00006860,U008275,05-06-2024,13:38:49,1008.59
O00008024,U003630,11-02-2025,22:25:07,1008.41
O00002198,U006605,04-07-2025,15:16:49,1008.26
O00016748,U000817,02-08-2024,03:14:00,1008.15
O00017533,U002429,27-09-2025,22:55:10,1007.48
O00002464,U005659,15-02-2024,01:52:58,1007.03
O00015973,U004420,05-10-2024,03:57:14,1006.96
O00000584,U006339,31-03-2024,00:16:53,1006.86
O00008138,U007776,25-06-2024,12:50:20,1006.86
O00007755,U009177,18-07-2025,22:05:27,1006.84
O00019995,U005603,20-04-2025,00:39:03,1006.74
O00002997,U006173,20-01-2024,01:08:16,1006.47
O00009455,U006216,07-05-2024,09:13:26,1006.47
O00016682,U009628,13-07-2025,21:26:25,1006.47
O00017560,U006067,11-07-2024,01:08:35,1006.47
O00014395,U003279,07-04-2024,16:50:53,1006.22
O00001560,U004292,11-02-2025,06:19:57,1005.78
O00019547,U005378,29-10-2024,19:26:34,1005.20
O00012086,U008854,01-01-2024,14:12:48,1004.95
O00013222,U009857,17-01-2025,17:44:43,1004.12
O00016782,U003409,30-01-2025,05:07:04,1004.03
O00003720,U004141,28-12-2024,02:45:45,1003.65
O00011938,U008690,28-05-2025,13:18:55,1003.18
O00003755,U003047,01-05-2024,05:01:09,1003.01
O00015759,U003817,06-11-2024,18:03:39,1002.45
O00000779,U009890,16-04-2025,14:21:01,1002.26
O00002213,U000869,03-01-2024,16:45:18,1002.12
O00010312,U009584,10-07-2024,08:47:56,1001.68
O00004735,U006512,03-08-2025,15:05:10,1001.67
O00012211,U001258,30-06-2025,03:15:59,1001.67
O00013074,U000671,24-12-2024,22:37:52,1001.67
O00006033,U000429,26-01-2025,17:15:42,1001.45
O00012676,U005135,01-03-2025,01:07:29,1001.17
O00003417,U009321,01-11-2024,06:11:56,1001.13
O00012806,U006503,19-09-2025,07:33:41,1001.03
O00009346,U000994,12-08-2024,13:45:32,1001.02
O00017412,U003057,24-06-2024,12:40:02,1000.75
O00008752,U006268,14-05-2024,15:01:03,1000.62
O00005726,U000185,02-07-2025,19:32:48,1000.45
O00010287,U004311,24-01-2025,20:50:58,999.91
O00010059,U003876,09-09-2025,10:56:55,999.72
O00001594,U005900,13-09-2024,09:17:40,999.48
O00002646,U003829,26-05-2024,23:03:34,999.20
O00013715,U004833,09-06-2024,03:59:40,999.18
O00009874,U006741,14-02-2024,14:38:24,999.17
O00019747,U002704,08-11-2025,01:38:33,999.12
O00008734,U002742,14-01-2024,00:38:55,998.16
O00008204,U005317,20-08-2024,03:06:14,997.78
O00005448,U003234,21-03-2024,02:28:26,997.73
O00015984,U000628,04-08-2025,01:37:19,996.18
O00001799,U005822,07-02-2025,17:40:46,995.65
O00009565,U009989,18-06-2024,06:16:34,995.31
O00005362,U008134,10-11-2025,09:16:20,995.22
O00006765,U005197,03-04-2025,05:50:53,995.07
O00018644,U001497,09-01-2025,10:39:26,994.96
O00012188,U004144,20-03-2025,05:15:49,994.84
O00009402,U002286,02-07-2025,19:39:18,993.89
O00008539,U005207,02-07-2024,15:46:25,993.53
O00005383,U006449,10-01-2025,06:19:05,993.38
O00007336,U003245,29-07-2025,16:21:37,993.13
O00007453,U009186,05-04-2025,11:44:39,992.63
O00002658,U005564,23-04-2024,09:09:56,992.56
O00002929,U004671,14-02-2025,17:07:12,992.56
O00010285,U000535,08-05-2025,21:25:50,992.56
O00010340,U004479,12-04-2024,09:36:35,992.56
O00012283,U008612,16-12-2024,12:09:45,992.56
O00013980,U005515,09-08-2024,09:12:42,992.56
O00015472,U001104,29-01-2025,23:11:45,992.55
O00017645,U000671,19-08-2025,10:53:33,992.21
O00014984,U000097,09-12-2024,06:57:24,991.62
O00015450,U007794,10-04-2024,09:59:52,991.56
O00001355,U002611,24-03-2025,05:16:01,991.52
O00001456,U006588,18-03-2025,16:47:47,991.35
O00007562,U008379,20-03-2024,00:16:29,991.22
O00002543,U006773,30-08-2024,08:10:35,990.89
O00006634,U005099,24-04-2025,05:48:10,990.68
O00010936,U004776,24-01-2025,07:47:58,990.68
O00005506,U008645,01-11-2025,20:23:22,990.32
O00011578,U009827,13-07-2024,05:43:07,989.68
O00004708,U001753,24-03-2025,17:51:59,988.90
O00007003,U009888,12-06-2025,03:15:18,988.72
O00005485,U000269,20-12-2024,20:14:30,988.68
O00004053,U004961,19-06-2025,07:58:06,988.62
O00016168,U000778,28-02-2025,10:14:15,988.62
O00018550,U003968,29-05-2025,13:41:13,988.62
O00018966,U001681,10-08-2025,18:30:04,988.62
O00003724,U008054,30-08-2025,15:39:54,988.03
O00018556,U005788,12-07-2024,03:18:12,987.52
O00010610,U009686,26-02-2024,04:14:48,987.13
O00016818,U004295,16-04-2025,23:49:11,986.94
O00016541,U008988,20-09-2024,00:14:44,986.82
O00011082,U007134,05-02-2025,22:56:44,986.58
O00003515,U002257,02-10-2025,15:13:00,986.48
O00012252,U005803,09-10-2024,22:20:29,986.33
O00015405,U002385,17-04-2024,03:19:44,986.30
O00008793,U001193,24-08-2025,01:18:31,986.21
O00009571,U003636,02-10-2025,02:55:39,985.75
O00001437,U003376,10-07-2025,22:34:19,985.62
O00001940,U008426,07-06-2025,12:09:10,985.62
O00004775,U005233,28-06-2025,21:47:59,985.35
O00007259,U009460,11-07-2025,15:56:48,985.35
O00017176,U009292,21-09-2024,12:09:50,985.35
O00017759,U009643,26-04-2024,13:19:24,985.35
O00018582,U006404,17-02-2025,18:14:31,985.35
O00003081,U000407,24-11-2024,11:16:26,985.28
O00019430,U002342,16-07-2025,02:16:45,985.28
O00011596,U003978,08-10-2024,06:00:47,985.10
O00008689,U000684,25-08-2025,06:44:02,984.96
O00005746,U005461,12-06-2025,09:32:40,984.82
O00001550,U006128,26-09-2024,20:15:21,984.20
O00001733,U001350,18-05-2025,11:48:20,984.20
O00006500,U003169,21-09-2025,08:30:00,984.20
O00019929,U006531,08-12-2024,03:31:29,984.20
O00000813,U005330,22-10-2025,01:06:01,984.19
O00018795,U008934,10-09-2025,10:19:25,984.08
O00015425,U003223,02-01-2024,03:59:43,983.90
O00001515,U009904,24-03-2024,02:02:47,983.75
O00015563,U005767,03-10-2025,08:35:25,983.66
O00003209,U005494,24-03-2024,20:07:25,983.65
O00011816,U000513,20-12-2024,00:58:39,983.57
O00006358,U005949,04-08-2024,17:29:55,983.44
O00001662,U005776,20-05-2024,02:43:12,983.22
O00017276,U004262,08-10-2024,08:26:37,983.01
O00001299,U009463,08-08-2025,10:23:54,982.95
O00008785,U000567,15-08-2025,00:03:54,982.58
O00004733,U008275,10-05-2024,03:41:18,982.44
O00005744,U007834,01-05-2025,23:56:14,982.25
O00008809,U003384,16-01-2024,16:01:50,982.10
O00016075,U007880,07-03-2024,15:53:15,982.10
O00016949,U006272,07-10-2024,03:59:59,982.10
O00012643,U008843,05-09-2025,07:23:03,982.01
O00012443,U004725,20-02-2024,02:58:42,981.40
O00004373,U004313,09-06-2024,15:55:15,981.33
O00014994,U004203,26-06-2025,10:42:05,981.03
O00010947,U003314,05-02-2024,21:32:55,980.78
O00004129,U002115,21-06-2024,18:25:04,980.40
O00012820,U005306,06-02-2024,06:32:03,980.30
O00012869,U004253,09-08-2024,11:32:30,980.20
O00014523,U004677,04-02-2025,10:07:11,980.19
O00012367,U008192,22-06-2024,23:07:38,979.97
O00005683,U004474,14-04-2024,21:07:21,979.95
O00007661,U001877,21-05-2025,10:50:08,979.08
O00002504,U005124,26-06-2024,17:18:12,979.03
O00015618,U003830,14-07-2024,19:00:19,978.88
O00012268,U000011,18-09-2024,04:43:43,978.48
O00014288,U002535,01-02-2025,11:21:01,978.24
O00004320,U007541,03-09-2024,16:05:17,978.11
O00010239,U001676,13-04-2025,09:34:11,977.97
O00009058,U001510,25-06-2024,03:33:27,977.82
O00004469,U000309,03-02-2024,11:32:52,977.70
O00018934,U007420,15-12-2024,06:39:58,977.37
O00009070,U008563,11-12-2024,20:53:20,977.24
O00015451,U008152,11-04-2025,17:42:15,977.20
O00004976,U008178,16-01-2025,06:11:40,976.45
O00009813,U000120,08-07-2024,05:31:04,976.26
O00007043,U003729,30-06-2024,10:15:45,976.21
O00006246,U007944,24-06-2025,02:07:29,975.52
O00001639,U007736,06-08-2025,21:50:27,975.13
O00013584,U000178,17-11-2024,21:29:38,974.90
O00007490,U001199,04-07-2025,09:34:06,974.51
O00014016,U008912,05-11-2024,09:09:02,974.35
O00018679,U004266,16-05-2025,15:40:19,974.27
O00003714,U000046,14-04-2025,01:11:19,974.16
O00007357,U002133,06-03-2025,08:28:07,974.16
O00011356,U003319,07-09-2024,16:40:06,974.16
O00018813,U008605,30-05-2024,20:18:36,974.16
O00010256,U001782,19-06-2024,14:54:22,974.00
O00000108,U003853,31-07-2025,08:45:49,973.82
O00013131,U004906,04-09-2025,12:42:39,973.57
O00005250,U006306,12-05-2024,19:00:34,972.80
O00005476,U002887,13-04-2024,14:37:10,972.39
O00009254,U009248,07-03-2025,15:47:34,972.34
O00018495,U002049,12-11-2025,08:54:46,971.80
O00016534,U000259,19-08-2024,09:44:43,971.77
O00003225,U004371,12-03-2025,16:11:59,970.78
O00012895,U000591,07-03-2024,20:39:54,970.29
O00008267,U002114,31-05-2025,13:45:51,970.10
O00016106,U002090,23-01-2024,05:20:17,970.10
O00017562,U008952,20-03-2025,20:41:33,970.10
O00007572,U004961,08-02-2025,03:08:17,969.96
O00001315,U006635,03-11-2024,15:30:08,969.70
O00011004,U004948,24-04-2025,14:11:20,969.23
O00000480,U001941,08-02-2024,20:39:47,968.67
O00018851,U000946,02-08-2025,14:12:45,968.31
O00004482,U008024,02-08-2024,07:10:55,968.19
O00014867,U004238,13-04-2024,02:26:42,967.93
O00013512,U002671,12-08-2024,04:58:59,967.92
O00006757,U003839,03-05-2025,12:52:28,967.83
O00007389,U002007,08-09-2025,00:03:47,967.83
O00013000,U000444,28-08-2025,18:01:50,967.83
O00005092,U002908,30-08-2024,01:12:33,967.78
O00007140,U003571,02-05-2025,13:52:38,967.28
O00012060,U004337,23-12-2024,10:25:16,966.16
O00003467,U005610,09-06-2025,17:15:58,966.05
O00017361,U003620,09-05-2024,19:10:21,965.77
O00002895,U005752,14-11-2025,23:17:26,965.72
O00003422,U004812,28-08-2024,00:23:00,965.42
O00017936,U009900,22-09-2025,15:20:01,965.40
O00002777,U005443,26-11-2024,07:40:36,965.15
O00018375,U006446,28-09-2025,01:10:44,965.14
O00019048,U003311,31-03-2024,02:11:25,964.93
O00018456,U009856,27-03-2024,12:29:08,964.86
O00003079,U007386,12-08-2025,18:17:04,964.82
O00009177,U009974,28-03-2024,10:30:49,964.23
O00016558,U004662,12-07-2024,09:43:43,963.66
O00010132,U007550,13-11-2024,11:46:50,963.51
O00014167,U004221,11-11-2024,07:28:53,963.46
O00006675,U003175,30-01-2025,18:21:46,963.27
O00008693,U008898,13-07-2025,07:57:01,963.20
O00014599,U002773,01-08-2025,03:09:24,962.65
O00019919,U001628,28-06-2024,22:04:42,962.27
O00009509,U009731,21-02-2025,01:27:25,962.10
O00013773,U001103,16-01-2025,22:48:59,962.03
O00009440,U002595,24-02-2024,14:45:15,961.95
O00008692,U002326,17-05-2024,13:37:52,961.44
O00015924,U001432,26-09-2025,20:10:47,961.00
O00001583,U009452,04-08-2025,03:48:49,960.84
O00014275,U001325,28-10-2025,22:35:17,960.74
O00019049,U005278,08-08-2025,08:53:55,960.74
O00016487,U001891,16-02-2025,03:28:31,960.05
O00003087,U005723,21-09-2024,23:18:47,959.75
O00018883,U007346,02-06-2025,03:18:22,959.45
O00001855,U003282,09-02-2025,12:46:32,959.17
O00012475,U001680,22-05-2025,12:05:55,958.95
O00012797,U008265,23-12-2024,06:21:03,958.92
O00006135,U008195,14-09-2024,19:49:58,958.80
O00016489,U002790,23-01-2025,13:28:03,958.29
O00015317,U002091,01-07-2025,23:54:54,957.95
O00002128,U003253,29-09-2024,06:25:40,957.88
O00002687,U005847,24-08-2024,07:24:32,957.88
O00005482,U006692,23-10-2025,10:58:14,957.88
O00010398,U009626,18-06-2025,03:27:33,957.88
O00016547,U007555,13-11-2025,09:40:11,957.88
O00006224,U003385,23-11-2024,18:43:58,957.87
O00005260,U000436,25-02-2025,08:44:47,957.67
O00002408,U003239,01-04-2025,16:02:15,957.45
O00006755,U005532,29-01-2025,16:39:44,957.42
O00009819,U005721,17-07-2025,09:52:05,957.33
O00008510,U002241,13-09-2024,14:23:31,957.21
O00018189,U007308,14-01-2025,11:55:34,956.91
O00001746,U008335,11-03-2024,02:26:13,956.68
O00002209,U001784,22-08-2024,04:15:55,956.65
O00001252,U008369,06-11-2025,19:37:26,956.61
O00004532,U006942,15-09-2025,23:31:18,956.33
O00014319,U000078,04-10-2025,14:57:08,956.29
O00006724,U005183,22-12-2024,07:38:30,956.01
O00018498,U006299,25-02-2025,01:08:08,955.93
O00001349,U007399,18-09-2024,05:03:33,955.89
O00005924,U003651,05-09-2024,20:10:59,955.84
O00002695,U000957,21-04-2024,06:47:22,955.83
O00017675,U006154,12-08-2024,10:22:12,955.71
O00007707,U002139,15-06-2024,22:37:15,955.50
O00007848,U006311,09-04-2024,08:26:24,955.50
O00013930,U007034,01-12-2024,15:00:12,955.50
O00009932,U003912,14-11-2025,17:15:32,955.40
O00011480,U001356,06-02-2025,15:55:31,955.36
O00006824,U004138,12-04-2025,10:23:35,955.30
O00016164,U005087,18-04-2024,10:37:28,955.06
O00002568,U006876,08-06-2025,10:31:13,954.90
O00004418,U000016,16-12-2024,04:46:57,954.86
O00003615,U003072,27-06-2024,20:17:49,954.63
O00006827,U008182,24-06-2025,02:43:18,954.36
O00009930,U002572,24-04-2024,23:45:16,954.24
O00005799,U001543,04-09-2025,16:43:06,953.66
O00012866,U008399,19-06-2024,20:30:42,953.52
O00013643,U009752,18-09-2024,06:57:15,953.29
O00017111,U001033,30-07-2025,04:40:27,953.19
O00006097,U009022,13-03-2024,09:15:51,953.17
O00000479,U004486,01-03-2025,05:40:24,953.03
O00009389,U009546,04-05-2025,17:07:08,953.03
O00016553,U004254,08-05-2025,12:28:59,953.03
O00019266,U004480,24-07-2024,07:02:31,953.03
O00012834,U001613,14-11-2025,17:00:48,952.72
O00017732,U000462,06-08-2025,00:43:03,952.72
O00015455,U008641,16-01-2024,09:44:13,952.63
O00014854,U004318,01-08-2024,11:12:05,952.57
O00019902,U005187,06-11-2025,13:40:10,952.04
O00009979,U003003,14-09-2024,07:43:48,951.90
O00016042,U000534,08-11-2025,03:17:45,951.90
O00013049,U003790,22-06-2024,15:22:13,951.84
O00000686,U005702,16-09-2024,09:19:57,951.80
O00000879,U005207,28-07-2024,14:30:33,951.69
O00001875,U001016,13-06-2025,16:24:48,951.69
O00007176,U003754,19-10-2024,20:51:51,951.69
O00019017,U005811,17-06-2025,05:09:57,951.16
O00000889,U005529,01-08-2024,16:07:46,951.12
O00002554,U004817,04-03-2025,20:15:28,950.75
O00000029,U006599,23-05-2025,18:15:58,950.63
O00004335,U005420,28-02-2024,23:22:00,950.52
O00004762,U009334,08-08-2024,12:04:51,949.98
O00002310,U007761,01-07-2025,12:46:47,949.73
O00007687,U009914,21-04-2025,10:25:32,949.73
O00007552,U005758,10-11-2025,13:14:41,949.70
O00015694,U003986,23-01-2025,17:26:25,949.46
O00004311,U006038,17-05-2024,12:16:53,949.21
O00006006,U006058,13-03-2024,14:26:36,948.82
O00006416,U008476,23-11-2024,22:06:25,948.69
O00019106,U004617,29-10-2024,10:36:44,948.69
O00013986,U009205,19-02-2025,09:23:59,948.61
O00007946,U007292,08-10-2025,09:15:11,948.57
O00009317,U003819,04-01-2024,00:50:54,948.46
O00010722,U006986,20-10-2024,01:26:45,948.32
O00010524,U005841,13-08-2024,03:46:47,948.21
O00019233,U008788,27-01-2025,03:25:05,948.04
O00011900,U008725,01-02-2025,00:21:33,947.98
O00005693,U006558,12-07-2025,12:08:41,947.24
O00011832,U001988,09-05-2024,21:13:09,947.24
O00006721,U001376,13-11-2025,13:17:42,946.92
O00002615,U005471,21-05-2024,01:34:08,946.47
O00014729,U009869,23-09-2025,19:50:49,945.85
O00005015,U000964,31-10-2025,12:46:44,945.73
O00016281,U009171,04-06-2024,11:00:53,945.57
O00009505,U007547,02-11-2024,10:47:38,945.39
O00014051,U004593,01-02-2025,02:06:23,945.15
O00009056,U007881,08-10-2025,13:40:21,944.69
O00004625,U007603,11-12-2024,18:27:34,944.56
O00007396,U007394,16-07-2024,18:08:46,944.56
O00008170,U006067,07-09-2025,13:42:32,944.56
O00015877,U007025,27-10-2025,11:37:01,944.56
O00009456,U008236,25-02-2024,03:22:26,944.36
O00019434,U000747,15-01-2024,20:43:33,944.26
O00014677,U002518,16-08-2025,14:58:03,943.92
O00018573,U002464,25-02-2024,00:43:46,943.70
O00019881,U003029,26-07-2024,20:18:02,943.50
O00013211,U002073,19-03-2025,01:12:19,943.41
O00002008,U004084,15-02-2025,09:22:44,943.26
O00019068,U006018,01-05-2025,09:36:11,943.16
O00014982,U008751,31-05-2025,05:05:39,943.05
O00004876,U001965,30-09-2024,06:29:11,942.91
O00002171,U004772,31-05-2024,05:42:21,942.86
O00011966,U005986,03-01-2024,02:40:45,942.85
O00010783,U008939,10-02-2024,07:04:35,942.59
O00006955,U000242,02-08-2024,10:58:03,942.25
O00008086,U001099,05-08-2024,19:49:04,942.18
O00018225,U004344,05-09-2025,05:56:26,941.78
O00008106,U005537,06-01-2024,10:26:36,941.24
O00003149,U002092,04-10-2024,00:01:28,941.14
O00001536,U009169,10-08-2024,23:13:19,941.10
O00000764,U006613,23-11-2024,20:29:58,941.03
O00015956,U002664,08-12-2024,04:38:42,940.37
O00010066,U005553,09-04-2024,17:19:11,940.07
O00009376,U002487,10-04-2024,18:23:45,939.82
O00018739,U006000,03-03-2024,09:00:32,939.78
O00019897,U006730,16-05-2024,20:37:02,939.70
O00014624,U008004,19-06-2025,22:13:49,939.56
O00006535,U004566,20-03-2025,12:12:23,939.10
O00018907,U000866,21-01-2025,12:02:37,939.05
O00001396,U005019,26-04-2025,17:52:29,938.93
O00001016,U004357,02-09-2025,17:06:40,938.73
O00014296,U009840,26-07-2025,06:59:05,938.68
O00016930,U000125,27-02-2024,22:41:31,938.61
O00013561,U003439,08-03-2025,18:29:54,938.58
O00017330,U009981,01-03-2025,15:07:50,938.28
O00001279,U008968,08-10-2025,09:12:04,938.25
O00018387,U008197,11-02-2024,14:20:10,938.11
O00006281,U001434,31-12-2024,09:15:25,937.91
O00001366,U001292,19-07-2024,18:15:38,937.85
O00019562,U007500,22-01-2024,23:16:03,937.33
O00013948,U001990,28-02-2024,11:39:37,936.64
O00018892,U000962,05-09-2025,20:33:43,936.64
O00015298,U003980,15-07-2025,01:15:12,936.63
O00003233,U009103,29-09-2024,17:50:07,936.60
O00006066,U003470,10-03-2025,05:47:55,936.26
O00003931,U007633,31-08-2024,11:08:02,935.89
O00008551,U008277,27-10-2025,22:59:23,935.89
O00018033,U005334,14-05-2025,07:15:35,935.84
O00005330,U006445,06-02-2024,15:40:33,935.82
O00015713,U003520,19-12-2024,22:46:44,935.69
O00010036,U006174,14-10-2025,04:31:12,934.89
O00018757,U001666,14-09-2025,06:14:29,934.71
O00006845,U009427,01-08-2024,13:24:26,934.67
O00008482,U009702,07-07-2024,19:44:22,934.64
O00011206,U007950,31-03-2024,23:03:18,934.28
O00005087,U009593,07-07-2024,15:05:25,934.06
O00012888,U002478,26-04-2024,15:30:24,934.05
O00017385,U004405,06-09-2025,18:26:22,933.97
O00004678,U000362,27-01-2024,17:22:05,933.96
O00006186,U004376,12-05-2025,01:15:10,933.64
O00017786,U005496,08-08-2024,12:55:57,933.61
O00005451,U001490,19-01-2025,16:27:07,933.44
O00006488,U003109,09-04-2025,08:21:31,933.34
O00016481,U006943,24-08-2024,01:40:40,932.65
O00017151,U009182,06-03-2024,08:40:54,932.31
O00005095,U001204,08-11-2025,22:26:10,931.37
O00013476,U000630,18-06-2024,02:16:37,930.98
O00012108,U006058,16-10-2025,16:36:53,930.91
O00009331,U006369,15-12-2024,00:03:30,930.47
O00000465,U001679,09-11-2025,03:00:19,930.12
O00015182,U003905,23-04-2025,16:37:50,929.73
O00015804,U005156,30-01-2024,17:08:33,929.73
O00019485,U007171,25-02-2024,20:58:25,928.88
O00017731,U006997,03-10-2024,06:33:45,928.24
O00015982,U002356,10-05-2025,06:20:50,927.96
O00005834,U008612,09-02-2024,07:01:32,927.79
O00007897,U003063,23-10-2024,06:28:56,927.75
O00009789,U003764,15-02-2024,15:16:45,927.72
O00013280,U004248,09-07-2024,23:03:44,927.60
O00003511,U001011,04-08-2024,21:09:32,927.39
O00010614,U002049,23-09-2025,17:46:39,926.48
O00000570,U000829,30-03-2025,08:26:22,926.42
O00019317,U000897,10-04-2024,10:22:52,926.42
O00004521,U004105,19-11-2024,09:59:49,926.34
O00016308,U007278,07-06-2024,16:14:55,926.15
O00017520,U004847,19-04-2025,11:33:19,926.15
O00008758,U002834,11-08-2025,20:43:17,925.97
O00016982,U005850,09-04-2024,20:09:02,925.92
O00018298,U004240,11-11-2024,05:53:11,925.84
O00013822,U004594,05-04-2024,16:46:07,925.80
O00016451,U007254,28-03-2025,06:11:32,925.78
O00011691,U003846,15-03-2024,02:45:03,925.72
O00001023,U003255,29-08-2025,12:14:54,925.52
O00002318,U006268,27-04-2025,00:34:09,925.24
O00011195,U004163,26-09-2024,16:03:54,925.17
O00013323,U006982,25-05-2024,13:39:24,925.17
O00005804,U006522,04-01-2024,18:23:10,925.11
O00018563,U008594,21-06-2024,16:39:14,925.05
O00001368,U002512,03-06-2024,17:35:13,924.06
O00000237,U001094,14-12-2024,18:24:55,923.63
O00013363,U005903,31-07-2025,07:58:57,923.52
O00004867,U008127,30-05-2025,01:45:15,923.29
O00012873,U007215,27-01-2024,00:31:58,923.09
O00012427,U002476,27-10-2024,02:45:34,923.07
O00002123,U007468,14-08-2024,17:09:28,922.95
O00003449,U002681,22-06-2024,17:17:15,922.83
O00006367,U003915,24-08-2025,14:44:44,922.55
O00016641,U004601,29-02-2024,17:47:30,922.55
O00003128,U002871,12-01-2025,05:14:32,922.47
O00008285,U003603,06-09-2025,20:07:43,922.40
O00003375,U004317,04-05-2024,12:21:14,922.10
O00006703,U004267,23-07-2025,00:05:17,921.94
O00005394,U004676,01-11-2025,00:49:20,921.74
O00014185,U009574,10-07-2025,18:00:09,921.37
O00005949,U006868,05-04-2024,18:22:51,921.00
O00017377,U006357,15-12-2024,16:21:34,921.00
O00000276,U002287,03-12-2024,18:58:17,920.84
O00003479,U003949,25-06-2025,22:20:31,920.69
O00011936,U006150,01-07-2024,19:47:23,920.50
O00014257,U002702,10-10-2025,17:14:58,920.36
O00001100,U001530,21-12-2024,09:36:15,920.33
O00008999,U004300,30-05-2024,19:43:13,920.33
O00016904,U002681,21-03-2024,07:46:24,920.01
O00001956,U007818,23-09-2025,19:18:49,919.85
O00013712,U004153,08-10-2025,08:11:02,919.57
O00002608,U002462,25-12-2024,14:08:08,919.54
O00000980,U007814,22-10-2024,02:02:42,919.50
O00002365,U005148,09-04-2024,19:35:08,919.17
O00012741,U000698,04-11-2024,11:30:33,918.99
O00000493,U007738,22-09-2024,13:16:35,918.96
O00012112,U006914,16-01-2024,20:54:09,918.87
O00002153,U001098,16-11-2024,22:36:46,918.76
O00018286,U007116,26-03-2025,15:00:39,918.39
O00018026,U008048,23-08-2025,06:49:52,918.24
O00013974,U001329,17-04-2025,01:11:38,918.20
O00019388,U003971,03-05-2025,08:11:32,917.97
O00001061,U007394,25-08-2025,04:35:11,917.59
O00019638,U003243,21-08-2024,11:54:35,917.59
O00000541,U006037,11-11-2024,22:56:43,917.26
O00006997,U007304,16-08-2024,01:45:17,917.23
O00000323,U006255,09-04-2025,18:25:17,917.02
O00017113,U007948,17-06-2025,04:07:53,917.02
O00015561,U005853,22-08-2025,01:53:52,916.75
O00011997,U001449,10-04-2024,02:56:37,916.67
O00000986,U007504,29-01-2025,20:35:16,916.62
O00006343,U005302,18-03-2025,20:22:07,916.33
O00015832,U003887,24-06-2025,02:17:30,916.26
O00009326,U003904,15-08-2024,14:15:52,916.09
O00001060,U004712,19-08-2025,23:38:28,915.90
O00004785,U000541,02-04-2025,14:49:45,915.67
O00013639,U006601,22-10-2025,03:16:39,915.66
O00016843,U009592,06-06-2024,08:01:45,915.41
O00013531,U007317,20-06-2024,06:49:52,915.00
O00002567,U006169,12-06-2024,16:51:21,914.83
O00012451,U009660,13-12-2024,17:05:12,914.46
O00016097,U008545,07-05-2025,09:16:55,914.34
O00002667,U001151,15-08-2025,19:28:56,914.30
O00006161,U003370,18-12-2024,00:17:40,914.16
O00015680,U009664,09-06-2025,09:39:25,914.11
O00013287,U006768,19-06-2025,17:03:58,913.97
O00000595,U000798,14-01-2024,02:10:00,913.33
O00012890,U000957,25-04-2024,13:59:55,913.33
O00011592,U000918,28-01-2025,22:23:02,912.72
O00008390,U007521,12-01-2025,02:10:53,912.66
O00013094,U005621,19-10-2025,16:17:00,912.60
O00007254,U000373,19-09-2024,06:28:13,912.43
O00013969,U008462,14-02-2025,09:14:32,912.32
O00014527,U002546,27-06-2025,19:38:04,912.21
O00013291,U005815,18-12-2024,12:31:19,911.90
O00004691,U008113,18-04-2024,09:12:10,911.46
O00004546,U001692,01-11-2025,16:09:56,909.74
O00006868,U007586,09-07-2024,17:55:57,909.45
O00002493,U006038,24-10-2025,10:56:38,909.02
O00010638,U002232,12-10-2024,11:24:51,908.88
O00017172,U000928,27-03-2025,05:07:19,908.88
O00014722,U007307,31-03-2024,16:02:44,908.46
O00003735,U001144,26-11-2024,07:19:26,908.39
O00003454,U000070,29-11-2024,00:29:56,908.15
O00010742,U001175,30-08-2024,07:08:58,907.64
O00016350,U002988,04-04-2024,14:51:14,907.52
O00018903,U006337,02-10-2025,06:16:02,907.26
O00014655,U007897,09-04-2025,14:04:41,906.43
O00001739,U000687,22-05-2025,15:37:32,906.42
O00015830,U008727,11-03-2025,21:25:58,906.19
O00000173,U003834,30-11-2024,19:38:26,906.18
O00004250,U008697,14-07-2024,23:44:42,905.95
O00010503,U001039,04-03-2025,21:31:32,905.69
O00014853,U003194,27-04-2025,16:35:31,905.69
O00017877,U008326,20-02-2025,06:31:02,905.42
O00010656,U000349,30-12-2024,22:26:16,905.37
O00008812,U002727,21-10-2024,17:14:04,905.25
O00008252,U006296,04-05-2025,04:44:15,905.24
O00013509,U000473,17-08-2024,23:25:19,904.13
O00012192,U004297,08-02-2025,06:12:41,904.12
O00014890,U002104,04-10-2024,16:50:04,904.04
O00012621,U007430,06-07-2024,15:43:37,903.95
O00014229,U003734,25-07-2025,18:27:00,903.38
O00017193,U008445,18-05-2024,11:36:40,903.31
O00003613,U009171,09-04-2024,00:15:41,903.27
O00015656,U004644,04-05-2024,01:37:19,903.01
O00019367,U000902,31-03-2024,15:49:39,902.69
O00012551,U004387,23-07-2025,02:49:09,902.48
O00013677,U009588,24-02-2024,12:00:05,902.48
O00016229,U001920,25-01-2025,03:41:31,902.45
O00001377,U005445,17-01-2024,05:44:22,902.44
O00008902,U001604,19-10-2025,06:11:47,902.41
O00019550,U008466,10-06-2024,16:12:26,902.04
O00011774,U003987,28-07-2024,02:39:06,901.46
O00010506,U001833,26-07-2025,04:12:13,901.34
O00016505,U007276,24-04-2025,21:32:04,901.33
O00008041,U004861,24-11-2024,06:22:46,901.26
O00010411,U002259,31-07-2025,11:29:47,901.24
O00011556,U002612,28-10-2025,12:59:30,901.02
O00006942,U006477,26-05-2025,14:07:03,900.98
O00006940,U003339,17-07-2025,10:59:37,900.89
O00015286,U006377,17-10-2025,05:13:36,900.72
O00003656,U002532,24-04-2025,23:26:12,900.47
O00015379,U003966,19-07-2024,15:32:59,900.31
O00005029,U006757,26-07-2024,11:54:52,900.12
O00003664,U008421,06-10-2024,17:41:47,899.79
O00012254,U006665,16-05-2024,08:19:08,899.40
O00011699,U004942,05-07-2025,03:35:21,899.33
O00009149,U009764,14-08-2025,21:22:28,899.17
O00010259,U007909,05-08-2024,22:20:24,898.96
O00010305,U005198,14-05-2025,12:14:15,898.82
O00008065,U006836,05-02-2024,00:03:34,898.81
O00005543,U003511,28-07-2025,12:20:52,898.59
O00011377,U000931,31-03-2025,02:27:40,898.36
O00013136,U001889,07-02-2024,07:50:45,897.97
O00007138,U009420,19-12-2024,09:20:44,897.80
O00000199,U004163,01-03-2024,05:40:36,897.79
O00015932,U003553,28-10-2024,12:01:49,897.60
O00002626,U009369,26-01-2025,22:48:39,897.46
O00004890,U007564,15-03-2025,16:18:54,897.23
O00017743,U000701,08-01-2025,08:19:35,896.99
O00018070,U000325,04-01-2025,03:07:04,896.97
O00017658,U001908,26-02-2025,13:11:06,896.90
O00019444,U006744,17-01-2025,19:49:06,896.58
O00006148,U008496,29-01-2024,07:04:59,896.38
O00008814,U007841,10-08-2025,12:22:01,896.38
O00002406,U002114,22-12-2024,07:15:50,896.37
O00004303,U004183,05-12-2024,05:53:06,896.36
O00002503,U009914,18-07-2025,19:04:16,896.16
O00002558,U006809,26-01-2025,17:06:37,895.68
O00008019,U006845,16-05-2025,05:41:47,895.60
O00011322,U002448,11-03-2025,00:59:27,895.51
O00009856,U007676,23-06-2025,18:19:13,895.35
O00014087,U008724,30-11-2024,05:23:22,895.28
O00000399,U008513,24-09-2025,13:47:17,894.80
O00002920,U002064,11-11-2025,13:52:59,894.80
O00012675,U001255,15-10-2025,09:42:49,894.80
O00018931,U005462,22-01-2024,10:26:51,894.80
O00019875,U004613,17-05-2024,11:19:23,894.74
O00002354,U004542,15-07-2025,18:07:47,894.69
O00014467,U009740,05-07-2024,18:24:50,894.53
O00002899,U007572,19-11-2024,14:14:49,894.33
O00007066,U008333,12-04-2024,23:06:57,894.12
O00017175,U005085,30-12-2024,21:34:41,894.08
O00008421,U002200,19-12-2024,00:27:50,893.85
O00000397,U001195,02-12-2024,21:29:39,893.72
O00013072,U005587,07-01-2024,15:51:13,893.72
O00018395,U008194,02-11-2024,14:19:12,893.72
O00014365,U009840,08-11-2025,21:10:30,893.70
O00002269,U004623,09-07-2024,05:09:19,893.21
O00018480,U000144,23-09-2025,12:50:38,892.92
O00006105,U004846,08-02-2024,14:33:16,892.85
O00001143,U002423,28-08-2024,05:39:39,892.77
O00010484,U006920,11-06-2025,03:55:27,892.75
O00006921,U003499,10-04-2024,18:33:37,892.50
O00004329,U008499,14-02-2024,20:55:05,892.45
O00007282,U006380,25-09-2024,16:25:20,892.41
O00008256,U005697,12-06-2024,10:51:28,892.23
O00011033,U002235,28-08-2024,21:40:41,892.23
O00000425,U005354,23-10-2025,21:33:52,891.49
O00009322,U001578,22-04-2025,09:44:46,891.46
O00004085,U001835,29-06-2024,22:03:54,891.27
O00004066,U006995,23-07-2024,20:45:16,891.11
O00005300,U003130,11-11-2025,09:09:07,890.96
O00011362,U004037,06-01-2025,21:03:50,890.67
O00011806,U005505,16-04-2025,23:25:06,890.57
O00006448,U000906,22-08-2025,11:20:31,890.27
O00003248,U009402,21-03-2025,10:09:44,889.50
O00016727,U008511,07-05-2025,14:15:49,889.27
O00011167,U002775,26-12-2024,15:34:22,889.14
O00003048,U006074,19-11-2024,23:23:15,888.90
O00012510,U004664,17-09-2024,12:44:06,888.73
O00016361,U009535,06-05-2024,00:42:14,888.47
O00018058,U002618,10-03-2024,22:55:05,888.45
O00007998,U000417,29-04-2025,23:02:24,888.34
O00006220,U000768,08-10-2025,08:01:49,887.72
O00009550,U003506,16-12-2024,10:05:30,887.70
O00003994,U005117,14-04-2025,19:24:01,887.69
O00016122,U002499,01-06-2025,15:41:19,887.50
O00002462,U006820,17-10-2025,09:45:52,887.46
O00010482,U005672,12-09-2024,18:02:42,887.11
O00013044,U007961,09-11-2025,10:34:26,887.06
O00017497,U001631,11-03-2024,10:26:54,886.77
O00013671,U000330,06-11-2025,04:14:22,886.57
O00018961,U008806,01-12-2024,00:41:42,886.56
O00012428,U005827,01-03-2025,21:22:54,886.47
O00013605,U005820,28-10-2024,02:21:22,886.37
O00002204,U005045,24-04-2024,18:56:35,886.31
O00004243,U005554,26-07-2025,17:01:52,886.26
O00010274,U000441,21-08-2024,21:44:47,886.21
O00009398,U008283,15-03-2024,15:08:56,886.10
O00006880,U009343,24-08-2025,02:48:47,886.06
O00005505,U006405,15-01-2024,17:45:39,885.93
O00007461,U002762,23-08-2024,20:59:11,885.92
O00004712,U002039,24-07-2024,18:49:47,885.50
O00010351,U003005,18-03-2024,02:06:08,885.27
O00014405,U007308,25-05-2024,03:01:39,885.26
O00003696,U005845,05-03-2024,10:35:37,885.20
O00011722,U001223,20-07-2024,18:29:06,884.88
O00016088,U001075,27-04-2024,08:15:07,884.85
O00001984,U008401,04-01-2025,16:44:46,884.41
O00009202,U005546,05-06-2024,21:16:21,884.34
O00017788,U006610,07-11-2025,11:26:19,884.31
O00009032,U000379,04-11-2025,13:56:00,884.25
O00005600,U009104,01-04-2024,06:56:38,883.85
O00012862,U008720,07-12-2024,00:44:18,883.67
O00006402,U006824,06-02-2025,05:41:42,883.58
O00006677,U007814,26-06-2024,21:02:17,882.33
O00000435,U004544,11-05-2024,10:10:59,882.32
O00007877,U000784,30-05-2025,18:19:07,882.08
O00010758,U003663,02-09-2025,01:19:06,882.08
O00000210,U009826,18-11-2024,06:29:20,881.99
O00014790,U001939,06-04-2024,22:23:26,881.86
O00000802,U005827,25-02-2024,11:43:32,881.82
O00016384,U009274,14-07-2024,22:10:24,881.79
O00010986,U008188,28-07-2024,18:32:13,881.43
O00001582,U000041,16-06-2024,05:25:40,881.41
O00003918,U003053,05-04-2024,13:30:52,881.01
O00017262,U002243,27-04-2024,00:08:01,880.38
O00006871,U006373,25-06-2025,03:02:09,880.13
O00016107,U004804,18-03-2025,19:42:45,879.97
O00015344,U007084,03-10-2024,05:31:19,879.57
O00008218,U004416,02-06-2025,13:48:16,879.02
O00012771,U001014,22-02-2025,07:30:26,879.02
O00009441,U007332,20-06-2025,14:55:16,878.73
O00004930,U004659,15-09-2025,05:22:42,878.54
O00000507,U001202,11-08-2024,02:48:14,878.41
O00009947,U001543,05-09-2025,10:35:31,878.41
O00016093,U005023,10-09-2025,20:50:19,878.34
O00012847,U004131,31-05-2024,16:00:10,878.20
O00019100,U006649,25-05-2025,22:18:17,878.06
O00005381,U000242,09-10-2024,17:48:36,877.82
O00014039,U007870,15-03-2025,02:07:56,877.78
O00014209,U007151,12-03-2024,22:53:22,877.58
O00010050,U003525,23-11-2024,18:58:44,877.44
O00008503,U008915,25-05-2025,09:52:24,877.23
O00013275,U005631,01-05-2024,11:23:21,877.15
O00001789,U007155,20-10-2024,01:39:12,877.12
O00010372,U003782,30-04-2025,11:34:21,877.05
O00018759,U002377,08-07-2024,00:07:53,877.01
O00000998,U000197,14-01-2025,13:03:40,876.69
O00012136,U009643,29-03-2024,22:38:24,876.39
O00012527,U006669,24-03-2025,07:59:05,875.58
O00000862,U006282,15-07-2025,11:33:33,875.51
O00009926,U009513,05-07-2024,02:06:37,875.51
O00017310,U000888,23-03-2024,21:15:52,875.50
O00017830,U004843,08-05-2024,09:40:57,875.33
O00011412,U001180,15-05-2025,17:58:38,875.12
O00007736,U002321,19-02-2025,11:04:28,874.79
O00019892,U008646,05-07-2024,09:23:10,874.66
O00010860,U009393,04-04-2025,17:55:38,874.50
O00017251,U009668,04-10-2025,23:30:14,874.35
O00010232,U001003,22-05-2025,15:18:40,874.11
O00003145,U000292,29-12-2024,05:21:40,874.08
O00002346,U009970,13-06-2024,14:49:16,873.89
O00006039,U000344,08-02-2025,21:39:58,873.67
O00001850,U004475,24-08-2024,10:26:36,873.30
O00003938,U009557,23-09-2025,14:57:36,873.24
O00003184,U000174,03-07-2024,04:07:46,873.10
O00018089,U005209,23-11-2024,08:45:13,873.01
O00010888,U004405,24-07-2025,04:49:31,872.83
O00019163,U002313,13-10-2025,01:50:04,872.48
O00005597,U004397,15-03-2024,17:34:33,871.99
O00014503,U001505,03-01-2025,17:49:39,871.99
O00014168,U004119,11-09-2024,01:56:53,871.92
O00005070,U005117,09-05-2024,23:01:09,871.71
O00005653,U007871,29-03-2024,06:57:30,871.03
O00006403,U002362,19-09-2025,17:37:49,871.03
O00006902,U004309,09-10-2024,14:22:24,871.03
O00008805,U009089,18-02-2024,18:21:43,871.03
O00008807,U006874,15-08-2025,06:55:47,871.03
O00012035,U001641,05-02-2025,09:01:09,871.03
O00005934,U000481,02-03-2024,15:25:00,871.00
O00012284,U000486,03-01-2024,04:29:25,870.03
O00018230,U001337,08-07-2025,23:24:54,869.34
O00003171,U002814,17-05-2024,12:48:10,869.22
O00011789,U005935,31-10-2025,03:50:11,869.07
O00018270,U006667,27-02-2024,21:52:41,868.60
O00019878,U007247,23-04-2025,18:29:25,868.44
O00006191,U002239,23-04-2025,08:10:24,868.13
O00011088,U008248,09-09-2024,09:22:57,867.49
O00005589,U006885,13-03-2025,02:57:44,867.31
O00011675,U008309,31-10-2024,00:55:14,867.15
O00006456,U006438,10-01-2025,16:57:11,867.01
O00011039,U000926,17-03-2025,08:11:08,867.00
O00010269,U003460,18-05-2024,02:01:27,866.96
O00002030,U004947,03-04-2025,12:28:49,866.93
O00008869,U002321,27-08-2024,07:59:17,866.62
O00014120,U002185,31-05-2024,13:10:16,866.56
O00006904,U006909,16-05-2025,18:36:47,866.49
O00017926,U003739,01-10-2025,07:29:59,866.46
O00005998,U007274,06-11-2024,00:19:07,866.21
O00018333,U003600,19-01-2024,21:43:50,866.12
O00010353,U003842,05-09-2025,23:33:23,865.93
O00001851,U007783,13-04-2024,18:03:33,865.91
O00012337,U001170,02-01-2024,14:52:42,865.78
O00009363,U000620,13-02-2025,11:02:29,865.55
O00011428,U005813,09-05-2025,23:38:53,865.55
O00015672,U002065,09-10-2024,20:32:08,865.55
O00018027,U003214,27-09-2024,11:29:20,865.10
O00013234,U005841,25-12-2024,07:14:04,864.94
O00019099,U008379,23-12-2024,17:30:24,864.93
O00011776,U009200,01-06-2025,07:25:48,864.70
O00003950,U005103,05-04-2024,04:20:43,864.61
O00006619,U005455,10-11-2024,20:20:15,864.61
O00009554,U002461,08-03-2024,19:36:39,864.52
O00014786,U007220,13-08-2024,13:30:14,864.30
O00007740,U006523,29-09-2024,12:04:06,864.28
O00003466,U007530,29-12-2024,15:56:33,864.19
O00005180,U008151,26-03-2024,14:06:32,864.19
O00019792,U000833,31-07-2025,04:41:33,864.16
O00017541,U000435,14-08-2024,12:42:19,864.06
O00001631,U009616,19-02-2024,05:46:48,863.90
O00007049,U005955,20-01-2024,13:16:00,863.71
O00014368,U003713,27-07-2024,17:41:09,863.45
O00012289,U002235,20-10-2024,03:26:57,862.42
O00019074,U001299,25-07-2024,08:31:59,862.24
O00010698,U003703,15-06-2024,19:23:31,861.84
O00015716,U001863,08-10-2025,23:10:17,861.69
O00007411,U003991,19-10-2025,01:08:41,861.62
O00009171,U004768,20-06-2025,10:48:09,861.62
O00015399,U002788,31-08-2025,01:15:03,861.62
O00019271,U000261,27-06-2025,01:18:54,861.61
O00006278,U002345,10-10-2025,12:42:04,861.20
O00019236,U003177,06-07-2024,00:23:49,861.06
O00007394,U007121,30-09-2024,05:25:47,860.55
O00000005,U008537,13-11-2024,08:15:18,860.50
O00018960,U006374,03-04-2024,09:55:38,860.46
O00010111,U009826,10-04-2025,20:43:17,860.41
O00006968,U001335,16-02-2024,18:31:05,860.35
O00011408,U002578,24-11-2024,05:47:03,860.27
O00010802,U009943,17-01-2024,10:53:18,859.04
O00000036,U009692,14-05-2024,21:27:14,858.97
O00018262,U009657,22-02-2025,12:00:46,858.55
O00016363,U009975,05-07-2024,19:38:30,858.27
O00006226,U008788,19-07-2025,07:01:30,858.26
O00018325,U005854,09-03-2024,22:54:26,857.86
O00012437,U007308,12-05-2024,15:24:25,857.57
O00017403,U002754,14-02-2025,21:10:34,857.47
O00017606,U005265,14-01-2025,10:44:47,857.43
O00012371,U001252,30-07-2025,06:22:14,857.27
O00016331,U007949,18-04-2024,02:18:52,857.27
O00003264,U001142,15-11-2024,09:31:40,857.26
O00006144,U006708,03-03-2024,14:10:38,856.97
O00002187,U008316,11-03-2024,03:13:51,856.90
O00004402,U007115,07-05-2025,19:41:40,856.77
O00008034,U002433,08-03-2024,17:51:01,855.63
O00003066,U004111,12-09-2025,03:32:53,855.42
O00016622,U003922,14-05-2024,18:40:59,855.42
O00013541,U004337,08-09-2024,09:11:16,855.23
O00012963,U002606,03-06-2024,10:59:15,854.84
O00004862,U000078,31-10-2025,03:15:54,854.80
O00007338,U005257,24-08-2024,12:22:34,854.80
O00014748,U003495,29-06-2025,07:57:11,854.80
O00019494,U003995,01-11-2024,23:38:29,854.60
O00006749,U004924,18-02-2024,03:01:32,854.47
O00019237,U009147,23-12-2024,22:23:08,854.45
O00018085,U002868,18-07-2024,11:56:28,854.24
O00016156,U003619,01-10-2025,05:04:53,854.09
O00000837,U001756,12-04-2025,10:53:39,853.82
O00011626,U003055,04-04-2025,15:57:44,853.70
O00009921,U009415,19-04-2025,11:37:57,853.46
O00018374,U005431,17-08-2024,21:42:42,853.17
O00010463,U005107,22-07-2025,11:52:37,853.07
O00015453,U007734,22-10-2025,06:43:48,852.64
O00014956,U002721,04-01-2025,22:50:20,852.49
O00016871,U003209,10-12-2024,19:19:55,852.48
O00000047,U004124,13-04-2024,23:26:43,852.12
O00004571,U007626,15-03-2025,04:50:48,852.12
O00012930,U001411,24-06-2025,12:49:07,852.12
O00018430,U006697,24-03-2025,20:41:12,852.04
O00018250,U007102,06-11-2024,23:42:30,851.88
O00000709,U002291,01-11-2024,23:16:00,851.87
O00001141,U002593,10-08-2025,18:52:42,851.66
O00003940,U002553,05-11-2024,11:32:18,851.61
O00001491,U005845,26-06-2024,13:10:49,851.36
O00004464,U007625,27-11-2024,09:19:36,851.29
O00011180,U008209,07-01-2024,06:08:12,851.07
O00016617,U008163,30-10-2025,01:30:05,850.77
O00005875,U006948,02-06-2024,17:10:56,850.61
O00005892,U003975,13-04-2024,05:13:35,850.61
O00009671,U001790,07-06-2025,05:52:45,850.41
O00002032,U005385,19-07-2025,00:37:37,850.40
O00001372,U004331,12-02-2025,11:26:19,850.26
O00002373,U009241,21-09-2025,05:30:38,850.18
O00000586,U003399,27-08-2025,16:19:58,850.10
O00000495,U009689,12-03-2025,22:39:11,849.35
O00004408,U006421,18-09-2025,16:04:52,849.24
O00004987,U007746,02-09-2025,17:52:09,849.11
O00016133,U000507,31-12-2024,14:02:03,848.80
O00012194,U005062,16-08-2025,08:45:36,848.79
O00004018,U007086,03-09-2024,08:02:21,848.69
O00016995,U000978,20-08-2025,13:20:59,848.65
O00012823,U003907,07-10-2024,23:19:42,848.35
O00009612,U005530,02-05-2025,05:20:44,848.26
O00012135,U004438,23-07-2025,09:47:32,848.23
O00008613,U005749,15-04-2024,04:40:23,847.83
O00005324,U000004,27-11-2024,13:40:01,847.60
O00004910,U009399,07-01-2024,23:44:41,847.48
O00019483,U007973,07-02-2025,14:08:38,847.42
O00006744,U007533,16-04-2024,00:13:55,847.34
O00015198,U006991,29-12-2024,02:49:18,847.34
O00006426,U007660,09-01-2024,01:25:57,847.08
O00012308,U000793,21-03-2025,01:11:40,846.79
O00000270,U003564,12-02-2024,06:57:56,846.61
O00001226,U005534,17-06-2024,12:19:23,846.61
O00002635,U005839,22-06-2025,11:52:27,846.61
O00008648,U008957,15-07-2025,11:21:33,846.61
O00019942,U000843,17-10-2024,17:39:27,846.61
O00019356,U004319,20-02-2025,03:49:49,845.86
O00002415,U002736,28-08-2025,18:47:45,845.79
O00018784,U006851,09-07-2025,23:50:54,845.61
O00018540,U009228,01-03-2024,13:39:44,845.27
O00018865,U001059,14-01-2025,19:16:21,845.26
O00012149,U007085,13-09-2025,06:35:20,845.04
O00006389,U003290,06-07-2025,07:13:53,844.76
O00018791,U008707,14-02-2024,13:52:39,844.68
O00001036,U002271,24-08-2025,11:54:31,844.54
O00009858,U006532,07-02-2025,05:46:41,844.51
O00004396,U008261,26-03-2025,00:17:54,844.44
O00016044,U006195,18-09-2025,19:47:22,844.44
O00002803,U005338,14-01-2025,09:46:59,844.36
O00014103,U003731,02-11-2025,07:47:45,844.02
O00001578,U009177,02-07-2024,07:09:37,843.64
O00004677,U002571,26-04-2025,10:25:39,843.33
O00018922,U000586,17-02-2024,00:54:56,843.32
O00012186,U001176,31-05-2024,18:19:10,842.90
O00016706,U000234,11-05-2024,06:53:35,842.76
O00000508,U003933,05-05-2024,22:20:04,842.39
O00015424,U004263,09-05-2024,03:05:23,842.31
O00010593,U003906,20-05-2025,11:46:26,841.84
O00004496,U003543,30-10-2024,01:19:01,841.76
O00010154,U009728,31-12-2024,16:15:39,841.74
O00019450,U001249,12-01-2024,21:42:49,841.61
O00014179,U009525,16-06-2024,21:20:32,841.47
O00016054,U004291,21-10-2024,01:29:44,841.13
O00011996,U007234,09-07-2024,00:30:54,840.48
O00000126,U002931,06-02-2025,00:47:54,840.44
O00009693,U008636,18-05-2024,06:51:18,840.42
O00003538,U000216,28-05-2024,18:30:49,840.01
O00010110,U001287,09-08-2024,06:41:04,840.01
O00019913,U000640,05-11-2025,19:10:52,839.41
O00013353,U005902,03-01-2024,21:44:41,839.30
O00019446,U009902,21-05-2024,11:29:12,838.95
O00011982,U005742,29-06-2025,14:12:01,838.72
O00004580,U007708,18-02-2024,00:43:08,838.30
O00004579,U005890,23-01-2024,05:43:00,838.26
O00019201,U006072,25-06-2024,15:17:18,838.04
O00010668,U008174,22-06-2025,11:12:52,837.99
O00004181,U008058,10-05-2025,10:54:28,837.86
O00000309,U005284,29-11-2024,09:22:23,837.81
O00008174,U005152,30-06-2025,00:32:02,837.58
O00010455,U004923,29-09-2025,00:07:00,837.56
O00012216,U006517,26-05-2024,19:09:57,837.50
O00010031,U003515,28-02-2025,21:26:38,837.27
O00013329,U000822,18-06-2025,13:50:25,837.26
O00009922,U004321,06-03-2025,23:47:56,837.12
O00012116,U000482,22-08-2025,16:23:26,837.09
O00005031,U002174,05-02-2025,19:17:16,837.04
O00018082,U005868,25-10-2024,16:13:08,836.78
O00011970,U000367,09-08-2025,22:44:22,836.76
O00010438,U002008,23-02-2025,01:13:38,836.55
O00017652,U007308,24-02-2025,11:39:33,835.98
O00008249,U000023,02-01-2024,21:18:22,835.90
O00005106,U005323,28-05-2025,15:02:15,835.66
O00008881,U007975,22-03-2025,16:23:17,835.66
O00010603,U000856,18-06-2025,01:04:04,835.66
O00017727,U009158,06-02-2024,15:52:06,835.64
O00003678,U003577,08-02-2025,15:05:15,835.50
O00013430,U002402,22-01-2025,21:10:46,835.50
O00002377,U000180,27-02-2024,01:49:13,835.26
O00005051,U008974,27-06-2024,07:27:04,835.25
O00002946,U005610,23-09-2024,22:15:50,835.23
O00000052,U006522,13-09-2024,23:23:40,834.66
O00004051,U008773,26-12-2024,11:37:44,834.66
O00008506,U006885,11-08-2025,02:16:37,834.60
O00000048,U005265,29-10-2024,06:00:17,834.55
O00008396,U005375,13-05-2025,07:18:14,834.52
O00009462,U005440,11-02-2025,01:48:29,834.30
O00011538,U006858,04-01-2024,09:57:43,834.30
O00014538,U003778,03-04-2024,13:23:10,834.30
O00016776,U000006,19-06-2025,04:35:46,834.30
O00015396,U002003,27-08-2025,17:48:41,834.19
O00012248,U004853,21-10-2024,04:38:31,833.84
O00000748,U004852,10-07-2025,10:54:36,833.80
O00017551,U005792,19-09-2025,22:23:04,833.80
O00000530,U002537,20-12-2024,01:52:42,833.56
O00010450,U005637,26-06-2025,05:30:14,833.56
O00004462,U003946,24-07-2025,17:40:46,833.09
O00001549,U004530,18-11-2024,01:18:14,833.01
O00007948,U004545,08-12-2024,04:58:21,832.79
O00015239,U000291,26-07-2024,19:01:39,832.77
O00019240,U008599,02-10-2025,13:12:01,832.57
O00017712,U002591,05-05-2025,16:14:35,832.49
O00011786,U002055,21-03-2024,06:54:56,832.48
O00010971,U009834,09-12-2024,03:07:09,832.43
O00004671,U000182,27-08-2025,09:17:27,832.19
O00009146,U001108,20-06-2024,03:08:49,832.08
O00004357,U004306,26-04-2025,22:45:17,832.06
O00003421,U003432,21-10-2025,18:40:46,831.94
O00019359,U000169,09-03-2025,16:04:49,831.94
O00010809,U006159,03-02-2024,06:58:24,831.90
O00006317,U003067,15-05-2024,00:12:16,831.76
O00000416,U005686,08-04-2024,10:07:56,831.31
O00001256,U001546,16-09-2025,10:00:37,831.01
O00005365,U008501,05-03-2024,05:33:33,831.01
O00016208,U005641,30-04-2024,22:00:30,830.74
O00011363,U008800,31-03-2024,06:15:13,830.73
O00013061,U003277,11-06-2025,10:36:21,830.55
O00012699,U007253,06-09-2024,12:53:29,830.46
O00016962,U009212,16-11-2024,22:24:38,830.26
O00015676,U003335,26-07-2025,06:36:44,830.07
O00012769,U002501,30-08-2025,17:27:05,829.95
O00000678,U009632,21-03-2025,22:56:06,829.80
O00009679,U003381,31-05-2024,17:02:28,829.62
O00014627,U003726,19-04-2025,19:40:29,829.61
O00011212,U004601,28-06-2025,02:03:37,829.42
O00011444,U000779,14-07-2024,03:00:24,829.37
O00018005,U008068,01-11-2025,14:00:22,829.05
O00005782,U006267,24-06-2024,23:57:55,828.98
O00012906,U008771,14-09-2024,21:50:19,828.88
O00014459,U001785,29-01-2025,03:57:03,828.59
O00009542,U004942,10-07-2025,19:27:15,828.56
O00012497,U008890,18-10-2024,16:51:52,828.53
O00018688,U008385,11-02-2025,07:25:31,828.09
O00019206,U000518,14-03-2025,21:32:09,828.09
O00015736,U001373,12-09-2025,15:11:23,827.98
O00012314,U002635,07-01-2025,02:09:57,827.91
O00009986,U003604,02-03-2025,11:44:43,827.60
O00014389,U009942,22-03-2025,16:57:51,827.59
O00003100,U002189,23-11-2024,10:04:33,827.39
O00000294,U003889,16-04-2024,08:03:29,827.12
O00011051,U009202,08-08-2024,19:43:15,827.06
O00012422,U007369,24-04-2025,12:16:05,826.85
O00018833,U009059,12-09-2024,09:01:20,826.84
O00017380,U003560,13-02-2024,03:35:04,826.74
O00010555,U004336,31-12-2024,05:49:59,826.62
O00009503,U006696,26-09-2025,11:15:13,826.25
O00005848,U008054,02-03-2024,02:53:41,826.22
O00003957,U007875,29-03-2024,14:56:42,826.18
O00017580,U007592,03-08-2024,06:05:09,826.18
O00018982,U005544,22-08-2024,18:50:33,826.18
O00006243,U008607,20-02-2025,11:34:44,825.74
O00007645,U003753,01-11-2024,19:52:01,825.60
O00019057,U004826,17-01-2024,12:19:08,825.47
O00018156,U006924,03-03-2024,19:07:59,825.36
O00006337,U001860,18-02-2025,09:14:31,825.34
O00017891,U002261,16-11-2024,07:25:32,824.91
O00014617,U005799,18-11-2024,07:58:46,824.81
O00013154,U002192,06-10-2024,10:23:13,824.25
O00015402,U003625,07-03-2025,20:00:05,823.98
O00003773,U009182,14-09-2024,21:44:05,823.91
O00003941,U001126,06-11-2024,04:30:00,823.81
O00010133,U002147,18-07-2024,03:08:28,823.69
O00002256,U003145,13-11-2025,19:41:20,823.44
O00008667,U008937,03-09-2025,04:54:07,823.23
O00018284,U007755,10-12-2024,23:39:27,823.03
O00015498,U001655,25-06-2025,14:23:35,822.63
O00010141,U006766,25-04-2024,20:35:54,822.26
O00004246,U004009,13-03-2025,22:16:17,822.11
O00017259,U004423,29-04-2024,09:56:41,821.73
O00002501,U001283,29-01-2024,16:23:20,821.10
O00018809,U004816,12-10-2024,06:52:04,820.89
O00012461,U005514,24-01-2024,06:09:14,820.17
O00013139,U001857,19-09-2025,11:12:13,819.76
O00016223,U007881,28-08-2025,13:03:22,819.50
O00014011,U000973,08-08-2025,10:01:21,819.49
O00011364,U007992,09-05-2024,10:59:21,819.38
O00013461,U009781,05-10-2025,23:47:09,819.24
O00001152,U006817,06-02-2024,14:11:27,819.22
O00014648,U003496,15-05-2024,00:09:33,819.09
O00015878,U005577,01-12-2024,01:49:06,818.78
O00016468,U004348,07-01-2024,04:15:42,818.70
O00018678,U002445,16-09-2024,01:10:54,818.59
O00019898,U002948,27-07-2025,16:37:31,818.59
O00008584,U008035,23-03-2024,21:03:43,818.47
O00012494,U001525,19-02-2025,18:39:37,818.40
O00014941,U009850,03-06-2025,16:08:53,818.08
O00010150,U006744,01-03-2025,01:32:37,818.03
O00014541,U004324,23-08-2024,20:49:50,817.95
O00010688,U002834,13-11-2024,20:06:53,817.50
O00018215,U002588,27-11-2024,07:29:11,817.35
O00014464,U004446,09-08-2025,20:55:06,817.16
O00019303,U003619,27-10-2025,20:55:20,816.82
O00016867,U002632,08-02-2024,11:38:50,816.74
O00018793,U000163,16-01-2024,10:06:30,816.60
O00019188,U002499,12-11-2025,21:27:08,816.53
O00017577,U003669,17-06-2025,04:41:59,816.23
O00011867,U009885,04-06-2025,04:43:22,815.93
O00013575,U002302,13-09-2024,23:42:03,815.90
O00004836,U002071,02-12-2024,18:07:05,815.77
O00014236,U000134,15-05-2024,20:08:55,815.72
O00015311,U008146,31-01-2025,14:14:04,815.65
O00013015,U000220,30-11-2024,22:40:25,815.49
O00004426,U003639,12-01-2025,23:16:12,815.47
O00006099,U007024,18-10-2025,09:23:14,815.47
O00012695,U001044,03-05-2025,17:24:19,815.47
O00015058,U007890,13-06-2025,16:24:16,815.47
O00007723,U004772,15-05-2025,19:52:08,815.38
O00001145,U004276,13-05-2025,22:57:50,815.21
O00012555,U007372,02-01-2025,08:59:37,815.01
O00016623,U008548,02-04-2024,13:20:02,815.01
O00007771,U007618,30-09-2024,04:22:40,815.00
O00004412,U007571,28-07-2024,13:07:08,814.91
O00003085,U006399,28-09-2024,01:36:18,814.55
O00016358,U007553,22-03-2025,15:13:22,814.44
O00008909,U002718,16-12-2024,23:44:42,814.30
O00014987,U007128,21-06-2025,21:02:19,814.30
O00015071,U000714,17-04-2025,18:23:47,814.30
O00007566,U008097,28-09-2024,05:19:31,814.28
O00006625,U002210,17-09-2025,21:05:39,814.02
O00013681,U006470,03-06-2024,16:52:26,813.89
O00013545,U001956,08-11-2024,14:42:00,813.82
O00008191,U000208,24-04-2024,21:33:07,813.79
O00000651,U007971,18-03-2024,07:49:35,813.64
O00018997,U006444,27-10-2025,21:49:04,813.54
O00018051,U007716,12-06-2024,18:26:17,813.52
O00008719,U002183,29-03-2025,05:28:23,813.44
O00012791,U002808,02-02-2025,15:43:59,813.18
O00001893,U008012,21-06-2024,18:12:00,811.50
O00002910,U003786,18-01-2024,22:41:48,811.50
O00003482,U006814,22-07-2025,05:44:35,811.50
O00016001,U000325,16-02-2024,00:43:31,811.50
O00016592,U009829,14-08-2025,08:32:01,811.50
O00000170,U003435,25-03-2025,16:57:46,811.41
O00018518,U005964,11-06-2024,18:00:17,811.36
O00007969,U006309,22-03-2024,16:25:05,811.21
O00001298,U007386,25-03-2025,19:39:15,811.12
O00015556,U006498,28-10-2025,07:34:38,810.57
O00003522,U009012,07-07-2025,10:43:08,810.55
O00002479,U000695,18-10-2024,09:13:46,810.53
O00011899,U003868,28-10-2024,19:15:20,810.53
O00001691,U005347,18-03-2024,20:39:37,810.13
O00009274,U009070,01-08-2024,13:30:11,810.11
O00001220,U009818,21-08-2025,04:38:36,810.06
O00010322,U005997,08-06-2024,13:52:34,809.94
O00017828,U006649,24-05-2025,01:42:47,809.70
O00003937,U002012,18-09-2025,15:32:26,809.67
O00011570,U000083,21-11-2024,11:12:50,809.67
O00007672,U004619,05-02-2025,06:12:24,809.66
O00015040,U001571,12-09-2024,12:27:12,809.26
O00007605,U006036,30-11-2024,03:06:38,809.08
O00011191,U003653,07-02-2025,14:51:46,809.06
O00004760,U008095,24-06-2025,21:43:44,808.88
O00018410,U001712,12-03-2025,09:48:07,808.67
O00010453,U009349,21-03-2025,08:57:55,808.60
O00019740,U004978,13-06-2024,12:29:42,808.42
O00003807,U002594,08-12-2024,23:03:06,808.30
O00015605,U004074,23-05-2025,02:04:26,808.27
O00004020,U001167,29-05-2025,03:30:09,808.25
O00000110,U005833,21-08-2024,06:06:05,808.10
O00003605,U003226,11-08-2025,08:37:41,807.90
O00004479,U003796,29-09-2025,16:02:24,807.77
O00012700,U005229,18-03-2025,04:47:17,807.76
O00002854,U000817,21-05-2024,04:45:40,807.32
O00018846,U008748,28-10-2024,10:32:05,807.23
O00012968,U002645,14-05-2025,06:47:07,807.17
O00009036,U002817,14-07-2024,01:09:37,806.72
O00006775,U008274,04-03-2025,06:18:25,806.60
O00003424,U008949,13-05-2025,06:34:21,806.28
O00002370,U000742,11-11-2024,11:45:47,805.78
O00003716,U003394,09-06-2025,02:26:02,805.70
O00014045,U004172,29-10-2025,18:52:36,805.66
O00013403,U003610,15-05-2025,18:32:33,805.42
O00015110,U009247,03-09-2024,20:52:04,805.35
O00011968,U002148,26-03-2024,13:41:31,805.22
O00014400,U008275,01-01-2024,21:30:19,805.16
O00019301,U000119,25-04-2025,18:47:34,805.15
O00009914,U004787,04-01-2024,04:29:50,804.49
O00016659,U006022,14-10-2025,14:29:14,804.46
O00011755,U000713,26-06-2024,16:41:32,803.84
O00002095,U006801,24-04-2025,10:19:42,803.76
O00000024,U003345,20-06-2025,17:10:48,803.47
O00005165,U004225,10-04-2025,05:16:45,802.87
O00018240,U002516,14-10-2024,22:56:14,802.73
O00013964,U003502,02-03-2025,00:53:26,802.68
O00016972,U007813,16-10-2025,09:34:39,802.60
O00004542,U000784,16-01-2025,06:54:55,802.46
O00016471,U009997,22-08-2025,11:03:34,802.46
O00011918,U002465,08-08-2025,19:33:17,802.45
O00000180,U008002,28-07-2024,09:42:38,802.30
O00005865,U007957,08-03-2025,22:59:33,802.25
O00009249,U005667,18-05-2024,05:41:44,802.21
O00004225,U008076,02-10-2025,21:02:20,801.98
O00016162,U002926,29-07-2024,04:38:19,801.76
O00018216,U006104,22-08-2024,14:22:27,801.70
O00006194,U006024,03-03-2024,08:18:51,801.60
O00018697,U001760,06-05-2025,11:19:55,801.57
O00017246,U007813,16-02-2024,15:46:03,801.51
O00012198,U006094,06-06-2025,12:52:26,801.37
O00012815,U006464,28-05-2025,18:47:52,801.00
O00013140,U008431,30-09-2025,06:06:30,800.95
O00015592,U006628,28-04-2024,01:35:14,800.85
O00003178,U007774,26-02-2024,19:33:34,800.84
O00003874,U001835,20-01-2025,20:09:47,800.82
O00001412,U007435,29-07-2025,05:13:43,800.71
O00008502,U005629,06-08-2024,03:42:48,800.61
O00007558,U004085,24-01-2025,17:10:53,800.59
O00003322,U005473,15-06-2025,04:40:06,799.96
O00011991,U003687,18-11-2024,15:19:04,799.92
O00017454,U005409,06-02-2024,14:42:35,799.91
O00015257,U006341,03-05-2025,09:08:54,799.73
O00015572,U001457,16-04-2024,00:36:31,799.49
O00003812,U002508,24-09-2025,04:01:08,798.60
O00004281,U000479,15-05-2025,00:10:29,798.60
O00014794,U008930,12-08-2024,14:31:29,798.60
O00006534,U003827,08-11-2024,10:53:17,798.36
O00010272,U000711,12-09-2025,18:32:48,798.25
O00002576,U000659,17-10-2025,01:06:35,798.14
O00004065,U008173,31-10-2024,03:24:04,797.97
O00015551,U008777,26-01-2024,09:43:19,797.94
O00011235,U004031,01-10-2025,18:25:13,797.93
O00012951,U008505,23-04-2025,15:45:54,797.86
O00010730,U006166,01-03-2024,09:27:38,797.84
O00009646,U005965,18-12-2024,09:52:17,797.74
O00001135,U006722,10-10-2024,12:05:19,797.72
O00011815,U004253,13-05-2024,07:30:17,797.71
O00007545,U006742,22-06-2025,23:59:06,797.64
O00005805,U008226,09-03-2024,04:15:55,797.21
O00010849,U006535,14-11-2025,22:21:20,796.79
O00017305,U000731,11-10-2025,19:17:14,796.28
O00003286,U004423,15-08-2024,02:59:13,796.21
O00016170,U000336,16-10-2024,07:09:25,796.19
O00006206,U004923,20-07-2024,17:30:55,795.86
O00011151,U004019,05-02-2025,03:24:29,795.70
O00017186,U002464,28-09-2025,02:54:31,794.88
O00011804,U001153,22-02-2024,21:29:59,794.73
O00017896,U008666,02-01-2025,21:40:05,794.73
O00005160,U007769,06-07-2024,23:03:27,794.37
O00010064,U005277,03-02-2024,10:51:28,794.29
O00018254,U008764,03-04-2025,02:26:36,794.25
O00006334,U007185,24-09-2024,16:20:46,794.08
O00016378,U003137,29-01-2024,16:11:05,793.78
O00018751,U008148,09-04-2025,06:22:00,793.63
O00002515,U006891,21-09-2025,12:57:55,793.59
O00014422,U008286,13-02-2025,01:11:32,793.35
O00013473,U009180,02-06-2025,08:50:46,793.26
O00004600,U009368,14-03-2024,00:53:44,793.04
O00018419,U004735,26-01-2024,11:31:55,793.04
O00005583,U005313,07-12-2024,13:07:16,792.71
O00012501,U003981,08-01-2024,06:35:48,792.50
O00013301,U008857,05-08-2024,08:53:34,791.78
O00006590,U001253,28-09-2025,16:07:21,791.60
O00019234,U006045,23-05-2025,12:09:53,791.56
O00002045,U004367,12-03-2025,10:32:58,791.44
O00015820,U005810,07-03-2024,03:09:59,791.40
O00018840,U000546,16-10-2024,05:50:33,791.37
O00007021,U001823,22-08-2025,01:58:00,790.95
O00014373,U001923,15-01-2024,16:29:32,790.69
O00004094,U000877,01-01-2024,13:25:09,790.48
O00014844,U003480,11-09-2024,22:46:45,790.48
O00005725,U009972,13-01-2024,07:35:20,790.35
O00019994,U006442,16-01-2025,08:39:11,790.35
O00003245,U000636,14-08-2025,16:54:48,790.30
O00001035,U003072,06-12-2024,23:51:41,790.28
O00008979,U009860,11-05-2025,07:48:21,790.24
O00018963,U004554,07-10-2024,15:02:01,790.08
O00008946,U008494,02-03-2025,08:15:00,789.84
O00007226,U003940,14-03-2024,07:37:51,789.53
O00006207,U005929,21-09-2024,09:49:30,789.41
O00010112,U000719,12-08-2024,01:39:48,788.84
O00010712,U005592,05-06-2024,19:20:59,788.68
O00018683,U003037,24-02-2024,06:15:36,788.58
O00017307,U003356,28-05-2024,01:04:52,788.57
O00014487,U004921,09-06-2025,12:18:19,788.19
O00006323,U001586,08-07-2024,21:53:04,788.14
O00019410,U001572,22-10-2024,11:56:52,788.14
O00019291,U005830,02-08-2025,15:22:45,788.03
O00012080,U007731,09-12-2024,14:04:44,787.77
O00004764,U001788,06-05-2024,05:49:20,787.21
O00013718,U006704,24-10-2025,23:44:27,787.11
O00009563,U009015,31-03-2025,12:26:20,787.10
O00002505,U007741,01-11-2024,12:51:05,786.85
O00015427,U002862,24-05-2024,19:14:36,786.83
O00016396,U009825,07-09-2025,00:02:05,786.72
O00011718,U009723,13-11-2024,20:37:59,786.46
O00009830,U005713,18-04-2025,14:55:24,786.40
O00010189,U006498,15-03-2024,18:11:29,786.40
O00015007,U003136,13-05-2024,16:44:33,786.40
O00019009,U005192,18-06-2024,15:00:53,786.40
O00008208,U004706,11-01-2024,11:14:57,786.14
O00007375,U006167,03-09-2025,23:52:22,786.05
O00005684,U000432,18-11-2024,06:38:35,786.01
O00004413,U000638,06-09-2025,20:46:04,785.92
O00008229,U005648,03-09-2025,17:13:16,785.81
O00010834,U005948,23-02-2024,07:06:03,785.75
O00010816,U004746,21-07-2024,00:37:23,785.70
O00004458,U006319,09-05-2025,12:48:27,785.34
O00009304,U005778,24-06-2025,08:54:57,785.27
O00011350,U009554,04-09-2025,04:37:30,784.78
O00014653,U006035,02-05-2025,16:48:56,784.73
O00015639,U006191,26-01-2025,08:25:12,784.72
O00014614,U003755,02-01-2024,07:41:44,784.69
O00019197,U009482,23-10-2024,05:34:56,784.49
O00011733,U008124,17-06-2024,19:38:03,784.07
O00012705,U008562,18-05-2024,12:33:51,783.79
O00003794,U005073,22-06-2025,16:49:42,783.74
O00010072,U003505,24-04-2024,18:56:14,783.72
O00000598,U008058,09-12-2024,09:02:49,783.71
O00009717,U009466,15-08-2024,20:00:14,783.49
O00007235,U008672,05-10-2024,23:47:12,783.28
O00000628,U000153,10-03-2024,07:13:57,782.61
O00014250,U006302,12-11-2024,03:28:21,782.61
O00000277,U005096,27-04-2024,23:42:33,782.18
O00019693,U009047,09-05-2024,17:32:27,781.99
O00003007,U004430,24-07-2025,13:32:07,781.59
O00011517,U001856,11-03-2025,02:34:47,781.44
O00005125,U003411,02-05-2024,20:43:11,781.29
O00000179,U000987,06-06-2025,18:53:08,781.28
O00000142,U006344,26-10-2024,11:57:46,781.14
O00006495,U002080,28-08-2024,20:22:31,781.13
O00013348,U007634,16-11-2024,19:19:24,781.11
O00015847,U008669,20-08-2025,01:59:06,781.10
O00018130,U002069,23-12-2024,23:39:24,781.08
O00014263,U007670,03-01-2025,23:40:31,780.86
O00002866,U006998,26-07-2024,14:22:11,780.84
O00000497,U009036,04-01-2025,03:15:14,780.81
O00015743,U005358,18-07-2024,16:13:23,780.60
O00011263,U006131,07-07-2025,19:11:06,780.58
O00005672,U003939,28-02-2024,05:56:37,780.51
O00002177,U007160,16-02-2025,08:44:49,779.82
O00011115,U003467,04-05-2024,10:05:11,779.45
O00013950,U003562,27-03-2024,11:45:28,779.19
O00004850,U007276,27-09-2024,18:36:17,779.16
O00017012,U003713,18-01-2025,11:14:47,779.16
O00008670,U006956,12-11-2025,03:30:37,779.12
O00011196,U001006,11-11-2024,08:08:55,778.48
O00000291,U007858,03-02-2024,20:54:24,778.39
O00016637,U008685,02-05-2024,03:44:01,778.11
O00006609,U001200,16-01-2024,22:40:39,778.08
O00000081,U000280,19-04-2024,23:38:20,777.99
O00013898,U007794,05-05-2025,19:11:29,777.92
O00010002,U004612,11-07-2024,17:29:49,777.87
O00019617,U006966,06-11-2024,08:09:18,777.84
O00000801,U000965,07-06-2024,03:57:40,777.62
O00014299,U003731,10-01-2024,18:02:53,777.32
O00015012,U006974,20-08-2025,00:37:46,777.29
O00016921,U003475,03-08-2024,22:17:54,777.12
O00013810,U003692,21-10-2024,13:34:49,776.65
O00018109,U004017,01-02-2025,18:53:30,776.47
O00009226,U001679,08-08-2025,20:33:32,776.21
O00011110,U001502,30-10-2025,21:24:16,775.99
O00012515,U007822,07-04-2024,10:38:21,775.64
O00004658,U000670,01-04-2024,22:05:02,775.52
O00009292,U007174,20-02-2024,22:13:32,775.52
O00013621,U005063,04-08-2025,20:11:40,775.52
O00015525,U002966,22-06-2024,12:05:53,775.52
O00008956,U002711,18-12-2024,22:19:39,774.94
O00018340,U005489,13-01-2025,09:58:26,774.89
O00011508,U006845,10-08-2024,16:43:26,774.77
O00012147,U003999,22-03-2025,09:09:02,774.46
O00009553,U003838,14-05-2025,17:22:57,774.41
O00004224,U002465,11-07-2024,08:38:25,773.97
O00001444,U002863,18-02-2024,21:37:04,773.82
O00013587,U006518,03-08-2025,13:48:28,773.82
O00017620,U000121,30-11-2024,23:31:36,773.33
O00011682,U003441,24-04-2024,13:03:33,773.31
O00016336,U003086,05-11-2024,22:55:52,772.81
O00001883,U005629,08-05-2024,14:54:29,772.80
O00016955,U009238,18-06-2024,19:54:45,772.49
O00017345,U004073,16-11-2024,10:33:33,772.35
O00016745,U004637,15-09-2024,06:55:46,772.01
O00009660,U004147,24-01-2024,10:49:53,771.91
O00008325,U007731,20-02-2025,11:22:11,771.84
O00001999,U000684,06-07-2025,04:59:39,771.50
O00015030,U001469,06-05-2024,12:12:40,771.20
O00007475,U008104,16-11-2024,05:44:05,771.19
O00000434,U008366,01-07-2024,15:06:48,771.15
O00014446,U004846,26-08-2024,00:36:49,770.97
O00015484,U008398,08-04-2025,02:22:47,770.90
O00010147,U008134,19-02-2025,05:44:02,770.87
O00018723,U005552,19-02-2024,11:14:51,770.87
O00010443,U005193,21-06-2025,18:24:40,770.82
O00013707,U003482,17-02-2025,23:47:19,770.82
O00005790,U008951,17-05-2024,19:11:06,770.45
O00017776,U004663,26-08-2024,03:00:47,770.24
O00000007,U006985,01-05-2024,04:44:56,769.71
O00000972,U006291,23-06-2025,20:06:38,769.71
O00002081,U000363,07-10-2025,17:10:49,769.71
O00010103,U007742,17-01-2024,04:00:55,769.71
O00010115,U003260,06-07-2024,04:45:32,769.71
O00011627,U004508,06-06-2025,07:00:40,769.71
O00013754,U009473,23-07-2025,00:27:48,769.71
O00016744,U001124,06-06-2024,01:46:51,769.71
O00018407,U008742,25-09-2025,07:42:30,769.71
O00002706,U008580,02-11-2024,05:55:06,769.58
O00016564,U008358,06-07-2024,01:10:40,769.56
O00010782,U002399,17-08-2025,05:08:25,769.41
O00007563,U003378,05-11-2025,01:17:21,769.12
O00009162,U005013,11-11-2024,16:43:04,769.01
O00001852,U002485,29-04-2025,16:58:22,768.83
O00010663,U009636,15-06-2025,07:56:46,768.80
O00018509,U006679,15-01-2025,16:03:26,768.80
O00009102,U004795,15-09-2025,16:13:14,768.61
O00001275,U000583,31-07-2024,08:51:51,768.56
O00015447,U000096,11-05-2024,02:47:19,768.53
O00010476,U008901,24-07-2025,07:54:57,768.36
O00010844,U007115,15-04-2024,19:37:18,768.14
O00014669,U005616,27-01-2024,13:37:18,768.08
O00015952,U004385,24-12-2024,10:28:35,767.67
O00012661,U003910,15-05-2025,07:32:16,767.54
O00010579,U000153,17-10-2025,08:51:08,767.41
O00011504,U007055,06-04-2024,20:49:49,767.21
O00005102,U003873,21-08-2024,22:22:26,767.11
O00005227,U005234,10-07-2024,15:27:05,767.10
O00002183,U006738,17-08-2025,11:04:07,766.91
O00014251,U003643,17-03-2024,04:36:21,766.89
O00009769,U003988,10-11-2024,09:02:24,766.86
O00000829,U000513,18-09-2024,07:07:47,766.76
O00015816,U000299,02-03-2024,16:39:16,766.75
O00002416,U003750,15-04-2025,19:09:12,766.52
O00006316,U000123,02-02-2024,09:35:47,766.52
O00015401,U004265,30-03-2025,18:02:30,766.26
O00006374,U007268,10-12-2024,22:10:49,765.69
O00000441,U007493,13-05-2025,00:51:24,765.03
O00013500,U003127,08-04-2025,05:21:01,764.90
O00000685,U006534,17-08-2025,14:17:47,764.69
O00010707,U008890,27-08-2025,02:36:31,764.44
O00018169,U003701,16-04-2025,12:19:58,764.34
O00007305,U000702,30-10-2024,20:22:11,764.24
O00011762,U007632,11-08-2024,22:49:38,763.66
O00016200,U008580,01-01-2025,23:10:49,763.65
O00018426,U004659,03-02-2025,21:38:56,763.65
O00019226,U006177,15-05-2024,00:49:28,763.65
O00004197,U007918,23-06-2025,10:38:45,763.59
O00008622,U003990,08-01-2025,19:13:06,763.44
O00013847,U007474,12-03-2024,23:45:54,763.34
O00010185,U007020,06-11-2024,04:02:40,763.27
O00018890,U009125,27-12-2024,21:07:37,763.08
O00011672,U005923,17-08-2025,18:36:45,763.00
O00015780,U008940,05-09-2025,13:41:18,762.92
O00011735,U009587,10-11-2025,01:00:04,762.39
O00013867,U005060,24-04-2025,17:58:48,761.98
O00012683,U009803,23-07-2025,23:17:17,761.87
O00017760,U009678,26-01-2024,05:14:38,761.64
O00007192,U005225,04-03-2024,09:49:17,761.60
O00011388,U006255,20-03-2024,06:33:34,761.47
O00001992,U008387,19-02-2025,19:48:31,761.43
O00000713,U003144,19-09-2025,10:29:06,761.04
O00013927,U001749,14-01-2024,01:15:53,760.74
O00003199,U001757,19-02-2025,18:22:40,760.68
O00015996,U001783,08-11-2025,14:08:23,760.34
O00017181,U002684,15-08-2025,04:55:32,760.25
O00018971,U006039,07-08-2025,12:22:11,759.96
O00018124,U004595,09-08-2024,16:30:43,759.56
O00005786,U005878,02-12-2024,08:30:22,759.53
O00000258,U007831,25-01-2025,22:52:15,759.40
O00012279,U006241,10-04-2024,02:49:49,759.21
O00013251,U005417,10-05-2025,15:19:35,759.01
O00017335,U004391,10-01-2025,17:35:48,758.93
O00004943,U007117,22-05-2024,06:29:20,758.85
O00012282,U006806,04-09-2025,00:20:32,758.82
O00003513,U003787,06-12-2024,13:16:25,758.75
O00011492,U006493,07-11-2025,14:27:33,758.69
O00000376,U006830,02-12-2024,10:22:33,758.64
O00009871,U002212,06-05-2024,23:44:17,758.63
O00012807,U002018,19-01-2025,11:49:37,758.55
O00002340,U004749,18-07-2024,22:40:15,758.31
O00007978,U002990,18-08-2025,08:03:45,758.21
O00007858,U009277,07-07-2025,21:42:31,758.10
O00010062,U000693,12-09-2025,09:40:10,757.86
O00004456,U000564,03-09-2025,00:21:52,757.85
O00010299,U008258,21-09-2025,12:31:40,757.66
O00012470,U001347,24-04-2024,20:51:08,757.50
O00002056,U008048,15-09-2024,11:18:31,757.31
O00000491,U006170,03-04-2025,09:15:31,757.22
O00000306,U002575,24-06-2025,10:05:15,756.87
O00012447,U003379,21-09-2024,08:45:44,756.87
O00013524,U009971,25-03-2024,05:29:15,756.87
O00001369,U003422,04-11-2024,12:14:11,756.79
O00017586,U009376,07-07-2025,13:47:22,756.59
O00006807,U005378,14-11-2025,17:13:43,756.54
O00018728,U000231,19-07-2024,15:57:38,756.54
O00009970,U009822,08-06-2025,06:29:32,756.43
O00001113,U004737,30-04-2025,17:22:58,756.13
O00010265,U001566,13-08-2024,08:11:22,756.03
O00003075,U009829,24-09-2024,18:46:36,755.76
O00001378,U008463,19-12-2024,00:18:07,755.69
O00002969,U001373,30-01-2024,14:10:34,755.62
O00019400,U001942,04-09-2024,18:08:39,755.62
O00012652,U001802,14-01-2025,10:04:28,755.52
O00013563,U003506,28-08-2024,05:04:41,755.40
O00004467,U001214,02-11-2025,00:17:43,754.97
O00001115,U002379,16-01-2024,04:09:04,754.84
O00014160,U008593,31-05-2025,22:07:22,754.78
O00011554,U009661,17-03-2025,04:48:42,753.85
O00010989,U000533,22-09-2025,08:55:15,753.67
O00007406,U007537,14-03-2025,08:07:55,753.47
O00006964,U004520,13-06-2025,06:44:19,753.31
O00007602,U000681,22-10-2025,03:55:58,752.88
O00019698,U005999,18-05-2024,09:23:16,752.70
O00006596,U009345,07-09-2024,17:11:06,752.62
O00016372,U004477,20-04-2025,23:49:11,752.60
O00011433,U009716,25-05-2024,07:49:12,751.42
O00008318,U005536,22-02-2024,11:00:32,751.37
O00000089,U004756,15-06-2025,16:01:44,751.36
O00017388,U001028,01-10-2025,13:35:19,751.36
O00015442,U003943,23-10-2024,08:27:16,751.23
O00008549,U000387,02-09-2025,19:20:55,751.16
O00011401,U009185,07-04-2024,06:24:54,750.80
O00001825,U000336,14-09-2024,15:12:40,750.57
O00012792,U004383,23-05-2024,22:46:28,750.44
O00018176,U002499,07-07-2024,00:42:56,750.33
O00010980,U006964,28-01-2025,04:52:26,750.04
O00003809,U009137,13-10-2025,03:29:09,749.68
O00013609,U004215,22-10-2024,07:21:06,749.52
O00005888,U000331,15-06-2024,14:30:27,749.37
O00014612,U002554,26-04-2025,01:36:09,749.20
O00004648,U008518,25-12-2024,14:48:15,749.03
O00003292,U000353,19-03-2025,02:40:46,748.52
O00016828,U007869,16-09-2024,13:47:33,748.35
O00008929,U006367,09-05-2025,07:27:04,747.81
O00000488,U008604,24-01-2025,15:53:18,747.80
O00005054,U005817,04-08-2024,06:29:18,747.78
O00000409,U004553,23-04-2025,12:43:27,747.66
O00017325,U002859,25-04-2025,10:06:37,747.55
O00014751,U006699,10-04-2025,21:57:56,747.02
O00013830,U009562,13-06-2024,23:00:31,746.97
O00008199,U002815,19-10-2024,00:02:12,746.91
O00005671,U003455,30-10-2025,18:57:47,746.51
O00016314,U008422,22-01-2025,18:49:54,746.51
O00018753,U006140,29-07-2025,05:05:03,746.51
O00016975,U004517,13-07-2024,10:46:17,746.46
O00012296,U000664,14-07-2025,22:24:05,746.45
O00002335,U000139,01-09-2024,21:23:51,746.40
O00005704,U008489,06-06-2024,19:53:43,746.39
O00004969,U006646,01-04-2024,14:04:53,745.69
O00015222,U006593,02-08-2024,06:26:36,745.53
O00008561,U008319,10-09-2025,13:26:39,745.42
O00017257,U006308,08-02-2024,23:50:11,745.40
O00002883,U000745,22-03-2024,07:57:24,745.01
O00003495,U003418,24-10-2025,18:15:03,744.98
O00015122,U005956,08-10-2024,12:26:58,744.59
O00015515,U006851,15-01-2024,17:41:46,744.48
O00001720,U004687,23-09-2024,01:49:14,744.27
O00006799,U009247,12-10-2024,07:59:55,744.22
O00010194,U000147,05-06-2025,00:04:50,743.74
O00001937,U005187,24-01-2024,02:13:28,743.73
O00018854,U009137,01-04-2024,14:05:28,743.71
O00017863,U000638,24-03-2024,22:52:09,743.56
O00015023,U002673,21-05-2025,04:29:35,743.46
O00007525,U009690,03-06-2024,13:14:47,743.28
O00010693,U007656,14-01-2024,17:22:52,743.23
O00007197,U008408,07-04-2024,02:19:19,743.19
O00017868,U009436,08-09-2025,16:45:43,743.13
O00009425,U007531,06-10-2024,12:38:42,742.93
O00008227,U002695,17-04-2024,03:49:27,742.83
O00000387,U005535,11-07-2025,10:57:08,742.73
O00003046,U001833,10-09-2025,14:45:33,742.66
O00011463,U008222,09-11-2024,07:23:08,742.47
O00013117,U006277,19-02-2025,13:12:15,742.47
O00015751,U009147,02-09-2025,20:57:54,742.47
O00001042,U007786,21-04-2024,00:26:50,742.29
O00011253,U004271,08-05-2024,07:23:55,742.29
O00014000,U004086,13-04-2024,14:40:54,742.29
O00007851,U007245,09-08-2024,02:30:17,742.25
O00002002,U001983,16-03-2025,11:37:05,742.12
O00018044,U001806,01-01-2025,10:43:01,742.09
O00015384,U001094,08-12-2024,09:33:51,742.02
O00004519,U006197,13-04-2024,06:31:16,742.01
O00014394,U002360,11-01-2025,12:53:38,741.89
O00011486,U005629,28-06-2024,03:19:29,741.60
O00009042,U008282,13-04-2024,10:30:53,741.57
O00004995,U009543,23-03-2024,20:10:37,741.48
O00013127,U009480,19-12-2024,02:37:56,741.28
O00000346,U004683,04-09-2025,19:22:33,741.03
O00001632,U003112,04-09-2024,15:05:14,740.75
O00005648,U003056,30-06-2024,15:54:13,740.34
O00017795,U009073,16-02-2025,03:09:52,740.04
O00018706,U004303,18-04-2024,17:51:59,739.74
O00019812,U000346,01-01-2024,22:17:18,739.74
O00011300,U007096,03-05-2024,11:33:20,739.68
O00008708,U003085,08-03-2024,04:58:07,739.65
O00003002,U002834,20-10-2024,23:49:51,739.49
O00014710,U000188,05-04-2024,22:16:13,739.49
O00015129,U009249,17-06-2025,14:42:33,739.26
O00000821,U003301,11-02-2024,12:13:44,739.24
O00014336,U003744,29-08-2024,07:28:27,738.97
O00004744,U000732,10-01-2024,01:24:06,738.91
O00016302,U004380,18-05-2025,12:58:14,738.91
O00009004,U008611,25-12-2024,09:24:25,738.84
O00006233,U002655,04-07-2024,19:13:17,738.59
O00006479,U007471,21-08-2025,16:58:00,738.47
O00008612,U002644,31-01-2024,06:42:22,738.47
O00014649,U004183,04-05-2025,06:41:31,738.47
O00019338,U006584,14-02-2024,16:51:24,738.47
O00012725,U002124,12-06-2024,00:36:31,738.26
O00014513,U003214,23-05-2024,20:22:59,738.18
O00003781,U002888,31-08-2024,01:42:59,738.02
O00005008,U006800,29-03-2025,22:15:20,737.64
O00007892,U000782,13-03-2025,01:39:44,737.64
O00014964,U005265,14-07-2025,21:19:47,737.64
O00009247,U006748,18-04-2024,07:11:29,737.58
O00003156,U001131,06-12-2024,18:05:19,737.27
O00016760,U006647,28-01-2025,03:08:15,737.27
O00018732,U000763,22-08-2025,04:53:29,737.24
O00017337,U009789,02-10-2025,16:47:01,737.18
O00002909,U003240,18-07-2024,12:13:01,736.91
O00015720,U006979,15-04-2025,21:38:24,736.85
O00011145,U008498,01-02-2025,00:24:33,736.51
O00008624,U008024,18-12-2024,16:32:00,736.34
O00013158,U006506,11-06-2025,09:05:49,735.91
O00017611,U007220,19-01-2025,22:40:21,735.57
O00014403,U008037,17-09-2025,23:51:55,735.34
O00004689,U005194,04-05-2025,06:36:22,735.24
O00012386,U003939,09-05-2024,20:34:48,735.20
O00004841,U008789,28-11-2024,09:41:46,735.10
O00004873,U003197,03-07-2025,06:55:24,734.99
O00012669,U005593,24-08-2025,03:52:10,734.83
O00006818,U000831,19-08-2024,02:06:59,734.45
O00018364,U000792,30-06-2024,20:21:28,734.37
O00002130,U007924,31-12-2024,04:40:32,734.26
O00010774,U005044,27-06-2024,05:37:08,734.26
O00012058,U007864,13-01-2025,01:03:45,734.26
O00016027,U006461,29-03-2025,11:13:51,733.93
O00017536,U000785,04-06-2024,02:54:15,733.93
O00017704,U003459,31-05-2025,10:24:39,733.74
O00014193,U001470,02-06-2025,09:55:23,733.72
O00019454,U007774,12-11-2025,20:58:09,733.43
O00001156,U000276,29-09-2024,14:37:25,733.14
O00005176,U004204,17-04-2024,22:53:15,733.03
O00013423,U001776,09-04-2024,16:06:39,732.96
O00003960,U008022,25-06-2025,05:08:21,732.90
O00013268,U000413,21-02-2024,10:19:40,732.77
O00014568,U001897,08-07-2024,19:27:22,732.77
O00001187,U002028,26-04-2025,03:02:01,732.28
O00011258,U000193,26-12-2024,03:15:07,732.19
O00011880,U000750,09-03-2025,11:08:58,732.13
O00014684,U002331,04-08-2024,03:32:41,731.91
O00004599,U009719,03-10-2024,15:19:00,731.87
O00007957,U005896,20-01-2025,04:23:42,731.80
O00013846,U009837,27-02-2024,07:18:17,731.77
O00003439,U004814,13-06-2025,16:11:03,731.75
O00004515,U006830,25-03-2025,02:28:21,731.27
O00016540,U002495,23-05-2025,09:11:03,730.67
O00013164,U000441,16-04-2024,17:03:41,730.49
O00017780,U004216,11-03-2024,08:17:23,730.48
O00003263,U009358,11-03-2024,10:25:53,730.30
O00006090,U009998,21-12-2024,20:55:30,729.95
O00002158,U000528,12-05-2024,00:43:03,729.80
O00013771,U009300,15-06-2024,00:17:55,729.78
O00005209,U009852,21-10-2025,12:22:35,729.28
O00003982,U004251,25-02-2025,11:09:05,729.03
O00003472,U002506,08-02-2025,10:15:05,728.97
O00004793,U008722,15-05-2024,09:07:32,728.97
O00010654,U008022,30-05-2025,09:01:06,728.97
O00016414,U005645,14-09-2024,07:38:56,728.97
O00019999,U006170,27-02-2025,18:34:29,728.97
O00008197,U003407,06-02-2025,23:44:42,728.92
O00003191,U005900,30-06-2024,10:00:00,728.79
O00008026,U005790,25-10-2025,22:42:57,728.78
O00018481,U007977,14-11-2024,12:45:51,728.59
O00008007,U006659,15-12-2024,03:33:06,728.58
O00017637,U005109,10-10-2025,00:58:56,728.31
O00007133,U008627,29-05-2024,09:28:50,728.13
O00006988,U009928,23-08-2024,08:33:15,728.09
O00006437,U005909,14-09-2025,09:27:54,727.82
O00013630,U002942,17-10-2024,23:48:16,727.72
O00009492,U001428,21-05-2025,09:42:45,727.69
O00014102,U008880,21-11-2024,19:11:18,727.64
O00018148,U000121,26-08-2024,11:07:36,727.64
O00003218,U007427,01-02-2025,07:58:06,727.45
O00003692,U001028,30-06-2024,04:02:07,727.32
O00018947,U000178,13-01-2024,10:08:24,727.13
O00016657,U007276,23-02-2025,23:30:32,726.94
O00011645,U009857,13-08-2024,19:14:20,726.44
O00019964,U005967,28-09-2024,21:57:14,726.44
O00011653,U000904,02-11-2024,17:12:19,726.43
O00007519,U004280,25-06-2024,05:39:21,726.33
O00015290,U000514,16-07-2025,07:31:40,725.95
O00001043,U000572,06-09-2025,06:17:38,725.81
O00017854,U001611,04-09-2025,04:27:20,725.72
O00000681,U007066,07-01-2024,04:20:49,725.63
O00008505,U001737,18-11-2024,02:23:47,725.56
O00017824,U008133,12-08-2025,02:42:00,725.56
O00019228,U009832,09-04-2024,07:51:29,725.48
O00000253,U007023,15-10-2024,08:56:20,725.28
O00019139,U008207,28-03-2024,12:41:21,725.13
O00008483,U009132,06-06-2025,20:06:40,725.02
O00003980,U009549,30-07-2025,23:26:41,724.94
O00003617,U009754,05-09-2025,22:42:45,724.46
O00012218,U006976,21-02-2025,08:15:48,724.42
O00006915,U008092,11-01-2024,12:38:47,724.39
O00004817,U005602,02-09-2025,12:41:21,724.35
O00003928,U005021,07-07-2025,20:13:16,724.29
O00009439,U006043,09-04-2025,19:05:47,724.22
O00006306,U003266,15-08-2024,05:20:07,724.19
O00018468,U009017,23-05-2025,16:55:47,724.16
O00019595,U002445,20-10-2024,15:37:55,724.01
O00007325,U002075,25-05-2025,02:14:16,723.90
O00003635,U005263,17-05-2025,03:11:19,723.75
O00009950,U009887,11-11-2024,14:38:15,723.64
O00017634,U003494,19-08-2025,07:10:49,723.51
O00007789,U008940,28-07-2025,03:51:22,723.13
O00014188,U007654,29-07-2024,11:13:38,723.10
O00001839,U001966,21-10-2025,09:26:59,723.04
O00000638,U006414,09-09-2024,18:11:49,722.97
O00002648,U007744,10-10-2024,06:25:41,722.96
O00002987,U008761,14-07-2025,20:37:24,722.89
O00015700,U004374,07-01-2025,04:45:48,722.31
O00014572,U009848,19-01-2024,00:19:56,721.96
O00018983,U005097,10-05-2025,04:41:42,721.75
O00001197,U006695,15-04-2024,17:39:34,721.64
O00015784,U009648,07-01-2024,02:27:15,721.35
O00012744,U006605,08-09-2024,08:48:18,721.24
O00014002,U004358,30-06-2025,12:58:18,721.12
O00015959,U005715,29-09-2025,09:45:52,721.06
O00001198,U004661,04-09-2025,02:28:07,721.03
O00002675,U004254,22-01-2024,06:09:30,720.58
O00011754,U008860,26-05-2024,17:09:40,720.58
O00012034,U002605,05-03-2024,05:25:02,720.58
O00007004,U005916,13-02-2025,14:40:29,720.28
O00019943,U002205,03-09-2025,09:12:26,719.73
O00009570,U001305,22-03-2024,13:18:04,719.68
O00004896,U001874,22-12-2024,14:03:17,719.51
O00018694,U008176,11-07-2024,03:52:43,719.07
O00011385,U004566,03-07-2025,22:25:52,719.00
O00009232,U001730,16-03-2024,17:53:35,718.96
O00010022,U003716,13-02-2024,17:59:39,718.90
O00016853,U006427,05-04-2025,01:56:04,718.89
O00002022,U000088,03-09-2024,21:49:17,718.69
O00005154,U005919,16-03-2024,09:52:15,718.65
O00017034,U009904,24-09-2024,10:31:15,718.45
O00002427,U004287,16-09-2025,00:39:43,718.40
O00012563,U002299,23-10-2025,18:42:19,718.31
O00010623,U002704,16-01-2024,17:52:30,718.21
O00014781,U003451,08-09-2025,09:05:54,718.15
O00001857,U005764,18-06-2024,16:16:53,717.85
O00017069,U009403,20-03-2025,18:59:31,717.68
O00013521,U007741,07-02-2025,15:51:52,717.56
O00013405,U009777,09-09-2024,03:16:30,717.31
O00016814,U008509,20-07-2025,03:32:51,717.15
O00002732,U009620,05-06-2025,03:47:09,716.72
O00019558,U001968,18-08-2024,11:15:58,716.72
O00013482,U007962,17-10-2024,10:19:19,716.43
O00007201,U002089,20-09-2025,19:11:31,716.41
O00012343,U001602,03-07-2024,21:15:52,716.39
O00004012,U000455,20-09-2024,09:31:13,715.83
O00006240,U006830,08-09-2024,14:50:16,715.74
O00013978,U009905,12-02-2024,06:39:44,715.74
O00018655,U000411,21-04-2025,13:57:34,715.39
O00002640,U005516,29-04-2024,17:21:13,715.38
O00001094,U003267,28-08-2024,09:05:57,715.27
O00013918,U005489,04-01-2024,14:41:54,715.19
O00019304,U004390,21-08-2024,12:41:09,715.08
O00005436,U006676,11-10-2024,23:38:12,714.96
O00012421,U006215,22-06-2024,04:24:00,714.78
O00005219,U005675,01-07-2024,14:01:36,714.75
O00012212,U007322,01-06-2024,20:45:56,714.60
O00008132,U009651,30-05-2024,15:48:36,714.47
O00011641,U007532,31-05-2024,06:26:58,714.12
O00008927,U003339,14-10-2024,01:06:19,713.89
O00006325,U001893,04-12-2024,10:24:40,713.74
O00019653,U000392,17-01-2024,18:23:02,713.58
O00016860,U001930,04-07-2025,01:46:33,713.48
O00010181,U003889,25-09-2025,00:17:17,713.40
O00000861,U000642,04-01-2025,21:05:39,713.32
O00006407,U003909,07-02-2025,20:09:27,713.26
O00001903,U002187,18-02-2024,02:50:00,713.17
O00017155,U000511,23-10-2025,17:48:59,713.14
O00005822,U007391,02-04-2025,14:33:48,713.10
O00008341,U004752,02-10-2024,03:32:45,713.04
O00003201,U007538,25-02-2025,17:29:30,712.65
O00005175,U009172,14-09-2024,14:03:14,712.40
O00016959,U007550,15-10-2025,06:32:38,712.36
O00019799,U000923,20-05-2024,11:12:24,712.27
O00006551,U003682,17-02-2025,15:51:09,712.19
O00018147,U004689,03-10-2024,02:00:05,712.19
O00006444,U000911,01-05-2025,03:13:07,711.98
O00011353,U006948,02-04-2024,20:26:07,711.98
O00003414,U007262,06-08-2025,08:18:47,711.94
O00007760,U009916,26-09-2024,23:14:01,711.91
O00019281,U000446,25-07-2024,15:59:45,711.78
O00017663,U005244,04-05-2024,07:37:55,711.77
O00008175,U006494,26-08-2025,05:45:37,711.56
O00018557,U000114,11-05-2024,22:37:49,711.56
O00001633,U001320,28-05-2024,10:48:51,711.28
O00004240,U003901,18-05-2025,16:56:34,711.02
O00015206,U008364,05-04-2025,15:13:37,710.95
O00001806,U004349,06-09-2024,07:43:44,710.93
O00009358,U006165,14-10-2025,11:25:06,710.91
O00012178,U005787,23-03-2025,18:26:04,710.86
O00014802,U004849,06-07-2025,17:34:18,710.81
O00009047,U008949,18-09-2025,18:24:40,710.57
O00014605,U008015,18-04-2025,18:37:54,710.57
O00018290,U009147,27-04-2024,20:45:41,710.35
O00010183,U004492,26-03-2024,21:50:33,710.28
O00015033,U003948,23-03-2025,21:13:32,710.28
O00018011,U006128,20-07-2025,04:06:55,710.28
O00011507,U009845,14-10-2024,14:09:38,710.14
O00013860,U008356,02-07-2024,15:01:15,710.10
O00015901,U006706,20-07-2024,05:52:38,710.10
O00012950,U001406,09-11-2024,00:20:51,710.02
O00007356,U004368,27-10-2025,17:29:57,710.01
O00011576,U001372,26-11-2024,08:34:23,709.85
O00010311,U009070,29-05-2024,21:59:12,709.58
O00010810,U008998,27-06-2024,22:19:19,709.50
O00004062,U008766,10-08-2024,17:30:24,709.32
O00017033,U004258,29-07-2025,08:51:41,709.30
O00003222,U002240,16-08-2025,20:41:18,708.98
O00014085,U002088,21-05-2025,16:31:52,708.98
O00003192,U006318,09-09-2025,22:27:30,708.58
O00010180,U005224,17-06-2025,17:37:06,708.58
O00013866,U001382,30-01-2024,14:15:56,708.22
O00005156,U003730,24-02-2025,19:13:46,708.20
O00007476,U004887,07-03-2024,16:06:09,708.12
O00019832,U001353,06-02-2024,01:49:42,708.10
O00010356,U002624,08-10-2024,13:21:35,708.09
O00018624,U008980,30-03-2025,15:11:43,708.07
O00016332,U007597,26-10-2024,21:41:07,708.03
O00008603,U004673,16-11-2024,08:50:38,708.01
O00006392,U001718,10-10-2025,03:07:44,707.90
O00017038,U002553,16-05-2025,10:52:14,707.89
O00005014,U003476,10-11-2025,09:28:27,707.79
O00008518,U002836,26-08-2024,03:29:54,707.67
O00002020,U001138,16-08-2024,15:54:23,706.95
O00006225,U003865,28-04-2025,17:29:18,706.79
O00001214,U006639,07-09-2025,16:44:53,706.72
O00001958,U000097,06-03-2024,02:00:37,706.70
O00011805,U002711,12-10-2024,16:45:03,706.44
O00005382,U007499,23-03-2024,06:09:15,706.35
O00018932,U003911,08-11-2024,12:20:27,706.32
O00009587,U006067,26-05-2025,19:36:23,705.92
O00005124,U009926,19-02-2024,06:53:13,705.88
O00010836,U006582,12-06-2024,08:47:39,705.88
O00012839,U006184,05-06-2025,22:57:48,705.88
O00016945,U009949,15-07-2024,20:28:07,705.88
O00000509,U007937,08-04-2024,14:09:41,705.58
O00019754,U008721,14-09-2025,06:55:49,705.33
O00009877,U006403,20-07-2025,07:55:34,705.02
O00009690,U003098,29-08-2024,02:49:19,704.96
O00016494,U003190,07-05-2025,00:08:37,704.83
O00006363,U004793,08-05-2025,17:13:46,704.58
O00016948,U007590,04-04-2024,18:06:48,704.46
O00012158,U008534,20-06-2024,04:27:34,704.18
O00004465,U008454,22-03-2024,20:58:10,704.13
O00009966,U009154,15-10-2025,13:26:34,704.13
O00003723,U000064,13-03-2025,14:15:53,704.05
O00019297,U000426,09-11-2025,12:45:36,703.78
O00007013,U008794,04-01-2025,22:44:50,703.72
O00014901,U008454,13-04-2025,07:01:11,703.68
O00005817,U002558,03-06-2024,14:14:59,703.46
O00004629,U005879,31-05-2025,10:10:31,703.40
O00017826,U005014,01-05-2025,21:22:37,703.38
O00007231,U001006,04-04-2025,10:48:51,703.29
O00006212,U007882,19-05-2024,09:52:47,703.22
O00016953,U000677,11-02-2024,08:45:50,703.18
O00011059,U001487,03-12-2024,01:38:48,703.14
O00000881,U008013,06-08-2025,02:25:46,703.07
O00000358,U005569,24-10-2024,09:03:51,702.90
O00001738,U000353,30-03-2025,11:24:01,702.55
O00003069,U008264,01-06-2024,08:20:04,702.55
O00015748,U003477,19-11-2024,23:48:53,702.19
O00013313,U006369,28-04-2024,14:00:00,702.03
O00012462,U002768,15-08-2024,19:28:24,701.84
O00001290,U008598,09-08-2025,03:09:46,701.36
O00002155,U006850,07-07-2024,13:16:44,701.36
O00006324,U005057,03-10-2024,05:01:45,701.36
O00010978,U009942,08-03-2024,21:23:06,701.36
O00001556,U007137,07-06-2025,18:20:25,700.98
O00010723,U009792,09-01-2025,21:36:53,700.89
O00016253,U002530,14-03-2025,18:50:05,700.86
O00003954,U005425,21-10-2024,17:29:31,700.79
O00006862,U000888,15-04-2025,11:30:08,700.79
O00019349,U003244,21-09-2025,01:45:58,700.42
O00010855,U000181,07-04-2025,17:48:52,700.35
O00017048,U000006,04-05-2025,13:13:03,700.35
O00005009,U008035,13-04-2025,08:11:08,700.28
O00001089,U008929,28-01-2024,05:16:45,700.04
O00013003,U003700,01-10-2024,20:19:01,700.04
O00007039,U006690,28-02-2025,10:48:44,699.91
O00008389,U007450,26-11-2024,00:27:57,699.66
O00019321,U001186,18-05-2025,10:26:24,699.62
O00012453,U003378,01-01-2024,13:50:53,699.56
O00014522,U007142,23-08-2024,07:33:55,699.40
O00007754,U000464,21-09-2024,14:05:24,699.31
O00009150,U007096,19-02-2025,18:20:15,699.13
O00011330,U000111,19-02-2025,06:18:55,698.65
O00000157,U007924,23-05-2025,08:51:50,698.45
O00000912,U001041,10-08-2024,01:24:27,698.45
O00010114,U007132,23-01-2025,03:10:30,698.45
O00013858,U000253,11-09-2025,06:13:47,698.45
O00012882,U005355,23-09-2025,00:36:44,698.24
O00010893,U006540,17-03-2025,10:50:24,698.17
O00000450,U000088,06-06-2025,04:18:31,698.06
O00009753,U007361,02-08-2024,05:10:05,698.02
O00013979,U005429,15-06-2025,00:56:24,697.88
O00013762,U001583,01-07-2024,17:40:09,697.80
O00002524,U001633,24-04-2024,06:46:09,697.76
O00004991,U009905,27-06-2025,12:53:41,697.76
O00012093,U005581,16-05-2024,22:24:55,697.76
O00013566,U009951,06-05-2024,08:04:46,697.76
O00006600,U002492,30-08-2024,11:33:35,697.59
O00000454,U003805,02-08-2025,00:20:36,697.50
O00016590,U000634,08-11-2024,23:50:39,697.47
O00016486,U008141,03-02-2025,16:34:49,697.42
O00004944,U004294,05-12-2024,23:30:41,697.07
O00014057,U000464,12-01-2024,00:36:15,697.07
O00016344,U006823,28-04-2024,01:50:11,697.07
O00017853,U006686,07-01-2024,04:07:21,697.07
O00007080,U008302,29-04-2024,10:06:21,697.00
O00013262,U008532,17-06-2024,08:44:35,696.91
O00011204,U000846,05-10-2025,05:37:50,696.80
O00013999,U008473,25-12-2024,08:33:39,696.75
O00017489,U005608,20-03-2025,22:49:14,696.72
O00000807,U009377,09-03-2024,08:30:05,696.42
O00018534,U005856,05-11-2025,01:27:50,696.23
O00000610,U004407,25-01-2024,22:19:11,696.07
O00003859,U009687,06-06-2024,19:23:12,695.76
O00017215,U008099,20-07-2025,11:31:05,695.48
O00016621,U008179,12-12-2024,08:39:14,695.23
O00000533,U008535,01-10-2025,18:21:53,694.93
O00003202,U003576,26-01-2024,10:23:22,694.88
O00019311,U002780,12-10-2025,09:06:29,694.80
O00018449,U001345,21-01-2024,01:27:50,694.67
O00005593,U008981,06-08-2024,03:02:22,694.64
O00011411,U005132,25-10-2024,06:31:00,694.64
O00019114,U005530,25-10-2025,00:47:46,694.64
O00000175,U002754,12-03-2024,12:29:05,694.46
O00008817,U008925,07-12-2024,15:18:53,694.32
O00017906,U000368,15-03-2024,11:20:29,694.32
O00017188,U006642,12-04-2025,07:48:12,693.69
O00003601,U008516,10-10-2025,07:27:01,693.62
O00018805,U002574,03-10-2025,20:04:22,693.58
O00001062,U006027,28-10-2024,00:39:03,693.50
O00014083,U003259,15-01-2025,16:31:59,693.46
O00001027,U008928,04-10-2024,22:21:22,693.04
O00001558,U003227,14-07-2025,12:56:04,692.81
O00009295,U003319,07-07-2025,05:11:34,692.73
O00004980,U000897,19-03-2024,18:09:05,692.63
O00018687,U004709,16-10-2024,05:15:34,692.55
O00005999,U006280,15-03-2025,03:37:53,692.30
O00014773,U007743,17-05-2025,00:33:07,691.97
O00012234,U006191,22-03-2025,23:10:01,691.77
O00003688,U000289,07-09-2025,16:12:36,691.74
O00003189,U005100,05-10-2025,14:28:18,691.47
O00001641,U000395,18-12-2024,12:17:29,691.46
O00010725,U005427,15-08-2024,16:26:27,690.92
O00017531,U004733,16-06-2024,20:31:20,690.55
O00012616,U005809,26-12-2024,08:55:56,690.47
O00002405,U006937,07-10-2025,13:43:51,690.36
O00004495,U000482,26-04-2025,16:56:45,690.22
O00019393,U000717,14-05-2024,10:49:52,690.20
O00003591,U007899,10-06-2025,06:54:20,690.06
O00014847,U003268,22-09-2024,14:12:31,689.90
O00000001,U009310,09-09-2025,14:52:37,689.66
O00008799,U001854,15-03-2025,08:13:30,689.59
O00014771,U008629,10-08-2024,00:45:37,689.54
O00000004,U008986,04-10-2025,20:35:22,689.50
O00016209,U009179,18-09-2025,08:09:50,689.32
O00009167,U002587,24-11-2024,02:51:27,689.26
O00002210,U002605,04-11-2024,02:04:56,689.24
O00001408,U009418,14-09-2025,03:37:29,689.05
O00019140,U008218,16-08-2024,20:40:13,689.05
O00016483,U009409,15-01-2025,01:49:11,688.71
O00019018,U000069,10-08-2025,05:08:02,688.64
O00003996,U001882,23-04-2025,20:55:30,688.58
O00014388,U004700,02-07-2025,16:20:22,688.55
O00005402,U008013,19-03-2025,07:34:14,688.52
O00008376,U007393,02-08-2025,16:06:56,688.52
O00012512,U004717,21-05-2024,02:38:00,688.52
O00014066,U008674,14-06-2024,12:17:15,688.52
O00003647,U007899,30-01-2024,22:44:00,688.49
O00003433,U009578,04-08-2025,11:42:13,688.45
O00012547,U008418,07-07-2025,14:18:30,688.21
O00017086,U004015,04-11-2025,11:40:57,688.02
O00009692,U009298,30-05-2025,20:27:20,687.93
O00014475,U003005,09-08-2024,04:50:12,687.93
O00015167,U005148,12-03-2024,14:26:46,687.66
O00000844,U002322,12-05-2024,04:27:00,687.51
O00006489,U005819,06-02-2025,19:24:04,687.51
O00018049,U005450,16-05-2024,18:58:19,687.51
O00015622,U009492,19-02-2024,17:10:45,687.40
O00011875,U009228,20-11-2024,04:22:41,687.01
O00004193,U003295,22-10-2025,01:32:07,686.89
O00003746,U007598,26-07-2024,04:16:39,686.78
O00006789,U002686,28-05-2025,23:22:09,686.78
O00007488,U002283,29-10-2025,02:37:33,686.69
O00000884,U008879,25-07-2024,23:58:03,686.68
O00017583,U007593,17-10-2025,03:05:32,686.58
O00000908,U008857,21-06-2024,12:16:46,686.56
O00002617,U006318,28-11-2024,16:36:02,686.56
O00011309,U004505,04-12-2024,00:15:03,686.14
O00016511,U004543,05-01-2025,06:29:14,685.98
O00017066,U001250,06-05-2024,15:51:14,685.91
O00011513,U001317,14-09-2025,06:09:28,685.75
O00012372,U002950,23-10-2024,11:13:47,685.74
O00012762,U003810,23-01-2025,01:03:26,685.59
O00013091,U006096,26-06-2024,08:27:58,685.59
O00015728,U002871,17-06-2025,01:28:26,685.59
O00018224,U004222,05-01-2024,07:44:26,685.46
O00008265,U003846,01-08-2025,21:20:32,685.42
O00014719,U009960,05-07-2025,14:23:14,685.35
O00007990,U006446,11-05-2024,03:02:35,685.14
O00013592,U008725,07-08-2025,06:17:32,685.12
O00012474,U009553,12-08-2025,07:52:05,684.78
O00012465,U003663,01-10-2025,01:37:37,684.66
O00014323,U009583,17-10-2025,05:03:42,684.46
O00011499,U007331,27-06-2025,13:48:55,684.35
O00014095,U009332,22-09-2024,21:23:06,684.16
O00003502,U002301,27-10-2025,02:52:10,684.07
O00004882,U004595,08-01-2025,12:13:04,683.85
O00008416,U008345,15-02-2025,12:06:39,683.36
O00004367,U007263,01-11-2025,15:12:06,683.34
O00008877,U000442,15-02-2025,12:47:22,683.31
O00018609,U003635,11-11-2025,04:10:49,682.93
O00014289,U009616,25-08-2025,14:06:42,682.83
O00005442,U001294,19-05-2025,20:49:51,682.71
O00009533,U004628,16-03-2025,09:39:14,682.14
O00011066,U002098,13-02-2025,23:38:43,682.02
O00002882,U000746,11-05-2025,15:36:26,681.90
O00011209,U007975,13-07-2024,22:04:37,681.65
O00017858,U006794,15-03-2025,12:07:59,681.63
O00006110,U001480,06-06-2025,04:01:20,681.62
O00010203,U004624,09-03-2024,20:25:15,681.52
O00008840,U000398,31-01-2024,18:12:50,681.49
O00019342,U001628,22-07-2024,22:37:48,681.34
O00017485,U001757,24-02-2024,23:20:30,681.11
O00019944,U009596,14-11-2024,02:17:54,681.06
O00003229,U000815,27-03-2025,19:26:29,680.88
O00018974,U000538,11-07-2024,01:58:43,680.86
O00008099,U005220,26-05-2025,22:19:21,680.71
O00011178,U008873,13-01-2024,22:18:13,680.62
O00001894,U004411,14-02-2024,18:05:27,680.45
O00009311,U006249,24-01-2025,22:07:44,680.28
O00000742,U004627,03-10-2025,13:57:02,680.24
O00000368,U006186,18-02-2025,19:25:55,680.04
O00011896,U001693,21-06-2025,17:37:01,679.87
O00011067,U005525,04-12-2024,21:14:58,679.29
O00016193,U000043,10-01-2025,22:25:52,679.14
O00016091,U006214,11-11-2025,19:19:26,679.08
O00017978,U001178,29-01-2025,11:09:18,678.92
O00004353,U007298,13-06-2025,20:10:40,678.86
O00001070,U007603,02-05-2025,10:27:37,678.61
O00013196,U001028,20-07-2024,18:02:49,678.54
O00008444,U006072,12-10-2024,22:20:50,678.36
O00008331,U008750,28-03-2024,06:16:58,678.27
O00002238,U002426,26-03-2024,00:07:20,677.48
O00012618,U002439,07-01-2024,15:33:51,677.30
O00005501,U006139,12-08-2024,07:31:01,677.07
O00015742,U007712,23-12-2024,06:35:48,676.99
O00010362,U000042,14-03-2024,18:38:02,676.98
O00013086,U005300,23-08-2025,08:08:12,676.98
O00013862,U004816,29-03-2024,06:32:14,676.97
O00004856,U000302,02-07-2025,18:38:51,676.95
O00009320,U006729,13-02-2024,22:04:04,676.95
O00001636,U007410,21-02-2024,13:20:02,676.91
O00006373,U009495,05-03-2025,18:40:56,676.71
O00007345,U004562,29-07-2025,17:28:13,676.68
O00007508,U001415,23-05-2024,12:04:11,676.49
O00007823,U003768,06-03-2025,11:20:36,676.30
O00016618,U001099,09-06-2025,01:53:51,676.19
O00014232,U004593,13-04-2024,15:44:28,675.96
O00008309,U003604,01-12-2024,17:12:40,675.90
O00000177,U002797,18-01-2024,21:25:02,675.60
O00006096,U005049,19-08-2024,04:08:09,675.60
O00009943,U009780,30-03-2024,22:20:08,675.59
O00003000,U008312,08-10-2024,19:44:09,675.53
O00001807,U009448,21-01-2025,12:42:36,675.42
O00003083,U007538,22-11-2024,09:20:09,675.42
O00002837,U003766,26-03-2025,23:45:17,675.24
O00002754,U007479,08-10-2024,03:10:21,675.19
O00000148,U005318,04-10-2025,12:24:52,675.09
O00015799,U008672,07-04-2025,15:39:48,674.70
O00010182,U007613,30-12-2024,05:12:07,674.68
O00001096,U008638,01-07-2025,07:13:04,674.26
O00009372,U004751,17-10-2025,05:08:06,674.12
O00019112,U007456,24-04-2025,01:17:43,674.06
O00010139,U002251,14-01-2024,07:46:24,673.74
O00003099,U002076,13-04-2025,01:34:50,673.64
O00002114,U009587,16-11-2024,15:37:19,673.43
O00001111,U003907,25-06-2024,19:21:40,673.29
O00001545,U005025,18-04-2024,20:56:05,673.29
O00005449,U002393,15-06-2024,01:22:16,673.25
O00009442,U003885,13-04-2025,09:45:20,673.23
O00004904,U004443,27-10-2025,18:36:37,672.99
O00005766,U002143,15-06-2025,10:17:37,672.95
O00010832,U006189,04-04-2024,21:08:36,672.91
O00010291,U000002,18-08-2024,03:47:00,672.85
O00008237,U009935,02-06-2024,12:56:37,672.80
O00009712,U003811,01-05-2024,13:06:17,672.75
O00016758,U004456,10-03-2025,03:26:32,672.51
O00008185,U005781,19-04-2024,19:17:08,672.44
O00005884,U007825,16-06-2025,05:41:13,672.07
O00007208,U009710,26-05-2024,05:36:23,672.06
O00010554,U006813,17-09-2024,23:11:14,672.06
O00015386,U005514,05-02-2024,14:52:28,671.82
O00012432,U003230,24-04-2025,23:13:25,671.71
O00002116,U000499,13-05-2025,17:37:31,671.63
O00010191,U006313,19-04-2025,02:10:17,671.45
O00009253,U006078,16-08-2024,10:12:57,671.35
O00012321,U001831,22-03-2025,01:30:45,671.24
O00014114,U003900,08-06-2024,06:42:04,671.23
O00011655,U006628,18-10-2024,02:45:52,671.22
O00016339,U009972,27-01-2025,12:59:22,671.22
O00014019,U001654,11-06-2025,08:23:38,671.07
O00006617,U000409,07-09-2024,21:18:46,671.06
O00014689,U000447,03-11-2025,08:09:31,670.94
O00011359,U004155,26-07-2024,05:56:46,670.92
O00004665,U008145,15-07-2025,22:27:49,670.80
O00018025,U008954,06-11-2025,05:23:37,670.70
O00005246,U001198,30-01-2024,00:01:25,670.63
O00019021,U009813,10-10-2025,03:45:36,670.63
O00012153,U001891,24-01-2024,07:26:17,670.61
O00019880,U004551,26-01-2024,04:38:24,670.59
O00005896,U008848,26-07-2025,19:34:21,670.01
O00014532,U004035,29-04-2025,10:01:14,669.92
O00002642,U005929,29-06-2024,12:20:12,669.84
O00004624,U002239,08-01-2024,21:02:38,669.84
O00008542,U005700,13-09-2025,14:22:54,669.84
O00017382,U002327,07-08-2025,21:44:06,669.69
O00011910,U000623,03-11-2024,18:48:23,669.63
O00014907,U003827,22-02-2024,22:26:17,669.36
O00007014,U005447,08-08-2025,20:38:22,669.28
O00016596,U004332,02-08-2024,19:38:18,669.05
O00007671,U004898,29-04-2025,05:21:55,668.74
O00013235,U007516,14-09-2025,05:33:34,668.73
O00010597,U009856,21-07-2024,14:57:03,668.57
O00001507,U009001,12-09-2025,05:59:16,668.28
O00018949,U000277,19-06-2025,18:06:46,668.24
O00018928,U001272,18-01-2024,19:04:02,668.21
O00006709,U005500,15-01-2025,15:05:29,668.04
O00007072,U009848,28-02-2025,14:53:45,667.82
O00003396,U005417,08-06-2025,01:31:28,667.59
O00009178,U007525,16-06-2025,14:07:37,667.59
O00010018,U008848,11-09-2025,21:49:53,667.59
O00016741,U008217,11-02-2025,20:07:00,667.59
O00017979,U008613,16-08-2024,13:43:18,667.59
O00018536,U002495,07-10-2024,20:58:59,667.59
O00014049,U008413,19-03-2024,02:20:13,667.32
O00019336,U006596,16-02-2024,11:15:43,667.13
O00013936,U000228,21-04-2025,23:05:51,667.07
O00012997,U007627,24-02-2025,13:11:06,666.80
O00018612,U004518,23-02-2024,03:26:03,666.77
O00015579,U000025,17-05-2025,08:29:59,666.70
O00019260,U005708,27-03-2024,11:07:51,666.28
O00016554,U004953,21-03-2024,14:54:22,666.07
O00016861,U004756,12-10-2025,17:50:43,665.85
O00015903,U008531,05-06-2024,09:01:45,665.80
O00014060,U000082,15-03-2024,10:13:08,665.78
O00005348,U002995,07-01-2025,12:52:46,665.27
O00019951,U009016,10-01-2025,23:31:53,665.24
O00010152,U000774,29-06-2025,17:20:44,665.14
O00000003,U007252,27-04-2025,15:37:48,665.06
O00013701,U000512,14-11-2024,20:28:55,665.02
O00008022,U003028,26-05-2025,19:24:10,664.93
O00004694,U007806,09-04-2025,13:00:52,664.92
O00014152,U003748,17-01-2025,14:56:40,664.92
O00005548,U004618,14-01-2025,00:31:39,664.78
O00002086,U002438,22-02-2024,15:47:00,664.74
O00000640,U008567,09-08-2024,08:26:45,664.55
O00013911,U009573,22-03-2024,05:13:19,664.44
O00013553,U009396,05-06-2025,11:17:13,664.33
O00010069,U004042,18-05-2024,10:45:01,664.03
O00012813,U009666,10-01-2025,07:23:56,663.84
O00003967,U003476,28-06-2024,12:25:46,663.43
O00014959,U008966,03-04-2024,11:41:52,663.19
O00001760,U001788,18-08-2024,19:13:18,663.11
O00000601,U008353,28-09-2024,22:00:33,662.92
O00013271,U005426,21-04-2024,15:15:18,662.83
O00016920,U005498,17-08-2025,11:07:44,662.39
O00004034,U000481,14-07-2024,21:22:01,662.22
O00008703,U005368,10-08-2024,12:27:35,662.22
O00018213,U008304,29-08-2024,03:45:40,662.22
O00003541,U003431,28-07-2024,00:44:23,661.96
O00010323,U002641,09-02-2025,16:19:49,661.96
O00015081,U000272,11-10-2025,19:18:56,661.84
O00012124,U003708,21-10-2025,20:33:01,661.82
O00008155,U002499,28-08-2024,12:18:05,661.78
O00010613,U007235,07-05-2024,10:34:37,661.75
O00019797,U008956,13-06-2024,15:57:17,661.69
O00017076,U009046,02-02-2024,02:43:51,661.63
O00018891,U002293,30-03-2025,09:10:44,661.56
O00000085,U009453,10-12-2024,13:32:49,661.52
O00003487,U009722,26-11-2024,16:30:30,661.52
O00004840,U009402,11-06-2024,01:08:04,661.52
O00007507,U001626,19-04-2024,07:17:43,661.52
O00015828,U001220,15-10-2025,10:42:10,661.52
O00018337,U006032,31-03-2024,12:10:13,661.52
O00016395,U001925,04-06-2025,15:56:18,661.45
O00006347,U008742,31-12-2024,05:37:13,660.99
O00004382,U008954,16-10-2025,19:38:45,660.72
O00008011,U002818,21-07-2024,11:54:31,660.72
O00009248,U003048,18-05-2025,11:19:18,660.72
O00009261,U009781,07-03-2025,05:40:19,660.72
O00010721,U001950,17-04-2024,22:29:29,660.72
O00012861,U005712,30-08-2025,14:09:10,660.72
O00004407,U009165,09-08-2024,05:09:43,660.71
O00009888,U008061,30-01-2025,20:27:00,660.65
O00016552,U005111,25-04-2024,10:24:06,660.22
O00014390,U001803,09-11-2025,13:01:33,660.15
O00001075,U005335,29-02-2024,17:42:15,659.80
O00019835,U003278,12-09-2024,01:11:02,659.67
O00000913,U008042,04-03-2024,07:18:10,659.56
O00010334,U000139,24-06-2025,12:38:06,659.56
O00004446,U000704,06-04-2024,11:08:09,659.26
O00009103,U007490,19-10-2025,06:11:40,659.22
O00012329,U009444,04-03-2025,13:28:03,659.19
O00008715,U001938,14-05-2025,07:20:11,659.13
O00018606,U005320,11-10-2025,06:09:52,658.98
O00002163,U001680,04-10-2024,04:37:11,658.91
O00012981,U001625,02-05-2024,05:53:52,658.61
O00001137,U003739,01-04-2025,15:38:45,658.51
O00008538,U004531,17-01-2025,04:28:06,658.37
O00000790,U004194,26-05-2024,23:15:43,658.35
O00006736,U001145,24-06-2025,21:04:55,658.35
O00008992,U003779,08-05-2025,11:33:36,658.35
O00012122,U004541,27-03-2024,16:18:32,658.35
O00009593,U009839,24-04-2025,12:31:51,658.32
O00006816,U007522,16-08-2024,12:16:01,658.30
O00014906,U000305,10-03-2024,19:09:11,658.24
O00013316,U009868,15-09-2025,16:23:50,658.10
O00003168,U007889,26-10-2025,03:51:02,658.02
O00013402,U002002,20-03-2025,08:24:06,658.02
O00000448,U006539,30-10-2025,01:41:17,658.01
O00002851,U008599,20-01-2024,10:40:16,657.93
O00007064,U006160,22-05-2025,21:49:19,657.93
O00018769,U009761,28-06-2024,08:29:52,657.72
O00019805,U002118,04-11-2025,11:31:00,657.72
O00015778,U006133,19-02-2024,20:03:25,657.66
O00003442,U001865,25-08-2025,15:56:50,657.63
O00017589,U002668,10-06-2024,16:06:38,657.35
O00011783,U000811,13-06-2025,16:57:08,657.34
O00015383,U000846,19-04-2024,10:48:28,657.19
O00004159,U002442,31-05-2024,12:34:54,657.09
O00013606,U004144,29-08-2024,03:48:18,657.09
O00002442,U004705,06-03-2024,16:53:57,656.95
O00016875,U004796,02-11-2025,20:40:51,656.91
O00001241,U004772,15-04-2025,11:47:34,656.86
O00003302,U001688,16-03-2025,15:31:09,656.85
O00016527,U008956,20-01-2024,12:34:22,656.60
O00002303,U003035,12-10-2024,16:22:11,656.55
O00001253,U008678,15-08-2025,15:30:59,656.02
O00010197,U004772,27-03-2025,02:21:32,655.91
O00012832,U007956,06-06-2025,05:24:44,655.60
O00010216,U000909,15-04-2025,00:40:24,655.36
O00015627,U005241,19-12-2024,09:35:46,655.26
O00012205,U004896,18-06-2025,04:27:19,655.22
O00012165,U007467,16-09-2025,15:56:21,655.19
O00007236,U000394,30-01-2024,21:43:34,655.06
O00002092,U008579,09-03-2025,05:27:52,655.04
O00000428,U007743,02-07-2024,21:28:21,654.96
O00000953,U007424,18-06-2025,21:28:35,654.90
O00013267,U000356,28-04-2024,12:21:19,654.90
O00000146,U004487,16-12-2024,10:45:19,654.76
O00001441,U002608,28-06-2025,16:53:22,654.76
O00014084,U001976,23-02-2025,15:40:52,654.76
O00017223,U007835,16-03-2024,02:42:34,654.76
O00018933,U000270,09-03-2024,23:05:14,654.47
O00016712,U009030,30-04-2025,08:31:43,654.40
O00018489,U003223,04-11-2024,04:24:57,654.18
O00000361,U007884,28-05-2024,21:31:23,654.10
O00017507,U008856,01-03-2024,08:52:51,654.04
O00000788,U006555,03-11-2025,06:06:17,653.76
O00015906,U002400,28-11-2024,16:40:29,653.67
O00018133,U009969,25-10-2025,03:33:29,653.53
O00011344,U004252,23-07-2025,00:57:53,653.49
O00002905,U001303,25-09-2024,01:30:12,653.44
O00017083,U008754,30-07-2024,13:27:47,653.02
O00016763,U008235,24-03-2025,01:11:16,652.71
O00009352,U003326,21-12-2024,04:24:36,652.65
O00011825,U008507,23-07-2025,13:07:58,652.35
O00013836,U000746,25-08-2024,22:16:36,652.23
O00012886,U001459,13-06-2024,16:57:56,652.20
O00009543,U005733,16-10-2025,19:41:43,652.11
O00007435,U002902,29-10-2024,11:22:21,652.02
O00016016,U005408,26-04-2025,10:18:30,652.02
O00000677,U005112,18-05-2025,11:14:37,651.99
O00005556,U005072,18-12-2024,05:27:31,651.75
O00010359,U008799,13-11-2025,12:59:37,651.70
O00002774,U003400,12-04-2024,06:41:25,651.60
O00003311,U002883,22-02-2024,00:23:59,651.60
O00015683,U001472,10-06-2025,01:27:04,651.60
O00001323,U008842,22-05-2024,06:24:09,651.37
O00011823,U009435,28-02-2024,02:30:02,651.31
O00016212,U007216,19-07-2025,09:30:06,651.22
O00014115,U004888,05-03-2025,10:18:09,650.77
O00005108,U000659,14-06-2025,23:24:32,650.72
O00009951,U005300,11-03-2025,20:54:17,650.61
O00008375,U008681,19-01-2024,07:20:43,650.56
O00014022,U000425,29-09-2025,03:15:55,650.44
O00005670,U008758,27-03-2025,12:55:31,649.97
O00000646,U007981,19-06-2025,11:48:39,649.96
O00018171,U007836,23-07-2024,05:44:38,649.85
O00005288,U008232,23-10-2025,10:06:57,649.82
O00011219,U001849,29-06-2025,16:01:23,649.79
O00019276,U000172,25-03-2024,22:33:04,649.60
O00001150,U009930,13-05-2024,09:49:42,649.45
O00004316,U000606,06-02-2025,16:28:13,649.30
O00001487,U007010,18-09-2024,16:03:05,649.28
O00003824,U006105,20-07-2024,00:33:57,649.28
O00007385,U006547,11-11-2025,09:53:44,649.28
O00015617,U002828,06-09-2025,03:50:53,649.28
O00019891,U009735,02-01-2024,16:05:52,649.19
O00008532,U006160,28-02-2025,03:22:02,648.96
O00002214,U008124,04-10-2025,06:59:08,648.84
O00001101,U003702,29-03-2024,13:07:46,648.76
O00003677,U002571,02-04-2025,12:11:53,648.66
O00005059,U008882,31-07-2024,08:30:52,648.48
O00006552,U001283,29-10-2025,10:54:35,648.35
O00011032,U006797,22-10-2024,20:09:33,647.96
O00014286,U001575,17-01-2024,19:28:41,647.96
O00016309,U004066,15-02-2024,09:10:00,647.96
O00009923,U006860,21-03-2025,21:00:35,647.78
O00005423,U005590,25-09-2024,00:19:30,647.68
O00009592,U009950,26-12-2024,02:00:11,647.61
O00005053,U009857,15-04-2025,18:21:12,647.58
O00003818,U006497,31-08-2024,17:09:46,647.54
O00015632,U001535,07-03-2025,04:53:26,647.53
O00008432,U006918,11-01-2025,07:20:59,647.52
O00008446,U007237,25-04-2024,03:32:56,647.51
O00013341,U006085,03-03-2024,05:37:47,647.37
O00015606,U001659,13-03-2025,15:36:51,646.95
O00000573,U005558,20-01-2024,09:07:49,646.80
O00003290,U000647,11-01-2024,11:47:36,646.37
O00006914,U002614,08-09-2025,08:47:50,646.11
O00015929,U008055,31-05-2024,05:28:39,646.06
O00013571,U009859,14-10-2024,17:11:48,646.02
O00011294,U004686,11-12-2024,15:30:09,645.83
O00001424,U005906,12-11-2024,17:35:40,645.50
O00006655,U006119,18-03-2024,02:39:53,645.28
O00011681,U006618,10-01-2024,20:01:49,645.12
O00010889,U002753,10-01-2024,01:27:09,645.10
O00002468,U004695,10-06-2024,11:31:15,645.04
O00019671,U001665,15-07-2024,00:57:39,644.91
O00009892,U007364,06-02-2025,15:50:37,644.87
O00015671,U000429,06-08-2025,23:09:54,644.76
O00004185,U006202,12-04-2025,22:01:59,644.73
O00014851,U009041,18-05-2024,20:23:46,644.23
O00002483,U001592,28-09-2024,17:58:06,644.14
O00000698,U007854,27-03-2024,12:50:07,644.03
O00011034,U009861,02-12-2024,18:37:02,643.86
O00006653,U002047,22-09-2025,23:17:44,643.72
O00018307,U001927,27-08-2025,03:55:54,643.60
O00013050,U000169,01-02-2025,05:37:40,643.41
O00003712,U004413,22-03-2025,04:12:14,643.26
O00010425,U000453,06-03-2024,04:24:24,643.26
O00006821,U009904,09-11-2025,06:33:05,643.18
O00008222,U003820,07-10-2024,02:08:30,643.14
O00010937,U008044,02-10-2025,11:04:25,643.14
O00012750,U009203,14-10-2025,11:46:18,643.14
O00013173,U008126,20-03-2024,22:57:48,643.14
O00013954,U009137,27-07-2024,16:40:30,643.14
O00019314,U003094,23-08-2025,21:24:23,643.14
O00005105,U001654,20-10-2025,18:56:50,642.88
O00019958,U001303,28-02-2025,17:33:40,642.84
O00011634,U007035,20-04-2025,13:40:55,642.25
O00014122,U005482,13-02-2025,02:02:18,642.00
O00015096,U006901,07-06-2025,07:11:32,641.98
O00007743,U008851,13-02-2025,23:19:08,641.79
O00003670,U005437,06-05-2024,15:24:00,641.30
O00005813,U004574,25-10-2024,19:56:39,641.22
O00000759,U008493,23-05-2025,09:58:21,640.88
O00014912,U007004,01-03-2025,22:55:15,640.88
O00007277,U006388,07-12-2024,16:51:48,640.73
O00017484,U005640,06-05-2025,13:04:33,640.54
O00010412,U009890,02-11-2024,18:52:58,640.52
O00000847,U001402,02-03-2024,05:26:37,640.32
O00001926,U008256,05-01-2025,18:03:27,639.96
O00008078,U007933,08-05-2024,13:48:39,639.96
O00012393,U002009,03-04-2025,07:54:23,639.78
O00016261,U001553,16-04-2024,13:51:02,639.62
O00006298,U001938,21-06-2024,21:28:57,639.13
O00014931,U006915,05-03-2025,21:23:59,638.80
O00005467,U008136,21-07-2025,08:23:48,638.66
O00015824,U004894,16-07-2024,00:41:29,638.55
O00000345,U003170,15-10-2024,22:45:23,638.51
O00000919,U007052,05-11-2025,08:59:36,638.51
O00001783,U004984,25-05-2025,17:44:49,638.51
O00010741,U004723,09-04-2025,08:18:39,638.51
O00015514,U004318,05-09-2025,23:25:11,638.51
O00018604,U001151,09-12-2024,20:13:59,638.51
O00001910,U000046,27-01-2025,02:02:24,638.50
O00019828,U001677,18-04-2025,16:55:42,638.48
O00009454,U003686,28-08-2024,19:26:42,638.47
O00001775,U007361,15-04-2024,20:21:57,638.30
O00010951,U001879,06-03-2024,12:56:10,638.05
O00004046,U008399,15-10-2025,04:37:37,637.75
O00011058,U006255,07-10-2024,12:21:31,637.74
O00013114,U003710,06-03-2024,14:20:16,637.52
O00002525,U005551,26-11-2024,05:00:23,637.43
O00000394,U007144,04-10-2025,11:14:51,637.38
O00013379,U000975,01-08-2025,09:12:23,637.30
O00011838,U004876,28-07-2025,23:07:36,637.28
O00011826,U009635,24-08-2024,23:30:21,637.27
O00014915,U002919,21-07-2024,20:25:49,637.13
O00009309,U000826,12-01-2025,05:47:40,636.85
O00002133,U008276,05-09-2025,19:52:42,636.71
O00012301,U008615,19-12-2024,13:44:38,636.34
O00018651,U003648,09-06-2025,08:24:59,636.27
O00017818,U000953,27-02-2024,00:42:17,636.25
O00019535,U003608,22-05-2024,00:24:29,636.16
O00017294,U000634,12-08-2024,16:03:55,635.87
O00016111,U003589,07-07-2024,09:42:03,635.72
O00000831,U009847,11-03-2025,04:41:18,635.48
O00001627,U004978,03-10-2024,19:13:56,635.26
O00000659,U000272,22-01-2025,09:46:38,634.95
O00007712,U008913,26-07-2024,18:41:35,634.76
O00018937,U005825,28-02-2025,13:07:05,634.76
O00002432,U000273,05-05-2025,04:10:07,634.73
O00004907,U000192,10-05-2025,15:57:21,634.67
O00007573,U009375,14-09-2025,11:43:28,633.93
O00000856,U000983,18-07-2025,06:40:12,633.83
O00018716,U003704,21-03-2024,19:12:27,633.80
O00000315,U001315,22-08-2024,05:28:13,633.59
O00007340,U007821,28-02-2024,01:15:38,633.50
O00007281,U004111,29-05-2024,11:08:58,633.29
O00003115,U002215,07-11-2024,05:52:20,633.09
O00005295,U003397,14-05-2025,01:20:25,633.08
O00016506,U000703,23-01-2025,04:24:59,632.94
O00011964,U001785,20-06-2024,16:52:43,632.93
O00011836,U002542,17-02-2024,02:05:03,632.85
O00002068,U004810,13-10-2025,09:09:41,632.68
O00019442,U003909,17-01-2025,08:33:19,632.64
O00016493,U008745,31-07-2025,20:09:18,632.20
O00018695,U000564,14-07-2025,10:19:30,632.20
O00009940,U009112,20-09-2025,05:52:08,632.00
O00002208,U005165,15-01-2024,18:22:45,631.84
O00002922,U002047,16-09-2025,20:02:07,631.84
O00018331,U008728,27-10-2025,10:19:03,631.84
O00019198,U005824,17-01-2024,19:00:37,631.84
O00006232,U008339,08-06-2025,13:14:28,631.61
O00003438,U009578,11-03-2025,01:41:01,631.57
O00011834,U008765,06-12-2024,12:17:14,631.53
O00001293,U003205,03-03-2025,10:29:23,631.41
O00008725,U004195,09-10-2025,11:29:23,631.38
O00013034,U006859,28-04-2024,01:35:04,631.36
O00014008,U002996,14-02-2025,06:09:51,631.36
O00016715,U009995,16-02-2024,03:26:12,631.36
O00014691,U009219,15-05-2024,08:47:43,631.20
O00000947,U000772,21-08-2025,18:33:34,630.86
O00009864,U003853,29-01-2024,02:35:29,630.84
O00008722,U004226,04-07-2025,05:18:42,630.83
O00013577,U007089,20-07-2024,07:56:09,630.83
O00016179,U007062,12-05-2025,10:31:15,630.52
O00005598,U001948,06-11-2024,17:29:07,630.18
O00000348,U004629,14-08-2024,17:18:40,629.79
O00010925,U000234,24-07-2025,02:31:18,629.28
O00011607,U000022,26-02-2025,19:02:07,629.16
O00008548,U009499,13-10-2025,10:56:43,629.03
O00017004,U006851,23-03-2024,04:28:38,628.93
O00016058,U000937,11-09-2024,08:48:01,628.86
O00005665,U006456,04-10-2025,00:32:48,628.46
O00005987,U006901,09-12-2024,17:07:19,628.43
O00002078,U007405,16-07-2025,09:57:32,628.41
O00008731,U004949,15-03-2025,01:04:29,628.17
O00010622,U005381,08-09-2025,13:46:11,628.13
O00015406,U006660,03-03-2024,09:43:31,628.13
O00017894,U006755,09-10-2024,04:26:33,628.07
O00015834,U003884,05-11-2025,07:45:38,628.05
O00014146,U008387,13-10-2025,11:55:47,627.99
O00014249,U008894,10-12-2024,06:07:33,627.99
O00016387,U008697,06-01-2025,18:43:20,627.99
O00009117,U007437,01-02-2024,12:50:47,627.57
O00014136,U009785,20-12-2024,03:43:48,627.50
O00009516,U003548,23-05-2025,03:59:04,627.45
O00007253,U005917,15-05-2025,14:01:12,627.12
O00003342,U005337,13-06-2025,13:49:38,626.98
O00013460,U008525,22-10-2025,15:08:49,626.95
O00013060,U008163,10-03-2025,12:15:53,626.91
O00003606,U004426,15-12-2024,18:07:37,626.71
O00004194,U007596,22-06-2024,17:22:15,626.53
O00013078,U006651,08-08-2025,22:19:27,626.45
O00002431,U006788,17-04-2025,21:37:39,626.29
O00008322,U003486,08-03-2024,18:30:04,626.27
O00013901,U004600,30-03-2025,09:55:21,626.03
O00003877,U003430,17-02-2024,12:59:31,625.94
O00018807,U004513,05-01-2024,03:54:49,625.74
O00002855,U004987,03-07-2024,11:26:53,625.55
O00014914,U000170,21-03-2025,18:21:51,625.05
O00001679,U000849,25-07-2025,19:43:22,625.02
O00003372,U009595,18-09-2025,21:08:38,625.02
O00004074,U004872,22-12-2024,08:35:57,625.02
O00007075,U002769,31-12-2024,17:14:31,625.00
O00017157,U005814,09-07-2025,20:07:39,624.95
O00005958,U001740,25-06-2025,10:26:19,624.94
O00006001,U009529,04-02-2025,12:30:45,624.72
O00014140,U009211,06-09-2025,15:57:01,624.52
O00016194,U004583,28-10-2024,02:57:23,624.41
O00016422,U008771,07-06-2024,18:40:16,624.36
O00006825,U009471,28-02-2025,05:26:31,624.08
O00006848,U002903,05-08-2024,01:50:18,624.06
O00004080,U006712,21-04-2025,16:27:28,624.00
O00017710,U005279,09-08-2025,12:01:00,623.89
O00015428,U008409,09-01-2025,04:04:42,623.88
O00018427,U005884,30-10-2024,19:39:00,623.75
O00001030,U000220,21-04-2024,06:51:42,623.72
O00008142,U005563,30-06-2024,05:52:53,623.67
O00000524,U002490,05-06-2024,00:51:17,623.56
O00015667,U008439,21-01-2024,06:49:51,623.39
O00018369,U009542,01-02-2025,19:09:16,623.30
O00010966,U004447,23-05-2024,22:33:31,623.01
O00005480,U002726,09-01-2025,22:48:58,622.78
O00001384,U006445,23-01-2024,07:44:48,622.37
O00012701,U000329,23-01-2024,20:51:26,621.86
O00007790,U005520,15-11-2024,03:18:01,621.82
O00003410,U001997,22-03-2024,05:32:44,621.77
O00003710,U006635,10-06-2025,05:03:33,621.74
O00008683,U001465,23-06-2025,17:47:51,621.31
O00006443,U004903,22-10-2024,22:14:13,621.25
O00009568,U001206,22-10-2024,10:34:36,621.12
O00010409,U004250,11-02-2025,10:34:44,620.90
O00005572,U001394,25-09-2025,01:51:05,620.82
O00009371,U006986,21-12-2024,14:52:35,620.65
O00005641,U006005,28-01-2025,08:16:25,620.37
O00015835,U009037,15-05-2024,05:01:34,620.12
O00013241,U000542,09-12-2024,17:21:35,620.06
O00005594,U006584,27-07-2024,19:55:45,619.72
O00018429,U001341,15-10-2024,06:43:50,619.66
O00000966,U006561,09-08-2024,05:38:13,619.63
O00016375,U007566,24-05-2024,12:16:04,619.63
O00016885,U004398,21-05-2024,05:13:20,619.61
O00018600,U007160,20-04-2024,06:54:48,619.55
O00007321,U002517,12-01-2024,07:51:12,619.33
O00017985,U004202,01-02-2024,16:41:21,619.33
O00015199,U008713,19-06-2024,20:09:27,619.24
O00014335,U000614,23-10-2025,09:05:00,619.12
O00017496,U001666,15-09-2024,08:13:15,619.09
O00012719,U002659,08-05-2024,12:53:15,618.99
O00005756,U000117,10-12-2024,09:50:59,618.94
O00014230,U004945,19-01-2025,11:05:33,618.61
O00012464,U000196,17-01-2025,04:37:57,618.47
O00014004,U002625,11-03-2024,04:29:53,618.41
O00003948,U008449,01-01-2025,03:19:39,618.26
O00013242,U004056,25-02-2024,00:28:45,618.08
O00008839,U003659,19-05-2024,00:34:18,618.01
O00003039,U000204,21-06-2024,16:03:34,617.79
O00004362,U005771,10-09-2024,17:15:02,617.58
O00018857,U009103,09-09-2024,18:25:07,617.30
O00001466,U002864,26-09-2025,02:59:41,617.29
O00006658,U003796,11-06-2024,18:20:18,617.22
O00009763,U005537,04-02-2025,17:36:27,617.17
O00018409,U008514,21-01-2024,08:01:06,617.12
O00004220,U006099,12-02-2024,01:01:30,616.98
O00003262,U001381,23-08-2025,10:33:55,616.85
O00017860,U006236,19-12-2024,01:51:47,616.74
O00007048,U006105,26-10-2025,22:33:24,616.50
O00015432,U008746,30-09-2024,21:02:04,616.17
O00016423,U006044,26-10-2024,01:34:56,615.90
O00013431,U001918,29-04-2025,10:52:58,615.84
O00018764,U002102,26-03-2024,11:28:29,615.82
O00014526,U000160,20-01-2025,07:28:53,615.79
O00007076,U005945,20-04-2024,03:51:35,615.51
O00017805,U008901,01-09-2024,14:10:47,615.34
O00014458,U003236,09-07-2025,08:03:21,615.27
O00008408,U000209,15-01-2024,09:42:59,615.00
O00019371,U008665,20-07-2024,20:31:29,614.34
O00013619,U004833,10-01-2024,02:10:25,614.29
O00004527,U005516,09-11-2024,15:40:14,613.69
O00013906,U009618,30-07-2024,01:43:46,613.69
O00009719,U004944,07-02-2024,11:27:22,613.50
O00019905,U002934,20-09-2024,06:02:29,613.39
O00011010,U002190,03-06-2024,19:32:08,613.15
O00016028,U001452,18-05-2024,05:00:26,612.85
O00012842,U003967,29-03-2024,10:44:07,612.71
O00017135,U002940,17-05-2024,21:46:59,612.66
O00006692,U004164,11-05-2024,10:03:18,612.59
O00012430,U004609,11-12-2024,18:35:45,612.52
O00011738,U004731,28-02-2025,10:36:30,612.28
O00000747,U001736,25-12-2024,08:39:40,612.23
O00004794,U003947,02-06-2024,03:37:42,612.23
O00008515,U004532,25-05-2024,21:54:38,612.23
O00010858,U002435,29-05-2024,06:04:35,612.23
O00011278,U006663,01-07-2025,02:23:47,612.23
O00011769,U004952,22-01-2025,21:37:31,612.23
O00016632,U001049,03-10-2025,15:21:47,612.23
O00019652,U009257,27-11-2024,13:48:13,612.23
O00007085,U002417,22-06-2025,03:43:58,612.20
O00013043,U005872,13-10-2024,10:21:07,612.07
O00017538,U003296,21-02-2024,00:06:42,611.98
O00010576,U002722,24-11-2024,14:14:32,611.97
O00009461,U005209,18-04-2024,11:57:27,611.69
O00006143,U007455,09-07-2025,21:01:14,611.64
O00018370,U003572,29-05-2025,06:18:40,611.57
O00005386,U008998,03-12-2024,10:10:23,611.55
O00007670,U006868,08-10-2024,22:31:11,611.54
O00005616,U005484,30-09-2025,06:24:58,611.37
O00000531,U008071,02-05-2024,22:55:10,611.30
O00006833,U002058,04-04-2024,11:43:27,611.03
O00015253,U005724,01-08-2025,23:50:19,610.84
O00018094,U005916,27-08-2024,03:23:59,610.71
O00013281,U004613,29-05-2024,23:59:51,610.68
O00002048,U006857,18-09-2024,09:59:55,610.48
O00014378,U009443,15-07-2025,17:09:56,610.48
O00015792,U009034,21-01-2024,03:53:28,610.48
O00007303,U002724,27-06-2024,09:05:53,610.31
O00000408,U003348,18-09-2024,23:13:47,610.25
O00009691,U005150,27-05-2024,02:12:59,610.20
O00007296,U008459,13-10-2024,22:30:33,610.00
O00015547,U000834,07-06-2024,17:08:37,609.98
O00006540,U003429,31-05-2024,22:02:54,609.93
O00009817,U008849,18-05-2024,15:34:06,609.78
O00004738,U004248,15-12-2024,03:46:59,609.49
O00016535,U002117,01-11-2024,21:17:49,609.38
O00016154,U006214,20-02-2024,07:13:01,609.17
O00007850,U001699,12-05-2024,05:07:46,609.14
O00016796,U000929,11-05-2025,15:57:09,608.82
O00012113,U004403,23-06-2024,13:01:58,608.47
O00001569,U007493,18-08-2025,09:17:35,608.39
O00005946,U001723,11-01-2024,16:56:58,608.28
O00000605,U002740,21-04-2025,17:57:57,608.27
O00007260,U004564,08-06-2025,09:47:18,608.11
O00011658,U009365,17-03-2024,15:28:04,608.02
O00002892,U002938,20-06-2025,12:04:18,607.55
O00011995,U003019,08-11-2025,19:58:02,607.20
O00017105,U009331,04-09-2024,05:54:04,606.90
O00018317,U006512,02-05-2025,18:43:19,606.89
O00004978,U005353,07-09-2025,05:14:24,606.70
O00017648,U001131,21-03-2025,17:30:38,606.70
O00018479,U002392,18-05-2025,04:30:45,606.62
O00009380,U004555,27-03-2025,04:26:02,606.51
O00010078,U000466,16-01-2024,14:42:35,606.44
O00018042,U003005,18-11-2024,16:11:18,606.30
O00011181,U008344,08-03-2025,10:45:26,606.25
O00009114,U005132,29-02-2024,21:00:35,606.11
O00006698,U004771,13-11-2024,04:13:24,606.07
O00011841,U001668,05-02-2025,05:51:16,606.03
O00006507,U002339,17-04-2024,15:04:29,606.02
O00003833,U003617,01-04-2024,23:31:35,605.83
O00005640,U003881,20-02-2025,14:32:47,605.54
O00009709,U003172,05-08-2024,22:09:14,605.36
O00011024,U008003,17-01-2025,01:59:23,605.36
O00014223,U004769,07-08-2024,21:22:27,605.36
O00015426,U005420,26-07-2024,05:55:52,605.36
O00007930,U006493,18-01-2024,07:31:13,605.17
O00015564,U008368,05-03-2025,17:27:02,605.05
O00014021,U006062,12-07-2024,00:46:18,605.04
O00009353,U002115,04-11-2025,02:03:32,604.85
O00017431,U006133,28-07-2024,04:49:27,604.82
O00002217,U001177,23-03-2025,08:00:55,604.73
O00002453,U001123,13-09-2025,14:37:44,604.62
O00014533,U003247,10-06-2024,15:21:35,604.52
O00018186,U008635,08-10-2024,18:35:03,604.47
O00018412,U003791,12-05-2024,14:30:39,604.12
O00002708,U004977,20-09-2024,12:21:48,604.08
O00005413,U001795,08-05-2025,14:00:46,604.08
O00007350,U000588,06-02-2025,21:10:09,604.08
O00016015,U003111,26-08-2025,04:00:42,604.04
O00015281,U006913,01-07-2024,22:12:49,603.88
O00007515,U000853,27-03-2024,22:40:41,603.50
O00006890,U006819,29-08-2024,00:51:54,603.49
O00009481,U006355,28-06-2024,12:37:03,603.12
O00006947,U001277,13-07-2024,19:13:24,603.06
O00019263,U004134,21-06-2024,14:34:23,602.97
O00017719,U008454,08-05-2025,10:23:08,602.96
O00018201,U007400,06-10-2024,02:33:08,602.87
O00009065,U008459,07-09-2025,18:11:04,602.85
O00015137,U007931,24-06-2025,22:11:57,602.81
O00011777,U009574,23-10-2024,02:57:38,602.72
O00002157,U006813,07-06-2025,17:37:08,602.56
O00012615,U008818,03-03-2024,06:22:53,602.52
O00002954,U002203,08-07-2024,02:27:07,602.47
O00013124,U005999,18-04-2024,06:25:06,602.43
O00005534,U003292,18-03-2025,20:18:23,602.32
O00001508,U005444,07-09-2025,16:09:03,602.05
O00004423,U009752,18-11-2024,10:37:50,601.97
O00016947,U006555,17-09-2024,18:17:53,601.96
O00005376,U007748,16-12-2024,02:41:30,601.78
O00005205,U004979,29-04-2025,13:04:00,601.59
O00013339,U009676,01-09-2024,14:12:41,601.59
O00013385,U001988,24-11-2024,04:12:48,601.59
O00014357,U002258,26-01-2025,01:57:57,601.59
O00017265,U007229,04-08-2025,05:45:11,601.59
O00013970,U001068,07-04-2024,15:31:37,601.43
O00014411,U009866,14-08-2025,00:47:11,601.34
O00000018,U000792,10-11-2024,21:40:57,601.16
O00003101,U003565,30-03-2024,22:13:19,600.99
O00000630,U002436,21-07-2024,22:47:57,600.89
O00005034,U009457,31-01-2025,00:38:40,600.89
O00008983,U001662,19-05-2024,02:40:26,600.89
O00012077,U005477,29-03-2025,21:17:06,600.89
O00019613,U009577,27-06-2024,19:46:38,600.89
O00006711,U002442,25-07-2024,13:20:48,600.53
O00011246,U002890,30-08-2025,16:39:12,600.52
O00012479,U009353,05-06-2025,12:45:37,600.51
O00002040,U000284,27-05-2024,19:01:39,600.48
O00018618,U007043,26-05-2024,08:30:00,600.48
O00015675,U003632,22-01-2024,06:58:55,600.34
O00000568,U009687,26-01-2024,13:32:10,600.26
O00000012,U009480,27-08-2025,09:57:49,600.23
O00001435,U003961,05-01-2025,00:29:46,600.14
O00015678,U009597,03-09-2024,10:10:50,600.14
O00002983,U009190,29-06-2025,05:46:47,600.09
O00001415,U000708,09-02-2025,18:07:17,599.85
O00002321,U003728,26-05-2024,06:36:25,599.60
O00003437,U002063,16-11-2024,22:02:04,599.60
O00001796,U004137,23-04-2025,02:59:52,599.32
O00004213,U000658,15-06-2025,07:44:40,599.32
O00013007,U006503,07-06-2025,07:18:41,599.32
O00015818,U004729,12-04-2025,02:02:09,599.32
O00006027,U004180,16-03-2024,05:20:44,599.11
O00014067,U001091,02-02-2025,13:27:53,599.09
O00011523,U007508,12-10-2024,01:45:04,598.96
O00015008,U003219,21-03-2024,02:47:36,598.92
O00008190,U003464,15-05-2024,22:48:41,598.90
O00009958,U002002,26-03-2025,01:26:35,598.90
O00014363,U008160,14-02-2025,11:23:52,598.78
O00005428,U007070,12-08-2025,09:41:26,598.63
O00014731,U003792,19-10-2025,14:25:56,598.63
O00018274,U004672,11-07-2024,02:45:32,598.63
O00018559,U006988,26-03-2024,18:44:05,598.63
O00019966,U005308,20-02-2024,12:56:35,598.63
O00014089,U005496,28-07-2025,05:43:42,598.61
O00007206,U005954,14-05-2024,19:01:19,598.57
O00004846,U002310,26-03-2025,07:52:08,598.42
O00007971,U002169,10-06-2025,03:48:32,598.30
O00004385,U000372,05-05-2024,14:36:26,598.07
O00004047,U008213,11-06-2025,09:44:01,598.02
O00006244,U003789,17-03-2024,10:05:57,598.02
O00000785,U003811,09-07-2024,18:02:18,597.89
O00011123,U005733,15-04-2025,15:32:09,597.88
O00013059,U006117,06-05-2024,12:16:25,597.82
O00009872,U004098,29-10-2024,14:54:28,597.80
O00016716,U005361,13-09-2024,19:56:07,597.80
O00005277,U002663,02-09-2024,21:33:34,597.63
O00008156,U008390,19-12-2024,16:39:09,597.59
O00003856,U008140,02-10-2025,01:49:22,597.49
O00005329,U009299,18-04-2025,11:15:50,597.17
O00010445,U008086,04-10-2025,15:22:48,597.03
O00005452,U001193,29-01-2024,15:35:48,596.99
O00013705,U000741,16-01-2025,16:55:15,596.72
O00003956,U008579,07-02-2024,22:31:53,596.56
O00006196,U005325,28-01-2024,23:39:35,596.56
O00007216,U007437,21-07-2024,13:56:24,596.56
O00008021,U005451,20-01-2025,02:38:14,596.56
O00013314,U001464,21-05-2024,12:33:03,596.56
O00017670,U006760,04-08-2025,21:25:36,596.56
O00017402,U009476,07-10-2024,17:51:00,596.52
O00013212,U006126,26-07-2025,22:05:10,596.15
O00008630,U001415,04-05-2025,02:30:00,596.08
O00004748,U001435,28-02-2024,19:29:51,596.04
O00011987,U006222,18-01-2024,20:59:39,596.00
O00017767,U005776,25-09-2025,06:50:21,595.64
O00010901,U003933,24-05-2025,07:38:48,595.56
O00010468,U004629,29-09-2024,03:37:00,595.45
O00010762,U006211,30-01-2024,03:39:05,595.36
O00014863,U008206,13-01-2025,19:56:35,595.16
O00011526,U006291,22-01-2025,20:43:50,595.00
O00006433,U003507,29-09-2024,05:52:59,594.94
O00018818,U009813,16-01-2024,12:13:40,594.94
O00009263,U005518,19-07-2025,14:43:51,594.74
O00005539,U005348,15-05-2025,16:47:53,594.62
O00007142,U003885,05-08-2024,02:32:25,594.57
O00006364,U003564,05-12-2024,11:36:36,594.51
O00002411,U009375,17-03-2025,00:26:21,594.19
O00005732,U008499,10-11-2024,16:04:58,593.84
O00000053,U001555,18-06-2024,14:09:40,593.67
O00013296,U006325,18-03-2024,22:27:57,593.58
O00014278,U008097,10-09-2024,20:45:45,593.50
O00005296,U001402,11-07-2025,17:48:44,593.24
O00012324,U005597,07-05-2024,15:50:24,593.14
O00005856,U007068,18-03-2025,04:55:49,593.07
O00002793,U001041,26-03-2025,19:16:55,592.67
O00003533,U007004,10-01-2024,02:04:19,592.06
O00014835,U008085,12-01-2024,12:27:23,592.01
O00011047,U006234,11-04-2024,21:07:17,591.68
O00014155,U003568,04-04-2025,14:38:01,591.56
O00009971,U004224,21-10-2024,07:17:39,591.55
O00011509,U003940,27-07-2025,20:41:39,591.49
O00016644,U007822,04-08-2025,03:07:15,591.20
O00014256,U000631,14-08-2025,21:13:54,591.19
O00002262,U002907,13-01-2024,21:32:16,590.96
O00003687,U006370,16-11-2024,07:04:38,590.92
O00017244,U000843,15-06-2025,21:24:40,590.74
O00003112,U008182,07-10-2024,02:42:37,590.62
O00001931,U008460,26-01-2024,12:21:33,590.54
O00003653,U005026,15-06-2025,11:06:13,590.32
O00017407,U009004,03-03-2025,15:29:58,590.21
O00009350,U002004,14-08-2025,06:26:32,590.12
O00012244,U008973,20-04-2025,10:48:29,590.10
O00013953,U006363,17-06-2024,09:45:03,590.10
O00008699,U001042,27-03-2025,23:32:22,590.06
O00019158,U008949,25-07-2024,13:21:57,589.47
O00019313,U004023,12-07-2025,16:28:14,589.38
O00014508,U001666,06-08-2025,16:17:14,588.74
O00002064,U001734,26-08-2024,23:29:38,588.66
O00018107,U001842,15-07-2024,12:16:37,588.47
O00010461,U009651,11-03-2024,06:54:38,588.41
O00003018,U006435,30-04-2025,03:05:31,588.32
O00012239,U001919,20-02-2024,16:05:44,588.11
O00015331,U004778,12-04-2025,02:01:04,587.93
O00003868,U001112,02-09-2025,11:18:43,587.77
O00001590,U009117,08-06-2025,01:29:32,587.73
O00015101,U006480,31-03-2025,03:54:19,587.67
O00007358,U009807,04-08-2025,19:39:39,587.66
O00013400,U008283,21-03-2025,10:20:28,587.66
O00010324,U007441,14-02-2024,14:03:35,587.60
O00010957,U004121,20-02-2025,23:30:17,587.56
O00000129,U003622,30-06-2024,07:50:34,587.55
O00006532,U008441,04-11-2025,04:27:57,587.49
O00002288,U002669,06-10-2024,20:30:58,587.22
O00001295,U000840,19-07-2024,08:18:09,586.97
O00010829,U008714,15-11-2024,09:32:52,586.94
O00010551,U001458,28-09-2025,10:39:22,586.84
O00006746,U000051,10-08-2025,04:26:57,586.60
O00006866,U001160,28-09-2025,12:42:09,586.54
O00006527,U003839,30-09-2025,16:13:06,586.49
O00000072,U007276,13-03-2024,13:49:45,586.48
O00006290,U005710,21-01-2024,04:14:00,586.18
O00005168,U001746,31-08-2025,16:44:06,586.17
O00018252,U001552,09-02-2025,01:23:27,586.16
O00003748,U007072,31-10-2024,08:09:30,586.12
O00013519,U009505,19-02-2024,16:04:25,586.11
O00001698,U000318,27-12-2024,10:45:29,585.96
O00015316,U006351,28-07-2025,00:46:29,585.74
O00002639,U001540,21-07-2024,15:26:32,585.71
O00003463,U004855,08-01-2025,22:30:14,585.66
O00015677,U001960,02-09-2025,07:43:46,585.63
O00010208,U007605,10-02-2024,20:57:16,585.59
O00006205,U003648,09-11-2024,21:14:43,585.44
O00000534,U007978,25-02-2024,01:57:45,585.00
O00016536,U002911,14-10-2024,08:03:21,584.97
O00014069,U003190,27-07-2024,00:14:45,584.68
O00012214,U005585,22-09-2024,08:47:11,584.65
O00011119,U001493,04-10-2025,04:49:24,584.59
O00011464,U000030,25-12-2024,18:14:13,584.32
O00003425,U001567,15-04-2024,22:53:54,584.30
O00012332,U008491,02-08-2025,23:04:53,584.28
O00004063,U005373,31-01-2025,10:36:34,584.18
O00011859,U009986,08-06-2025,09:11:54,584.18
O00004552,U008124,02-10-2024,01:17:27,584.06
O00002029,U005523,22-02-2025,08:17:59,583.68
O00017604,U008553,05-09-2025,04:14:15,583.18
O00003578,U004529,28-10-2024,14:53:33,582.97
O00002072,U005872,24-02-2024,18:51:54,582.90
O00005114,U005493,05-11-2024,20:04:33,582.90
O00017248,U000172,21-08-2025,04:30:54,582.64
O00013700,U001840,10-08-2025,15:33:55,582.18
O00011038,U007216,19-04-2025,07:08:09,582.10
O00019606,U006567,02-10-2024,11:59:16,582.07
O00018810,U006565,24-04-2025,15:47:56,582.00
O00005060,U005294,16-07-2025,13:26:59,581.64
O00005425,U006155,21-10-2025,11:13:35,581.58
O00015697,U003877,15-05-2025,03:01:14,581.53
O00017556,U001508,29-03-2025,01:32:47,581.47
O00002656,U008019,12-08-2024,19:50:08,581.33
O00007905,U005536,22-03-2025,23:23:15,581.31
O00015962,U007529,27-01-2024,12:32:28,581.26
O00000292,U007310,18-02-2025,10:35:31,581.24
O00002674,U002495,15-06-2024,13:25:25,581.06
O00009294,U002051,02-06-2025,06:10:05,580.69
O00019855,U004284,29-10-2025,19:20:05,580.60
O00009610,U001718,07-06-2024,05:31:18,580.48
O00012812,U005730,16-05-2025,14:41:56,580.29
O00014804,U007721,13-09-2024,21:24:42,580.26
O00016701,U004874,28-04-2024,21:24:45,580.23
O00005808,U004878,17-07-2025,22:21:15,580.18
O00010282,U005092,04-10-2024,02:05:44,580.09
O00009176,U004962,22-05-2025,12:43:14,580.06
O00012040,U009260,07-09-2025,21:34:25,580.00
O00005533,U006313,25-09-2024,14:38:34,579.77
O00002832,U009267,11-05-2025,01:13:16,579.73
O00016555,U003818,20-09-2024,09:13:15,579.65
O00015131,U003751,04-06-2024,11:54:53,579.62
O00016831,U002120,29-06-2024,17:28:21,579.42
O00004849,U008023,22-06-2025,01:12:48,579.41
O00005049,U008267,11-09-2025,02:08:56,578.91
O00005441,U009459,19-09-2025,03:06:29,578.76
O00006303,U002473,04-04-2025,11:19:21,578.63
O00004006,U001006,03-02-2025,05:15:34,578.62
O00000634,U003809,01-05-2025,20:05:35,578.55
O00002379,U001733,31-05-2024,09:56:52,578.39
O00004990,U006206,19-05-2024,06:50:03,578.19
O00001671,U009229,12-09-2024,22:09:43,578.11
O00011336,U000756,03-11-2025,07:09:10,577.95
O00009072,U001218,02-04-2025,14:37:05,577.93
O00015755,U006758,13-09-2025,11:18:12,577.93
O00007040,U008311,30-08-2024,13:01:33,577.88
O00003583,U007997,22-02-2024,09:59:51,577.85
O00018834,U002885,08-10-2025,12:58:12,577.78
O00011205,U009601,02-04-2024,07:12:56,577.72
O00014112,U003882,11-02-2025,00:21:20,577.49
O00008042,U008380,22-05-2024,16:10:57,577.29
O00001327,U000391,20-03-2024,05:22:31,576.97
O00002769,U009529,15-06-2024,13:28:42,576.97
O00008353,U001046,01-10-2025,11:40:28,576.97
O00019322,U001067,04-04-2025,02:35:37,576.97
O00014758,U009073,04-06-2024,02:44:05,576.92
O00019148,U007856,30-10-2025,06:02:26,576.43
O00015811,U004999,09-10-2024,17:03:46,576.42
O00012674,U002830,08-07-2025,04:21:27,576.40
O00002258,U005314,07-03-2025,18:34:45,576.14
O00015912,U004735,07-01-2025,15:40:47,576.11
O00010641,U008686,21-02-2024,06:38:35,576.03
O00011885,U009687,13-11-2025,06:29:26,576.00
O00001076,U004430,08-12-2024,21:43:04,575.78
O00005129,U006450,29-06-2024,14:34:11,575.67
O00016413,U009925,30-09-2025,23:29:38,575.47
O00009118,U003718,08-03-2025,17:53:07,575.24
O00014547,U008011,26-05-2024,12:01:26,575.19
O00012896,U006548,04-04-2024,04:13:17,575.07
O00001263,U004595,04-11-2025,07:53:04,574.74
O00009312,U000098,02-07-2025,10:08:56,574.59
O00008364,U000922,22-09-2024,14:21:05,574.56
O00016726,U002196,31-05-2024,07:30:58,574.53
O00004200,U000925,10-05-2025,10:19:22,574.35
O00007565,U004732,09-04-2025,04:24:07,574.06
O00012169,U002718,20-01-2025,03:30:27,573.92
O00006165,U005160,28-10-2024,10:43:49,573.65
O00001097,U004860,07-03-2025,15:02:25,573.58
O00012538,U000646,08-09-2025,16:22:18,573.40
O00017391,U008487,18-02-2025,19:14:46,573.26
O00002703,U007756,09-09-2024,07:37:53,573.18
O00010410,U002481,18-01-2025,02:00:50,573.13
O00008002,U002716,02-04-2025,07:54:54,572.62
O00015234,U002012,15-07-2025,15:43:06,572.62
O00018212,U008472,13-11-2025,02:27:53,572.62
O00005918,U004056,30-04-2024,17:29:26,572.59
O00009512,U000136,23-01-2024,01:25:43,572.41
O00006048,U007517,28-08-2025,03:54:24,572.36
O00008934,U005547,09-05-2024,14:06:17,572.11
O00013692,U000823,10-08-2025,21:14:15,572.09
O00015043,U008267,12-09-2025,16:41:30,571.95
O00015360,U006795,27-07-2025,11:56:00,571.93
O00011365,U009399,12-03-2024,08:04:31,571.90
O00013765,U009297,06-10-2025,21:57:00,571.69
O00013995,U003528,05-01-2024,10:06:20,571.67
O00012506,U004740,09-03-2025,20:30:02,571.58
O00016221,U008618,20-03-2024,05:06:08,571.58
O00004662,U009827,09-01-2024,02:59:34,571.50
O00007769,U001932,05-06-2025,23:28:18,571.23
O00005761,U004942,24-05-2024,05:19:11,571.14
O00003361,U009963,09-01-2024,11:29:44,570.99
O00015142,U007535,18-09-2024,03:10:35,570.98
O00009069,U006731,28-11-2024,22:13:04,570.85
O00012094,U005660,01-05-2025,03:40:58,570.70
O00000543,U004650,24-04-2024,18:13:25,570.67
O00000826,U002374,27-03-2024,14:08:18,570.66
O00003503,U005312,14-07-2025,14:27:02,570.57
O00005429,U008782,10-04-2024,12:08:26,570.57
O00005913,U008055,05-10-2025,23:47:53,570.57
O00008806,U005420,17-06-2025,11:22:55,570.57
O00012549,U005437,09-04-2025,10:26:44,570.57
O00008892,U009675,17-10-2024,11:13:04,570.53
O00014377,U005908,13-01-2025,02:15:18,570.37
O00000453,U005828,15-01-2024,07:23:44,570.10
O00003047,U005164,20-08-2024,04:04:52,570.05
O00002757,U009618,10-11-2024,01:21:17,569.82
O00001668,U001568,14-03-2025,05:25:13,569.73
O00006474,U007051,15-05-2024,23:39:53,569.72
O00003028,U006049,10-11-2024,09:56:16,569.65
O00007921,U004586,29-10-2024,10:38:57,569.65
O00003418,U008387,01-09-2025,10:11:49,569.52
O00007991,U005485,09-11-2024,14:53:17,569.51
O00000452,U001153,03-01-2025,12:59:14,569.37
O00000501,U003846,05-02-2024,14:06:50,569.34
O00003136,U003098,18-05-2025,06:49:07,569.30
O00017233,U002092,28-01-2024,08:32:20,569.21
O00016324,U000518,04-04-2024,02:45:26,569.20
O00001400,U002754,01-10-2024,13:08:58,569.10
O00002516,U006632,26-03-2025,21:52:35,569.04
O00009583,U009049,13-01-2025,08:41:37,569.02
O00007554,U000032,14-10-2025,06:12:06,569.00
O00009411,U006238,24-10-2025,10:06:17,568.98
O00005728,U005220,26-01-2024,22:53:25,568.66
O00007936,U005105,06-07-2025,03:48:53,568.44
O00013165,U003796,27-04-2025,00:58:52,568.42
O00019122,U003964,28-03-2024,16:57:01,568.31
O00014213,U009428,16-05-2025,22:03:33,567.75
O00005552,U002612,16-12-2024,22:45:19,567.60
O00005925,U008539,27-04-2024,14:16:35,567.39
O00012070,U009574,27-09-2024,15:47:22,567.39
O00013123,U009526,21-12-2024,04:46:12,567.39
O00008251,U000163,17-09-2025,01:11:03,567.28
O00017465,U008131,11-10-2024,07:03:15,567.24
O00000195,U001418,11-06-2024,01:39:23,567.18
O00005880,U004598,12-06-2025,04:14:39,567.18
O00015900,U006506,19-01-2024,14:46:18,567.05
O00005200,U009759,06-07-2025,05:22:25,566.94
O00010771,U001054,18-04-2025,16:38:02,566.94
O00013947,U007362,30-07-2025,18:26:43,566.94
O00008348,U004367,24-04-2024,09:03:32,566.90
O00010367,U009283,22-09-2025,16:02:44,566.90
O00000176,U009063,23-01-2024,00:47:26,566.87
O00005375,U008803,12-09-2024,09:32:51,566.69
O00013656,U000114,15-11-2024,15:48:42,566.53
O00015264,U000052,25-10-2025,01:49:51,566.53
O00019113,U003443,12-06-2024,10:16:03,566.53
O00014347,U002352,28-06-2024,13:43:23,566.39
O00006318,U009469,01-12-2024,08:27:56,566.37
O00016518,U005502,17-08-2024,21:41:36,565.99
O00010940,U003661,18-12-2024,07:54:15,565.92
O00015226,U000781,27-12-2024,05:14:24,565.87
O00016733,U006829,17-02-2024,13:36:50,565.78
O00010214,U003889,04-05-2025,15:23:25,565.65
O00008855,U002952,15-01-2025,09:53:28,565.47
O00010877,U009657,04-08-2024,17:57:17,565.37
O00001519,U007123,27-07-2024,05:39:14,565.28
O00018988,U007059,27-03-2025,09:21:39,565.28
O00007518,U001071,17-02-2025,18:19:01,565.23
O00016806,U008343,03-01-2025,18:48:48,565.18
O00016388,U008739,22-04-2025,07:25:27,565.07
O00016307,U005199,30-11-2024,03:04:37,565.02
O00016337,U002115,25-07-2024,08:31:00,565.01
O00015088,U002123,06-09-2024,07:05:31,564.88
O00013202,U006203,24-03-2024,01:41:41,564.72
O00014531,U004707,26-10-2024,06:50:20,564.72
O00012330,U002518,08-04-2024,07:03:17,564.41
O00016024,U008570,29-10-2025,14:58:58,564.41
O00012068,U000199,04-06-2024,07:03:14,564.28
O00005021,U007133,02-09-2025,20:39:38,564.15
O00018967,U003843,05-03-2024,02:10:26,563.97
O00009911,U005821,16-05-2024,18:02:27,563.96
O00015802,U005792,10-10-2024,04:08:08,563.88
O00019380,U003670,24-04-2025,04:57:38,563.88
O00010879,U008897,13-03-2025,10:17:04,563.69
O00003705,U008295,21-01-2024,13:22:34,563.33
O00004524,U008381,01-03-2024,10:32:37,563.27
O00014641,U006921,01-08-2025,21:12:38,563.25
O00012518,U000838,04-06-2024,19:53:26,563.23
O00013932,U002290,11-10-2024,03:03:04,563.19
O00016174,U006122,19-10-2024,11:09:52,563.14
O00001170,U001345,08-02-2024,22:27:01,563.09
O00007700,U000909,20-06-2024,23:15:06,563.01
O00008706,U003681,22-10-2025,09:25:34,562.93
O00011802,U005644,12-02-2025,10:13:18,562.90
O00007500,U005040,05-07-2025,18:33:10,562.84
O00000563,U001868,09-09-2024,12:38:03,562.78
O00000468,U004907,28-10-2024,22:45:57,562.76
O00013424,U008572,03-11-2025,20:38:35,562.67
O00008737,U006364,16-05-2025,17:44:23,562.64
O00019603,U001876,25-03-2025,18:17:58,562.55
O00005718,U002456,21-08-2024,00:21:00,562.54
O00001498,U009806,08-12-2024,03:44:14,562.36
O00007822,U009465,05-04-2024,16:13:55,562.19
O00015931,U009420,20-06-2024,20:24:38,562.14
O00005703,U007762,26-07-2024,03:52:34,562.09
O00000757,U002852,07-11-2025,13:02:54,562.07
O00015480,U007532,11-03-2025,14:26:38,562.01
O00013026,U009711,16-07-2024,19:36:42,561.75
O00015362,U007747,01-08-2025,04:59:35,561.75
O00011015,U004844,30-10-2024,15:20:26,561.58
O00014808,U007241,20-05-2025,01:14:31,561.57
O00007642,U008638,12-04-2025,06:31:16,561.49
O00002878,U009697,02-05-2024,13:58:37,561.48
O00002246,U008269,27-02-2025,03:38:36,561.27
O00001121,U002918,26-08-2024,02:34:36,560.94
O00009722,U002711,14-05-2024,17:37:59,560.83
O00012249,U002545,16-01-2024,09:24:49,560.82
O00005433,U003240,24-06-2024,19:42:58,560.60
O00014332,U002040,10-09-2025,05:38:21,560.59
O00018188,U009899,09-10-2025,08:05:36,560.51
O00003206,U008746,28-04-2025,21:09:34,560.16
O00004318,U004306,11-01-2024,20:10:58,559.97
O00010647,U005205,23-10-2024,02:16:11,559.70
O00005158,U005881,06-05-2024,10:38:38,559.66
O00005602,U001364,23-03-2024,11:07:47,559.58
O00014272,U005155,29-11-2024,02:20:57,559.52
O00016647,U004791,24-07-2024,06:16:41,559.35
O00016095,U007827,26-08-2024,08:10:20,559.20
O00018060,U008150,08-03-2024,21:54:19,559.20
O00009060,U002488,05-07-2024,09:00:43,559.13
O00002992,U000794,01-04-2025,20:56:45,559.03
O00011068,U002376,04-07-2025,12:31:04,558.79
O00014108,U004145,06-05-2024,23:16:42,558.79
O00001677,U005353,26-07-2024,04:23:03,558.78
O00009631,U002260,08-11-2025,02:22:23,557.93
O00005349,U004282,11-11-2024,20:32:02,557.92
O00009884,U002053,13-11-2024,11:29:24,557.83
O00017329,U003459,20-12-2024,01:54:14,557.75
O00000798,U006985,30-09-2024,09:46:52,557.49
O00000962,U009096,17-07-2024,09:46:58,557.48
O00011690,U005746,16-04-2025,18:10:03,557.48
O00000896,U000453,17-01-2024,21:58:21,557.39
O00014370,U004348,04-04-2025,18:09:00,557.39
O00003009,U002715,21-05-2024,15:42:10,557.04
O00018839,U006524,26-09-2025,12:08:50,556.80
O00004607,U003362,14-08-2024,11:10:26,556.74
O00004616,U003857,02-04-2025,11:15:44,556.56
O00003296,U002223,21-04-2024,22:50:06,556.38
O00013748,U000912,01-05-2025,09:57:51,556.23
O00004501,U005084,19-02-2025,09:31:04,555.93
O00016525,U003485,03-10-2024,04:15:05,555.88
O00005595,U002840,14-02-2024,18:20:55,555.49
O00011994,U004569,18-01-2024,12:03:47,555.41
O00009242,U004550,09-05-2024,22:23:57,555.22
O00018881,U002526,06-06-2025,18:39:07,555.19
O00003097,U002117,02-04-2025,02:35:37,555.03
O00009235,U002218,10-04-2025,22:57:13,555.00
O00004201,U006660,13-09-2025,10:37:23,554.93
O00010176,U008087,04-10-2024,10:51:31,554.93
O00010487,U003603,26-01-2025,23:00:02,554.93
O00012897,U002481,02-11-2024,21:02:39,554.93
O00016846,U009763,18-01-2024,03:00:17,554.93
O00003451,U008206,26-07-2025,01:38:15,554.81
O00013052,U001608,21-05-2024,14:44:46,554.78
O00000886,U009818,12-02-2025,01:25:29,554.72
O00014463,U008326,14-01-2024,09:28:46,554.70
O00016356,U004761,27-03-2024,15:32:01,554.61
O00009384,U001562,12-07-2024,16:48:40,554.52
O00011512,U002836,18-06-2024,09:30:43,554.48
O00007768,U008988,26-07-2025,09:27:58,554.29
O00013850,U000692,17-08-2025,10:04:14,554.29
O00002719,U009781,16-07-2025,04:02:43,553.91
O00018862,U006104,25-07-2025,19:30:32,553.80
O00014961,U004488,09-12-2024,03:02:21,553.57
O00007189,U008980,13-09-2024,20:26:29,553.29
O00009880,U003991,10-02-2024,19:11:48,553.29
O00003797,U000390,25-01-2025,05:25:39,552.82
O00012259,U008096,15-09-2025,10:51:11,552.77
O00004877,U004511,16-10-2025,22:19:37,552.74
O00014469,U009276,22-08-2025,10:01:02,552.59
O00017291,U001810,30-11-2024,22:05:23,552.59
O00012561,U006246,02-07-2025,14:25:34,552.57
O00014581,U006779,27-09-2024,19:02:03,551.96
O00007180,U009050,19-05-2024,02:47:56,551.94
O00015629,U004746,28-01-2024,19:55:50,551.73
O00006520,U006811,02-11-2024,21:05:02,551.46
O00010029,U003727,21-05-2024,04:16:19,551.33
O00005045,U004928,28-07-2025,10:16:23,551.26
O00019663,U009115,15-08-2024,08:42:44,551.24
O00018414,U006835,02-02-2025,08:01:39,551.17
O00006288,U009613,29-03-2025,12:50:30,551.16
O00002593,U008631,02-10-2025,09:31:33,551.01
O00007437,U006515,13-09-2025,06:50:34,550.78
O00016896,U009143,09-08-2024,04:41:22,550.76
O00016131,U000171,19-04-2024,22:36:17,550.74
O00002112,U002758,20-04-2025,01:43:09,550.52
O00002481,U002635,03-12-2024,22:41:52,550.48
O00019080,U008268,21-06-2024,22:08:31,550.42
O00003237,U008926,26-08-2025,19:41:15,550.41
O00009323,U003920,06-04-2025,17:16:26,550.39
O00016240,U009661,04-09-2025,14:27:41,550.18
O00002444,U008091,07-11-2024,03:11:56,550.11
O00007428,U005195,01-09-2024,18:24:31,549.90
O00001782,U005760,16-01-2025,15:16:26,549.87
O00014951,U000326,24-10-2024,00:17:13,549.84
O00005189,U008736,13-03-2024,11:54:17,549.81
O00008445,U003491,05-03-2024,18:47:34,549.81
O00007536,U006336,19-05-2024,05:23:41,549.76
O00012272,U001775,03-05-2024,18:43:25,549.57
O00014803,U007362,02-07-2024,10:10:23,549.45
O00001845,U005375,06-06-2025,16:06:26,549.32
O00016241,U004370,08-06-2024,07:18:20,549.32
O00007869,U005597,27-04-2024,06:39:40,549.25
O00004520,U005096,11-06-2024,20:57:49,548.99
O00002122,U007299,20-05-2024,13:13:29,548.89
O00002875,U005045,22-04-2025,15:04:14,548.83
O00004167,U003231,10-02-2024,15:24:29,548.83
O00005001,U000911,07-02-2025,23:06:21,548.83
O00006085,U000836,06-11-2024,20:26:28,548.83
O00011223,U001279,02-09-2025,17:08:30,548.83
O00019786,U005426,10-02-2024,05:58:07,548.64
O00016265,U002667,01-10-2024,05:32:28,548.43
O00009715,U004269,16-12-2024,22:11:03,548.40
O00009909,U000684,26-05-2024,11:26:51,548.40
O00006745,U000837,19-03-2025,07:39:42,548.36
O00005546,U006551,24-09-2024,11:39:23,548.14
O00015968,U008431,03-09-2024,07:06:10,548.00
O00008412,U008951,07-06-2024,11:34:21,547.82
O00005584,U007484,30-01-2024,09:25:11,547.69
O00006663,U009228,20-09-2024,08:54:45,547.42
O00013336,U007008,14-06-2024,20:18:39,547.15
O00003668,U001707,03-04-2025,23:22:46,546.92
O00010277,U000486,21-01-2025,01:15:39,546.88
O00018404,U007838,08-08-2024,17:01:59,546.86
O00014104,U000002,26-05-2024,21:29:12,546.76
O00007728,U007568,28-02-2025,07:59:32,546.73
O00004511,U007436,27-06-2024,03:42:57,546.48
O00006277,U002610,17-02-2025,19:18:48,546.48
O00015181,U001358,02-12-2024,05:13:53,546.48
O00008013,U008163,24-01-2024,03:01:30,546.45
O00015576,U001801,24-04-2024,15:25:34,546.38
O00011750,U002331,09-02-2025,17:59:11,546.01
O00018485,U004463,23-04-2024,20:26:59,545.87
O00016012,U001067,04-01-2024,13:44:27,545.83
O00000461,U000292,27-09-2024,08:51:54,545.80
O00008192,U002466,08-04-2024,20:12:28,545.77
O00005447,U006606,16-06-2024,12:18:51,545.75
O00010863,U006720,16-04-2024,03:13:37,545.64
O00011702,U000161,30-10-2025,14:41:27,545.64
O00007409,U007160,25-10-2024,08:19:57,545.59
O00007738,U004194,25-04-2025,12:28:48,545.51
O00006905,U001065,19-08-2025,21:51:45,545.45
O00006258,U001799,12-11-2024,17:26:13,545.28
O00011543,U008774,03-04-2024,17:35:13,545.20
O00005198,U003570,23-10-2024,08:36:42,544.95
O00006283,U009352,08-08-2024,14:31:59,544.93
O00004870,U008807,25-03-2024,19:50:09,544.80
O00000102,U000795,12-08-2024,10:45:05,544.65
O00009434,U000645,06-05-2024,10:49:18,544.60
O00009030,U004375,18-08-2024,13:13:23,544.47
O00010892,U001885,07-11-2025,00:33:57,544.14
O00014313,U007667,23-02-2024,15:26:21,544.13
O00019147,U004685,28-04-2024,19:28:23,543.92
O00017191,U000835,21-01-2024,11:50:34,543.80
O00011055,U009061,17-11-2024,13:35:09,543.78
O00005190,U008450,19-02-2025,10:25:00,543.70
O00019600,U002139,14-09-2025,20:04:10,543.53
O00019300,U005441,30-06-2024,16:42:43,543.44
O00000326,U006017,22-04-2024,21:05:27,543.39
O00002169,U006559,14-11-2024,04:31:07,543.31
O00005935,U003863,25-08-2024,12:49:33,543.31
O00007261,U005271,15-09-2025,16:52:33,543.31
O00007857,U008077,22-09-2025,21:01:24,543.31
O00018474,U006440,07-05-2024,14:25:22,543.31
O00001031,U004102,17-03-2025,20:39:11,543.25
O00016078,U007765,20-10-2024,04:23:40,542.86
O00016584,U006702,27-10-2025,17:00:53,542.86
O00013933,U007316,24-09-2025,09:56:27,542.77
O00012668,U006989,20-12-2024,02:10:56,542.71
O00004314,U008057,26-09-2024,00:14:00,542.60
O00014980,U000276,07-04-2024,17:50:38,542.60
O00003216,U002660,12-11-2025,02:40:00,542.31
O00008507,U007913,20-04-2025,12:18:43,542.09
O00013923,U002625,13-01-2025,08:15:36,542.07
O00000866,U001670,30-04-2025,07:39:14,541.92
O00006706,U007163,02-02-2024,08:14:36,541.84
O00010795,U008553,25-10-2024,20:10:12,541.83
O00006237,U000452,30-12-2024,02:05:52,541.77
O00010175,U003294,18-01-2024,00:26:53,541.73
O00016004,U008300,15-05-2024,08:18:19,541.69
O00006069,U009939,02-09-2025,02:52:26,541.54
O00012757,U009833,01-03-2025,17:27:46,541.54
O00011387,U001066,22-07-2024,22:41:20,541.49
O00002822,U002426,22-04-2024,15:17:38,541.45
O00016286,U008246,11-07-2024,22:01:27,541.43
O00012840,U007555,28-07-2024,11:44:46,541.41
O00011304,U003414,27-07-2024,20:21:11,541.36
O00011054,U002867,07-10-2025,06:40:30,541.01
O00004342,U009261,23-12-2024,00:21:52,540.84
O00003140,U005597,28-06-2024,16:05:28,540.68
O00007037,U003136,07-01-2025,11:49:34,540.52
O00013229,U005482,04-09-2025,13:04:17,540.33
O00009784,U006500,06-10-2024,00:02:56,540.24
O00001585,U007762,29-07-2025,14:48:55,540.15
O00019175,U006644,29-10-2025,04:19:03,539.96
O00002770,U005158,23-02-2025,20:14:30,539.81
O00005006,U000391,12-09-2025,00:23:50,539.69
O00012987,U006648,12-01-2025,08:28:35,539.17
O00012623,U009122,28-08-2024,21:11:55,538.87
O00006013,U001293,13-12-2024,17:03:41,538.81
O00018166,U007551,18-06-2024,02:02:54,538.68
O00002486,U008413,30-06-2024,14:36:50,538.65
O00000262,U009315,20-05-2024,10:32:04,538.63
O00001114,U008406,14-09-2025,18:46:01,538.62
O00011130,U006129,20-04-2024,09:13:25,538.54
O00008418,U008067,30-04-2024,23:56:01,538.48
O00003943,U001089,13-12-2024,19:43:47,538.47
O00006445,U000922,11-01-2025,17:44:26,538.44
O00004583,U002734,23-11-2024,10:09:12,538.42
O00007149,U001346,17-07-2024,03:06:33,538.42
O00008753,U000119,02-06-2025,18:58:09,538.42
O00012028,U005484,23-04-2024,19:16:42,538.42
O00016624,U001074,15-08-2024,12:39:33,538.42
O00018986,U008265,11-01-2024,07:38:44,538.42
O00008157,U005666,31-12-2024,17:56:49,538.38
O00019385,U002972,05-10-2025,13:19:53,538.38
O00013416,U005415,19-08-2025,22:25:59,537.91
O00011374,U003225,08-09-2024,01:34:32,537.67
O00000876,U001321,12-04-2025,19:59:52,537.66
O00002594,U008988,26-07-2024,11:19:43,537.55
O00005477,U006641,22-04-2025,22:26:40,537.38
O00002699,U004055,23-06-2024,14:06:21,537.22
O00015086,U005259,18-08-2024,22:42:25,537.22
O00019136,U000186,04-08-2025,06:47:01,537.20
O00013249,U002657,09-10-2025,09:59:12,537.14
O00017002,U001594,20-02-2025,01:10:15,537.05
O00006622,U009610,30-03-2024,11:08:15,537.03
O00012078,U007031,24-11-2024,17:34:25,536.83
O00016089,U006374,21-03-2024,15:37:41,536.56
O00017219,U006218,23-12-2024,03:53:50,536.38
O00016504,U005492,13-07-2024,01:38:57,536.37
O00000835,U005191,24-04-2024,07:58:57,536.33
O00001364,U003676,20-02-2025,01:32:30,536.33
O00001210,U003341,25-05-2025,19:34:21,536.28
O00007382,U002649,12-01-2024,15:12:23,536.28
O00014144,U000676,23-03-2025,14:10:16,535.95
O00009285,U007210,01-05-2025,20:46:22,535.83
O00019104,U002027,31-03-2025,09:16:09,535.83
O00006844,U002159,10-08-2024,03:30:57,535.69
O00011279,U009474,28-09-2024,12:22:48,535.69
O00014698,U005131,09-02-2025,01:13:28,535.58
O00019490,U002758,06-07-2024,20:59:25,535.50
O00014585,U005007,24-09-2025,22:44:41,535.32
O00002889,U009408,28-07-2024,21:00:04,535.28
O00011261,U008557,26-07-2025,11:25:00,535.19
O00011317,U007513,09-01-2024,18:03:43,535.17
O00000762,U005358,29-04-2025,23:48:26,535.01
O00004575,U003893,23-02-2025,07:45:06,535.01
O00000187,U005772,02-11-2024,16:50:09,534.92
O00017903,U006425,09-01-2025,19:09:19,534.87
O00018914,U003575,13-04-2025,15:44:01,534.60
O00003411,U008441,08-09-2025,09:12:54,534.48
O00001354,U002431,27-06-2024,00:58:14,534.42
O00018348,U009954,27-08-2025,04:35:11,534.10
O00006254,U000307,25-08-2025,21:41:52,534.09
O00007108,U008095,15-01-2024,11:49:51,534.09
O00006877,U002066,20-07-2024,19:44:59,533.87
O00008942,U009288,13-08-2024,04:54:18,533.79
O00013298,U006847,16-03-2024,16:39:11,533.78
O00001666,U004370,24-10-2024,20:32:33,533.64
O00005033,U000594,04-11-2025,01:41:20,533.63
O00017794,U004413,25-12-2024,04:01:10,533.56
O00010511,U005424,11-01-2024,17:31:09,533.52
O00008103,U001599,19-05-2025,21:07:19,533.37
O00006559,U006669,04-02-2025,21:55:00,533.34
O00010474,U007554,04-10-2024,09:19:42,533.19
O00019013,U002461,09-04-2025,01:20:04,533.18
O00003561,U006415,10-10-2025,22:12:46,533.14
O00000247,U002631,09-03-2024,18:55:55,533.01
O00006613,U004404,21-02-2024,16:12:43,532.92
O00008859,U001103,23-03-2024,06:52:03,532.92
O00005170,U007886,30-10-2025,21:41:09,532.83
O00000832,U005221,08-02-2025,18:04:58,532.74
O00009808,U007271,07-05-2024,21:05:50,532.71
O00003765,U008603,24-09-2025,20:54:20,532.65
O00017921,U006755,04-04-2025,01:55:08,532.50
O00012233,U001691,08-06-2025,01:01:58,532.49
O00006454,U001145,01-03-2024,01:44:29,532.42
O00012434,U000217,24-05-2025,00:15:41,532.40
O00009059,U000002,19-05-2024,05:45:51,532.36
O00001552,U007836,22-10-2024,04:21:12,532.29
O00002001,U007901,24-03-2024,15:36:02,532.14
O00007622,U007773,13-01-2025,02:05:50,531.70
O00018841,U007300,17-02-2024,07:20:04,531.68
O00013826,U000884,13-02-2025,18:29:21,531.65
O00019254,U002404,27-12-2024,14:51:48,531.63
O00000607,U008430,26-03-2025,15:45:45,531.53
O00003523,U007502,09-11-2024,10:48:36,531.53
O00004913,U009533,30-09-2025,09:54:45,531.53
O00013187,U005375,12-09-2024,17:45:28,531.53
O00018736,U004392,06-03-2024,06:53:37,531.53
O00019288,U009031,30-10-2024,17:43:40,531.53
O00011078,U006988,20-01-2024,06:32:18,531.50
O00011574,U007674,23-03-2025,11:18:51,531.46
O00000636,U005784,30-07-2024,18:42:22,531.42
O00018776,U001540,05-06-2024,23:49:13,531.04
O00016517,U007514,15-10-2024,00:38:23,530.74
O00006561,U006519,11-12-2024,23:14:04,530.65
O00000771,U008051,10-09-2024,20:56:34,530.56
O00002676,U006412,28-05-2024,06:14:25,530.14
O00015338,U001069,02-07-2024,15:55:12,530.00
O00018024,U007480,12-11-2025,00:25:52,529.81
O00008811,U008708,10-04-2024,21:14:52,529.79
O00003826,U000400,24-11-2024,15:12:05,529.71
O00013989,U006385,01-12-2024,09:52:37,529.55
O00012175,U008872,20-02-2025,18:13:51,529.54
O00012306,U001041,22-01-2024,15:01:18,529.54
O00010640,U006470,24-03-2024,12:03:36,529.34
O00013273,U003477,24-04-2025,04:35:50,529.34
O00013855,U007581,02-07-2024,18:40:17,529.31
O00010350,U005052,23-04-2024,11:51:49,529.20
O00011308,U002855,11-05-2024,07:45:42,529.20
O00018964,U001513,13-01-2024,05:13:15,529.19
O00006790,U009896,25-05-2025,13:29:06,529.17
O00016628,U001910,02-10-2025,18:41:06,529.16
O00009896,U006467,26-01-2024,15:15:02,529.12
O00003325,U005972,14-01-2024,15:31:43,529.06
O00005072,U002404,28-12-2024,04:45:14,529.06
O00012584,U006006,28-10-2024,15:02:46,529.06
O00014850,U007167,31-01-2025,11:32:26,529.06
O00015446,U007923,08-10-2025,19:48:49,529.06
O00003802,U008969,04-11-2025,09:55:48,528.82
O00015229,U003210,11-12-2024,20:20:16,528.70
O00003885,U008192,14-07-2024,02:53:19,528.26
O00018326,U003433,30-10-2024,04:39:46,528.10
O00003915,U003933,13-09-2025,16:32:46,527.87
O00010219,U009623,13-03-2025,22:24:13,527.87
O00016809,U007254,22-09-2025,10:02:25,527.87
O00011614,U003858,21-09-2024,20:10:51,527.70
O00013885,U001958,24-11-2024,01:18:00,527.60
O00007109,U002647,21-02-2024,07:47:26,527.55
O00011728,U002477,04-08-2024,16:51:27,527.15
O00007984,U002126,06-04-2024,14:44:37,527.09
O00010502,U009475,27-09-2025,18:27:52,527.04
O00006386,U009547,15-02-2025,16:07:25,526.97
O00001106,U003941,19-06-2025,01:11:19,526.90
O00016020,U004375,18-07-2025,02:58:50,526.88
O00006057,U008714,16-08-2025,19:59:16,526.84
O00012833,U008743,15-02-2024,10:32:44,526.84
O00001854,U004598,25-07-2024,03:06:38,526.80
O00002870,U002689,11-05-2025,00:25:41,526.72
O00006040,U009806,05-07-2024,05:27:45,526.25
O00009666,U008775,30-10-2024,08:42:32,526.09
O00002836,U005989,15-06-2025,00:59:48,526.05
O00014825,U004008,06-08-2025,14:22:32,525.97
O00011156,U007526,28-06-2024,15:42:38,525.77
O00012817,U009470,01-07-2024,08:04:07,525.60
O00004453,U000582,20-10-2024,08:44:24,525.32
O00015258,U002244,02-08-2025,18:47:46,525.32
O00016881,U001360,04-10-2025,23:13:51,525.22
O00007542,U001383,12-10-2024,22:47:56,525.00
O00013926,U000928,10-08-2025,23:23:29,524.82
O00002031,U007107,15-02-2024,07:08:34,524.78
O00008305,U009913,17-10-2025,16:29:50,524.75
O00018207,U008488,29-06-2024,12:19:07,524.72
O00016010,U001814,01-08-2025,21:22:44,524.33
O00020000,U009938,01-06-2025,08:13:09,524.31
O00011782,U008400,24-11-2024,07:20:52,524.19
O00005950,U004964,13-01-2025,06:04:18,524.18
O00019639,U002688,11-02-2025,19:47:03,524.10
O00007256,U009836,16-02-2025,22:35:26,524.06
O00011665,U008092,07-02-2024,07:44:03,523.66
O00006957,U004200,12-11-2024,17:06:31,523.61
O00006549,U001420,29-09-2024,20:43:41,523.57
O00001604,U009422,02-09-2024,11:49:45,523.50
O00018435,U009583,11-11-2025,06:53:13,523.48
O00005236,U004734,03-04-2024,07:40:09,523.42
O00019677,U000106,08-06-2025,19:14:43,523.03
O00004176,U006891,22-04-2025,04:42:04,522.96
O00011161,U009555,06-08-2024,13:40:25,522.84
O00019071,U002470,04-10-2024,01:49:08,522.18
O00000025,U006241,23-01-2024,02:00:10,521.99
O00005004,U005167,06-08-2025,15:55:30,521.85
O00019931,U009879,04-02-2025,09:51:13,521.82
O00011465,U002167,16-01-2025,09:38:57,521.80
O00002261,U003034,12-11-2024,00:22:38,521.75
O00002446,U001162,06-12-2024,21:17:47,521.70
O00001003,U006209,16-07-2025,13:37:33,521.59
O00013895,U005507,18-05-2024,16:35:05,521.55
O00003305,U007433,14-07-2025,15:06:36,521.50
O00012059,U008389,31-07-2025,01:54:25,521.50
O00002127,U008190,18-08-2024,13:25:00,521.26
O00009200,U002925,31-05-2025,19:13:09,521.19
O00001927,U008188,12-07-2025,04:24:30,521.16
O00010389,U000382,06-11-2024,11:27:36,521.16
O00009467,U004296,19-10-2025,00:44:10,521.13
O00003141,U002995,18-08-2025,22:33:48,521.11
O00003750,U000896,07-04-2024,00:53:57,521.00
O00008842,U004434,30-01-2024,19:22:51,521.00
O00012010,U008966,07-05-2024,02:03:34,521.00
O00019725,U007360,26-06-2024,00:31:42,521.00
O00000014,U009493,15-06-2025,22:26:59,520.96
O00006273,U004972,14-01-2024,15:20:15,520.75
O00006731,U001052,20-08-2025,06:39:11,520.59
O00008290,U003270,19-05-2024,23:42:47,520.58
O00019246,U008519,02-10-2024,21:17:30,520.54
O00009946,U008972,10-10-2025,07:04:51,520.39
O00004915,U008127,15-07-2025,11:49:16,520.14
O00009220,U005735,08-11-2024,15:56:25,520.03
O00014354,U001521,31-12-2024,21:44:17,519.95
O00019565,U003764,25-12-2024,10:55:26,519.92
O00010391,U006065,12-04-2024,22:01:39,519.78
O00001827,U007971,26-08-2025,21:54:33,519.75
O00010240,U003347,03-06-2025,20:41:23,519.75
O00016585,U001918,31-12-2024,22:57:04,519.58
O00002341,U003910,03-08-2024,00:05:33,519.54
O00014739,U007414,27-03-2025,04:36:06,519.49
O00007803,U001524,08-06-2024,15:54:17,519.44
O00016283,U004120,13-08-2025,22:06:38,519.44
O00017239,U008038,13-09-2025,14:08:45,519.42
O00018187,U000907,03-01-2025,01:26:31,519.38
O00015259,U002757,24-12-2024,21:49:04,519.25
O00003250,U000650,11-03-2024,16:21:45,519.22
O00016365,U007475,07-03-2024,05:19:53,519.21
O00019054,U004066,26-10-2024,22:51:22,519.21
O00004603,U009627,24-09-2024,23:52:16,519.19
O00017422,U007112,12-04-2024,20:24:39,519.10
O00018787,U000891,08-08-2024,15:38:19,518.61
O00009082,U006748,20-02-2024,13:34:36,518.53
O00012708,U008677,27-07-2025,21:16:37,518.48
O00015162,U008224,12-11-2024,08:30:03,518.47
O00002522,U002586,07-01-2024,15:24:17,518.24
O00015565,U005033,03-10-2025,21:28:14,517.82
O00007556,U000846,02-03-2024,03:40:07,517.78
O00017100,U006635,12-12-2024,15:40:30,517.77
O00003078,U009876,17-05-2024,05:01:09,517.53
O00006104,U003197,10-06-2025,08:16:53,517.40
O00019927,U006186,01-06-2024,00:39:46,517.36
O00018283,U000901,02-02-2025,08:38:59,517.26
O00008727,U002061,25-07-2024,12:29:35,517.16
O00017341,U003885,11-01-2025,01:40:15,517.03
O00015641,U002366,06-08-2025,22:52:39,516.98
O00010123,U008691,19-09-2025,13:37:18,516.91
O00015566,U002121,26-10-2024,06:48:34,516.91
O00010546,U000204,06-10-2025,06:53:28,516.84
O00011535,U007987,15-04-2024,10:15:11,516.78
O00007050,U009096,06-11-2025,11:31:05,516.54
O00014216,U007584,10-11-2024,09:05:51,516.13
O00001079,U009597,24-08-2025,03:24:21,515.98
O00016991,U000213,27-03-2025,11:56:03,515.98
O00017201,U006035,02-05-2024,05:59:51,515.98
O00017667,U008366,21-04-2024,10:15:01,515.98
O00016008,U008968,20-02-2024,03:45:39,515.91
O00000141,U009725,23-08-2025,20:54:23,515.89
O00019586,U001348,09-12-2024,14:54:56,515.86
O00008904,U003877,15-06-2024,02:50:25,515.84
O00008274,U008162,20-02-2025,00:20:43,515.65
O00001817,U003394,31-10-2024,23:25:14,515.64
O00008124,U003773,20-01-2025,17:59:19,515.46
O00010562,U006510,04-03-2025,23:02:16,515.42
O00017771,U001755,17-04-2024,03:29:38,515.42
O00008196,U009188,03-02-2024,10:48:51,515.32
O00019392,U005481,12-05-2024,17:15:22,514.97
O00005201,U008086,02-05-2025,14:46:24,514.67
O00001795,U005191,11-02-2024,16:24:47,514.44
O00019105,U005962,18-02-2024,21:07:22,514.30
O00008381,U007489,25-10-2025,12:30:19,514.28
O00004422,U007941,11-03-2024,14:03:18,514.26
O00000500,U006698,15-02-2025,05:51:20,514.21
O00011555,U009983,15-08-2025,07:30:34,514.17
O00015970,U006407,31-05-2024,18:07:10,513.91
O00019886,U000548,18-07-2025,02:56:51,513.83
O00003759,U000725,12-06-2024,21:41:39,513.63
O00012786,U004483,01-11-2024,23:45:31,513.60
O00002632,U001584,23-05-2025,16:46:45,513.58
O00001138,U000918,20-04-2025,21:01:26,513.47
O00005000,U006029,08-03-2025,09:17:21,513.39
O00008025,U009350,30-05-2024,19:36:27,513.36
O00001967,U009102,01-08-2025,01:53:45,513.32
O00002410,U003254,13-03-2025,21:43:26,513.32
O00008577,U002853,05-08-2025,23:33:42,513.32
O00010930,U009167,11-05-2024,10:52:19,513.32
O00012913,U008079,05-08-2025,02:43:55,513.32
O00003550,U000636,31-12-2024,07:49:30,513.20
O00018122,U000586,04-01-2025,23:32:23,513.19
O00002168,U006641,26-07-2024,01:42:22,512.88
O00004960,U000879,29-05-2025,21:15:11,512.74
O00004098,U006836,27-07-2025,03:10:29,512.48
O00009602,U002899,05-06-2025,17:49:46,512.41
O00015620,U003159,08-08-2024,22:52:37,512.37
O00019837,U009280,20-06-2025,19:25:03,512.19
O00007344,U001531,13-09-2025,15:01:28,511.88
O00004473,U001264,18-10-2025,15:33:02,511.82
O00007290,U008941,02-10-2024,09:25:50,511.58
O00009518,U000349,08-03-2025,08:05:58,511.43
O00018281,U008356,09-06-2024,11:53:18,511.34
O00018625,U006532,04-06-2025,10:53:00,511.27
O00014623,U002826,17-04-2025,18:44:24,511.21
O00012655,U004464,09-04-2025,05:27:04,511.04
O00003031,U008581,23-05-2025,06:33:15,510.98
O00013973,U004206,19-06-2025,21:25:23,510.71
O00019077,U009978,05-06-2025,20:49:55,510.67
O00019033,U002011,21-05-2024,11:46:30,510.63
O00001316,U003201,28-01-2024,19:14:15,510.62
O00004947,U007833,12-05-2025,12:45:43,510.33
O00013868,U003398,06-10-2025,17:57:30,510.26
O00007131,U000010,16-02-2025,17:29:44,510.19
O00002073,U001090,12-08-2025,12:14:43,510.01
O00018940,U003207,04-07-2024,01:58:38,509.90
O00000267,U005153,18-05-2024,05:17:19,509.86
O00010313,U004781,02-07-2025,17:06:41,509.86
O00001634,U004306,11-07-2025,10:15:31,509.83
O00007931,U003637,20-05-2024,21:31:56,509.81
O00005825,U002197,21-04-2025,14:55:58,509.65
O00013411,U005171,05-04-2025,01:03:06,509.63
O00007839,U002972,12-11-2024,00:55:12,509.59
O00013449,U000649,14-01-2025,12:17:06,509.55
O00016325,U004466,11-04-2024,17:22:53,509.50
O00000766,U007739,13-05-2024,12:47:51,509.48
O00018004,U006723,26-12-2024,21:03:34,509.48
O00012624,U001304,06-07-2024,07:00:02,509.41
O00012704,U002399,25-11-2024,21:56:52,509.14
O00011935,U005774,27-06-2025,08:42:00,508.93
O00007124,U001453,14-02-2024,06:51:07,508.74
O00006077,U000780,25-07-2024,06:18:34,508.72
O00002234,U004537,26-04-2025,21:27:53,508.70
O00016786,U009533,31-08-2025,07:54:14,508.66
O00003312,U002208,29-01-2024,02:41:51,508.65
O00002852,U002772,03-08-2025,18:12:36,508.49
O00012015,U009316,10-10-2025,23:14:56,508.48
O00006346,U000412,12-04-2025,03:17:26,508.40
O00004590,U000845,31-01-2025,06:02:14,508.37
O00010319,U002454,14-04-2025,14:10:31,508.36
O00016257,U001337,13-07-2025,17:31:48,508.16
O00003935,U008123,14-09-2024,07:59:01,508.11
O00007757,U002917,04-02-2024,17:50:16,507.89
O00012369,U003476,03-05-2025,15:43:42,507.88
O00014916,U007597,06-04-2024,08:42:10,507.88
O00012025,U007321,27-02-2025,14:10:38,507.86
O00004163,U001868,24-08-2025,20:00:16,507.80
O00018885,U008356,16-01-2024,22:14:59,507.70
O00009933,U001129,02-02-2024,13:14:34,507.58
O00015887,U002213,23-12-2024,00:48:58,507.58
O00019745,U006978,23-11-2024,06:30:26,507.54
O00008598,U005771,26-01-2025,06:49:25,507.37
O00014752,U002799,27-01-2024,23:30:23,507.36
O00004757,U004421,06-09-2025,11:55:36,507.24
O00005360,U005155,18-03-2024,11:32:58,507.20
O00008269,U004269,01-09-2024,11:01:34,507.20
O00007137,U000202,12-04-2025,18:03:38,506.83
O00000627,U003321,03-09-2025,18:05:58,506.79
O00010934,U009549,10-04-2024,15:12:23,506.24
O00012816,U006539,14-09-2025,00:02:43,506.23
O00006761,U005907,18-05-2025,23:18:12,506.11
O00001934,U004853,13-06-2025,10:30:11,505.82
O00002274,U000202,28-06-2025,13:28:36,505.82
O00008525,U008349,09-03-2024,02:47:42,505.82
O00005666,U000798,30-09-2025,10:05:23,505.74
O00009073,U003139,16-10-2025,12:15:36,505.68
O00001151,U003747,08-04-2024,04:15:41,505.58
O00010345,U001298,13-08-2025,05:55:20,505.48
O00005773,U000631,21-08-2025,06:33:36,505.25
O00011830,U009585,08-12-2024,07:35:45,505.22
O00007370,U008184,23-09-2024,08:38:05,504.96
O00001557,U009272,18-03-2024,13:44:01,504.91
O00019439,U002210,02-12-2024,10:26:37,504.73
O00001525,U009141,02-09-2025,15:43:52,504.71
O00011518,U004479,01-03-2024,01:09:14,504.67
O00000212,U001613,23-10-2025,01:27:58,504.42
O00010696,U006377,23-01-2024,17:59:57,504.42
O00012402,U008976,30-01-2025,11:02:15,504.36
O00001718,U005517,01-06-2025,11:49:56,504.18
O00002683,U000312,08-06-2025,07:15:55,504.18
O00014611,U007817,15-09-2024,15:38:17,504.15
O00008742,U009934,29-10-2025,22:47:52,503.92
O00013711,U006562,31-01-2024,12:10:34,503.68
O00013852,U002295,27-10-2024,06:27:38,503.56
O00002750,U006523,01-09-2024,23:59:13,503.48
O00006732,U007403,23-01-2024,09:55:09,503.48
O00008339,U005248,24-03-2025,03:15:05,503.48
O00018574,U000806,28-01-2024,18:30:01,503.48
O00010044,U004822,29-09-2024,17:04:22,503.43
O00012772,U004327,11-08-2024,12:07:42,503.43
O00005659,U008365,06-11-2025,00:25:11,503.04
O00002541,U006441,18-07-2025,07:12:59,502.87
O00002881,U004139,09-05-2025,11:26:39,502.86
O00008900,U004660,22-09-2025,09:46:50,502.83
O00016935,U003850,24-10-2024,04:09:23,502.82
O00018647,U009042,29-07-2024,12:31:02,502.72
O00005982,U002962,05-03-2025,05:39:28,502.61
O00010652,U002086,06-06-2024,11:38:23,502.36
O00014151,U002891,04-09-2024,05:00:05,502.31
O00013832,U000012,02-03-2025,06:31:19,502.25
O00005286,U006050,01-07-2025,16:27:32,502.20
O00010429,U009813,04-02-2024,13:57:33,502.19
O00004290,U006439,15-03-2025,15:52:12,502.10
O00010014,U004837,28-07-2025,03:20:45,502.10
O00017729,U004501,18-10-2025,07:26:13,502.01
O00008003,U003265,27-05-2024,23:31:21,501.91
O00013170,U008967,22-11-2024,17:03:26,501.71
O00012867,U006100,06-01-2024,23:46:20,501.68
O00007107,U009440,11-01-2025,16:13:47,501.43
O00017607,U004779,05-01-2024,12:34:27,501.41
O00001924,U001696,14-04-2024,10:39:45,501.37
O00002422,U005061,29-08-2024,01:04:50,501.37
O00005840,U008246,30-06-2024,20:41:32,501.37
O00006320,U006642,19-07-2025,12:50:55,501.37
O00010122,U002993,27-12-2024,12:03:38,501.29
O00003406,U008204,09-02-2024,13:59:37,501.21
O00015894,U005281,10-12-2024,11:51:42,501.10
O00017444,U006101,20-12-2024,08:19:09,500.97
O00003983,U000594,23-01-2025,12:55:44,500.82
O00017681,U004205,23-12-2024,06:30:24,500.82
O00017626,U008801,07-11-2024,13:54:40,500.78
O00019888,U008702,04-04-2024,21:58:57,500.71
O00019578,U007639,13-03-2025,09:06:18,500.24
O00015244,U009778,07-11-2025,22:17:35,500.22
O00009560,U009777,13-09-2024,02:51:02,500.19
O00016588,U006589,30-08-2025,11:10:12,499.91
O00016023,U007409,06-03-2025,19:54:32,499.78
O00015000,U003485,17-05-2025,16:51:28,499.77
O00016795,U004964,26-09-2024,04:48:10,499.37
O00004649,U009266,13-03-2025,11:06:39,499.24
O00002404,U006459,08-09-2024,01:57:26,499.20
O00018711,U007041,20-02-2025,20:05:10,499.05
O00005350,U001796,04-02-2025,21:25:30,499.03
O00013001,U004502,04-01-2025,18:34:46,498.93
O00004534,U009326,26-04-2024,03:38:01,498.91
O00003010,U004526,18-09-2025,17:41:45,498.84
O00018341,U000131,07-04-2024,12:18:05,498.83
O00017627,U000131,01-09-2025,08:43:24,498.75
O00017187,U005061,12-09-2025,18:17:32,498.72
O00011888,U007288,09-07-2025,02:05:32,498.57
O00014486,U001340,21-01-2024,10:44:07,498.56
O00001647,U008751,05-01-2025,16:26:26,498.53
O00018118,U005440,29-10-2024,02:38:16,498.50
O00016346,U008365,29-05-2024,14:08:51,498.37
O00000571,U009858,12-12-2024,05:33:47,498.36
O00006621,U002455,11-10-2025,17:06:15,498.36
O00019002,U007827,29-05-2024,09:30:46,498.30
O00004673,U002683,21-03-2025,15:59:44,498.28
O00000554,U007560,02-08-2025,08:35:45,498.14
O00002862,U009596,03-09-2025,09:02:56,498.14
O00004858,U003820,18-06-2024,17:18:38,498.14
O00006793,U006471,16-09-2024,06:35:04,498.14
O00008452,U004993,03-02-2025,19:04:39,498.14
O00005972,U005255,12-08-2025,01:06:32,498.05
O00013840,U005968,16-06-2024,22:28:47,497.97
O00009422,U005164,18-05-2025,00:08:20,497.81
O00000857,U009149,07-04-2024,00:07:28,497.67
O00007252,U001808,19-12-2024,07:43:05,497.67
O00017570,U002013,15-07-2025,08:06:23,497.23
O00002818,U005372,21-06-2025,11:03:25,497.16
O00015059,U005406,10-08-2025,17:20:15,497.08
O00017686,U000754,06-01-2025,06:34:33,497.05
O00014885,U007625,18-07-2025,06:56:09,497.02
O00007472,U006176,12-06-2024,09:50:10,496.78
O00009668,U001872,29-10-2025,04:10:52,496.78
O00001981,U007905,19-01-2024,09:38:43,496.67
O00018251,U001620,03-02-2025,00:34:23,496.59
O00000673,U000730,11-10-2025,17:15:15,496.36
O00002584,U000692,21-02-2024,05:23:59,496.36
O00002192,U003164,31-07-2024,10:17:57,496.22
O00019008,U004802,11-01-2024,22:46:35,496.21
O00002089,U006077,22-01-2024,15:15:16,496.20
O00000027,U006102,31-10-2025,11:20:47,495.94
O00000746,U005025,17-07-2025,22:19:55,495.76
O00007349,U009293,28-04-2024,03:31:16,495.76
O00008476,U007190,18-08-2024,02:41:55,495.76
O00015726,U003527,20-10-2025,07:36:24,495.63
O00010509,U001553,24-04-2024,05:20:22,495.53
O00005133,U009322,17-04-2024,03:11:20,495.44
O00008512,U001331,02-08-2024,13:21:04,495.41
O00011260,U005553,27-12-2024,04:40:52,495.38
O00004404,U005269,16-01-2024,15:24:40,495.22
O00010092,U007079,27-08-2024,18:45:32,495.19
O00005962,U007704,04-06-2025,07:40:14,495.12
O00007898,U006936,18-09-2025,21:37:04,495.10
O00014495,U000468,03-07-2024,15:26:05,495.10
O00016191,U009695,05-04-2025,14:43:06,495.10
O00016892,U008582,17-02-2025,06:11:55,495.10
O00019957,U003704,22-10-2024,09:34:47,495.10
O00018246,U000218,30-09-2025,03:30:42,495.01
O00001762,U004208,12-12-2024,22:58:34,494.94
O00012973,U000997,27-06-2024,14:06:05,494.94
O00007673,U005481,27-11-2024,17:11:41,494.86
O00018838,U000865,19-03-2024,10:04:58,494.86
O00002914,U006754,04-05-2024,01:31:19,494.84
O00005085,U002754,08-09-2024,20:39:34,494.84
O00008058,U008520,12-09-2025,21:37:23,494.84
O00011537,U005889,31-03-2024,09:03:56,494.84
O00013084,U005473,04-10-2025,18:26:18,494.84
O00016620,U004014,06-01-2025,02:29:44,494.84
O00017872,U005401,11-11-2024,10:18:56,494.84
O00018990,U006346,08-11-2025,03:04:52,494.84
O00010470,U003784,18-02-2024,01:16:41,494.82
O00004334,U008824,16-03-2024,20:28:56,494.66
O00015156,U006376,17-02-2024,12:51:18,494.65
O00004643,U003722,12-10-2024,14:58:08,494.58
O00010935,U002414,08-09-2024,08:26:01,494.50
O00009972,U009006,30-04-2025,17:05:50,494.34
O00001610,U007488,18-01-2025,01:58:42,494.32
O00016635,U002184,27-12-2024,13:10:35,494.29
O00018399,U004985,26-01-2024,16:43:38,494.19
O00016721,U007470,31-05-2025,20:08:48,494.18
O00004459,U008673,14-06-2024,11:08:11,494.03
O00003660,U000559,04-02-2025,02:19:40,493.96
O00013579,U001903,08-03-2025,02:49:31,493.96
O00019722,U005891,15-02-2024,17:06:43,493.88
O00019428,U002717,22-04-2024,09:54:13,493.87
O00002532,U008787,13-03-2025,07:09:44,493.86
O00010266,U001151,15-09-2025,16:43:30,493.70
O00007837,U008226,27-08-2025,11:30:04,493.60
O00002244,U004308,09-08-2024,22:25:31,493.37
O00016353,U003122,09-03-2025,08:00:38,493.31
O00017055,U007835,09-06-2025,08:09:32,493.22
O00018641,U004925,01-04-2024,18:56:03,493.15
O00002425,U001517,08-08-2024,21:24:41,493.01
O00011921,U004607,11-11-2024,22:42:07,492.86
O00003435,U002458,30-01-2024,01:34:30,492.82
O00001017,U009963,01-10-2024,17:05:38,492.81
O00012952,U006575,03-02-2025,14:10:10,492.81
O00003196,U005577,21-09-2025,10:14:15,492.80
O00000658,U005275,01-09-2025,09:35:28,492.64
O00003739,U009207,24-03-2025,20:28:22,492.64
O00008073,U009669,02-11-2024,11:09:23,492.64
O00014404,U009349,12-03-2024,02:50:02,492.64
O00016640,U002830,13-04-2024,11:48:05,492.64
O00014947,U001606,20-03-2025,15:28:12,492.63
O00007717,U001316,03-06-2025,09:51:58,492.48
O00012592,U009154,22-08-2025,00:11:26,492.48
O00014138,U007913,25-07-2024,13:56:18,492.48
O00016305,U005599,06-05-2024,05:39:47,492.48
O00013122,U008711,10-09-2025,04:44:25,492.41
O00014097,U001357,04-10-2025,13:10:17,492.29
O00006072,U009453,02-11-2024,04:11:20,492.22
O00005455,U003725,22-10-2025,06:22:18,492.20
O00008629,U006378,28-06-2025,20:26:10,492.15
O00007951,U005815,21-09-2025,12:22:37,492.09
O00017700,U004192,19-06-2024,18:57:58,492.07
O00015326,U008513,11-01-2024,04:49:47,492.02
O00003944,U002590,04-05-2024,05:31:38,491.85
O00005159,U005136,10-09-2025,07:57:30,491.79
O00017040,U009360,20-05-2024,05:33:44,491.76
O00008891,U000955,17-04-2024,03:20:19,491.67
O00016101,U003993,19-08-2025,12:03:22,491.65
O00005919,U005413,26-06-2024,23:01:27,491.50
O00015180,U007226,23-11-2024,11:56:09,491.45
O00015844,U003268,19-01-2024,07:31:15,491.42
O00002970,U002735,19-08-2024,04:10:51,491.31
O00004078,U008684,08-12-2024,14:26:25,491.25
O00000657,U006980,17-05-2024,13:33:15,491.06
O00006484,U007252,22-10-2025,16:38:14,491.04
O00016235,U006945,30-05-2024,14:40:51,490.93
O00001251,U006439,13-01-2024,08:31:43,490.90
O00014518,U001230,15-09-2024,11:41:50,490.82
O00011955,U006489,06-07-2025,14:24:44,490.62
O00006376,U002286,26-07-2024,11:35:58,490.59
O00007115,U006362,31-05-2024,13:11:44,490.50
O00018447,U006485,29-05-2024,11:04:23,490.50
O00010456,U006857,19-09-2024,17:36:13,490.48
O00016658,U001182,21-08-2025,09:50:27,490.48
O00018093,U004904,07-04-2024,17:56:09,490.48
O00003300,U002278,17-04-2024,05:08:06,490.31
O00007485,U000968,19-06-2025,17:34:56,490.29
O00012790,U000549,26-03-2024,03:34:55,490.18
O00007729,U006179,09-03-2024,05:38:14,490.11
O00002284,U000037,10-01-2024,08:51:11,490.06
O00013467,U006859,24-04-2025,22:01:17,489.99
O00009005,U006548,04-03-2025,17:16:54,489.95
O00002800,U008920,20-10-2024,20:36:38,489.78
O00007170,U007470,21-11-2024,18:17:23,489.62
O00016144,U009563,09-02-2024,14:07:33,489.61
O00009130,U005871,20-01-2025,22:58:15,489.38
O00004474,U008344,27-08-2024,16:03:10,489.35
O00009490,U009375,05-05-2025,02:24:00,489.31
O00000046,U007376,09-02-2024,11:42:31,489.21
O00017685,U007364,17-09-2025,12:19:11,489.15
O00019757,U001766,21-03-2024,01:22:17,489.10
O00003881,U002740,03-09-2024,19:48:51,488.81
O00007726,U005704,07-08-2024,13:06:43,488.72
O00010106,U009652,19-08-2024,06:03:55,488.72
O00002579,U005808,21-01-2024,19:34:56,488.69
O00001735,U006627,12-08-2025,17:31:53,488.59
O00008294,U006178,29-09-2024,14:03:02,488.59
O00009368,U007672,09-04-2025,20:42:07,488.59
O00010761,U004564,19-10-2025,03:53:18,488.59
O00016735,U009519,15-10-2025,15:19:24,488.59
O00006983,U004354,15-01-2024,23:39:37,488.58
O00006368,U002803,25-01-2025,20:33:11,488.32
O00003057,U000084,19-08-2025,16:39:25,488.30
O00015990,U009570,02-03-2024,16:33:54,488.22
O00005931,U007089,17-02-2025,21:08:05,488.17
O00018511,U007738,27-05-2024,07:56:08,487.93
O00019453,U006389,27-08-2025,15:20:12,487.88
O00009208,U002522,16-06-2024,10:09:46,487.58
O00013721,U008382,14-01-2025,04:22:13,487.42
O00013881,U009427,27-04-2025,00:32:18,487.39
O00004056,U008485,07-08-2025,09:26:07,487.22
O00010354,U009486,28-01-2025,17:17:49,486.89
O00017255,U002343,19-06-2024,17:43:07,486.87
O00000967,U001488,09-04-2024,22:01:02,486.86
O00013894,U001393,24-06-2024,07:12:41,486.86
O00015771,U002344,27-08-2025,03:48:52,486.86
O00009768,U002227,09-11-2025,04:01:53,486.77
O00010249,U007634,08-08-2024,23:03:16,486.68
O00010965,U005387,21-05-2025,11:39:12,486.44
O00006917,U002356,19-05-2024,07:58:26,486.23
O00007643,U004051,09-06-2025,14:10:59,486.05
O00015596,U003383,29-11-2024,15:49:53,485.92
O00011301,U002441,04-04-2025,13:00:44,485.70
O00009736,U008531,09-11-2024,15:23:30,485.62
O00002181,U005321,21-09-2024,17:38:01,485.36
O00015833,U002540,01-01-2025,17:31:42,485.24
O00010087,U007302,04-06-2024,16:03:46,485.07
O00011905,U009664,09-09-2025,11:38:24,485.03
O00016794,U005927,03-06-2024,08:26:51,484.84
O00019510,U009570,16-01-2025,05:31:12,484.83
O00013245,U007391,26-08-2025,21:26:35,484.72
O00005028,U007811,15-08-2024,12:52:40,484.70
O00017515,U006786,13-10-2025,16:46:15,484.55
O00008487,U000055,24-03-2025,00:21:41,484.50
O00009967,U003333,03-12-2024,20:48:59,484.38
O00016152,U007876,17-02-2025,18:32:42,484.33
O00009591,U004603,09-08-2024,19:47:07,484.29
O00003666,U004557,01-10-2024,06:43:44,484.26
O00013118,U000411,15-02-2024,05:06:56,484.26
O00017440,U000890,03-04-2025,12:19:54,484.26
O00002917,U003781,13-11-2025,17:01:19,484.22
O00008205,U003744,30-07-2025,06:00:50,484.22
O00018141,U007327,26-01-2025,03:51:41,484.22
O00005041,U001002,17-05-2024,17:50:49,484.21
O00003420,U006841,29-03-2024,07:25:13,484.18
O00007952,U001484,26-05-2024,16:49:00,484.18
O00010779,U002408,26-06-2025,19:59:18,484.18
O00011847,U008867,18-06-2025,16:14:38,484.18
O00011286,U008324,06-12-2024,08:37:26,484.13
O00007863,U007452,27-08-2025,13:13:07,484.07
O00010642,U002222,15-12-2024,09:49:39,483.94
O00009212,U009482,22-11-2024,00:51:22,483.85
O00011895,U004247,02-03-2025,05:35:08,483.74
O00009122,U001016,12-01-2025,06:24:03,483.67
O00001972,U000063,24-06-2025,06:49:58,483.60
O00008215,U001078,01-01-2025,08:18:01,483.46
O00015813,U002687,21-01-2025,11:08:31,483.35
O00007796,U006904,23-06-2025,11:31:05,483.15
O00019341,U005612,28-02-2025,14:00:38,483.04
O00001873,U003375,06-10-2025,13:06:26,482.88
O00005807,U009891,06-03-2024,02:37:30,482.81
O00019536,U002763,14-02-2024,02:50:46,482.72
O00001345,U004534,06-01-2024,04:26:00,482.60
O00013107,U008276,17-04-2024,14:13:58,482.45
O00010198,U000695,30-01-2025,15:19:30,482.06
O00014575,U008317,18-06-2025,00:23:42,481.94
O00011864,U005696,12-02-2024,17:03:52,481.52
O00008472,U008361,01-01-2025,09:21:02,481.16
O00019481,U007958,10-07-2024,06:31:07,481.13
O00007641,U006603,31-01-2025,23:41:09,481.11
O00007494,U008420,15-02-2024,08:05:47,480.87
O00008006,U003827,13-04-2025,23:14:59,480.80
O00018144,U007221,24-01-2025,05:35:41,480.54
O00010396,U002877,03-10-2024,12:48:48,480.19
O00006299,U009894,12-12-2024,11:32:45,480.16
O00004885,U008663,15-04-2025,02:04:27,480.05
O00003810,U003414,28-04-2024,00:02:49,479.80
O00007567,U000017,26-01-2025,12:33:06,479.80
O00009087,U003306,07-09-2025,08:05:24,479.80
O00010242,U005155,08-04-2024,12:43:26,479.80
O00010618,U003207,15-09-2025,17:15:18,479.80
O00001592,U009403,12-07-2024,02:26:00,479.76
O00001489,U005992,24-01-2024,12:34:34,479.62
O00016798,U008109,03-10-2025,22:43:59,479.52
O00010744,U006182,30-09-2024,23:08:11,479.38
O00005069,U008827,25-08-2024,16:29:13,479.28
O00002659,U001747,27-02-2024,12:56:29,479.14
O00012759,U009130,26-01-2025,06:21:51,479.08
O00019167,U007988,23-09-2024,05:17:42,479.08
O00008179,U005022,13-02-2025,02:22:59,479.04
O00000825,U001203,08-07-2024,08:16:58,479.02
O00015057,U007391,01-10-2025,21:26:55,478.98
O00012370,U007610,17-01-2024,22:20:43,478.97
O00007958,U001512,01-07-2025,00:23:05,478.92
O00004101,U007887,02-05-2024,18:16:26,478.89
O00018249,U008328,04-07-2025,12:05:04,478.87
O00016740,U006838,22-04-2024,18:33:39,478.85
O00012106,U002200,03-05-2025,07:20:32,478.82
O00000905,U003796,01-04-2024,18:12:25,478.81
O00010173,U007900,30-05-2024,13:25:24,478.57
O00012039,U003496,03-09-2024,03:05:29,478.39
O00003835,U002633,23-06-2025,19:05:27,478.25
O00011446,U003192,17-10-2025,18:27:47,478.25
O00001802,U006421,10-07-2025,05:26:11,478.24
O00014640,U000779,28-10-2024,16:07:29,477.87
O00011568,U009113,20-07-2024,15:43:11,477.85
O00014033,U002371,23-06-2025,06:19:48,477.81
O00012516,U004335,29-09-2024,07:18:32,477.66
O00014952,U001610,15-01-2025,16:07:00,477.43
O00003726,U005616,11-12-2024,04:30:19,477.42
O00007457,U001295,26-03-2025,01:56:32,477.42
O00003014,U007222,22-08-2025,02:48:25,477.35
O00017209,U001281,17-08-2025,21:17:14,477.16
O00015794,U006342,21-10-2024,16:05:00,477.08
O00005760,U007777,18-01-2025,11:50:01,477.04
O00015664,U008710,16-04-2024,09:28:11,477.04
O00016293,U004234,11-10-2025,15:20:53,476.99
O00001983,U009420,28-04-2025,07:12:19,476.98
O00004315,U003633,07-03-2024,16:42:40,476.93
O00019480,U001714,12-01-2025,17:48:33,476.89
O00007682,U001927,15-06-2024,08:17:04,476.76
O00003745,U006167,12-11-2025,14:59:18,476.72
O00005088,U005808,10-03-2025,15:11:29,476.36
O00005615,U000399,24-02-2024,07:41:02,476.36
O00012836,U004037,14-11-2025,07:37:47,476.36
O00015992,U002270,07-05-2025,05:19:29,476.36
O00019973,U005819,27-09-2025,14:12:08,476.36
O00006664,U006323,21-08-2025,21:57:54,476.35
O00002827,U008710,08-05-2025,10:26:13,476.30
O00010673,U007080,04-10-2024,03:56:09,476.16
O00014658,U003134,01-05-2025,10:38:23,476.16
O00003871,U002614,18-11-2024,05:48:24,476.07
O00019690,U007930,12-01-2024,22:44:33,476.02
O00002637,U001884,31-07-2025,08:57:21,476.01
O00017807,U000159,06-09-2024,03:04:58,476.00
O00014246,U009528,31-05-2024,19:26:43,475.84
O00000553,U005983,22-03-2024,08:24:23,475.80
O00008457,U008311,24-05-2025,18:26:20,475.79
O00001891,U006684,11-06-2025,12:09:24,475.65
O00005605,U002279,05-03-2025,00:12:36,475.65
O00008816,U004351,12-06-2024,23:51:25,475.65
O00014712,U005577,06-06-2024,23:32:13,475.60
O00003888,U006217,25-10-2024,16:28:40,475.53
O00009351,U004069,19-09-2024,19:09:24,475.42
O00009795,U006596,11-09-2025,21:46:04,475.29
O00019983,U007190,09-07-2025,07:22:52,475.27
O00011332,U009053,18-06-2024,05:07:12,475.17
O00018080,U006664,04-09-2025,17:25:49,475.14
O00006819,U007110,12-05-2025,03:23:32,474.92
O00009937,U004712,17-03-2025,11:48:07,474.86
O00008888,U007560,18-11-2024,19:35:27,474.84
O00010746,U007030,28-03-2025,16:31:53,474.82
O00017861,U008864,29-10-2025,13:07:50,474.82
O00008838,U003972,06-12-2024,22:34:47,474.65
O00019743,U007952,08-01-2024,02:15:08,474.63
O00001941,U005728,07-03-2025,21:34:44,474.53
O00008169,U001130,20-04-2025,20:18:54,474.34
O00008951,U005096,20-10-2025,21:02:08,474.22
O00015464,U001748,03-04-2025,12:31:10,474.22
O00016043,U005597,25-06-2025,20:56:47,474.22
O00009778,U005683,09-07-2025,12:17:40,474.18
O00016840,U009504,04-10-2025,19:17:06,474.18
O00010851,U005474,25-11-2024,12:02:38,474.15
O00017466,U000637,27-08-2024,15:39:30,474.14
O00013679,U006235,18-06-2024,04:27:09,474.12
O00013626,U000751,11-05-2025,02:44:40,473.70
O00004922,U008693,27-06-2025,17:18:33,473.62
O00011822,U000799,14-09-2025,18:02:04,473.62
O00002773,U001245,03-09-2025,21:48:53,473.59
O00018923,U006220,16-04-2025,21:10:19,473.55
O00015793,U005343,09-11-2024,01:33:18,473.40
O00003400,U001861,27-04-2024,02:03:11,473.37
O00009499,U000504,06-04-2025,00:13:36,473.37
O00017911,U007094,12-08-2025,19:21:02,473.32
O00005420,U004716,16-10-2025,21:13:46,473.07
O00004729,U006686,19-03-2025,16:18:21,473.03
O00003882,U005433,10-12-2024,15:29:27,473.01
O00019092,U004841,16-01-2024,00:19:13,472.84
O00017782,U007689,15-08-2025,03:28:49,472.83
O00005644,U002864,19-03-2025,05:40:39,472.81
O00013099,U005170,06-05-2025,04:36:11,472.81
O00010878,U004043,30-05-2024,00:46:12,472.77
O00002544,U008171,15-01-2024,16:42:15,472.74
O00010501,U002987,02-08-2025,03:49:55,472.61
O00003697,U006849,09-07-2025,09:39:36,472.45
O00010924,U009920,07-03-2024,17:02:50,472.38
O00019977,U002156,06-06-2025,00:44:49,472.34
O00012938,U008332,11-03-2024,19:06:35,472.32
O00014607,U005295,01-06-2024,08:01:20,472.25
O00004544,U002890,26-02-2024,23:44:54,472.13
O00017600,U004338,09-12-2024,16:49:42,472.13
O00019368,U006188,25-12-2024,18:05:16,472.13
O00018039,U008953,28-06-2025,18:54:42,472.10
O00006417,U008922,18-03-2025,23:01:11,472.09
O00008662,U009276,13-04-2024,09:56:13,471.47
O00012740,U001122,23-02-2024,21:28:39,471.27
O00014227,U007561,21-09-2025,04:14:02,471.25
O00005412,U006093,06-06-2025,20:29:19,471.08
O00009597,U003453,28-08-2025,05:58:58,470.92
O00006302,U004675,16-02-2024,16:09:17,470.89
O00010060,U005488,01-04-2024,21:49:52,470.89
O00012459,U004463,06-01-2025,01:24:43,470.89
O00017045,U005443,15-02-2025,03:49:01,470.89
O00015823,U000279,07-08-2024,21:01:35,470.62
O00006156,U004397,06-02-2025,23:26:04,470.61
O00010599,U008178,04-07-2024,19:58:54,470.59
O00008090,U008601,10-10-2024,11:00:01,470.47
O00001350,U005530,20-04-2025,11:31:10,470.40
O00016752,U005453,11-11-2024,00:21:07,470.38
O00010920,U006920,23-10-2025,20:10:48,470.25
O00018095,U005891,02-03-2024,06:12:21,470.21
O00013636,U003453,02-02-2024,18:35:58,470.18
O00015557,U002747,17-06-2024,00:45:47,469.98
O00015945,U002157,07-04-2024,07:28:48,469.98
O00008095,U000784,29-05-2025,21:16:23,469.91
O00003095,U009830,19-10-2024,19:42:02,469.87
O00013350,U008565,09-10-2024,10:00:08,469.86
O00002291,U009236,14-04-2025,22:37:16,469.76
O00015430,U009271,02-07-2024,03:36:52,469.76
O00011472,U003080,04-06-2024,11:28:47,469.67
O00005022,U003911,12-01-2025,22:50:42,469.51
O00002994,U001775,10-06-2024,11:47:43,469.42
O00005368,U003325,12-03-2025,17:22:28,469.42
O00014072,U005151,13-09-2025,06:01:44,469.32
O00010331,U006931,17-04-2024,05:19:20,469.25
O00013504,U006660,03-07-2024,13:15:22,469.10
O00015293,U003587,04-08-2024,06:26:07,468.98
O00013161,U009216,25-02-2025,01:14:45,468.94
O00009483,U007271,15-06-2024,10:03:59,468.93
O00007802,U001541,06-07-2025,12:32:44,468.80
O00019076,U000846,13-06-2025,04:23:30,468.78
O00006108,U003517,28-06-2024,01:55:42,468.68
O00010899,U007565,26-05-2025,16:28:47,468.67
O00015364,U009744,05-01-2024,09:07:13,468.63
O00004274,U001097,27-10-2025,06:54:19,468.61
O00003572,U007099,25-05-2025,17:09:06,468.57
O00011628,U002070,20-09-2025,13:36:17,468.49
O00014574,U006310,13-04-2024,01:01:32,468.47
O00004864,U006544,13-08-2024,17:08:06,468.30
O00019258,U003103,26-05-2025,13:50:08,468.24
O00008329,U001915,24-07-2025,21:31:37,468.21
O00014870,U008702,04-09-2024,15:23:03,468.20
O00017425,U006985,25-04-2025,20:58:58,468.06
O00001483,U004785,06-01-2024,23:44:39,467.87
O00018221,U003106,30-01-2024,19:31:56,467.75
O00009686,U003018,04-03-2025,04:58:44,467.62
O00000842,U001417,28-08-2025,11:28:42,467.48
O00013920,U007282,23-05-2025,07:55:05,467.30
O00014040,U008310,22-09-2024,07:20:19,467.22
O00016528,U002115,21-07-2025,06:50:33,467.17
O00012243,U004438,03-07-2024,03:56:17,467.01
O00014589,U006464,17-08-2025,16:35:00,466.90
O00017697,U000369,23-03-2024,09:57:28,466.90
O00018486,U000571,23-11-2024,01:39:01,466.90
O00001819,U000326,30-04-2024,00:49:39,466.89
O00017039,U001700,19-09-2024,07:46:12,466.84
O00001542,U004058,01-07-2024,21:44:53,466.78
O00014852,U003602,19-06-2024,18:50:45,466.60
O00014132,U003239,25-06-2025,20:43:09,466.56
O00009399,U007274,19-08-2024,11:33:41,466.52
O00005027,U008760,06-02-2025,04:31:38,466.25
O00005404,U002028,28-04-2025,18:46:24,466.25
O00009555,U005018,26-12-2024,02:45:37,466.25
O00014392,U002650,27-07-2025,23:58:04,466.25
O00016594,U009253,16-04-2025,06:01:40,466.25
O00005617,U004083,06-09-2025,16:33:35,466.24
O00002962,U001777,26-03-2025,16:48:01,466.15
O00007794,U007307,24-09-2025,14:24:27,466.10
O00003681,U004418,23-02-2024,07:29:48,465.90
O00008454,U003211,27-11-2024,23:00:33,465.82
O00013821,U003023,29-03-2024,08:14:38,465.75
O00012247,U005000,25-01-2025,16:07:07,465.73
O00000274,U003564,26-05-2024,21:25:34,465.60
O00003849,U008342,20-08-2025,02:40:26,465.60
O00019331,U004268,08-10-2024,20:12:22,465.53
O00011357,U007930,15-09-2024,13:03:21,465.44
O00019667,U007042,11-03-2025,01:49:44,465.40
O00010493,U003529,11-02-2025,06:37:09,465.30
O00010898,U003293,13-08-2024,12:49:57,465.11
O00004321,U008877,09-10-2025,04:49:06,465.02
O00006162,U001146,19-06-2025,15:32:09,465.01
O00001028,U006564,13-11-2025,01:20:39,464.86
O00001074,U000253,03-04-2025,08:09:08,464.85
O00008897,U000414,01-02-2025,17:32:02,464.82
O00016039,U008449,10-03-2024,13:08:04,464.68
O00015106,U003987,24-02-2024,23:42:59,464.66
O00002233,U001758,12-11-2025,13:40:57,464.41
O00010847,U008029,21-04-2024,17:41:14,464.36
O00013678,U008939,19-10-2025,07:32:39,464.09
O00001970,U008467,07-06-2025,15:07:41,464.00
O00019038,U003394,07-02-2024,00:54:21,464.00
O00011892,U004575,30-10-2024,06:41:34,463.98
O00018978,U005791,17-03-2024,12:44:47,463.92
O00013409,U008357,11-04-2025,16:16:31,463.83
O00003232,U007382,21-04-2025,12:57:46,463.81
O00017461,U006363,01-05-2024,00:50:09,463.75
O00011719,U003057,20-01-2024,13:12:13,463.70
O00007983,U005412,20-10-2025,01:50:17,463.66
O00006531,U003941,29-07-2024,04:14:53,463.47
O00001325,U005161,09-03-2025,03:01:40,463.44
O00009420,U009488,18-09-2025,18:18:57,463.30
O00006631,U000212,14-10-2024,16:35:11,463.25
O00006485,U003438,24-06-2025,18:37:35,463.22
O00008077,U007814,22-08-2025,10:34:42,463.16
O00010824,U004895,12-12-2024,02:16:31,463.15
O00014723,U001225,06-11-2025,04:55:26,463.10
O00000467,U001736,19-04-2025,09:04:37,463.05
O00007372,U003485,29-08-2025,09:05:05,463.02
O00015693,U005423,03-11-2024,21:22:41,462.87
O00003215,U004856,17-06-2025,18:36:52,462.83
O00012540,U009071,06-08-2024,17:52:13,462.76
O00017816,U004267,09-07-2025,16:47:58,462.76
O00002212,U009647,06-05-2025,12:48:07,462.62
O00004388,U003658,10-03-2024,23:49:21,462.62
O00005266,U003940,14-05-2025,06:38:15,462.62
O00010704,U008495,04-07-2025,20:50:24,462.62
O00011264,U003411,02-09-2025,16:48:44,462.62
O00010020,U007412,14-07-2025,01:23:26,462.58
O00012399,U000841,23-10-2024,11:37:01,462.58
O00004368,U007326,27-05-2024,10:27:12,462.48
O00012650,U004594,25-09-2024,00:42:07,462.35
O00019622,U005739,08-08-2024,21:01:51,462.35
O00007782,U008597,14-09-2025,13:15:17,462.30
O00007426,U007271,13-04-2025,02:57:15,462.20
O00000169,U001205,01-01-2025,16:06:02,462.02
O00011930,U001668,01-08-2024,11:28:45,461.88
O00008615,U000103,29-12-2024,19:17:34,461.85
O00005787,U000669,28-12-2024,18:46:15,461.57
O00001876,U007231,08-09-2024,22:21:00,461.56
O00008750,U002730,28-12-2024,12:34:15,461.47
O00009689,U006506,19-03-2025,16:09:52,461.43
O00000916,U008275,13-04-2025,08:46:46,461.24
O00008362,U003681,20-10-2025,01:20:15,461.20
O00012967,U008517,12-08-2024,23:01:44,461.08
O00017827,U001433,22-08-2025,20:27:57,461.08
O00009385,U003647,15-01-2024,09:57:45,461.06
O00000478,U009741,07-02-2025,04:59:55,461.02
O00005516,U004031,12-03-2025,09:59:19,461.02
O00005578,U001131,10-08-2025,04:27:31,461.02
O00011911,U009129,28-05-2024,20:04:24,460.90
O00018668,U001890,11-06-2025,06:01:19,460.86
O00010806,U006733,08-10-2024,23:48:17,460.74
O00005326,U009010,29-12-2024,14:16:59,460.70
O00018994,U007301,18-08-2024,23:56:47,460.70
O00000455,U001468,24-04-2024,21:26:29,460.66
O00001829,U002739,27-06-2024,05:24:05,460.66
O00002655,U009380,16-09-2024,05:52:00,460.66
O00007127,U007171,17-02-2024,23:47:31,460.66
O00007431,U006951,05-04-2024,05:41:41,460.66
O00008366,U008124,29-09-2025,16:41:26,460.66
O00013931,U007979,06-08-2024,20:23:53,460.66
O00014302,U003691,24-09-2024,08:58:42,460.66
O00017117,U000659,07-09-2024,01:32:58,460.66
O00019355,U004314,29-12-2024,00:34:29,460.49
O00017439,U007200,19-06-2025,03:04:42,460.36
O00001672,U001409,20-01-2024,23:11:01,460.34
O00006375,U004647,12-09-2025,20:28:48,460.09
O00013153,U008791,01-08-2025,22:13:38,460.08
O00010946,U004395,25-09-2025,00:02:06,460.04
O00010505,U003628,25-04-2024,17:11:38,459.82
O00000104,U007392,23-01-2025,05:17:18,459.63
O00007516,U008411,26-03-2025,06:21:20,459.33
O00010080,U008789,22-08-2025,11:35:27,459.15
O00001439,U009885,11-02-2025,19:14:01,459.10
O00013260,U004516,28-05-2024,18:06:36,459.05
O00018420,U001208,30-01-2025,18:32:38,459.04
O00015126,U003547,12-09-2025,03:50:27,459.02
O00011515,U009415,17-08-2025,19:43:49,458.76
O00012774,U003347,17-10-2024,17:44:04,458.68
O00017820,U002079,08-01-2024,06:29:44,458.68
O00011198,U002328,01-04-2025,07:02:47,458.59
O00019627,U008907,13-08-2025,13:10:26,458.46
O00001576,U003273,20-10-2024,20:17:06,458.37
O00004449,U000219,10-08-2025,02:34:35,458.25
O00010764,U008403,30-05-2025,09:39:43,458.24
O00004842,U008928,17-06-2024,09:02:42,458.09
O00008023,U004141,29-07-2025,00:52:28,458.00
O00011615,U004238,03-07-2024,02:11:43,457.92
O00015916,U001850,21-03-2025,20:01:21,457.79
O00011249,U000091,12-05-2024,22:30:13,457.74
O00017343,U003117,16-10-2024,09:37:09,457.72
O00017475,U003274,30-12-2024,04:25:28,457.71
O00002720,U000545,24-04-2025,12:49:47,457.45
O00016781,U002523,27-06-2024,04:18:43,457.29
O00014301,U005362,22-09-2025,22:39:36,457.27
O00018936,U009242,28-02-2025,09:01:35,457.22
O00004015,U009720,17-06-2024,18:35:26,456.94
O00007054,U003099,03-04-2025,12:52:09,456.76
O00019907,U008582,22-07-2024,15:19:34,456.71
O00007116,U006561,15-08-2024,01:15:16,456.67
O00014088,U007137,22-10-2024,06:53:57,456.54
O00013555,U003154,13-04-2025,13:32:06,456.31
O00012722,U001223,18-07-2024,15:53:16,456.30
O00018855,U003519,04-10-2025,22:52:09,456.09
O00018631,U000614,08-07-2024,19:56:44,455.99
O00015666,U000006,12-04-2024,10:21:14,455.92
O00001754,U001816,27-02-2024,05:35:27,455.87
O00004454,U009060,06-04-2025,22:30:17,455.87
O00011420,U003235,29-08-2025,02:43:29,455.77
O00005536,U008314,31-03-2025,05:54:21,455.70
O00002173,U006285,06-08-2024,06:44:02,455.55
O00008016,U005619,01-02-2025,06:22:21,455.55
O00019742,U005586,03-03-2024,12:55:10,455.52
O00000726,U005614,05-05-2025,23:04:56,455.43
O00008903,U006555,10-10-2024,02:12:28,455.43
O00010486,U009684,14-06-2024,17:01:08,455.43
O00011170,U003461,06-07-2025,03:19:57,455.43
O00006018,U002728,17-02-2025,04:29:47,455.40
O00004182,U005907,12-04-2024,15:59:52,455.39
O00016838,U002706,18-01-2025,07:02:52,455.32
O00000882,U007080,27-04-2025,07:54:22,455.30
O00018101,U005028,30-07-2024,18:59:35,455.29
O00001774,U007615,05-01-2025,04:31:45,454.71
O00007466,U009305,10-01-2024,11:27:06,454.56
O00014633,U002937,11-03-2025,11:44:04,454.35
O00011948,U004424,25-07-2024,19:05:01,454.30
O00001224,U000655,13-08-2024,11:03:34,454.19
O00017983,U004701,26-02-2024,03:05:50,453.86
O00019829,U005960,07-10-2025,09:28:41,453.84
O00017546,U005191,24-05-2024,23:23:01,453.74
O00003646,U006097,05-05-2025,08:50:01,453.70
O00015325,U004676,09-09-2024,17:46:15,453.70
O00006136,U000998,03-05-2025,08:32:13,453.53
O00000773,U009778,08-09-2025,11:56:55,453.40
O00000490,U006848,04-09-2024,18:04:04,453.27
O00015580,U003288,23-07-2024,00:09:29,453.25
O00006257,U003002,03-08-2024,05:56:30,453.07
O00006022,U006000,10-05-2024,21:31:07,453.01
O00002906,U000514,05-10-2024,17:09:20,452.88
O00002053,U007906,14-09-2024,01:49:43,452.83
O00004809,U004163,05-04-2024,20:11:14,452.74
O00005145,U000608,18-02-2024,23:43:32,452.72
O00006266,U009297,08-10-2024,18:43:41,452.72
O00014756,U000458,15-08-2024,21:54:41,452.72
O00018293,U001919,21-12-2024,22:01:45,452.59
O00007289,U000570,28-10-2024,01:54:32,452.54
O00011355,U006324,21-05-2024,01:23:15,452.52
O00009332,U001249,25-11-2024,15:40:50,452.48
O00012053,U007005,03-08-2025,09:15:29,452.48
O00016464,U001714,11-11-2024,00:24:03,452.46
O00016605,U001718,22-01-2025,16:08:44,452.36
O00012651,U001318,29-11-2024,22:20:11,452.26
O00007311,U004891,14-06-2024,01:21:30,452.15
O00001527,U005237,02-02-2024,11:43:15,452.13
O00007418,U003335,17-08-2025,03:02:17,452.11
O00015276,U003217,14-09-2024,17:04:32,451.95
O00010221,U000656,30-01-2025,11:18:58,451.77
O00001082,U000251,25-06-2024,17:28:10,451.74
O00002967,U002231,14-07-2025,19:19:18,451.74
O00012024,U000975,23-02-2024,05:52:35,451.74
O00012513,U006090,19-11-2024,20:17:01,451.74
O00017752,U005633,19-10-2024,18:24:42,451.74
O00003880,U008074,29-11-2024,15:56:23,451.61
O00018421,U000082,25-03-2024,19:54:03,451.61
O00015133,U004992,22-09-2024,08:03:06,451.48
O00008985,U006326,24-06-2025,23:25:38,451.45
O00005473,U009902,16-11-2024,04:22:18,451.43
O00006123,U008383,17-07-2025,10:35:35,451.42
O00007601,U007905,24-08-2024,05:06:55,451.40
O00005646,U001438,22-04-2025,23:17:30,451.30
O00006974,U005124,07-03-2024,10:57:18,451.18
O00001573,U003133,29-09-2025,18:35:15,451.15
O00017797,U002318,31-07-2025,12:56:38,451.11
O00010639,U000706,26-06-2024,19:32:47,451.04
O00012045,U009289,22-03-2024,12:12:26,451.00
O00004492,U004392,04-10-2024,08:34:00,450.73
O00009003,U007079,24-02-2024,01:12:16,450.69
O00008856,U005844,23-04-2024,20:32:19,450.64
O00018275,U005714,27-07-2025,09:45:34,450.54
O00007540,U007302,21-12-2024,16:50:58,450.53
O00002739,U008483,29-04-2024,17:04:53,450.44
O00001420,U007363,23-01-2025,18:04:14,450.35
O00009340,U002287,06-01-2024,18:08:43,450.21
O00005577,U003901,28-09-2024,04:56:55,450.17
O00018670,U001052,25-05-2024,18:33:35,450.04
O00015538,U009120,21-07-2025,05:29:26,449.78
O00000597,U000500,16-01-2024,04:57:10,449.68
O00006383,U004053,14-02-2024,15:09:17,449.62
O00018035,U000347,13-08-2024,10:51:28,449.61
O00015250,U008899,27-10-2024,20:17:56,449.45
O00015988,U008869,18-05-2024,20:36:13,449.45
O00016862,U003757,16-07-2024,23:22:55,449.13
O00018007,U000581,26-09-2025,13:19:34,449.08
O00018460,U006689,03-06-2025,23:31:57,449.07
O00018743,U005042,31-10-2024,23:47:29,449.01
O00003919,U008207,05-02-2024,10:35:09,448.86
O00002810,U009261,13-09-2024,11:27:24,448.81
O00006533,U001985,31-10-2025,19:12:12,448.72
O00002741,U007790,30-10-2024,12:33:47,448.63
O00017336,U005687,19-06-2024,14:27:43,448.58
O00009110,U004328,22-09-2024,06:56:56,448.54
O00010747,U009319,29-07-2024,05:34:28,448.32
O00017695,U002912,07-09-2025,15:39:09,448.32
O00004096,U008066,04-09-2025,09:55:51,447.84
O00004895,U007804,09-12-2024,07:10:30,447.84
O00018993,U007834,27-10-2025,07:50:03,447.84
O00019262,U002807,23-08-2024,14:25:53,447.76
O00007120,U004706,17-11-2024,19:31:05,447.75
O00015842,U001397,12-11-2025,00:02:13,447.60
O00019741,U004768,03-05-2025,04:09:36,447.53
O00005193,U005627,19-10-2025,17:28:48,447.42
O00001005,U002491,02-04-2025,13:13:50,447.36
O00009062,U001080,16-07-2024,15:24:18,447.29
O00014993,U002279,25-03-2024,17:04:12,447.20
O00010047,U007904,03-04-2025,21:40:51,447.01
O00013892,U005914,08-07-2024,12:33:27,446.97
O00018977,U003068,18-06-2025,03:25:27,446.86
O00003381,U003227,08-03-2025,06:55:09,446.85
O00000242,U002722,20-04-2024,09:31:55,446.69
O00017447,U004462,11-07-2025,10:59:40,446.48
O00006529,U008841,21-06-2025,14:09:30,446.39
O00008521,U008637,04-06-2025,15:22:33,446.37
O00000404,U001743,22-05-2024,05:42:06,446.24
O00016195,U004744,16-10-2025,08:06:59,446.22
O00005389,U002734,05-03-2024,04:19:20,446.02
O00000304,U002381,14-03-2024,23:07:55,445.99
O00017965,U005698,10-04-2024,15:52:57,445.82
O00014939,U001521,12-10-2024,14:22:43,445.66
O00019404,U008016,28-01-2025,13:42:29,445.65
O00002423,U005454,23-10-2025,01:48:16,445.36
O00014732,U003142,29-07-2025,16:00:06,445.27
O00008501,U001574,22-07-2024,02:15:41,445.25
O00005294,U006718,15-06-2024,07:46:02,445.10
O00019712,U003351,22-02-2025,21:07:21,445.06
O00003500,U005432,24-07-2024,17:47:36,444.99
O00004252,U008408,03-03-2025,10:21:04,444.99
O00003329,U000573,29-05-2024,01:59:00,444.80
O00004468,U001605,04-01-2025,18:47:16,444.67
O00002407,U004298,11-09-2025,15:33:51,444.65
O00014374,U004637,18-05-2024,11:33:46,444.58
O00013098,U008214,13-02-2025,21:47:34,444.15
O00011697,U006385,08-10-2024,23:50:15,444.04
O00002874,U003171,28-04-2024,04:13:28,443.73
O00003618,U004431,12-07-2024,23:10:13,443.72
O00014266,U007820,15-11-2024,15:55:07,443.71
O00000816,U005222,06-03-2024,04:25:57,443.67
O00008567,U009393,03-10-2025,00:03:11,443.67
O00009534,U000337,11-05-2025,05:39:21,443.67
O00010137,U003539,21-03-2025,19:38:14,443.67
O00012364,U009681,02-10-2025,17:12:51,443.67
O00009240,U003372,22-09-2025,02:08:00,443.58
O00000163,U004111,05-03-2024,12:12:11,443.54
O00004921,U008878,25-08-2025,19:08:06,443.44
O00018699,U000081,16-07-2024,15:44:47,443.18
O00018530,U004604,28-02-2025,20:43:30,443.03
O00014093,U009410,02-12-2024,09:04:49,442.88
O00004148,U001935,04-05-2025,18:57:33,442.86
O00003307,U000209,26-11-2024,15:54:17,442.81
O00015165,U000288,04-03-2024,03:48:13,442.79
O00012327,U002573,31-05-2024,01:13:49,442.77
O00011746,U007416,08-12-2024,22:13:41,442.75
O00006604,U008810,25-08-2025,12:33:18,442.47
O00013297,U007390,28-06-2024,12:52:41,442.31
O00018598,U002421,11-06-2024,06:27:44,442.31
O00010153,U000213,08-01-2025,04:45:58,442.28
O00013270,U007985,01-09-2025,21:58:08,442.26
O00010530,U006511,17-04-2025,23:57:55,442.23
O00016766,U007691,25-11-2024,07:41:20,442.14
O00005238,U008476,08-03-2025,14:21:33,442.12
O00005734,U008549,02-05-2024,15:17:19,441.77
O00010861,U005806,27-03-2025,23:07:08,441.72
O00000904,U008755,14-07-2025,03:36:13,441.61
O00019675,U008992,07-08-2024,02:18:55,441.61
O00013224,U000457,27-05-2025,16:33:47,441.53
O00008195,U001314,28-06-2025,04:24:28,441.38
O00008828,U005599,01-09-2025,17:54:23,441.37
O00013204,U003426,11-06-2024,03:06:34,441.37
O00014094,U006230,10-06-2024,09:49:20,441.37
O00015585,U007930,06-05-2024,20:06:36,441.37
O00002514,U006272,04-01-2025,15:43:32,441.33
O00015928,U003766,10-10-2025,19:04:16,441.23
O00018583,U000026,27-03-2024,05:39:09,441.20
O00013143,U004275,29-07-2024,12:37:55,441.17
O00018566,U006309,16-07-2025,23:15:34,441.08
O00009961,U000878,29-06-2024,12:51:24,441.06
O00015217,U003943,22-05-2025,02:43:59,441.04
O00016397,U000239,04-01-2025,06:45:40,441.04
O00018378,U003827,27-09-2025,06:00:43,441.04
O00002215,U001300,02-06-2024,15:24:45,441.01
O00010295,U001885,19-06-2025,02:55:37,440.88
O00005169,U006968,12-07-2024,16:20:50,440.74
O00011993,U005781,30-10-2025,07:34:39,440.63
O00008650,U007488,15-06-2024,07:58:17,440.46
O00001522,U003162,11-02-2024,09:03:57,440.29
O00005821,U008737,01-11-2024,00:35:07,440.21
O00017618,U008763,09-09-2024,00:10:24,440.15
O00012892,U003786,18-03-2024,05:59:21,439.90
O00011415,U005670,07-10-2025,03:40:59,439.88
O00018357,U005878,13-09-2024,19:49:46,439.83
O00001572,U001968,25-03-2025,23:28:16,439.71
O00012782,U009648,30-12-2024,03:27:41,439.66
O00014497,U000475,03-04-2025,13:02:21,439.64
O00007337,U004706,25-11-2024,18:42:53,439.59
O00001024,U003795,05-05-2024,06:01:04,439.51
O00004984,U001560,24-02-2024,22:32:33,439.51
O00009076,U003318,24-01-2025,05:34:34,439.51
O00015546,U008868,08-05-2025,15:15:42,439.51
O00017080,U004358,09-08-2025,12:32:39,439.51
O00005372,U002471,07-04-2025,23:01:59,439.38
O00013589,U006022,10-04-2025,01:35:28,439.38
O00016406,U007197,21-06-2025,13:20:57,439.38
O00006546,U009716,05-12-2024,22:52:54,439.02
O00004865,U003661,14-02-2025,17:36:54,438.93
O00008626,U005407,12-05-2025,15:09:16,438.93
O00008911,U000561,25-08-2024,01:49:57,438.93
O00019282,U005039,28-07-2025,02:52:40,438.88
O00001928,U007345,06-01-2024,13:05:42,438.86
O00000985,U001333,21-05-2024,20:37:50,438.68
O00017521,U000126,03-03-2025,07:04:55,438.64
O00000320,U001309,31-05-2024,06:17:46,438.46
O00000793,U000563,10-11-2024,02:16:46,438.46
O00001185,U009097,12-02-2025,05:58:14,438.46
O00017883,U003908,11-11-2024,04:34:22,438.46
O00016869,U004017,07-07-2025,16:33:10,438.41
O00018836,U009337,23-01-2025,20:31:20,438.35
O00016925,U001703,02-08-2025,17:25:54,438.18
O00011742,U003849,14-10-2024,01:09:50,438.15
O00011790,U008238,28-01-2024,16:57:42,438.10
O00001581,U008534,23-07-2025,09:01:51,438.00
O00004103,U000622,01-07-2025,22:28:32,437.90
O00004886,U008159,01-09-2024,00:22:06,437.81
O00017787,U002413,26-05-2024,10:40:46,437.81
O00015128,U009713,22-09-2024,10:32:16,437.64
O00015109,U004792,20-09-2025,11:07:22,437.48
O00012190,U003631,28-04-2024,21:31:54,437.47
O00010968,U004335,19-04-2025,04:49:40,437.38
O00015994,U000056,15-03-2024,05:17:19,437.31
O00005855,U007388,23-03-2024,07:56:10,437.30
O00000794,U002451,04-07-2025,05:29:43,437.22
O00015031,U003572,10-12-2024,12:25:56,437.06
O00016762,U000107,27-03-2024,04:25:59,436.94
O00000930,U003734,21-11-2024,15:01:15,436.84
O00013394,U007544,02-02-2025,11:01:33,436.74
O00001055,U005117,02-11-2024,22:01:15,436.68
O00017441,U003583,20-02-2025,08:27:41,436.59
O00002326,U006465,26-08-2024,23:35:39,436.44
O00013283,U005318,18-02-2025,22:00:06,436.42
O00003408,U009041,12-05-2024,18:10:24,436.40
O00001936,U008862,17-06-2025,04:03:58,436.33
O00005039,U004885,09-07-2024,07:56:46,436.18
O00003413,U000034,15-10-2024,10:57:58,436.13
O00002447,U009448,01-10-2025,01:59:18,436.12
O00002378,U008975,17-04-2024,16:39:11,436.11
O00014277,U001164,01-09-2025,11:35:21,435.97
O00004700,U004875,25-11-2024,15:09:29,435.87
O00008874,U001343,28-01-2024,16:13:49,435.87
O00012202,U006827,22-05-2024,08:11:49,435.87
O00001682,U004037,10-04-2025,05:14:59,435.72
O00002679,U001707,08-04-2024,02:51:54,435.72
O00011014,U005338,05-05-2024,09:27:01,435.72
O00011489,U007268,20-04-2024,14:16:02,435.72
O00017197,U002924,31-08-2025,18:36:57,435.68
O00001614,U003186,13-07-2024,02:35:44,435.57
O00002979,U009572,28-09-2025,21:14:33,435.56
O00016345,U003392,28-08-2025,23:36:01,435.38
O00002785,U004612,09-08-2024,14:16:40,435.35
O00012072,U009097,30-08-2024,21:50:41,435.19
O00000664,U007638,16-11-2024,20:43:22,434.97
O00012606,U004325,08-04-2025,15:08:37,434.90
O00011897,U000151,05-11-2024,05:38:45,434.71
O00013878,U006425,18-09-2025,03:27:00,434.69
O00008610,U000684,21-08-2024,00:00:41,434.67
O00018355,U009073,16-06-2025,11:16:53,434.67
O00018535,U007464,05-08-2024,05:01:51,434.67
O00005715,U001912,01-10-2024,19:14:08,434.53
O00009985,U004464,11-09-2025,01:36:29,434.44
O00004038,U006526,29-07-2024,18:07:39,434.41
O00017433,U005622,26-05-2025,12:32:33,434.41
O00003694,U005735,25-03-2024,15:37:38,434.16
O00002200,U004417,25-06-2025,10:41:53,434.12
O00010711,U009021,24-07-2025,19:49:25,434.12
O00007940,U007798,29-06-2024,19:17:12,434.02
O00011085,U003671,17-07-2025,13:56:56,434.02
O00009731,U005698,24-03-2024,05:13:57,433.98
O00012297,U000582,16-07-2025,13:31:32,433.98
O00002702,U007827,16-05-2025,17:27:53,433.97
O00002253,U006229,18-08-2025,22:28:29,433.61
O00012009,U004886,07-07-2025,10:15:05,433.51
O00000750,U005505,02-03-2024,01:54:26,433.49
O00016501,U006137,12-03-2024,03:27:31,433.25
O00019448,U002270,16-01-2025,08:39:11,433.16
O00019517,U002471,29-08-2025,18:17:39,433.16
O00003845,U002797,03-01-2025,13:17:38,433.15
O00008931,U009054,24-10-2025,10:24:51,433.13
O00014099,U003870,19-04-2025,15:46:41,433.10
O00013732,U002394,15-07-2024,05:05:05,432.92
O00000992,U009393,30-01-2024,17:52:13,432.67
O00001621,U000373,11-10-2024,08:05:33,432.67
O00009599,U006622,24-07-2024,16:15:24,432.49
O00009650,U002329,04-08-2025,09:30:33,432.30
O00003767,U007605,14-05-2025,21:57:04,432.27
O00008676,U000198,27-07-2025,04:11:57,432.22
O00004154,U005468,29-04-2025,22:19:04,432.18
O00017758,U004471,11-08-2025,07:08:59,431.66
O00005803,U008573,08-08-2024,14:58:48,431.47
O00008552,U000127,29-08-2025,18:12:29,431.38
O00006704,U001961,31-03-2024,06:59:08,431.12
O00013479,U006285,30-08-2025,06:40:29,431.12
O00014807,U005710,14-04-2024,15:56:47,431.12
O00016581,U004796,18-04-2024,13:04:26,431.12
O00018205,U006501,16-01-2024,23:25:22,431.12
O00003219,U004497,10-05-2024,16:53:41,431.07
O00003208,U003220,22-06-2025,15:09:35,431.00
O00012129,U000415,11-04-2024,11:24:03,430.87
O00001538,U003321,03-10-2024,09:17:09,430.63
O00007903,U003109,10-07-2025,04:37:23,430.56
O00011138,U009969,04-07-2024,03:31:28,430.56
O00018373,U000966,13-09-2024,02:44:02,430.47
O00005263,U003342,02-10-2024,22:34:09,430.46
O00000215,U008741,07-04-2024,01:54:57,430.41
O00018545,U008691,22-07-2024,06:28:47,430.39
O00018088,U000392,25-12-2024,06:44:58,430.33
O00001422,U009889,14-06-2024,14:27:07,430.30
O00009708,U004438,15-02-2024,20:57:06,430.03
O00018394,U004442,21-01-2024,17:41:44,429.93
O00008848,U009970,22-09-2024,21:51:53,429.77
O00015522,U007208,13-05-2024,01:32:37,429.67
O00010397,U005778,28-09-2025,14:05:32,429.21
O00001474,U009005,24-04-2024,19:00:51,429.01
O00010952,U005703,24-03-2024,20:01:30,428.95
O00007799,U005420,05-10-2024,16:15:58,428.94
O00002856,U006919,27-09-2025,13:49:27,428.86
O00004666,U004656,25-06-2025,23:32:25,428.83
O00000536,U002699,16-02-2025,08:59:22,428.55
O00013293,U008540,10-08-2025,08:45:14,428.49
O00011680,U001480,21-10-2024,22:33:41,428.15
O00000226,U007095,07-04-2025,09:43:48,428.10
O00015745,U009661,01-11-2024,22:08:57,428.06
O00009123,U006527,08-01-2024,04:23:33,428.04
O00019763,U006368,27-07-2024,14:46:12,427.92
O00001885,U009270,18-07-2024,22:04:36,427.91
O00017846,U009744,16-09-2025,11:04:48,427.84
O00008652,U005992,05-03-2025,14:22:08,427.79
O00000522,U002980,22-06-2025,01:32:34,427.74
O00009049,U003383,06-03-2025,05:25:08,427.71
O00008572,U005036,19-07-2024,23:00:10,427.63
O00010441,U003853,17-05-2024,06:02:38,427.51
O00016746,U008667,12-05-2024,03:29:24,427.49
O00013317,U002630,24-07-2024,00:26:28,427.34
O00002441,U004668,30-04-2025,07:54:36,427.14
O00004702,U005282,06-07-2024,11:55:58,427.08
O00016561,U005657,28-06-2025,19:34:33,426.89
O00001125,U008755,29-01-2024,06:55:39,426.88
O00018191,U000861,21-03-2024,22:19:40,426.87
O00002896,U005797,01-05-2024,13:02:19,426.50
O00017916,U006913,14-07-2024,00:35:47,426.50
O00001599,U007542,23-03-2024,12:02:02,426.48
O00013181,U005451,13-07-2025,22:57:28,426.42
O00009746,U002903,04-06-2025,17:51:17,426.29
O00016939,U008421,04-06-2025,15:40:30,426.04
O00007701,U007833,10-11-2025,15:09:22,425.89
O00016697,U003914,12-03-2024,23:00:59,425.64
O00000560,U001308,04-07-2025,13:04:21,425.58
O00008717,U000524,08-11-2024,06:38:48,425.45
O00003029,U004446,05-11-2025,17:09:56,425.07
O00008385,U003735,10-10-2024,04:58:28,424.99
O00015534,U004433,21-03-2025,05:45:47,424.93
O00015908,U001425,05-10-2025,15:51:03,424.90
O00010770,U005390,06-12-2024,05:19:44,424.69
O00017629,U001549,23-10-2024,12:36:45,424.69
O00008135,U006606,15-10-2024,13:47:09,424.63
O00008882,U007938,15-04-2025,18:38:00,424.57
O00007559,U002352,22-10-2025,20:09:42,424.56
O00019632,U007340,20-04-2025,12:42:36,424.50
O00005560,U003934,15-04-2024,18:51:47,424.40
O00013811,U003974,26-12-2024,08:34:05,424.27
O00011708,U003104,03-05-2025,22:46:45,424.20
O00002649,U004028,27-11-2024,03:14:57,424.07
O00017018,U006575,02-05-2025,23:11:12,423.95
O00010880,U006431,16-05-2024,03:08:23,423.86
O00013912,U008604,28-06-2025,20:39:36,423.76
O00002815,U000288,20-06-2024,19:56:01,423.73
O00010550,U000190,22-01-2025,06:41:56,423.67
O00001014,U002581,26-10-2025,07:59:07,423.57
O00008458,U009721,09-11-2025,19:19:12,423.18
O00003015,U008529,11-03-2025,09:08:15,423.16
O00010253,U006801,30-01-2024,20:18:07,423.09
O00011730,U004432,09-04-2025,19:35:31,423.02
O00011700,U009165,23-10-2025,20:42:01,422.99
O00003535,U009124,02-09-2025,10:52:36,422.69
O00004638,U000159,17-01-2025,11:28:45,422.63
O00004652,U001083,07-09-2025,19:59:16,422.63
O00016467,U000797,15-07-2024,08:40:54,422.60
O00015796,U000192,28-10-2025,18:09:14,422.57
O00018702,U003558,31-03-2025,21:25:37,422.52
O00005079,U008611,05-09-2024,21:52:16,422.43
O00002083,U004636,06-08-2025,04:28:08,422.35
O00005364,U000693,22-10-2024,03:58:40,422.31
O00002017,U005563,29-05-2024,19:22:55,422.22
O00006539,U009101,27-01-2024,23:35:14,422.22
O00008936,U003738,24-07-2024,23:56:48,422.22
O00017059,U004689,01-03-2024,19:58:01,422.22
O00019824,U006728,18-09-2025,23:39:47,422.15
O00018567,U007637,28-04-2024,00:25:12,421.97
O00003379,U002798,20-05-2025,22:51:45,421.83
O00000799,U001658,13-08-2024,22:01:39,421.81
O00018959,U003280,24-11-2024,14:38:01,421.76
O00005147,U003730,02-09-2024,06:36:01,421.63
O00019655,U000044,01-03-2025,19:05:24,421.58
O00017513,U005601,25-08-2024,13:35:04,421.49
O00014205,U008117,10-07-2025,15:30:10,421.30
O00007654,U003709,01-01-2025,08:23:32,421.28
O00019823,U001611,05-02-2024,08:55:00,420.93
O00003123,U001805,26-04-2024,12:41:42,420.78
O00008101,U001614,17-07-2024,13:10:57,420.78
O00016113,U007190,15-09-2025,04:11:46,420.75
O00002470,U008901,18-11-2024,10:56:04,420.69
O00004293,U007940,14-02-2024,13:02:32,420.63
O00018944,U007193,09-04-2025,11:01:32,420.50
O00000075,U003631,14-04-2025,15:40:35,420.44
O00010329,U006396,19-08-2024,12:23:11,420.43
O00001254,U003147,11-09-2024,16:16:14,420.41
O00008182,U004771,09-09-2024,13:53:46,420.35
O00012558,U008519,26-06-2025,02:34:28,420.35
O00016328,U002646,07-06-2024,23:10:26,420.35
O00013095,U002809,10-08-2025,05:22:03,420.32
O00018713,U007930,03-07-2024,04:43:44,420.29
O00000539,U000121,21-08-2024,19:18:42,420.25
O00011404,U004082,01-09-2024,13:15:59,420.24
O00016167,U008356,20-02-2025,14:07:17,419.94
O00010998,U001953,10-10-2025,05:37:04,419.83
O00011394,U008766,23-04-2025,18:07:31,419.79
O00011716,U003516,14-04-2024,08:21:09,419.77
O00019308,U000708,13-03-2024,07:32:35,419.65
O00013620,U008755,22-08-2025,11:50:46,419.55
O00017482,U004099,12-05-2024,13:18:57,419.45
O00013068,U007567,23-04-2024,00:11:51,419.31
O00015670,U001803,30-05-2024,11:22:59,419.26
O00007390,U000980,16-03-2024,05:52:13,419.12
O00013390,U005969,26-10-2025,17:01:14,419.09
O00003111,U004083,15-11-2024,20:12:31,418.93
O00001950,U009271,09-08-2025,08:06:32,418.78
O00004879,U006078,07-09-2025,09:03:30,418.78
O00006062,U000916,11-09-2024,14:44:45,418.78
O00008083,U005929,22-02-2024,11:23:17,418.78
O00010999,U003957,02-08-2025,01:46:08,418.78
O00012433,U000966,26-09-2024,05:07:34,418.78
O00013897,U001249,15-07-2025,19:09:56,418.72
O00011638,U006478,26-01-2025,13:46:51,418.59
O00001175,U000134,22-06-2025,15:15:26,418.54
O00016488,U007596,23-07-2025,06:01:20,418.41
O00000772,U006895,07-02-2024,10:24:30,418.37
O00009617,U006480,15-01-2025,04:27:23,418.22
O00001681,U004199,02-08-2025,12:32:22,418.20
O00015087,U003650,15-12-2024,16:06:10,418.07
O00017160,U005178,29-04-2024,03:48:37,417.77
O00007615,U003035,06-04-2024,19:43:24,417.75
O00013454,U007590,29-06-2025,19:23:53,417.57
O00016990,U004684,01-09-2025,09:25:43,417.56
O00010465,U003967,01-11-2024,11:21:23,417.50
O00001309,U002556,02-01-2025,10:12:27,417.49
O00019094,U003965,20-06-2024,16:34:22,417.38
O00017406,U002248,05-10-2025,18:10:23,417.35
O00003269,U001792,22-06-2025,03:31:12,417.26
O00016910,U005078,01-06-2024,23:46:25,417.26
O00010448,U005692,24-06-2024,07:28:33,417.21
O00010499,U001646,03-03-2024,12:53:41,417.20
O00019126,U000493,30-08-2025,10:07:51,417.15
O00016732,U006990,10-04-2024,07:44:01,417.12
O00005010,U008223,14-09-2024,18:32:23,416.98
O00014819,U007432,23-10-2024,02:26:18,416.96
O00010170,U000390,03-11-2024,20:39:11,416.87
O00002280,U007815,24-03-2025,23:34:06,416.78
O00005801,U005353,11-02-2025,23:44:38,416.78
O00002281,U009772,14-02-2025,02:44:44,416.76
O00017252,U002047,26-09-2025,10:38:47,416.68
O00012763,U009662,27-06-2024,20:29:02,416.66
O00015275,U002858,23-12-2024,17:55:04,416.64
O00001018,U009042,01-01-2025,05:52:34,416.24
O00004055,U006180,29-04-2025,04:45:40,416.24
O00012418,U003120,02-01-2025,18:54:00,416.17
O00017006,U002495,21-06-2025,12:02:49,416.13
O00008905,U001588,12-10-2024,22:34:14,416.10
O00000398,U003287,14-06-2025,17:33:16,415.95
O00002589,U007703,09-10-2025,12:24:43,415.91
O00017561,U004255,20-11-2024,04:50:28,415.85
O00019350,U001549,30-04-2024,19:31:44,415.70
O00014795,U000322,09-01-2025,15:41:15,415.65
O00018165,U009475,09-07-2025,13:56:06,415.65
O00000164,U006977,19-02-2025,00:05:45,415.45
O00006855,U000884,26-07-2025,08:04:49,415.45
O00008690,U005446,31-08-2024,21:13:47,415.38
O00001064,U000291,12-03-2024,19:31:15,415.34
O00001548,U003913,19-02-2025,03:54:31,415.34
O00003778,U004174,17-01-2024,19:42:49,415.34
O00007876,U001141,28-06-2024,05:13:57,415.34
O00016780,U003763,14-06-2025,01:04:17,415.22
O00005551,U000424,13-10-2024,08:24:45,415.15
O00015608,U004817,20-02-2024,04:27:23,415.02
O00011403,U000800,21-01-2024,19:01:28,415.00
O00009696,U005567,14-05-2025,08:55:05,414.96
O00007317,U000460,18-03-2025,20:59:11,414.82
O00004855,U000886,13-04-2025,22:16:34,414.77
O00005908,U008364,12-12-2024,04:29:15,414.77
O00019861,U008032,08-05-2025,09:32:17,414.73
O00001644,U009170,20-05-2025,05:49:36,414.66
O00017097,U006075,05-01-2025,18:03:23,414.52
O00008450,U000244,21-01-2024,21:02:20,414.50
O00013990,U002203,09-05-2025,19:18:05,414.47
O00007462,U006754,25-05-2025,18:32:18,414.39
O00012228,U006809,13-01-2024,19:06:03,414.34
O00015378,U006087,30-08-2025,02:40:15,414.33
O00015517,U008894,20-07-2025,09:57:38,414.06
O00019883,U001500,15-10-2024,07:46:00,414.05
O00011757,U005523,24-09-2025,04:56:22,413.78
O00008400,U003489,05-10-2024,10:21:24,413.72
O00004057,U006145,27-04-2025,23:26:48,413.65
O00013917,U007595,05-09-2024,11:16:53,413.64
O00011188,U002974,02-02-2024,09:55:04,413.46
O00016770,U004595,09-10-2025,08:37:35,413.42
O00017279,U004354,08-07-2024,22:12:52,413.42
O00015797,U001797,16-10-2024,07:25:58,413.36
O00017913,U001031,26-03-2025,23:55:11,413.25
O00006583,U007772,12-09-2025,13:19:19,413.14
O00018569,U001021,02-03-2024,07:02:11,413.11
O00006184,U001043,20-01-2024,10:03:02,413.08
O00014312,U001881,02-02-2024,00:28:14,412.84
O00016333,U003779,26-02-2024,03:13:23,412.84
O00000900,U006646,15-05-2025,09:28:26,412.81
O00010158,U002973,20-09-2025,15:41:59,412.80
O00014454,U008384,15-07-2024,11:30:17,412.73
O00015242,U006045,01-03-2024,02:27:18,412.71
O00000734,U003030,15-08-2025,19:25:49,412.67
O00008079,U008753,15-08-2024,08:33:11,412.67
O00015735,U004184,31-03-2024,22:13:51,412.66
O00014774,U008652,28-11-2024,16:08:20,412.61
O00015963,U006401,08-07-2025,21:31:38,412.47
O00019687,U009556,20-03-2024,12:02:08,412.46
O00012097,U003402,11-09-2025,17:42:49,412.36
O00005951,U008231,04-03-2025,07:49:03,412.29
O00008358,U004285,08-05-2025,18:43:23,412.07
O00004049,U004138,16-03-2025,12:19:14,412.04
O00005628,U002982,04-12-2024,11:13:33,412.00
O00005184,U009793,20-04-2025,18:42:27,411.85
O00006872,U004688,07-03-2024,10:14:03,411.75
O00015467,U006934,30-04-2024,10:59:53,411.58
O00013585,U002910,17-09-2024,14:40:34,411.53
O00008878,U003136,10-09-2024,19:52:42,411.51
O00004266,U002249,03-03-2024,09:24:59,411.50
O00003160,U002750,31-05-2024,22:02:21,411.48
O00012083,U006445,04-09-2024,13:26:12,411.48
O00014199,U005915,05-05-2025,08:06:37,411.48
O00001053,U009699,26-03-2024,08:00:43,411.46
O00000782,U004642,12-05-2024,10:34:13,411.43
O00001168,U005928,06-08-2025,13:26:40,411.22
O00019873,U002576,20-09-2025,05:38:58,411.03
O00011577,U008942,07-04-2024,20:08:35,410.91
O00009018,U004988,19-07-2025,16:42:40,410.87
O00002069,U003400,08-07-2024,14:55:11,410.78
O00010298,U001111,05-08-2024,22:00:28,410.74
O00017534,U009853,22-01-2024,04:15:40,410.74
O00003539,U004436,18-06-2024,03:59:34,410.68
O00012217,U001311,18-09-2025,13:41:53,410.63
O00003155,U007836,23-01-2025,06:02:19,410.22
O00019298,U008651,10-10-2025,09:49:04,410.16
O00014137,U001270,10-10-2025,05:54:58,410.13
O00012486,U001850,10-06-2024,14:13:58,410.12
O00004151,U005863,04-06-2025,02:57:00,410.08
O00000756,U000208,05-04-2025,12:27:47,410.06
O00011693,U000344,29-03-2024,05:57:46,409.95
O00008277,U009015,21-06-2025,18:48:41,409.94
O00006126,U007902,05-02-2025,15:13:35,409.69
O00015895,U005698,03-11-2024,17:09:49,409.63
O00005687,U008466,30-07-2025,09:51:38,409.61
O00010096,U008849,04-08-2025,08:56:21,409.61
O00016587,U008829,14-01-2024,06:28:31,409.61
O00008236,U009668,20-09-2024,02:49:49,409.56
O00000198,U005404,07-07-2025,17:14:24,409.49
O00001228,U008120,17-11-2024,18:34:54,409.41
O00007469,U004453,01-08-2024,03:12:54,409.24
O00012841,U008749,26-04-2024,18:09:21,409.20
O00009121,U008609,04-05-2025,18:25:02,409.09
O00019806,U006898,24-11-2024,12:27:09,409.00
O00005099,U001792,27-04-2024,11:40:03,408.88
O00009805,U001673,24-12-2024,12:25:20,408.80
O00014567,U006196,15-06-2025,04:25:11,408.79
O00002067,U000088,17-10-2024,22:56:54,408.72
O00001769,U003430,28-10-2024,19:11:55,408.71
O00007443,U003601,07-09-2025,15:20:07,408.71
O00012084,U004814,25-02-2025,21:13:29,408.71
O00013963,U004707,02-10-2025,09:25:13,408.71
O00015215,U009747,06-08-2024,05:17:00,408.63
O00007761,U007302,04-03-2025,23:00:04,408.36
O00001987,U001087,12-07-2025,04:18:19,408.20
O00016523,U001925,21-03-2024,02:39:12,408.17
O00001909,U008628,11-12-2024,00:17:03,408.06
O00012956,U006060,25-04-2025,09:24:38,407.98
O00008563,U009030,01-01-2024,13:03:35,407.97
O00004317,U006568,24-04-2024,13:12:42,407.77
O00004899,U000084,15-08-2025,23:14:00,407.71
O00005424,U006904,29-11-2024,13:18:14,407.71
O00019474,U003987,21-06-2024,10:25:47,407.67
O00000660,U006778,21-03-2025,00:27:40,407.66
O00001242,U009220,02-09-2024,16:05:12,407.66
O00017814,U003610,13-10-2024,21:28:37,407.60
O00000899,U002789,08-06-2025,18:14:00,407.54
O00013486,U008671,23-06-2024,07:40:03,407.44
O00013702,U009743,28-04-2024,04:45:38,407.17
O00000379,U000566,11-04-2024,03:46:06,407.14
O00010190,U004904,09-05-2024,13:48:24,406.98
O00012164,U000284,06-11-2024,00:47:27,406.83
O00012875,U005246,14-04-2025,13:55:46,406.79
O00007501,U004568,20-01-2024,06:45:41,406.76
O00003489,U003410,23-10-2024,09:12:54,406.46
O00002131,U008598,16-04-2025,09:59:54,406.32
O00011649,U005030,29-08-2025,03:15:45,406.31
O00014025,U005421,04-05-2024,06:04:55,406.28
O00003347,U006660,05-07-2024,16:48:25,406.13
O00008244,U009489,21-06-2025,00:46:17,406.13
O00016895,U009470,07-01-2025,08:01:34,406.05
O00011382,U005342,08-08-2025,01:02:23,405.97
O00003704,U008464,26-04-2024,10:41:46,405.96
O00007465,U000037,08-06-2025,14:26:28,405.87
O00004769,U009691,02-08-2025,16:47:05,405.80
O00000830,U006403,02-11-2025,17:13:32,405.41
O00004906,U004773,10-09-2024,00:59:11,405.41
O00006934,U002062,26-11-2024,20:54:14,405.41
O00018194,U001423,13-10-2025,06:21:50,405.41
O00019654,U004713,31-05-2024,13:12:51,405.41
O00019906,U006694,18-11-2024,20:53:32,405.40
O00015337,U004926,02-11-2024,19:52:30,405.37
O00001862,U009584,13-02-2024,07:52:19,405.22
O00017166,U008563,09-05-2024,18:13:36,405.17
O00017831,U004285,12-03-2024,13:53:55,405.15
O00013238,U008494,03-07-2024,08:10:56,404.92
O00001177,U001341,07-02-2024,02:37:55,404.77
O00001392,U004762,10-09-2025,00:14:19,404.77
O00009148,U006016,20-04-2025,09:30:17,404.72
O00003643,U002878,16-06-2025,14:21:17,404.68
O00001300,U006240,19-10-2025,13:42:59,404.65
O00009969,U009683,23-09-2025,23:41:22,404.60
O00009973,U004880,05-06-2025,03:10:07,404.55
O00007629,U004321,08-11-2024,02:34:46,404.49
O00000158,U004476,25-10-2025,14:07:58,404.45
O00016751,U009048,21-05-2025,08:11:47,404.45
O00010458,U000536,19-01-2025,09:20:27,404.39
O00009664,U002598,06-08-2024,20:42:25,404.22
O00015554,U007106,05-04-2024,18:50:08,404.20
O00018197,U009150,17-09-2024,14:21:52,403.95
O00007591,U002986,05-07-2024,22:54:52,403.87
O00018673,U006030,30-10-2025,08:53:53,403.83
O00013528,U009653,31-03-2025,06:47:17,403.64
O00008495,U008781,18-09-2024,21:29:51,403.61
O00012419,U003170,24-09-2025,21:42:26,403.58
O00003771,U007785,24-04-2024,10:21:01,403.32
O00006180,U000595,17-09-2025,19:57:31,403.23
O00000068,U005875,10-02-2024,22:08:32,403.18
O00004256,U005308,29-06-2025,05:14:39,403.08
O00005586,U008702,11-07-2024,14:33:27,403.08
O00011275,U000363,02-04-2024,01:30:05,403.08
O00014245,U000589,14-06-2024,02:05:03,403.08
O00006270,U004458,21-08-2025,14:11:53,402.98
O00012920,U002045,07-09-2025,15:48:04,402.94
O00005161,U007544,05-02-2024,00:55:43,402.84
O00001509,U001398,08-12-2024,14:22:55,402.72
O00007647,U008062,12-03-2024,23:50:19,402.72
O00002661,U008467,06-07-2024,01:23:03,402.60
O00018152,U006055,08-12-2024,21:59:53,402.50
O00017027,U005886,14-02-2024,22:15:05,402.43
O00004444,U002828,05-09-2024,04:06:39,402.41
O00015817,U004069,16-06-2025,20:08:26,402.37
O00008858,U002578,19-09-2025,02:20:29,402.31
O00014839,U009658,11-10-2025,21:25:47,402.26
O00018912,U008434,27-12-2024,07:34:46,402.18
O00001618,U004528,22-02-2025,14:33:31,401.91
O00001312,U009557,12-02-2024,09:32:39,401.88
O00002289,U000704,07-10-2024,06:09:51,401.86
O00010035,U000725,26-09-2025,02:34:04,401.84
O00007185,U004195,16-04-2024,18:39:52,401.63
O00011282,U006610,14-09-2024,11:51:56,401.45
O00009975,U005328,24-05-2024,21:16:31,401.39
O00003274,U008096,15-02-2024,23:03:52,401.30
O00005885,U003474,29-02-2024,18:07:26,401.30
O00016730,U003305,24-02-2025,14:25:47,401.30
O00008926,U008351,24-12-2024,05:00:09,401.29
O00002390,U007544,03-02-2024,05:02:35,401.23
O00007976,U004505,08-11-2025,20:08:10,401.23
O00010051,U001799,12-03-2025,20:50:04,401.23
O00010772,U006037,07-12-2024,21:43:14,401.23
O00011072,U009352,09-07-2024,08:25:31,401.23
O00012081,U002410,15-09-2024,19:38:04,401.23
O00003926,U004512,31-10-2024,18:48:34,401.13
O00013965,U002731,17-04-2025,20:16:53,401.13
O00018320,U006911,06-02-2025,09:46:58,401.13
O00018199,U006142,01-01-2025,10:14:14,401.11
O00008091,U009250,12-05-2024,23:56:20,400.96
O00013426,U006790,07-09-2025,12:20:32,400.81
O00000745,U009562,10-09-2025,00:57:49,400.74
O00007531,U006306,13-01-2025,07:46:29,400.73
O00011772,U009313,25-09-2025,05:17:31,400.60
O00015236,U001760,01-03-2024,16:41:09,400.48
O00017125,U008013,01-10-2024,09:45:17,400.48
O00015477,U002034,01-10-2025,00:26:34,400.41
O00010428,U002947,09-08-2024,12:30:42,400.20
O00017014,U003388,02-01-2025,21:31:20,400.20
O00015136,U000042,17-10-2024,03:05:26,400.18
O00004417,U002701,17-03-2024,13:29:51,399.98
O00006476,U003211,17-05-2024,10:43:00,399.86
O00016689,U009002,18-05-2025,15:03:46,399.80
O00014976,U008088,27-10-2024,06:20:07,399.70
O00016000,U006920,18-03-2024,02:35:44,399.59
O00004857,U007131,01-06-2024,06:17:59,399.58
O00008465,U007522,04-09-2025,07:31:24,399.58
O00002395,U006210,04-07-2025,22:43:01,399.56
O00010393,U009306,01-10-2024,21:50:26,399.56
O00019959,U006977,10-03-2025,14:28:08,399.44
O00014180,U002399,12-10-2024,16:46:02,399.34
O00011448,U007992,11-02-2024,08:54:39,399.30
O00001446,U001215,11-08-2025,09:07:06,399.06
O00002509,U008518,30-10-2025,13:42:22,398.93
O00002685,U007474,14-06-2025,21:01:19,398.93
O00004392,U006210,16-09-2025,19:50:34,398.86
O00000020,U007957,13-07-2024,06:57:26,398.84
O00002512,U000802,02-12-2024,12:21:04,398.82
O00008627,U006805,04-03-2025,17:52:54,398.82
O00018915,U007815,20-08-2024,20:17:48,398.61
O00007778,U006709,17-08-2025,17:54:05,398.55
O00012808,U003116,18-02-2024,05:54:32,398.53
O00015647,U008952,08-08-2024,19:02:22,398.40
O00009633,U006967,21-05-2025,06:18:01,398.33
O00014775,U004953,10-09-2024,06:22:19,398.29
O00005563,U001842,18-03-2024,10:34:17,398.28
O00019980,U009192,27-10-2024,11:18:27,398.24
O00013058,U009827,06-01-2025,14:13:19,398.22
O00006593,U004199,31-10-2025,01:06:20,398.19
O00012391,U003122,28-08-2024,10:00:41,397.97
O00001410,U001274,22-11-2024,14:26:50,397.74
O00013557,U002102,23-07-2025,15:21:03,397.67
O00000437,U005848,04-07-2024,17:10:20,397.65
O00019650,U002853,19-04-2024,20:52:51,397.65
O00006918,U008299,07-07-2025,21:49:53,397.31
O00019137,U008618,30-09-2024,22:42:23,397.26
O00001577,U000620,02-01-2024,13:27:12,397.23
O00011118,U007975,12-09-2024,08:01:37,397.10
O00012795,U003473,29-12-2024,19:40:45,397.02
O00002767,U004518,02-05-2025,23:26:11,397.00
O00001648,U007684,23-12-2024,11:56:17,396.98
O00005080,U004290,08-05-2024,18:10:52,396.95
O00000257,U002795,28-04-2025,04:17:54,396.90
O00002999,U007351,13-04-2025,18:27:21,396.76
O00010773,U001160,01-07-2025,07:29:24,396.55
O00005395,U002251,08-04-2025,11:40:05,396.38
O00007509,U008065,17-04-2024,01:22:49,396.35
O00012498,U002637,18-04-2024,22:08:04,396.25
O00016368,U008805,24-08-2025,03:02:08,396.25
O00011752,U002437,04-01-2025,23:29:00,396.10
O00018193,U002347,27-09-2024,00:05:33,396.08
O00003172,U000331,22-05-2025,11:23:53,395.99
O00008118,U007249,24-04-2024,00:13:53,395.96
O00007798,U005306,04-03-2025,22:58:24,395.91
O00005090,U008289,30-04-2024,05:57:13,395.89
O00002775,U006654,10-03-2025,05:03:17,395.69
O00006088,U000530,13-11-2024,21:20:31,395.47
O00019335,U003827,27-09-2024,11:18:05,395.34
O00016065,U002466,13-04-2025,17:08:12,395.25
O00002847,U007180,25-06-2024,01:24:57,395.19
O00004503,U007609,22-08-2025,20:43:40,395.06
O00006300,U005079,08-02-2025,15:27:12,395.06
O00012878,U005332,13-09-2024,02:13:35,395.06
O00006649,U004180,17-07-2025,06:54:40,394.95
O00000185,U004717,22-02-2025,14:49:10,394.93
O00000983,U001137,09-11-2025,12:27:53,394.91
O00010079,U001994,23-09-2024,04:55:48,394.80
O00000302,U003744,08-10-2025,21:51:41,394.71
O00015767,U002211,26-04-2025,04:37:36,394.70
O00019185,U002651,25-08-2024,06:23:27,394.70
O00004406,U006871,11-06-2025,00:11:04,394.69
O00005509,U006771,10-09-2025,01:28:59,394.61
O00015166,U009027,07-05-2024,10:06:32,394.51
O00013011,U005994,28-11-2024,00:43:23,394.37
O00016627,U005093,14-03-2024,13:11:18,394.22
O00013572,U006161,29-03-2024,09:55:13,394.21
O00009645,U005386,24-06-2025,03:56:43,394.20
O00015892,U000652,15-07-2024,06:04:25,394.14
O00014530,U004147,04-04-2024,03:28:50,394.05
O00017696,U005843,25-09-2025,04:49:07,393.96
O00007482,U004625,28-09-2024,17:10:45,393.93
O00012985,U006012,10-01-2024,12:43:07,393.93
O00003137,U002419,24-04-2025,14:07:18,393.85
O00013925,U002345,15-10-2024,22:21:34,393.80
O00014056,U003472,29-03-2024,15:55:08,393.78
O00006074,U001972,08-03-2024,12:02:50,393.53
O00007257,U005913,10-06-2024,00:59:10,393.48
O00017711,U001113,19-05-2025,04:29:05,393.48
O00017946,U006689,01-08-2024,15:52:01,393.48
O00004301,U007378,26-01-2025,23:47:05,393.45
O00005228,U001507,06-08-2025,01:57:45,393.42
O00015470,U002687,30-08-2024,03:03:26,393.40
O00008773,U003689,07-02-2025,11:09:49,393.30
O00002604,U009725,11-12-2024,12:39:23,393.03
O00016301,U004858,25-09-2024,17:14:58,393.00
O00001306,U008940,03-11-2024,17:16:08,392.99
O00007062,U009982,11-07-2024,16:01:13,392.98
O00017516,U008513,11-05-2025,07:46:59,392.66
O00012955,U003082,22-05-2025,07:04:07,392.65
O00011886,U008684,26-09-2024,06:54:43,392.48
O00003040,U001490,17-06-2025,21:38:45,392.46
O00019102,U003708,24-02-2024,03:15:38,392.38
O00002014,U007272,02-02-2025,16:23:03,392.28
O00014998,U002370,25-03-2025,00:50:39,392.25
O00006280,U001072,29-03-2024,20:09:03,392.17
O00013418,U005062,10-12-2024,23:13:57,391.83
O00003144,U005446,21-01-2024,03:35:59,391.77
O00014413,U006323,05-04-2024,13:46:25,391.69
O00008688,U008794,30-07-2025,12:29:05,391.68
O00000540,U008802,31-01-2024,07:19:18,391.67
O00008964,U002133,19-10-2025,09:47:35,391.52
O00011267,U000659,24-09-2025,12:30:18,391.20
O00011112,U005647,24-07-2025,02:39:46,391.09
O00004508,U002465,21-04-2024,21:19:25,390.99
O00011583,U001984,09-03-2025,03:07:28,390.61
O00000130,U004647,02-03-2024,06:21:45,390.56
O00001303,U008298,26-10-2024,13:47:49,390.56
O00011479,U009029,30-10-2024,10:14:02,390.56
O00013440,U000145,02-05-2024,14:57:00,390.56
O00018233,U005153,09-05-2025,00:02:54,390.56
O00019492,U007644,14-11-2024,20:29:06,390.56
O00017951,U003854,30-09-2024,15:57:13,390.50
O00002304,U008531,03-04-2024,00:05:30,390.43
O00005164,U004572,10-11-2024,11:08:49,390.42
O00017567,U008724,18-06-2025,17:35:03,390.36
O00008240,U009196,24-07-2024,13:22:46,390.34
O00006354,U004609,08-11-2025,09:02:44,390.29
O00005985,U007525,11-08-2025,22:11:39,390.28
O00010378,U002973,12-10-2024,20:14:48,390.24
O00016516,U002953,23-04-2025,14:39:55,390.22
O00000283,U005554,14-10-2025,20:06:42,390.19
O00010776,U003862,01-06-2024,13:36:02,390.19
O00007580,U007377,22-01-2025,02:22:18,390.18
O00018675,U006278,18-06-2024,20:25:52,390.13
O00010495,U002486,01-07-2025,05:29:47,390.10
O00001595,U004017,08-10-2025,21:28:42,390.09
O00001794,U000322,29-09-2024,14:24:44,389.98
O00017091,U004097,11-01-2024,06:13:12,389.97
O00019848,U000706,04-03-2024,01:39:53,389.80
O00007854,U004928,24-01-2025,11:20:37,389.75
O00010814,U000469,10-03-2025,23:56:13,389.67
O00011686,U001612,20-09-2024,11:46:56,389.54
O00019676,U001071,12-12-2024,14:27:40,389.54
O00007031,U002753,15-04-2025,19:56:41,389.45
O00008092,U007739,11-04-2025,09:19:56,389.34
O00018705,U002965,16-05-2024,18:57:07,389.23
O00018383,U008260,21-11-2024,22:50:10,389.22
O00018069,U004751,30-04-2024,22:48:24,389.18
O00014805,U005757,26-04-2025,08:50:41,389.01
O00006863,U008113,05-08-2024,13:14:47,388.93
O00013451,U003147,08-01-2025,20:11:44,388.91
O00014706,U000413,20-05-2025,06:37:11,388.76
O00009307,U004742,24-08-2025,21:46:00,388.72
O00009625,U009014,07-01-2025,15:24:00,388.64
O00008950,U001565,08-10-2025,12:24:32,388.63
O00011866,U007804,26-06-2025,14:59:07,388.46
O00015815,U000847,05-05-2025,15:57:07,388.40
O00011741,U005524,03-05-2025,09:35:32,388.29
O00013110,U006699,22-03-2025,10:45:56,388.22
O00012871,U007868,28-10-2025,21:34:21,388.11
O00019172,U001694,09-07-2024,04:43:22,388.08
O00009040,U008413,12-06-2024,09:55:40,388.00
O00008424,U000735,04-12-2024,03:21:18,387.86
O00017437,U007663,03-01-2025,23:29:37,387.86
O00000371,U009900,28-07-2025,08:15:31,387.71
O00008194,U009855,15-06-2024,22:45:13,387.70
O00017404,U000096,16-03-2025,12:48:03,387.60
O00006629,U003503,24-11-2024,04:55:01,387.30
O00000159,U004306,29-04-2024,17:41:33,387.23
O00008203,U004445,12-11-2025,13:14:58,387.23
O00002135,U009981,13-10-2025,21:41:55,387.16
O00008523,U002958,02-10-2024,17:46:03,386.96
O00008386,U002194,11-04-2024,14:28:40,386.89
O00003910,U002644,04-04-2024,04:22:36,386.67
O00013462,U003319,01-10-2025,16:26:38,386.64
O00003968,U006846,13-08-2025,23:52:36,386.55
O00004323,U007982,01-11-2025,15:44:11,386.44
O00016084,U007762,26-10-2024,07:37:12,386.42
O00011295,U002644,17-06-2024,15:57:14,386.40
O00017703,U006210,30-03-2024,04:22:37,386.39
O00013538,U004539,09-02-2024,00:31:21,386.35
O00002588,U004229,21-03-2024,00:42:12,386.33
O00003162,U004734,27-03-2025,03:04:04,386.33
O00016684,U008518,08-11-2025,01:31:07,386.29
O00008945,U002270,27-04-2024,20:54:10,386.25
O00010070,U000832,01-06-2025,09:53:23,386.25
O00018610,U002685,11-07-2025,13:00:58,386.24
O00016612,U002168,30-09-2025,12:30:38,386.17
O00006766,U006228,25-01-2024,15:02:25,386.14
O00004476,U009706,01-03-2024,17:00:37,386.12
O00003494,U008586,10-06-2024,23:13:35,386.11
O00004917,U008626,30-05-2025,22:07:20,386.09
O00009414,U000456,02-04-2024,11:28:54,385.98
O00008068,U003905,28-08-2024,15:38:58,385.78
O00000936,U002708,26-10-2024,05:33:36,385.60
O00011812,U005405,27-04-2024,15:47:17,385.59
O00006764,U008765,12-11-2024,04:51:49,385.53
O00002740,U007480,02-03-2024,07:11:45,385.50
O00015798,U002293,04-02-2025,21:05:45,385.46
O00013599,U004314,03-01-2025,20:08:20,385.40
O00006945,U005100,26-05-2025,07:04:29,385.39
O00015076,U007415,02-07-2025,11:59:55,385.38
O00011589,U001135,03-03-2024,03:13:49,385.30
O00005649,U007735,24-02-2025,19:33:19,385.25
O00003756,U003967,15-07-2024,14:01:17,385.18
O00017376,U004856,09-10-2025,11:27:24,385.16
O00003185,U006101,04-09-2025,12:54:11,384.93
O00010653,U007178,18-11-2024,00:37:10,384.93
O00016666,U005171,28-02-2025,23:48:25,384.75
O00012480,U009192,06-09-2024,06:39:33,384.73
O00009786,U000968,18-07-2025,13:09:33,384.70
O00012718,U009392,06-04-2024,17:51:34,384.69
O00015669,U007383,11-01-2024,17:44:57,384.44
O00016080,U000203,07-09-2025,05:39:58,384.40
O00013998,U005489,17-04-2025,10:03:36,384.39
O00004635,U004101,09-03-2025,13:49:19,384.34
O00001586,U007055,02-04-2025,01:45:38,384.15
O00011608,U001117,14-07-2024,10:21:07,384.06
O00009262,U003880,06-04-2024,01:39:00,383.87
O00017220,U009378,09-10-2025,21:05:20,383.87
O00017799,U001173,03-08-2024,18:22:37,383.83
O00018261,U006153,23-04-2025,23:26:37,383.81
O00001190,U002417,24-08-2025,13:40:56,383.78
O00002927,U008858,30-04-2025,01:22:10,383.78
O00007276,U003445,25-02-2025,09:35:43,383.78
O00001430,U004979,22-08-2025,19:06:39,383.75
O00006112,U009239,10-05-2025,15:14:56,383.43
O00007245,U005008,19-10-2025,22:39:40,383.39
O00000080,U007964,12-05-2025,17:07:09,383.26
O00008214,U007022,20-07-2024,19:56:49,383.26
O00017046,U004055,26-07-2025,23:19:44,383.26
O00017744,U006393,01-05-2024,06:40:04,383.26
O00017958,U006680,17-04-2024,04:01:27,383.26
O00003669,U006751,16-10-2024,16:54:18,383.13
O00010451,U003266,28-07-2024,16:39:20,383.06
O00015695,U003889,16-04-2025,23:44:36,383.05
O00006172,U002937,15-09-2024,17:40:20,382.83
O00010368,U006744,24-10-2025,02:14:22,382.78
O00000360,U007438,21-06-2024,08:25:40,382.77
O00006470,U000010,21-07-2025,13:30:37,382.75
O00015340,U002895,18-03-2024,07:09:15,382.71
O00017457,U001871,22-04-2025,22:03:24,382.67
O00016926,U008550,13-03-2024,15:53:09,382.66
O00007198,U005691,26-01-2025,22:14:32,382.52
O00013944,U000218,07-10-2025,03:38:15,382.42
O00009007,U005565,24-09-2025,12:36:29,382.39
O00001603,U002232,20-04-2025,22:50:03,382.34
O00019182,U005131,12-09-2025,17:50:26,382.30
O00019072,U009343,31-03-2025,02:34:30,382.23
O00008488,U003545,26-01-2024,10:01:21,381.90
O00006214,U007579,18-10-2024,17:46:26,381.83
O00005798,U000876,05-08-2024,00:11:53,381.77
O00007560,U000431,10-02-2024,03:28:38,381.57
O00011361,U008879,25-07-2025,11:24:54,381.53
O00005016,U002771,31-10-2025,22:44:41,381.36
O00007211,U000432,24-09-2024,16:00:51,381.35
O00014262,U007887,25-05-2025,01:15:32,381.24
O00001835,U003177,21-06-2025,23:02:16,381.12
O00002111,U004460,30-04-2024,23:35:57,380.96
O00004502,U008989,10-10-2025,14:52:15,380.93
O00011053,U004770,10-02-2025,08:25:13,380.92
O00009088,U008317,26-08-2024,16:17:59,380.78
O00001148,U002941,04-12-2024,16:53:20,380.65
O00019669,U008455,11-03-2025,10:59:30,380.65
O00017770,U003628,28-12-2024,20:47:37,380.55
O00011316,U007754,16-06-2025,10:58:26,380.51
O00003743,U006613,14-08-2024,23:37:45,380.44
O00013090,U004592,22-10-2024,18:38:25,380.44
O00013503,U004661,13-02-2024,13:20:39,380.43
O00007270,U009410,01-10-2024,00:41:28,380.35
O00008384,U004083,28-06-2025,08:18:49,380.30
O00013055,U007759,01-05-2025,06:37:54,380.28
O00019424,U002491,20-05-2024,02:34:26,380.21
O00013306,U005557,06-11-2025,22:42:37,380.00
O00012295,U003003,01-09-2024,15:49:00,379.98
O00017630,U003760,25-12-2024,01:36:08,379.96
O00008028,U005853,25-05-2024,00:55:44,379.87
O00012219,U003951,19-09-2025,16:21:29,379.87
O00009140,U004353,28-11-2024,05:39:00,379.76
O00010628,U005021,15-12-2024,12:24:06,379.76
O00016120,U009055,09-02-2024,18:23:08,379.76
O00009868,U000821,07-03-2025,03:09:25,379.69
O00004556,U002324,20-02-2024,23:06:14,379.66
O00009847,U001582,26-07-2025,10:15:28,379.66
O00008993,U005138,28-02-2025,21:41:06,379.58
O00004211,U007254,17-06-2025,12:29:13,379.11
O00018358,U000564,15-01-2024,13:33:17,378.94
O00007523,U001613,31-12-2024,06:21:02,378.92
O00003415,U000061,13-09-2025,08:44:50,378.60
O00008313,U005346,22-03-2024,23:26:44,378.59
O00003899,U005045,15-05-2025,20:35:57,378.34
O00007403,U002856,28-09-2024,12:03:09,378.23
O00017714,U004724,18-06-2025,23:03:16,378.07
O00014172,U002198,16-02-2024,07:32:24,377.99
O00005284,U004304,26-02-2025,17:24:40,377.93
O00017647,U005917,29-02-2024,04:44:04,377.91
O00010581,U005314,02-04-2025,12:15:12,377.85
O00018544,U002688,31-08-2024,06:58:10,377.75
O00000679,U008919,27-08-2024,21:28:02,377.71
O00002494,U004282,11-10-2024,22:31:16,377.65
O00000338,U007476,07-01-2024,13:51:41,377.51
O00008736,U004616,20-05-2024,13:57:58,377.51
O00013570,U004108,16-01-2025,20:50:39,377.51
O00013888,U005274,13-06-2024,00:49:52,377.44
O00013429,U003744,18-06-2024,08:27:11,377.31
O00016381,U008094,24-06-2024,18:21:57,377.23
O00017692,U008966,10-03-2025,14:08:56,377.19
O00010963,U001292,04-02-2024,11:14:03,377.14
O00011245,U006032,16-10-2024,22:16:46,377.10
O00015342,U008750,01-11-2024,09:53:41,377.10
O00017311,U007246,14-10-2024,20:08:55,377.10
O00010045,U009856,30-06-2024,13:16:50,376.99
O00015905,U004915,20-06-2024,11:56:27,376.98
O00015991,U005996,10-08-2024,18:51:31,376.82
O00000754,U006386,10-11-2024,18:26:09,376.65
O00013274,U009999,11-12-2024,17:20:39,376.38
O00012477,U004426,16-08-2024,15:23:29,376.37
O00003912,U003684,07-11-2025,01:42:29,376.36
O00005784,U007888,04-01-2024,00:18:41,376.36
O00015730,U005715,27-04-2025,18:17:59,376.36
O00018008,U001285,05-11-2024,00:46:10,376.36
O00008035,U009182,18-04-2025,13:11:49,376.35
O00015164,U005746,03-01-2025,00:48:03,376.31
O00016139,U008266,08-09-2025,03:31:06,376.31
O00016412,U004993,22-10-2025,01:20:36,376.31
O00017973,U005009,23-05-2024,08:23:50,376.31
O00018861,U005629,12-07-2024,12:00:26,376.31
O00019781,U001698,15-12-2024,08:01:30,376.31
O00015649,U002863,02-04-2025,00:27:10,376.23
O00004376,U001544,22-07-2025,05:43:36,376.18
O00017535,U005369,08-07-2025,20:15:30,376.15
O00012424,U002552,04-11-2024,22:23:03,376.14
O00016470,U002958,10-09-2024,17:38:18,376.12
O00014797,U005383,14-12-2024,19:48:49,376.06
O00012100,U008999,07-01-2024,02:04:45,375.98
O00004430,U005938,15-02-2025,08:22:12,375.91
O00012770,U002252,28-02-2025,23:56:37,375.91
O00019758,U006216,02-02-2025,07:26:51,375.91
O00012794,U006166,14-02-2024,09:34:31,375.85
O00007923,U007166,29-01-2024,15:22:27,375.84
O00006326,U002856,23-08-2025,20:52:28,375.83
O00000519,U006930,23-08-2024,20:20:31,375.71
O00008760,U000807,22-09-2024,23:53:05,375.69
O00005481,U009591,25-02-2024,15:47:04,375.68
O00008674,U000084,18-09-2024,15:09:24,375.68
O00013537,U009221,17-05-2025,23:13:48,375.68
O00013733,U009576,08-11-2025,03:03:44,375.68
O00015066,U004981,17-11-2024,00:53:49,375.68
O00015612,U004687,08-09-2024,12:56:34,375.68
O00019088,U002199,10-08-2025,08:36:24,375.68
O00004093,U007930,03-08-2025,18:54:23,375.50
O00011563,U000157,11-01-2025,06:01:00,375.39
O00005370,U002345,03-06-2025,22:50:41,375.37
O00018018,U006023,17-01-2024,12:10:22,375.37
O00001694,U002496,16-10-2024,20:15:51,375.24
O00001065,U003792,21-06-2024,04:37:21,375.19
O00008595,U004644,27-07-2024,00:14:14,375.18
O00001971,U004581,06-03-2024,05:13:31,374.97
O00003461,U008154,12-07-2024,03:29:02,374.96
O00002935,U005358,15-10-2025,09:27:47,374.89
O00006311,U001066,14-03-2024,03:29:02,374.85
O00012979,U003481,09-09-2024,17:10:22,374.84
O00018515,U009351,11-01-2024,14:41:39,374.75
O00015513,U001282,04-01-2024,18:17:52,374.61
O00017127,U009238,28-05-2025,22:19:47,374.54
O00019437,U005279,29-05-2025,02:30:13,374.28
O00008153,U006858,20-02-2024,03:31:46,374.27
O00011533,U003144,14-12-2024,03:12:27,374.25
O00008468,U002644,20-02-2024,16:47:13,374.23
O00001205,U008439,03-09-2025,08:18:21,374.05
O00012846,U005975,21-03-2025,08:59:08,373.91
O00017344,U001085,06-11-2024,07:43:37,373.90
O00018154,U001340,01-09-2024,09:15:33,373.90
O00013713,U009403,26-01-2025,10:48:42,373.88
O00014086,U007139,20-06-2024,02:44:32,373.83
O00000149,U006981,06-06-2025,02:24:19,373.82
O00014702,U008481,28-09-2025,11:18:07,373.82
O00002295,U009209,06-03-2025,07:05:26,373.74
O00005279,U001598,20-08-2025,14:19:57,373.49
O00009513,U006771,15-03-2025,10:51:07,373.48
O00012787,U000368,08-09-2024,16:15:21,373.48
O00000353,U007561,09-10-2024,02:34:42,373.43
O00006589,U008498,18-02-2025,02:22:15,373.19
O00007636,U006097,30-05-2025,00:00:09,373.13
O00013231,U004983,16-11-2024,03:38:45,373.10
O00006499,U002842,09-04-2025,04:56:01,373.09
O00014177,U005783,09-10-2024,22:20:35,373.09
O00003328,U007789,02-09-2025,23:48:08,372.96
O00009653,U009540,18-07-2024,03:40:00,372.95
O00015949,U000257,26-04-2024,10:01:40,372.89
O00006614,U009123,23-08-2024,17:19:03,372.81
O00009096,U002607,07-09-2024,14:10:13,372.81
O00001490,U001594,18-06-2024,03:01:48,372.80
O00013066,U001490,23-06-2025,17:57:40,372.80
O00017232,U006127,27-05-2025,11:42:07,372.80
O00005018,U009774,19-05-2024,05:26:13,372.75
O00002257,U002073,26-02-2025,07:51:39,372.70
O00006679,U007236,04-07-2024,15:51:55,372.70
O00012926,U007166,18-04-2024,00:12:17,372.70
O00019788,U009844,16-04-2025,18:21:19,372.70
O00000183,U006690,18-09-2024,06:38:11,372.58
O00013032,U002533,19-01-2025,08:27:00,372.55
O00001302,U007670,30-04-2025,05:11:15,372.19
O00010440,U003906,07-05-2024,22:45:49,372.17
O00018190,U006361,04-03-2024,13:41:45,372.14
O00000457,U008973,21-08-2025,05:52:58,372.04
O00002838,U009056,20-09-2025,02:54:32,371.83
O00002260,U009587,20-02-2024,18:52:54,371.77
O00000994,U000673,26-01-2024,07:12:13,371.63
O00008473,U001550,23-10-2025,14:25:57,371.60
O00015415,U008167,12-04-2025,17:24:49,371.60
O00010817,U003555,07-09-2025,17:07:05,371.57
O00002791,U003671,19-10-2025,21:08:36,371.53
O00019433,U004759,10-03-2024,14:25:45,371.49
O00018181,U007248,16-09-2025,15:00:35,371.48
O00017424,U007297,18-05-2025,11:17:36,371.46
O00005146,U002166,14-09-2025,17:33:03,371.22
O00004162,U000811,14-08-2025,23:25:10,371.05
O00014259,U009305,12-05-2025,12:14:29,371.04
O00006115,U007643,10-10-2025,03:44:41,370.92
O00002507,U000022,05-09-2024,22:35:51,370.90
O00006976,U003240,21-04-2025,05:32:02,370.90
O00012574,U006277,15-10-2024,08:43:05,370.83
O00000233,U009613,14-09-2025,01:57:57,370.71
O00011876,U002055,23-08-2024,18:40:56,370.71
O00008969,U002991,27-07-2025,11:27:18,370.69
O00008546,U006298,20-07-2025,08:24:13,370.64
O00008266,U006498,14-08-2025,00:40:58,370.40
O00006544,U003119,07-11-2024,17:44:27,370.37
O00014618,U003191,27-04-2024,01:08:43,370.36
O00018828,U005352,21-08-2025,22:56:17,370.35
O00008872,U001093,05-08-2024,21:30:34,370.30
O00010743,U002383,04-11-2025,14:56:55,370.14
O00014528,U000553,10-01-2024,02:01:21,370.07
O00012294,U008496,15-02-2025,06:41:01,370.05
O00000385,U003716,17-09-2024,18:14:30,369.96
O00013780,U008301,12-09-2024,00:28:55,369.92
O00012798,U007116,18-07-2024,01:41:47,369.90
O00003109,U000734,08-04-2024,01:02:20,369.87
O00003374,U000057,31-10-2025,21:53:18,369.87
O00005091,U000820,18-09-2024,00:29:43,369.87
O00000469,U008966,25-04-2024,16:37:46,369.80
O00000918,U008174,26-02-2024,04:46:42,369.80
O00000231,U006547,27-04-2025,07:05:28,369.79
O00000688,U004942,21-02-2025,21:51:51,369.77
O00005694,U003171,10-10-2024,20:11:39,369.74
O00009720,U007149,03-12-2024,01:33:28,369.72
O00006153,U003973,12-10-2024,03:10:11,369.71
O00019060,U005605,31-08-2024,11:33:54,369.70
O00018294,U004945,17-09-2025,23:10:20,369.33
O00000340,U004737,02-01-2025,15:57:19,369.28
O00016364,U001023,09-03-2025,18:20:00,369.24
O00017131,U002007,26-11-2024,04:28:13,369.18
O00001307,U009219,22-08-2024,18:17:43,369.01
O00015858,U002182,16-08-2025,06:32:59,368.98
O00014431,U004259,25-10-2025,18:38:53,368.92
O00016834,U000583,15-09-2024,15:39:56,368.91
O00010671,U001722,27-05-2025,18:24:19,368.86
O00011837,U009054,14-04-2025,16:06:22,368.86
O00000922,U003311,30-07-2024,08:07:58,368.82
O00003627,U006614,15-02-2024,09:06:20,368.82
O00005500,U007872,14-08-2025,00:31:35,368.82
O00017417,U008200,22-12-2024,10:16:05,368.82
O00011402,U005504,14-12-2024,06:57:30,368.78
O00016198,U002459,02-04-2025,03:59:45,368.75
O00016857,U009119,06-10-2025,14:24:43,368.65
O00009684,U000841,13-10-2025,00:33:36,368.45
O00014963,U005985,28-07-2025,17:45:55,368.11
O00019096,U000456,16-06-2024,19:47:30,368.10
O00003679,U009505,21-06-2024,04:11:50,368.09
O00012132,U003834,28-11-2024,02:53:22,368.07
O00002540,U004882,22-05-2025,06:40:07,367.90
O00012442,U007321,17-01-2024,07:13:27,367.80
O00015691,U002263,02-05-2025,04:45:50,367.80
O00019697,U006889,14-03-2024,13:13:01,367.80
O00019674,U007194,29-03-2024,18:09:44,367.74
O00013614,U006147,07-09-2024,00:59:47,367.67
O00019850,U004550,17-02-2024,11:56:12,367.55
O00001580,U001734,14-06-2025,07:38:15,367.54
O00003004,U009935,13-11-2025,18:55:25,367.54
O00006119,U002066,23-08-2025,02:33:50,367.54
O00012709,U006062,06-03-2025,06:48:44,367.54
O00018672,U009077,19-07-2025,08:05:46,367.54
O00009308,U002286,29-06-2025,14:20:04,367.50
O00009782,U009502,16-08-2024,00:54:55,367.27
O00018079,U005988,06-02-2025,15:41:03,367.26
O00015463,U006206,21-09-2024,23:22:55,367.18
O00017383,U003361,13-05-2024,21:18:00,367.18
O00005667,U006389,08-01-2025,11:14:27,367.16
O00005988,U004755,23-07-2025,16:00:47,367.07
O00013035,U009950,07-05-2025,01:45:14,367.05
O00009074,U000492,03-10-2025,01:25:07,366.88
O00000319,U000068,08-08-2025,18:30:15,366.84
O00005122,U002322,18-05-2025,15:36:18,366.84
O00010227,U009531,25-04-2024,02:22:17,366.84
O00011193,U006236,23-12-2024,17:20:22,366.84
O00016081,U001772,11-05-2024,22:07:36,366.84
O00019435,U001150,19-05-2024,14:47:40,366.84
O00019856,U006175,09-01-2024,15:21:07,366.84
O00000034,U001759,23-10-2025,14:39:54,366.56
O00017490,U000484,29-01-2024,16:16:33,366.54
O00001499,U003349,06-04-2024,04:33:41,366.43
O00017174,U000059,22-07-2025,05:39:38,366.28
O00012824,U006555,27-07-2024,09:13:48,366.24
O00011318,U009854,02-12-2024,11:04:49,366.14
O00013746,U004760,20-04-2024,13:44:31,366.06
O00004749,U007396,15-01-2025,16:46:25,366.03
O00001722,U001429,29-09-2025,11:38:49,365.96
O00015867,U002880,26-03-2025,06:27:31,365.96
O00011753,U007807,07-09-2024,06:41:13,365.89
O00017749,U003563,18-03-2024,23:59:22,365.87
O00013635,U003316,05-07-2025,16:20:57,365.83
O00015186,U005619,30-08-2024,02:19:46,365.77
O00010635,U000010,20-12-2024,18:16:09,365.74
O00015265,U007920,09-11-2024,00:23:53,365.66
O00002061,U009343,10-08-2024,04:51:01,365.24
O00005155,U000788,14-08-2024,13:28:38,365.24
O00005194,U000279,22-01-2024,06:35:39,365.24
O00006190,U009938,22-08-2024,09:59:46,365.24
O00004173,U005644,28-05-2025,22:23:48,365.13
O00009075,U004036,23-10-2024,05:36:28,365.13
O00018487,U002013,31-10-2025,18:22:02,364.96
O00003484,U005348,30-03-2024,23:33:57,364.94
O00008732,U005644,06-04-2024,08:56:39,364.81
O00008456,U002421,04-01-2025,02:39:54,364.68
O00017617,U001799,08-12-2024,06:55:21,364.66
O00017982,U009479,02-07-2024,23:19:40,364.66
O00004783,U004084,04-03-2024,22:20:03,364.46
O00003927,U001838,08-08-2024,10:29:47,364.29
O00008315,U006701,08-05-2025,06:22:35,364.29
O00008873,U008527,25-04-2025,08:40:21,364.29
O00014327,U000217,31-07-2025,00:07:39,364.29
O00004283,U008775,03-06-2024,22:00:37,364.22
O00009740,U000478,02-01-2025,10:06:43,364.22
O00013284,U009881,21-11-2024,15:07:22,364.18
O00001211,U005934,06-06-2025,02:19:10,364.15
O00008558,U007520,19-04-2024,09:58:24,364.10
O00004441,U009406,20-03-2025,07:38:41,364.06
O00010046,U006373,08-11-2024,13:07:38,363.96
O00012341,U008738,02-04-2024,22:40:31,363.90
O00006505,U006050,06-02-2025,19:35:05,363.89
O00012043,U003835,06-08-2025,21:59:49,363.88
O00016565,U005481,01-10-2024,00:32:52,363.81
O00015807,U003968,14-12-2024,23:16:48,363.80
O00018047,U005038,28-02-2024,22:37:42,363.71
O00018114,U004163,14-11-2025,18:51:44,363.71
O00013752,U003217,03-06-2025,21:19:19,363.58
O00005867,U001678,23-08-2024,08:30:10,363.54
O00015648,U008837,18-06-2024,16:09:32,363.51
O00002839,U009495,08-03-2024,00:35:05,363.50
O00013013,U000136,22-02-2024,04:55:27,363.50
O00003092,U008452,30-04-2024,13:03:19,363.47
O00014434,U009499,29-04-2024,03:34:10,363.26
O00001699,U006319,28-07-2024,14:36:18,363.25
O00003641,U007814,15-01-2025,17:59:43,363.25
O00006043,U009323,16-02-2025,15:13:58,363.12
O00010801,U009970,08-02-2025,15:01:05,363.12
O00013087,U007632,18-11-2024,21:06:23,363.12
O00016082,U001827,30-01-2024,20:33:06,363.12
O00005150,U008958,02-01-2025,22:22:18,363.09
O00015381,U000487,14-03-2025,14:52:35,363.06
O00011793,U007172,24-08-2024,11:57:13,363.03
O00004291,U005470,15-04-2024,15:25:01,362.98
O00005230,U001196,21-06-2024,05:22:45,362.91
O00004016,U005668,08-01-2025,16:30:40,362.85
O00001171,U007805,13-05-2024,17:20:36,362.48
O00008193,U007096,29-04-2024,19:57:17,362.37
O00001744,U005446,30-12-2024,23:18:21,362.35
O00004994,U004327,06-03-2024,00:54:33,362.34
O00002690,U000599,27-05-2024,23:11:57,362.27
O00000600,U008826,04-06-2025,12:47:34,362.24
O00004699,U006256,10-09-2024,00:59:05,362.24
O00010246,U009884,14-02-2025,16:43:52,362.23
O00017887,U004104,14-08-2025,07:11:39,362.11
O00019403,U004213,13-08-2024,01:07:27,362.06
O00004942,U006524,18-01-2024,07:47:42,361.99
O00017119,U006343,11-11-2025,02:52:09,361.95
O00005814,U007729,13-03-2024,03:22:17,361.91
O00010494,U008394,30-03-2024,00:22:51,361.84
O00012677,U000938,15-12-2024,13:15:15,361.80
O00017517,U005277,13-06-2025,01:13:12,361.80
O00003510,U003525,09-03-2025,15:50:44,361.67
O00003640,U003867,03-07-2024,07:52:06,361.55
O00011717,U002428,27-06-2024,23:47:25,361.55
O00015998,U007323,09-01-2025,10:19:50,361.55
O00006301,U003367,10-06-2025,21:02:14,361.53
O00015146,U008183,10-07-2025,01:34:40,361.46
O00003623,U005180,22-10-2024,17:23:06,361.42
O00011612,U001480,19-07-2024,02:11:16,361.42
O00013420,U007995,09-11-2024,00:09:57,361.40
O00011520,U006966,04-02-2025,16:25:19,361.38
O00000392,U008683,19-02-2025,05:54:55,361.37
O00003093,U009641,23-10-2025,22:36:06,361.35
O00011240,U004231,20-08-2025,23:19:08,361.15
O00014386,U008635,26-03-2025,22:34:37,361.09
O00002454,U004368,09-12-2024,18:51:51,361.06
O00004322,U003266,19-03-2024,05:28:29,360.90
O00012568,U003282,21-10-2024,14:18:59,360.80
O00013331,U004390,29-02-2024,13:42:50,360.80
O00013737,U006831,11-05-2024,08:25:34,360.80
O00000256,U006956,24-06-2024,09:55:25,360.78
O00006715,U000793,09-03-2025,18:36:26,360.76
O00010825,U007488,28-08-2025,00:41:01,360.74
O00010260,U003879,06-08-2025,14:01:41,360.68
O00016173,U008278,19-01-2025,07:49:53,360.52
O00011593,U000518,08-03-2024,21:38:47,360.44
O00018596,U002423,27-10-2025,02:16:13,360.34
O00014007,U005157,09-06-2025,23:29:27,360.31
O00003142,U000463,04-01-2025,08:57:57,360.29
O00003866,U007303,29-08-2024,17:09:00,360.29
O00005876,U002535,07-05-2024,05:45:46,360.29
O00016188,U007057,11-11-2025,11:04:51,360.23
O00002828,U005692,27-05-2024,12:00:24,360.18
O00014041,U007707,06-03-2024,17:39:34,360.07
O00010637,U007307,26-09-2024,11:15:20,360.05
O00000952,U008227,02-11-2025,17:32:53,360.03
O00018137,U008737,21-04-2025,05:13:41,359.86
O00016141,U003546,23-02-2024,12:41:56,359.81
O00019820,U008874,22-03-2024,22:33:21,359.67
O00016989,U006307,15-07-2024,14:54:39,359.66
O00000135,U002302,29-06-2025,16:37:42,359.64
O00019023,U008465,20-08-2025,19:42:51,359.51
O00011421,U003751,29-02-2024,19:48:13,359.43
O00013470,U004464,14-05-2025,21:53:54,359.41
O00012052,U000087,10-09-2025,03:40:28,359.35
O00019734,U001007,15-01-2024,14:57:29,359.28
O00003477,U003707,22-09-2024,08:33:45,359.27
O00011944,U007370,02-03-2025,23:42:20,359.27
O00005730,U008553,03-02-2025,05:30:44,359.25
O00010973,U009521,02-08-2024,13:48:56,359.25
O00002025,U006391,26-04-2024,06:05:05,359.24
O00002624,U006947,17-02-2025,18:48:16,359.12
O00010382,U004753,15-02-2025,02:26:14,359.00
O00016425,U001001,19-04-2025,05:23:55,358.99
O00008698,U004842,09-04-2025,21:44:18,358.92
O00010251,U009219,25-11-2024,00:34:45,358.92
O00015655,U003716,05-01-2025,20:16:40,358.92
O00015354,U002695,13-09-2024,19:49:57,358.82
O00014461,U000971,05-03-2024,17:58:36,358.72
O00000836,U008425,17-11-2024,00:26:22,358.71
O00005750,U008577,07-12-2024,04:47:57,358.66
O00010327,U004827,03-07-2025,06:04:19,358.53
O00002621,U003007,16-10-2024,02:07:35,358.50
O00018614,U004961,23-07-2024,06:29:02,358.44
O00013278,U006564,18-12-2024,04:40:57,358.38
O00002796,U004170,23-05-2025,17:35:17,358.37
O00019776,U007829,16-03-2025,11:10:54,358.37
O00000676,U008828,22-11-2024,09:54:39,358.32
O00010929,U003377,13-02-2024,02:09:33,358.32
O00011878,U001764,30-05-2025,00:51:24,358.24
O00015445,U000153,16-06-2024,07:31:36,358.04
O00000271,U003973,02-06-2024,05:34:55,357.98
O00016510,U000264,06-10-2024,16:38:42,357.92
O00011152,U000053,01-04-2025,07:54:27,357.87
O00013265,U003078,29-03-2025,05:34:07,357.87
O00014308,U003935,27-06-2024,17:26:39,357.87
O00019539,U006103,21-08-2025,12:13:52,357.80
O00019969,U003426,26-08-2024,14:20:20,357.72
O00009520,U009901,23-10-2024,11:04:52,357.59
O00013946,U008131,21-07-2024,11:25:59,357.51
O00005206,U006556,12-03-2024,03:18:35,357.42
O00010984,U005990,18-03-2024,23:07:29,357.41
O00009600,U004948,25-10-2025,08:26:52,357.33
O00000076,U006851,15-08-2025,00:34:10,357.16
O00008173,U002196,27-01-2025,23:18:46,357.12
O00011829,U007811,02-07-2024,04:36:00,357.12
O00003612,U008757,02-10-2024,00:23:19,356.93
O00003318,U002845,18-07-2025,12:32:51,356.88
O00005345,U001016,01-02-2025,12:36:50,356.85
O00016130,U007866,21-11-2024,15:32:13,356.82
O00005153,U002298,27-09-2025,08:58:47,356.81
O00006686,U009919,08-10-2025,23:44:09,356.80
O00008607,U002754,26-02-2024,09:07:36,356.62
O00005224,U007565,21-08-2024,03:22:12,356.53
O00013309,U005401,12-08-2025,08:58:18,356.48
O00000775,U000876,20-05-2024,02:24:26,356.39
O00008300,U005869,18-08-2024,15:34:04,356.33
O00017308,U007529,13-04-2024,05:40:42,356.04
O00014711,U004130,18-02-2024,00:09:54,356.00
O00010534,U002707,19-08-2024,10:37:00,355.91
O00007232,U001406,05-03-2025,12:56:26,355.90
O00013903,U004421,28-09-2024,03:37:16,355.83
O00014556,U007978,12-05-2024,01:18:09,355.82
O00014127,U008707,27-04-2024,02:08:54,355.76
O00004409,U006660,04-12-2024,02:11:48,355.72
O00005636,U009708,30-06-2024,01:30:14,355.71
O00017365,U003369,28-02-2024,01:29:44,355.71
O00001310,U000353,16-06-2024,01:30:14,355.39
O00002387,U006808,11-04-2025,23:30:46,355.35
O00009435,U006966,01-04-2025,19:38:10,355.33
O00007950,U003172,03-09-2025,14:26:10,355.28
O00008863,U006873,15-03-2024,12:39:07,355.16
O00005244,U004063,23-09-2025,14:42:23,355.14
O00005268,U009132,25-02-2025,19:46:09,355.14
O00019465,U003679,25-10-2024,03:23:31,355.14
O00009521,U000797,02-11-2024,07:44:34,355.13
O00018055,U001479,23-09-2025,10:58:31,355.13
O00005722,U002745,29-12-2024,18:26:37,355.04
O00014727,U001554,15-02-2025,01:07:23,354.88
O00016865,U004321,08-06-2024,09:50:47,354.85
O00006525,U001850,01-03-2024,17:37:46,354.81
O00019732,U000575,28-10-2024,14:40:12,354.81
O00013616,U002411,11-02-2024,07:37:25,354.74
O00008115,U001757,11-11-2024,09:04:12,354.70
O00003969,U005526,15-02-2025,12:42:38,354.58
O00016898,U004389,20-02-2024,23:23:33,354.49
O00017927,U001024,09-10-2024,23:42:50,354.49
O00018962,U006580,10-09-2024,07:02:03,354.49
O00019451,U009872,14-07-2024,06:59:58,354.49
O00018517,U007912,30-09-2024,10:52:48,354.32
O00016788,U008772,08-05-2025,20:50:53,354.31
O00000120,U000716,23-10-2024,06:33:46,354.29
O00010997,U006864,27-05-2024,05:33:43,354.29
O00016725,U009727,13-12-2024,01:22:26,354.28
O00009445,U006354,14-01-2025,14:14:23,354.19
O00001622,U006365,30-06-2024,23:45:41,354.14
O00002603,U007268,10-04-2024,13:27:34,354.09
O00000964,U006004,15-08-2024,03:43:45,354.07
O00007739,U008635,20-09-2025,22:53:55,354.05
O00000442,U009323,28-09-2025,01:45:56,353.95
O00018106,U003832,05-07-2025,19:50:24,353.91
O00016805,U000694,12-03-2024,11:41:10,353.88
O00014134,U007626,11-11-2025,05:56:39,353.87
O00007000,U002932,16-03-2024,18:06:12,353.77
O00008582,U001209,30-09-2024,08:19:34,353.65
O00013984,U009846,20-03-2024,09:45:44,353.31
O00003321,U004964,21-07-2024,16:40:18,353.28
O00008046,U009598,20-02-2024,06:33:35,353.21
O00009166,U001631,25-05-2024,04:21:39,353.20
O00017525,U005743,21-07-2025,02:32:35,353.10
O00016108,U004253,18-10-2025,19:32:39,353.04
O00017506,U006872,23-04-2025,13:45:11,353.03
O00018972,U001509,29-03-2024,04:21:17,353.03
O00002768,U001922,03-11-2025,16:29:08,353.02
O00015626,U006674,24-10-2025,19:17:16,352.99
O00000587,U002197,01-10-2024,16:24:49,352.97
O00012365,U006506,01-05-2025,18:06:16,352.97
O00009113,U007241,05-01-2025,12:19:34,352.90
O00013347,U008120,17-09-2024,03:53:36,352.88
O00012639,U005005,08-09-2024,10:12:16,352.75
O00019552,U005463,05-03-2024,21:52:14,352.63
O00003504,U007337,02-03-2025,20:08:58,352.54
O00013710,U005288,09-05-2025,11:21:22,352.53
O00018282,U009079,07-05-2024,01:14:20,352.38
O00007044,U004439,18-06-2024,21:19:40,352.34
O00009362,U004152,07-11-2024,22:58:55,352.30
O00010543,U004595,04-05-2024,20:52:26,352.24
O00006858,U003239,29-11-2024,17:21:18,352.16
O00018312,U004438,20-04-2024,23:44:25,352.09
O00008221,U008354,02-11-2024,19:20:53,351.79
O00016102,U006560,28-04-2024,10:40:04,351.79
O00017850,U006845,16-06-2024,17:36:32,351.69
O00000161,U001885,14-01-2025,02:24:05,351.66
O00008579,U006924,09-03-2024,02:21:49,351.66
O00019520,U003691,19-02-2024,05:17:33,351.66
O00018682,U007680,23-08-2025,03:31:02,351.64
O00009333,U008957,08-02-2024,22:15:06,351.55
O00009128,U009765,19-10-2024,20:05:17,351.53
O00012490,U008000,18-06-2024,14:06:30,351.48
O00000043,U005178,05-06-2024,17:15:52,351.45
O00001398,U005758,12-07-2024,04:18:16,351.45
O00006962,U003923,28-11-2024,18:12:14,351.45
O00010193,U000814,11-11-2025,11:36:12,351.45
O00017064,U009144,18-06-2025,09:17:06,351.45
O00010539,U003615,29-12-2024,14:52:13,351.40
O00000743,U006770,15-01-2024,06:48:08,351.35
O00008938,U000416,22-08-2024,22:48:03,351.27
O00008188,U003689,26-10-2024,18:42:56,351.26
O00015341,U000955,11-05-2024,22:46:09,351.21
O00019751,U007242,10-02-2025,12:50:30,351.16
O00013647,U003313,28-04-2024,05:39:28,351.09
O00005622,U007076,01-02-2025,12:04:49,351.08
O00017015,U005861,10-05-2025,09:02:57,351.00
O00019809,U000665,23-12-2024,16:43:28,350.70
O00015685,U008372,21-08-2024,08:40:05,350.65
O00006637,U005765,31-07-2025,03:13:39,350.63
O00002596,U006608,21-12-2024,09:20:23,350.58
O00000248,U007067,01-12-2024,17:11:52,350.41
O00012361,U007744,25-12-2024,11:57:02,350.41
O00014838,U003618,11-04-2025,05:46:49,350.38
O00016833,U006865,29-11-2024,16:48:13,350.37
O00015254,U009793,25-01-2024,17:10:46,350.34
O00016678,U003335,08-04-2024,03:34:23,350.34
O00017144,U005600,13-09-2024,15:58:54,350.25
O00006810,U001256,21-03-2025,00:02:16,350.22
O00019358,U008536,26-04-2025,01:44:27,350.22
O00012785,U008596,21-10-2024,14:32:10,350.18
O00004072,U003664,17-04-2024,20:12:46,350.04
O00015310,U000212,24-01-2024,18:41:04,350.04
O00017295,U003817,31-08-2024,17:12:25,350.04
O00005768,U006862,20-03-2025,20:42:34,350.01
O00010684,U002209,22-01-2024,17:22:08,349.88
O00007817,U002620,28-01-2024,09:16:36,349.82
O00011073,U003360,25-10-2024,11:16:50,349.82
O00019915,U006190,31-05-2024,02:37:51,349.82
O00011254,U002202,01-08-2024,21:59:03,349.69
O00002990,U001435,24-10-2025,09:38:22,349.64
O00005121,U003244,09-06-2025,21:30:14,349.54
O00017778,U004389,16-03-2025,20:53:23,349.45
O00002165,U004141,10-09-2025,13:08:57,349.38
O00002731,U009318,14-04-2025,19:34:18,349.03
O00002473,U005666,08-03-2024,17:54:17,349.01
O00009826,U009518,24-03-2024,12:33:49,349.01
O00012603,U005108,08-10-2025,07:01:19,348.96
O00019348,U009424,16-10-2024,16:00:34,348.93
O00012899,U006631,06-03-2025,23:48:16,348.75
O00014440,U005907,16-04-2024,00:05:05,348.74
O00016453,U001352,12-05-2024,06:14:25,348.64
O00016695,U005401,05-09-2024,12:26:42,348.64
O00019471,U002376,11-04-2025,07:13:22,348.63
O00019540,U006814,22-09-2024,15:19:12,348.60
O00002026,U004255,02-11-2025,20:38:16,348.52
O00000909,U002828,07-06-2025,09:10:35,348.46
O00016069,U008669,22-07-2024,15:37:01,348.39
O00004588,U009000,03-03-2024,12:25:19,348.38
O00005527,U003394,02-11-2024,09:54:13,348.22
O00002539,U000615,13-09-2024,03:05:35,348.10
O00007706,U009523,12-01-2025,16:48:26,348.05
O00002717,U005343,03-05-2024,17:40:24,347.98
O00005112,U001734,09-01-2024,21:02:13,347.94
O00014675,U002047,31-08-2024,05:10:18,347.92
O00002908,U003596,10-01-2025,23:48:12,347.88
O00013221,U008107,29-06-2024,13:53:11,347.86
O00006922,U006986,24-08-2024,14:00:54,347.77
O00011284,U007422,04-08-2024,15:34:56,347.47
O00012620,U008533,13-03-2024,02:13:11,347.45
O00001219,U003708,03-10-2024,02:12:09,347.43
O00019216,U000940,16-04-2025,02:22:41,347.40
O00003431,U006158,09-02-2025,12:17:51,347.36
O00009955,U001653,02-07-2025,06:29:26,347.29
O00019953,U002289,28-07-2025,16:20:37,347.27
O00003174,U007350,26-07-2024,01:38:48,347.11
O00013699,U001341,29-11-2024,07:09:19,347.09
O00017876,U008998,07-03-2025,21:30:02,347.03
O00003056,U009199,26-10-2024,23:54:41,347.00
O00011325,U009475,04-06-2024,14:09:38,346.98
O00019189,U007638,07-11-2025,02:59:04,346.96
O00001071,U002866,04-10-2025,00:14:18,346.93
O00009044,U004263,28-07-2025,13:57:25,346.84
O00017878,U004296,11-03-2024,13:07:16,346.82
O00011259,U005825,07-06-2025,08:16:52,346.77
O00000298,U009474,28-02-2024,07:20:11,346.68
O00005418,U001886,24-03-2024,21:34:44,346.68
O00017203,U000369,31-10-2025,15:14:46,346.68
O00011603,U005171,08-01-2025,17:29:19,346.65
O00003334,U002303,28-08-2025,13:22:08,346.58
O00013800,U001886,12-09-2024,10:22:14,346.50
O00006031,U002530,05-07-2024,08:25:52,346.47
O00018473,U003038,23-12-2024,14:53:22,346.46
O00016454,U006626,19-12-2024,04:58:39,346.42
O00000249,U002832,21-06-2025,14:34:29,346.41
O00016003,U007673,27-07-2025,08:27:34,346.33
O00010778,U007170,23-12-2024,16:25:09,346.25
O00013121,U000781,04-09-2024,03:41:08,346.22
O00014026,U006904,13-10-2025,08:14:43,346.19
O00015598,U007426,01-01-2025,15:58:19,346.11
O00001072,U006038,23-09-2025,23:07:25,346.08
O00011022,U003720,14-11-2025,09:31:02,346.07
O00017862,U008140,22-08-2025,02:58:16,346.07
O00010320,U001791,23-07-2025,05:19:00,346.05
O00015960,U006857,16-12-2024,09:51:06,345.91
O00012879,U003018,04-05-2025,15:43:06,345.64
O00006564,U002171,07-02-2024,23:57:16,345.60
O00019014,U001286,05-07-2024,01:53:17,345.59
O00008901,U001824,27-04-2024,23:47:58,345.47
O00000209,U001530,28-08-2025,23:34:00,345.35
O00005426,U009245,06-04-2025,10:04:28,345.34
O00006588,U006856,07-07-2024,12:13:40,345.31
O00006455,U008360,02-10-2024,14:15:21,345.24
O00002452,U000674,07-01-2024,03:43:08,345.20
O00008130,U000435,28-06-2025,20:25:46,345.18
O00013845,U002691,04-09-2025,03:09:48,345.11
O00017103,U002067,21-09-2024,02:02:42,345.04
O00016870,U004063,28-09-2024,18:55:55,344.95
O00016839,U004179,19-09-2025,19:47:42,344.93
O00007890,U002346,07-01-2024,12:38:19,344.84
O00017764,U001081,30-01-2025,05:13:17,344.84
O00004728,U001813,27-10-2024,02:04:08,344.65
O00009282,U009179,14-04-2025,19:07:11,344.64
O00005243,U006019,04-03-2024,09:19:09,344.62
O00017053,U001322,01-05-2024,21:21:55,344.62
O00017480,U002005,24-10-2024,04:35:08,344.44
O00013120,U005586,03-11-2025,10:44:41,344.32
O00014995,U002153,18-10-2025,02:47:05,344.29
O00006618,U007909,02-01-2025,22:33:11,344.26
O00010186,U000048,03-12-2024,13:51:04,344.26
O00013775,U008699,24-05-2024,04:03:55,344.26
O00015476,U006930,16-06-2024,07:38:26,344.26
O00018533,U002178,21-09-2025,15:05:28,344.26
O00018676,U006486,19-08-2024,04:22:55,344.26
O00019097,U008356,19-05-2025,20:59:48,344.26
O00014364,U008714,19-02-2024,09:28:13,344.22
O00018801,U009504,01-06-2024,06:20:25,344.19
O00005555,U002124,10-07-2024,10:59:54,343.93
O00001418,U009553,30-11-2024,11:45:26,343.78
O00001472,U006286,26-01-2025,02:27:56,343.78
O00017869,U007278,26-01-2024,03:43:24,343.78
O00015429,U007755,14-02-2024,05:12:44,343.69
O00001697,U007945,16-09-2024,07:31:09,343.60
O00011694,U006476,25-06-2024,19:37:50,343.53
O00016484,U007702,18-11-2024,09:55:21,343.39
O00010788,U005633,09-09-2025,22:10:29,343.28
O00007139,U009280,10-07-2025,14:31:28,343.21
O00008914,U009334,22-07-2024,03:52:59,343.21
O00008094,U001750,30-05-2025,13:19:36,343.14
O00007154,U005526,26-02-2025,08:02:21,342.98
O00005660,U006890,09-11-2024,15:46:56,342.96
O00012572,U008059,09-09-2024,21:54:24,342.96
O00016568,U004779,08-03-2024,03:51:04,342.95
O00004747,U000612,19-04-2025,08:09:10,342.83
O00000819,U006319,14-03-2025,04:23:07,342.78
O00016321,U000379,22-09-2024,11:02:40,342.72
O00015668,U008083,09-09-2024,18:09:17,342.65
O00015753,U009940,16-07-2024,07:49:22,342.55
O00005909,U003675,18-08-2024,08:36:07,342.49
O00009793,U006076,05-06-2024,23:11:15,342.46
O00001320,U007681,01-01-2025,08:15:20,342.44
O00008337,U009589,21-07-2024,12:54:13,342.12
O00011273,U001286,30-01-2024,11:39:52,342.10
O00001568,U006769,20-03-2024,15:49:30,342.07
O00008556,U005721,01-09-2024,07:47:40,342.04
O00011086,U004903,03-06-2024,09:12:32,341.96
O00002510,U004912,29-10-2025,16:37:16,341.88
O00010882,U003229,15-05-2025,10:52:01,341.82
O00016447,U003851,21-04-2025,04:29:34,341.80
O00002294,U009637,05-12-2024,02:32:24,341.64
O00016544,U000716,14-04-2025,01:04:46,341.61
O00017146,U006149,13-01-2025,01:26:51,341.57
O00015911,U007849,30-12-2024,18:18:22,341.49
O00015785,U001728,28-05-2024,18:52:33,341.45
O00013109,U001561,01-10-2024,08:28:00,341.30
O00014265,U008456,05-08-2025,03:42:17,341.06
O00013407,U008587,08-09-2025,23:07:04,341.05
O00017238,U008029,23-08-2025,16:35:31,341.04
O00017061,U005111,11-10-2024,01:14:21,341.01
O00015787,U009141,07-04-2024,22:27:14,340.86
O00006168,U005440,30-06-2025,18:33:24,340.71
O00011256,U009676,08-11-2025,10:52:08,340.60
O00012828,U000749,16-02-2024,04:11:36,340.58
O00019844,U003181,31-03-2025,10:56:43,340.52
O00003894,U001160,15-07-2025,06:48:24,340.50
O00017317,U003998,04-06-2025,17:18:50,340.50
O00003853,U000420,01-07-2025,17:21:22,340.47
O00009794,U005523,08-09-2025,04:42:35,340.33
O00016961,U003871,03-11-2024,06:26:50,340.12
O00018238,U002346,04-07-2025,00:46:04,340.09
O00003763,U000576,24-06-2025,23:22:54,339.93
O00000492,U003775,15-02-2024,08:01:18,339.91
O00018128,U001125,01-11-2024,00:41:37,339.85
O00001247,U001287,22-10-2025,06:20:40,339.71
O00013887,U003867,30-05-2024,18:01:54,339.58
O00006733,U003780,11-07-2025,10:54:57,339.57
O00008395,U007778,08-03-2025,14:02:11,339.49
O00007429,U007730,12-06-2025,23:34:17,339.43
O00010360,U005136,26-04-2025,21:00:49,339.43
O00004883,U000878,22-11-2024,13:44:15,339.42
O00007448,U005433,12-01-2025,15:19:46,339.42
O00000891,U003517,07-01-2025,16:52:10,339.40
O00009704,U001256,15-08-2025,07:01:50,339.40
O00013004,U001385,07-01-2024,07:51:53,339.38
O00017357,U005101,20-03-2024,23:22:41,339.09
O00004365,U002490,22-01-2024,15:59:18,339.06
O00010557,U000525,28-07-2024,22:17:09,339.00
O00004968,U004015,24-06-2025,13:23:04,338.86
O00014690,U002374,08-02-2024,14:44:34,338.68
O00011949,U001465,27-04-2024,19:40:13,338.67
O00004177,U003755,30-04-2024,23:18:57,338.57
O00000369,U003898,28-09-2025,10:36:06,338.49
O00009288,U007226,15-07-2025,07:33:13,338.49
O00017671,U003468,29-03-2025,02:26:04,338.39
O00010218,U007448,22-07-2025,14:47:03,338.25
O00004919,U000834,13-09-2024,11:13:53,338.23
O00013956,U000227,23-09-2025,09:12:49,338.22
O00000406,U005631,22-02-2024,16:49:14,338.15
O00002437,U005300,25-04-2024,03:34:58,338.09
O00011639,U000196,22-02-2025,20:13:31,338.00
O00008466,U003959,18-06-2025,18:54:58,337.80
O00005483,U003844,20-06-2025,05:50:18,337.60
O00003041,U006830,25-12-2024,02:13:07,337.47
O00018980,U003079,20-04-2025,11:43:14,337.44
O00006516,U004221,31-05-2024,06:50:21,337.39
O00005852,U003934,01-08-2024,03:49:20,337.38
O00002691,U009555,20-01-2025,10:29:37,337.27
O00002138,U002919,11-11-2024,12:23:44,337.06
O00002491,U003196,18-07-2025,00:51:34,337.06
O00014846,U008359,09-04-2024,10:28:45,337.06
O00019352,U008674,18-09-2025,17:10:46,337.06
O00012837,U003534,04-04-2025,15:22:07,336.88
O00003044,U001239,15-09-2024,08:29:44,336.84
O00011324,U000301,12-04-2025,09:29:49,336.66
O00017740,U007889,13-02-2025,22:26:27,336.64
O00001896,U007672,12-04-2024,15:07:39,336.50
O00002716,U004648,05-04-2025,06:13:05,336.50
O00006068,U002529,16-03-2024,09:31:31,336.50
O00002784,U001588,26-03-2024,03:46:00,336.44
O00017968,U003391,17-09-2025,18:45:51,336.41
O00019046,U007723,02-05-2025,08:37:05,336.39
O00009412,U006906,10-01-2024,05:12:39,336.36
O00018700,U002915,22-12-2024,08:10:06,336.32
O00012047,U001297,17-09-2024,06:42:36,336.30
O00001729,U004767,18-11-2024,13:27:26,336.10
O00003448,U008234,26-07-2025,07:59:19,336.06
O00005655,U006672,16-06-2025,16:54:11,336.06
O00019415,U000957,07-10-2024,12:01:31,335.97
O00003096,U003239,18-08-2024,14:30:29,335.61
O00004510,U001018,14-02-2025,23:42:37,335.61
O00012916,U002188,27-03-2025,03:56:11,335.61
O00005181,U003708,17-02-2024,23:01:37,335.60
O00004172,U008991,22-11-2024,02:53:18,335.58
O00017387,U001196,24-08-2024,19:20:59,335.52
O00013149,U008011,19-09-2024,22:20:22,335.44
O00017785,U008590,13-01-2025,00:16:42,335.33
O00019024,U007906,09-06-2024,06:12:56,335.31
O00007417,U009941,11-05-2025,06:49:37,335.30
O00019478,U003950,09-09-2025,09:25:03,335.15
O00018707,U004307,06-09-2025,07:47:14,335.10
O00013207,U008098,10-09-2025,09:51:05,335.00
O00014895,U005092,07-05-2024,18:44:35,334.98
O00000555,U008758,09-05-2025,12:08:46,334.94
O00010472,U004682,02-11-2025,19:26:55,334.90
O00019800,U007229,02-07-2024,16:45:21,334.88
O00017974,U006367,03-02-2025,21:08:40,334.80
O00010318,U000666,07-03-2024,15:08:00,334.79
O00013372,U009629,27-03-2025,09:17:11,334.52
O00001482,U009627,13-10-2025,06:30:21,334.45
O00001207,U009059,28-04-2025,12:56:45,334.38
O00011037,U009680,22-06-2024,23:04:05,334.37
O00008684,U001327,25-10-2024,01:03:21,334.34
O00008666,U006478,04-10-2025,07:32:07,334.32
O00010094,U001443,09-02-2024,07:21:34,334.25
O00000028,U007489,09-01-2024,07:28:11,334.14
O00008986,U006115,03-08-2025,18:46:52,334.11
O00015135,U002426,15-10-2024,20:02:27,334.11
O00017463,U000312,08-12-2024,17:17:07,333.89
O00001551,U002012,30-01-2024,15:33:35,333.88
O00012299,U000737,09-02-2024,19:32:28,333.86
O00016569,U004769,16-03-2025,11:41:11,333.78
O00008036,U007431,04-10-2024,12:18:06,333.72
O00009343,U003265,01-02-2024,15:05:25,333.72
O00003455,U000508,16-08-2025,21:11:10,333.66
O00012018,U002052,06-07-2024,12:15:02,333.66
O00015152,U002141,07-03-2025,12:36:09,333.62
O00018210,U000160,17-05-2024,23:02:38,333.49
O00017085,U005711,01-08-2025,00:51:59,333.32
O00000190,U007885,28-04-2024,11:06:25,333.28
O00002531,U008372,08-01-2024,18:38:56,333.28
O00002764,U004449,05-09-2024,15:14:57,333.28
O00011076,U006405,17-05-2024,21:15:26,333.23
O00001943,U007019,14-05-2024,00:08:13,333.20
O00014673,U007617,05-03-2025,04:09:59,332.98
O00000617,U000411,27-11-2024,08:31:51,332.94
O00004041,U002752,01-05-2024,00:33:46,332.94
O00014260,U005937,29-04-2024,00:11:12,332.78
O00005638,U004602,25-03-2025,16:12:37,332.74
O00007744,U008095,25-06-2024,21:43:54,332.74
O00001238,U004728,26-05-2024,02:13:48,332.73
O00009299,U000744,19-06-2025,20:44:50,332.69
O00014105,U000332,19-09-2024,12:03:56,332.69
O00018832,U006142,09-03-2024,15:57:53,332.67
O00009685,U000492,23-01-2025,14:39:47,332.65
O00001373,U003221,18-01-2025,16:10:02,332.57
O00001776,U006408,30-07-2024,15:16:22,332.56
O00016755,U003461,11-01-2025,03:31:28,332.35
O00013494,U001102,28-02-2024,15:27:57,332.33
O00002552,U008752,08-05-2024,19:57:15,332.16
O00006508,U001120,02-11-2025,09:53:41,332.16
O00007092,U000448,25-04-2025,02:21:50,332.16
O00011064,U002044,31-03-2024,21:03:58,332.16
O00018490,U000159,12-02-2025,02:58:28,332.14
O00014709,U008730,10-04-2024,02:39:19,332.08
O00005492,U004903,29-10-2025,14:18:05,332.04
O00015764,U003674,10-06-2024,01:45:10,332.02
O00001707,U001579,13-08-2025,12:27:37,331.98
O00002647,U008149,07-02-2025,11:38:30,331.98
O00003051,U002757,04-07-2024,11:22:39,331.98
O00003916,U000366,25-10-2025,05:43:04,331.98
O00012617,U002255,06-06-2024,02:23:19,331.98
O00002876,U001438,16-03-2024,21:56:40,331.83
O00008712,U003881,23-08-2024,09:49:52,331.66
O00003301,U001119,14-07-2025,23:04:59,331.63
O00012917,U003258,28-01-2025,01:23:14,331.52
O00003803,U004731,24-11-2024,14:18:02,331.51
O00006111,U002311,01-06-2025,13:29:59,331.27
O00005282,U002638,01-11-2024,02:17:08,331.26
O00012041,U001304,07-07-2025,14:10:36,331.18
O00019184,U004598,26-09-2024,02:22:19,331.12
O00019636,U009780,16-12-2024,11:51:49,331.01
O00010252,U007653,19-08-2024,14:02:29,330.96
O00018380,U006744,09-12-2024,12:11:44,330.93
O00011187,U004324,12-03-2025,06:20:40,330.83
O00018255,U004501,22-09-2025,03:27:12,330.80
O00019874,U001187,29-07-2024,11:14:10,330.72
O00019153,U009168,05-02-2025,21:57:13,330.36
O00017132,U002703,05-04-2025,07:00:44,330.32
O00003917,U005940,08-06-2025,03:49:18,330.22
O00005400,U004475,08-02-2025,12:54:44,330.15
O00012051,U002321,21-07-2025,11:51:08,330.06
O00013481,U009867,16-02-2024,07:01:42,330.06
O00015941,U000975,26-02-2024,06:54:23,330.06
O00013548,U004720,30-04-2024,01:07:58,330.05
O00007503,U000631,29-05-2025,04:29:18,330.02
O00005570,U007675,11-05-2024,09:33:04,329.95
O00000868,U005553,27-06-2024,16:18:01,329.79
O00012984,U006457,14-02-2024,22:01:26,329.78
O00004790,U000465,13-11-2024,22:20:16,329.76
O00017616,U004525,09-11-2024,07:08:25,329.75
O00007083,U006539,11-09-2025,01:21:40,329.73
O00019065,U006541,21-09-2024,16:22:17,329.66
O00002991,U005517,05-01-2025,08:59:21,329.61
O00002314,U009414,28-08-2024,07:08:30,329.46
O00006705,U003782,12-04-2024,22:45:24,329.44
O00016114,U008006,08-08-2025,21:36:39,329.40
O00017481,U002869,10-03-2025,07:07:58,329.39
O00016548,U004668,04-11-2025,12:24:07,329.38
O00010828,U002770,14-02-2025,13:37:06,329.24
O00002090,U002436,25-08-2025,05:25:08,329.22
O00018639,U001679,14-02-2025,00:53:05,329.17
O00000706,U001866,21-02-2024,02:34:17,329.14
O00016609,U004345,16-05-2025,12:03:28,329.14
O00017994,U005443,10-08-2025,11:59:37,329.14
O00018729,U006276,06-10-2024,19:47:54,329.14
O00019789,U002602,09-03-2024,21:13:48,329.10
O00017136,U002115,20-01-2025,06:42:27,329.00
O00011833,U009899,09-06-2025,21:25:56,328.84
O00004400,U009030,08-02-2024,20:32:23,328.80
O00006249,U008392,18-08-2025,13:17:03,328.76
O00015715,U007909,17-10-2024,08:39:55,328.76
O00016461,U006133,10-08-2024,01:55:31,328.70
O00014811,U006574,01-03-2025,05:01:41,328.61
O00017420,U003004,04-08-2024,19:56:13,328.57
O00007182,U007054,18-11-2024,06:05:21,328.56
O00001044,U001216,07-12-2024,04:51:11,328.55
O00015302,U007704,31-08-2025,03:07:14,328.31
O00005562,U009673,13-06-2025,20:59:18,328.29
O00017790,U002105,23-07-2025,01:10:57,328.19
O00016187,U007637,29-12-2024,06:42:09,328.11
O00015732,U007578,20-10-2025,12:18:41,328.04
O00014432,U006028,16-09-2025,17:07:00,328.00
O00000136,U001440,08-04-2025,05:33:39,327.99
O00003971,U005876,07-08-2025,09:19:13,327.99
O00014031,U003395,01-04-2025,11:15:13,327.97
O00002186,U000993,26-02-2024,08:33:38,327.86
O00005297,U005257,06-07-2025,18:34:36,327.86
O00013106,U008696,05-12-2024,07:11:48,327.86
O00006828,U005569,12-02-2025,18:27:38,327.82
O00010575,U003728,27-08-2025,12:39:13,327.79
O00013736,U003442,12-09-2024,21:27:21,327.72
O00003270,U000631,15-06-2025,10:07:46,327.68
O00005044,U008670,29-03-2024,07:00:51,327.68
O00007458,U003078,08-05-2025,09:31:24,327.68
O00015705,U004424,29-04-2024,18:25:26,327.68
O00017010,U008004,27-10-2024,02:52:49,327.68
O00009528,U009655,03-10-2025,04:00:33,327.61
O00007511,U000795,03-02-2025,14:10:01,327.22
O00000917,U000036,27-02-2025,14:31:47,327.19
O00007599,U008511,02-07-2024,08:51:58,327.15
O00018208,U004695,01-04-2024,16:50:51,327.15
O00015410,U001561,25-02-2025,03:45:54,327.12
O00014233,U002885,17-10-2025,16:34:05,327.03
O00009800,U006015,04-10-2024,05:40:30,326.97
O00000792,U001228,10-01-2025,07:15:02,326.90
O00006512,U007558,19-05-2025,06:51:52,326.90
O00000487,U003145,07-11-2024,07:18:42,326.89
O00015521,U007587,08-08-2025,18:35:02,326.86
O00015703,U002049,19-11-2024,21:20:21,326.80
O00008962,U004790,22-04-2024,16:50:42,326.78
O00019484,U009903,31-03-2024,23:57:32,326.75
O00011319,U003458,05-03-2025,00:44:36,326.57
O00017750,U004901,18-01-2025,05:57:13,326.55
O00005652,U003340,10-10-2025,22:06:37,326.49
O00007359,U005808,10-07-2024,17:56:52,326.46
O00018111,U003664,30-12-2024,23:20:50,326.40
O00006400,U006672,05-01-2024,15:32:55,326.38
O00008498,U009336,04-03-2024,15:58:32,326.38
O00014735,U007534,05-10-2025,08:27:41,326.27
O00001142,U006656,14-03-2025,08:44:13,326.16
O00010264,U003984,09-01-2025,21:17:54,326.16
O00010417,U004840,14-03-2024,16:02:23,326.15
O00015658,U006222,24-07-2025,10:13:40,326.09
O00003855,U009682,25-05-2024,17:31:33,326.01
O00008228,U005105,04-07-2024,07:11:53,326.01
O00011473,U008596,26-06-2024,00:15:17,326.01
O00015955,U009792,07-05-2025,06:32:49,326.01
O00018476,U008534,24-09-2025,06:46:12,326.01
O00003776,U006830,13-08-2025,20:37:34,326.00
O00011283,U001242,08-08-2024,20:43:12,325.91
O00019694,U002315,05-01-2025,19:30:10,325.90
O00010541,U009630,02-03-2024,09:23:10,325.82
O00010780,U007885,19-10-2025,02:46:18,325.81
O00014577,U002391,11-09-2024,11:58:23,325.74
O00015890,U006439,04-10-2025,11:20:19,325.61
O00001842,U001451,02-01-2024,06:02:27,325.32
O00017058,U003074,10-03-2025,20:00:38,325.10
O00015881,U007953,29-07-2025,18:21:32,324.98
O00016225,U008655,29-01-2024,03:08:59,324.97
O00005637,U000090,01-06-2024,08:00:36,324.95
O00011557,U002685,11-05-2025,20:59:12,324.95
O00000550,U000890,31-05-2024,20:13:31,324.82
O00019005,U009708,12-08-2024,08:12:15,324.72
O00000151,U006960,27-01-2025,10:09:37,324.71
O00007684,U009871,10-04-2024,10:25:30,324.66
O00010732,U001022,10-04-2024,11:29:29,324.65
O00015308,U003572,31-03-2024,11:46:18,324.64
O00016260,U005509,03-05-2025,16:33:04,324.60
O00010916,U000458,13-03-2024,13:59:37,324.57
O00003707,U000594,10-01-2025,14:52:10,324.31
O00000797,U009678,28-02-2025,06:19:59,324.30
O00002268,U003960,24-08-2025,18:53:14,324.27
O00001541,U002960,08-12-2024,23:58:58,324.15
O00001179,U001102,23-11-2024,01:38:20,323.94
O00019211,U008354,27-10-2024,23:24:34,323.92
O00003730,U009659,30-06-2024,07:15:50,323.73
O00004366,U007368,18-12-2024,23:09:58,323.61
O00011685,U000081,24-07-2024,19:57:21,323.55
O00014059,U001973,26-10-2025,05:42:31,323.41
O00008800,U009336,10-06-2024,12:37:20,323.25
O00001332,U000073,23-09-2025,02:59:51,323.24
O00018774,U002032,26-06-2024,16:23:39,323.23
O00000386,U001294,02-05-2024,23:16:05,323.14
O00010961,U009094,29-05-2024,03:47:44,323.14
O00015553,U000127,22-09-2025,13:03:00,323.14
O00003976,U002428,07-01-2025,06:46:19,323.06
O00009154,U003855,05-06-2025,02:36:47,323.01
O00012109,U001784,03-04-2025,04:34:14,323.01
O00005388,U004358,03-09-2025,09:18:22,322.88
O00003906,U004206,06-05-2024,20:41:03,322.85
O00001010,U006313,07-05-2024,22:36:52,322.77
O00016917,U009372,19-02-2025,04:32:10,322.77
O00019864,U003902,16-09-2025,15:58:36,322.77
O00001189,U002455,31-05-2024,13:26:07,322.70
O00009798,U005615,19-07-2025,01:28:42,322.66
O00006931,U006606,04-06-2024,12:28:43,322.58
O00009663,U001646,02-12-2024,03:36:30,322.58
O00000973,U004530,05-05-2024,09:54:18,322.38
O00016186,U009337,29-09-2024,16:40:14,322.32
O00016320,U008786,20-11-2024,03:53:04,322.32
O00000733,U002635,23-12-2024,20:29:11,322.30
O00016891,U001189,29-05-2024,22:41:20,322.17
O00017610,U009232,09-01-2024,08:26:20,322.17
O00006071,U003792,25-03-2024,08:26:06,322.12
O00017897,U006265,15-01-2024,06:28:56,322.10
O00003904,U007650,21-06-2024,18:53:44,322.08
O00002156,U003485,30-03-2025,09:25:11,321.95
O00007275,U000107,04-01-2024,05:49:21,321.94
O00010480,U004292,31-12-2024,10:48:32,321.93
O00013005,U004059,11-08-2025,22:48:42,321.92
O00000127,U007738,20-07-2024,12:02:33,321.85
O00014228,U006514,19-05-2024,09:03:12,321.58
O00003247,U007019,19-03-2025,06:29:33,321.48
O00019265,U008337,06-04-2024,23:54:25,321.48
O00005824,U000217,19-05-2024,13:56:39,321.20
O00012374,U001774,12-05-2025,22:42:36,321.00
O00011077,U009162,20-08-2025,13:05:12,320.95
O00011795,U005177,26-10-2024,19:49:10,320.95
O00010737,U007056,27-07-2024,23:17:52,320.90
O00011074,U009192,16-10-2025,18:25:14,320.77
O00015022,U008943,12-04-2024,16:13:40,320.73
O00016820,U001719,29-06-2025,08:51:03,320.67
O00007987,U007761,11-03-2024,12:28:27,320.65
O00017491,U006921,11-03-2024,03:57:13,320.65
O00019064,U006176,07-10-2025,10:08:09,320.50
O00015014,U007246,13-09-2025,13:22:42,320.46
O00014287,U008613,09-02-2025,22:02:26,320.43
O00017283,U002232,22-05-2024,12:56:05,320.41
O00018519,U003359,19-02-2025,18:49:14,320.41
O00006491,U000605,24-04-2025,01:42:25,320.40
O00001939,U006519,07-09-2024,01:37:58,320.23
O00007675,U008709,02-04-2025,13:11:59,320.20
O00002824,U006185,30-11-2024,18:56:38,320.13
O00013135,U002980,11-04-2024,21:54:06,320.13
O00000250,U004102,11-07-2025,05:17:39,320.01
O00001467,U005779,18-09-2025,23:46:16,320.01
O00004955,U008571,06-06-2024,04:28:19,319.99
O00009221,U005800,02-06-2025,07:36:42,319.97
O00008657,U002371,07-10-2024,23:37:50,319.76
O00015108,U002859,17-08-2024,19:25:19,319.76
O00007658,U006854,02-04-2025,18:25:05,319.75
O00004037,U007402,06-07-2025,10:11:45,319.56
O00018719,U002065,07-04-2025,23:23:26,319.50
O00005384,U000289,12-08-2024,11:39:55,319.47
O00011475,U007991,25-02-2025,15:07:56,319.47
O00015270,U008137,13-08-2024,11:02:26,319.47
O00003481,U004989,02-02-2025,00:24:46,319.44
O00005411,U006075,11-04-2025,20:58:30,319.44
O00005742,U005268,20-08-2024,05:31:40,319.25
O00002613,U007497,18-12-2024,16:43:49,319.15
O00009567,U007095,02-12-2024,07:45:35,319.15
O00019634,U003502,04-12-2024,05:50:40,319.15
O00014417,U003793,29-08-2024,09:26:05,319.11
O00017524,U003555,02-02-2024,07:52:53,318.95
O00012595,U006018,23-06-2024,02:25:06,318.86
O00001616,U009459,10-03-2024,18:35:06,318.64
O00004758,U008409,03-03-2024,03:42:53,318.64
O00008411,U006085,08-12-2024,19:37:42,318.64
O00002412,U006575,24-10-2024,09:17:05,318.63
O00006065,U007831,13-10-2024,15:44:34,318.63
O00009598,U009587,31-03-2025,14:57:44,318.63
O00013415,U007039,09-06-2025,17:47:17,318.60
O00012062,U003007,11-10-2024,09:18:13,318.58
O00004852,U002417,28-12-2024,08:58:06,318.54
O00001505,U005353,28-06-2025,22:41:04,318.51
O00005634,U009738,09-05-2024,03:37:43,318.51
O00008014,U007713,02-09-2024,22:48:09,318.51
O00012891,U008471,14-07-2024,09:32:45,318.51
O00001945,U001334,23-09-2025,22:46:33,318.28
O00007478,U002958,16-05-2025,11:26:47,318.28
O00008338,U006497,05-07-2025,12:32:41,318.28
O00015492,U005713,24-06-2024,04:28:15,318.25
O00004562,U002985,17-08-2024,19:19:39,318.23
O00005689,U005960,27-08-2025,06:28:49,318.23
O00013472,U000955,17-08-2025,14:52:33,318.23
O00016025,U008388,22-09-2025,00:40:23,318.23
O00014875,U006318,23-01-2024,10:22:26,318.20
O00004961,U005155,04-06-2024,04:15:46,318.14
O00010667,U005060,14-04-2025,21:25:05,318.01
O00006344,U008669,06-09-2025,22:30:39,317.84
O00004800,U003316,20-09-2025,03:47:59,317.82
O00009727,U007449,18-06-2024,19:48:56,317.71
O00012688,U009271,09-02-2025,15:37:05,317.61
O00015016,U007838,16-08-2024,17:11:11,317.50
O00007414,U003008,20-03-2024,04:41:39,317.38
O00007653,U004045,01-08-2025,09:35:04,317.34
O00019853,U008644,14-12-2024,14:10:38,317.34
O00018280,U004511,12-03-2025,10:06:45,317.30
O00007022,U006637,17-10-2025,09:02:50,317.27
O00012546,U003391,01-02-2025,12:12:39,317.25
O00011972,U007822,02-10-2024,12:44:09,317.21
O00014208,U000369,18-01-2024,00:15:53,317.15
O00002829,U005659,30-07-2025,10:46:39,317.10
O00014396,U009856,11-07-2024,02:23:15,316.85
O00018231,U008057,11-04-2025,11:24:16,316.82
O00013027,U005032,01-07-2025,10:20:48,316.62
O00011891,U002090,15-08-2025,03:20:35,316.57
O00013115,U007982,17-07-2024,04:09:43,316.56
O00007840,U006165,03-08-2025,22:33:42,316.52
O00007343,U008588,14-10-2025,18:38:06,316.47
O00014920,U009857,24-07-2025,04:54:44,316.44
O00000642,U008724,27-04-2025,20:47:56,316.38
O00018496,U004626,08-07-2024,22:58:16,316.19
O00008462,U002482,07-07-2025,05:17:26,316.15
O00007711,U006950,24-09-2024,07:49:00,316.12
O00007306,U003213,19-08-2024,13:06:29,316.11
O00009636,U008927,07-11-2025,04:09:57,316.08
O00013024,U007855,24-04-2025,05:17:08,316.08
O00012746,U002748,20-04-2025,00:02:24,316.06
O00011947,U009235,31-03-2025,21:04:02,316.05
O00006697,U001798,19-11-2024,11:08:38,316.00
O00010592,U006087,12-03-2025,07:19:14,315.95
O00010134,U003862,20-02-2025,13:47:03,315.86
O00012338,U007171,10-01-2024,02:10:53,315.85
O00007932,U000524,28-10-2025,23:21:35,315.81
O00019290,U000458,21-11-2024,13:11:37,315.81
O00017088,U005793,28-03-2024,16:57:58,315.78
O00012022,U001686,15-02-2024,01:53:56,315.73
O00014975,U007073,31-08-2024,05:42:29,315.64
O00011334,U005076,07-01-2024,15:18:56,315.61
O00003659,U006315,18-05-2025,08:35:59,315.58
O00017963,U002209,16-02-2024,11:40:24,315.58
O00013805,U000411,15-03-2024,03:47:14,315.57
O00004109,U005308,18-06-2024,07:04:56,315.54
O00011288,U008743,27-08-2025,04:10:39,315.45
O00001571,U000260,24-04-2024,18:02:07,315.42
O00018648,U001492,16-07-2024,04:11:45,315.34
O00009648,U003831,24-04-2025,17:38:24,315.23
O00012578,U004509,12-08-2025,04:46:02,315.22
O00016600,U000157,20-04-2024,09:41:41,315.19
O00016007,U004375,22-01-2024,21:43:59,315.07
O00005347,U007562,04-02-2025,13:09:15,315.02
O00005743,U002012,25-06-2025,09:00:37,315.02
O00007544,U007194,30-04-2025,20:58:54,315.02
O00007657,U003294,09-07-2025,13:10:47,314.99
O00000440,U005805,10-12-2024,17:26:13,314.97
O00004102,U006629,30-05-2025,09:14:58,314.95
O00006211,U008582,12-01-2025,22:30:02,314.95
O00011395,U003505,17-02-2025,00:51:35,314.95
O00007502,U001388,30-05-2024,23:04:29,314.80
O00013065,U001530,08-07-2024,15:04:29,314.74
O00017594,U006687,26-05-2024,19:09:15,314.64
O00019422,U004918,22-10-2024,03:08:58,314.64
O00012351,U008189,31-07-2025,22:22:19,314.62
O00001342,U002843,06-05-2025,07:23:45,314.58
O00015976,U006833,02-06-2024,12:19:35,314.58
O00003165,U003889,15-03-2025,05:28:36,314.54
O00006503,U003395,03-11-2024,18:28:22,314.51
O00012004,U002028,26-05-2025,17:12:12,314.46
O00017274,U006048,23-12-2024,18:42:11,314.27
O00002975,U009896,23-08-2025,19:50:25,314.22
O00018138,U002977,30-08-2025,11:06:25,314.22
O00007452,U009176,06-01-2024,02:42:32,314.14
O00002016,U000713,13-06-2024,14:07:47,314.10
O00005007,U003284,21-01-2025,05:19:06,314.04
O00005526,U001236,06-05-2024,05:01:06,313.99
O00005303,U001303,11-02-2024,22:44:31,313.96
O00003244,U006513,09-08-2024,11:46:21,313.89
O00004196,U008712,19-02-2024,17:04:26,313.89
O00005343,U007372,26-04-2025,03:42:55,313.89
O00007328,U006572,23-08-2025,04:08:57,313.89
O00019985,U000489,01-02-2025,11:14:41,313.89
O00012647,U006138,07-07-2024,12:34:35,313.84
O00011877,U008722,29-06-2025,18:31:08,313.83
O00016304,U008214,26-05-2025,21:22:00,313.83
O00015197,U002867,12-04-2024,15:27:13,313.75
O00003804,U001740,31-05-2024,04:46:42,313.72
O00019633,U009871,29-08-2024,23:49:13,313.66
O00000313,U001204,04-07-2024,06:55:06,313.65
O00016616,U000203,03-02-2025,21:12:04,313.64
O00009577,U006781,15-06-2025,16:42:07,313.56
O00001196,U002238,13-01-2024,04:05:00,313.53
O00001524,U004936,27-11-2024,07:54:06,313.41
O00011241,U003122,22-02-2024,11:27:37,313.38
O00001859,U002131,07-12-2024,19:42:02,313.17
O00012429,U002987,22-10-2024,06:20:54,313.12
O00003053,U008898,22-11-2024,06:10:06,313.10
O00016842,U001582,29-05-2025,18:22:30,313.09
O00001057,U003550,30-08-2025,18:51:19,313.02
O00003537,U003270,11-12-2024,11:33:10,312.87
O00019598,U001432,09-11-2024,15:52:06,312.86
O00001126,U004908,08-05-2025,14:14:00,312.79
O00008679,U001847,05-10-2025,11:40:03,312.76
O00000101,U009367,02-08-2024,03:02:38,312.65
O00007166,U002481,28-12-2024,01:27:35,312.63
O00006120,U008328,17-10-2025,00:41:22,312.62
O00009199,U008697,07-08-2024,14:51:05,312.62
O00010994,U007293,10-11-2024,10:24:04,312.62
O00012775,U008347,13-03-2025,01:48:44,312.58
O00019496,U005162,02-09-2025,00:48:08,312.58
O00010739,U007145,07-03-2024,11:08:30,312.52
O00018746,U008763,03-01-2024,01:32:30,312.52
O00019370,U004631,07-06-2024,17:18:42,312.52
O00004778,U002961,30-07-2025,18:01:57,312.49
O00001344,U004123,30-03-2024,14:03:35,312.40
O00019416,U006237,22-05-2025,16:35:13,312.28
O00002440,U000621,23-06-2024,04:52:46,312.27
O00017530,U008159,31-05-2025,10:47:01,312.12
O00004044,U003464,11-11-2024,14:44:18,312.02
O00002912,U000854,11-01-2024,01:36:25,311.96
O00004036,U007493,30-01-2025,12:03:53,311.96
O00010679,U001363,29-09-2025,18:30:23,311.96
O00003200,U005408,26-07-2024,08:52:41,311.83
O00006563,U002294,10-03-2025,17:09:14,311.60
O00014129,U009725,11-03-2025,08:13:50,311.52
O00017592,U002997,25-11-2024,11:43:50,311.52
O00010384,U003576,07-06-2024,23:55:40,311.49
O00018488,U006827,28-04-2025,14:45:05,311.41
O00009804,U001050,10-06-2025,21:12:03,311.40
O00010255,U006064,11-07-2024,05:49:35,311.35
O00009194,U006602,05-03-2025,12:48:00,311.33
O00003884,U007777,05-02-2025,02:34:11,311.32
O00000810,U000536,26-04-2024,19:10:47,311.21
O00015403,U002269,30-01-2025,05:04:03,311.12
O00018843,U007969,10-10-2024,02:38:52,311.12
O00005582,U004277,26-08-2024,14:53:17,311.11
O00017054,U004377,23-01-2024,22:31:16,311.11
O00007249,U003607,30-09-2024,01:37:46,311.07
O00007813,U002944,27-12-2024,15:24:01,311.05
O00018278,U005155,07-11-2025,09:34:25,311.01
O00018542,U000998,05-09-2025,18:59:41,311.01
O00018749,U002842,04-09-2024,02:01:11,311.01
O00016180,U006454,10-01-2024,21:18:25,310.80
O00005510,U004596,30-06-2024,16:37:40,310.65
O00008493,U005206,24-03-2024,17:03:31,310.52
O00012922,U007717,25-04-2025,09:10:15,310.40
O00009255,U000638,07-10-2025,03:11:16,310.33
O00002869,U006527,19-11-2024,07:01:32,310.13
O00010145,U002434,17-07-2024,09:22:53,310.09
O00015297,U003973,14-08-2025,19:15:33,310.08
O00009730,U008181,06-01-2025,00:07:55,310.05
O00012599,U004323,29-05-2025,09:51:07,309.95
O00008497,U003790,12-07-2025,09:00:44,309.92
O00002521,U005602,19-06-2024,07:15:29,309.73
O00018332,U001988,28-03-2025,19:49:26,309.63
O00002336,U007418,03-05-2025,08:45:41,309.57
O00011440,U006369,07-01-2025,12:56:32,309.41
O00015255,U007435,15-05-2024,13:24:08,309.36
O00005052,U000204,10-05-2025,09:30:01,309.34
O00013299,U002686,23-11-2024,15:38:37,309.34
O00000624,U003404,16-08-2024,08:12:40,309.24
O00017693,U004454,02-07-2025,07:36:51,309.17
O00018772,U001419,10-05-2025,07:27:44,309.12
O00010841,U007892,22-09-2025,01:41:22,309.11
O00014448,U009942,14-01-2025,13:37:54,309.08
O00011133,U005142,08-01-2024,00:09:39,308.97
O00006768,U005914,06-11-2025,08:51:48,308.92
O00001778,U005699,22-09-2024,07:14:54,308.88
O00008370,U002719,29-08-2025,19:17:42,308.65
O00001960,U001529,03-09-2025,04:38:07,308.56
O00016988,U007499,16-10-2025,18:31:09,308.53
O00010586,U000216,23-03-2024,00:51:24,308.42
O00000579,U002556,31-10-2025,07:36:35,308.41
O00005741,U002181,10-02-2025,20:09:26,308.36
O00016765,U006579,09-09-2024,17:14:42,308.25
O00001358,U008533,26-07-2025,10:46:55,308.14
O00004045,U000056,02-04-2024,22:23:56,307.97
O00015469,U009318,18-09-2024,22:00:42,307.90
O00004178,U008239,21-03-2024,08:12:01,307.85
O00004207,U000101,08-03-2025,07:28:32,307.82
O00017847,U001221,15-11-2024,14:02:26,307.81
O00011424,U004863,17-11-2024,19:46:25,307.79
O00001836,U008219,14-06-2024,00:14:03,307.59
O00005839,U001968,30-03-2024,09:12:17,307.54
O00007590,U001187,06-11-2024,17:14:59,307.54
O00015335,U005518,27-06-2024,12:39:56,307.54
O00015731,U002568,09-02-2024,15:05:35,307.54
O00011747,U003883,09-04-2025,05:06:11,307.53
O00011121,U002715,04-02-2024,17:05:58,307.44
O00008060,U008378,01-09-2024,00:20:31,307.42
O00011093,U002803,08-06-2024,21:40:47,307.36
O00009158,U008850,01-06-2024,22:26:05,307.35
O00003703,U008562,26-12-2024,04:09:05,307.27
O00007173,U003605,06-08-2024,02:59:05,307.27
O00009303,U003284,17-08-2025,06:22:35,307.27
O00012120,U004232,21-02-2024,03:50:41,307.27
O00016017,U004245,14-01-2024,17:39:29,307.27
O00018017,U003852,14-03-2025,05:25:42,307.22
O00000466,U001181,16-06-2025,06:30:28,307.18
O00011720,U004136,06-02-2025,10:10:12,307.06
O00010558,U002021,01-12-2024,14:14:03,307.04
O00001020,U009694,23-01-2024,18:10:17,306.95
O00005717,U007991,09-08-2024,12:18:42,306.88
O00007371,U008035,03-08-2024,07:59:46,306.78
O00000656,U002931,26-08-2025,13:37:31,306.66
O00007611,U003120,21-02-2025,04:23:11,306.58
O00001492,U009777,14-02-2025,11:56:10,306.55
O00019571,U005554,05-05-2024,00:30:12,306.44
O00004048,U009353,07-03-2024,22:45:28,306.43
O00007767,U004463,16-08-2025,15:00:40,306.39
O00012522,U008524,11-10-2024,08:38:38,306.12
O00017901,U006795,13-01-2025,00:11:24,306.10
O00001122,U006590,08-02-2024,05:22:38,305.99
O00010634,U003801,13-09-2025,15:08:32,305.96
O00013285,U001714,19-07-2024,10:16:46,305.86
O00016432,U006641,15-09-2025,11:06:13,305.77
O00009537,U000698,16-10-2025,22:40:49,305.73
O00003065,U007787,06-10-2025,14:40:17,305.47
O00008576,U006075,17-05-2025,23:52:22,305.45
O00003338,U007130,20-08-2025,02:54:01,305.42
O00006415,U001518,27-04-2025,09:22:59,305.42
O00010383,U001130,06-06-2024,12:29:18,305.42
O00009732,U000676,23-12-2024,21:02:47,305.38
O00014833,U003957,16-05-2024,05:28:15,305.31
O00001270,U009780,06-08-2025,08:48:57,305.26
O00019278,U008297,18-10-2024,11:24:35,305.16
O00000523,U000754,24-05-2025,16:40:44,305.12
O00003800,U008263,20-06-2025,14:55:45,305.00
O00004774,U001229,02-01-2025,04:36:22,305.00
O00012585,U007376,02-04-2024,13:01:03,305.00
O00013089,U004821,09-05-2025,02:21:09,305.00
O00016514,U001077,27-02-2025,07:20:04,305.00
O00005490,U005635,02-02-2024,07:54:19,304.87
O00014349,U008134,23-10-2024,10:05:26,304.87
O00008368,U009298,18-03-2024,13:56:21,304.83
O00013295,U000888,02-08-2024,02:54:51,304.79
O00002254,U007928,28-04-2025,15:23:50,304.76
O00010342,U009292,25-10-2024,00:36:39,304.74
O00001445,U001762,11-10-2025,12:55:35,304.73
O00007011,U004281,15-06-2024,09:48:07,304.72
O00007820,U001383,08-08-2024,16:32:20,304.71
O00016876,U007368,08-05-2025,03:26:14,304.66
O00003531,U008610,30-03-2024,00:56:08,304.56
O00012150,U002559,16-05-2025,11:26:09,304.42
O00004310,U007554,25-06-2025,18:51:05,304.33
O00008406,U004130,31-12-2024,01:11:35,304.33
O00012251,U006985,17-10-2025,22:30:52,304.30
O00014204,U005982,08-03-2025,17:20:30,304.12
O00001493,U002267,17-07-2024,14:39:57,304.09
O00000809,U004891,10-04-2024,08:40:56,304.08
O00011651,U005652,21-05-2025,18:50:42,304.08
O00017071,U005276,26-10-2024,18:11:44,304.04
O00019826,U001224,28-08-2025,00:00:59,304.01
O00001723,U000019,04-08-2025,10:06:23,303.73
O00003573,U006966,02-03-2024,05:24:36,303.68
O00003553,U004691,21-07-2024,05:47:34,303.31
O00011011,U006319,06-03-2024,07:15:58,303.21
O00003901,U003282,12-03-2024,14:56:54,303.15
O00012420,U009876,21-10-2024,13:12:31,303.15
O00017800,U001410,19-04-2024,02:06:06,303.15
O00004801,U004855,24-12-2024,07:11:17,303.00
O00009369,U008573,25-05-2025,00:01:42,302.87
O00018198,U006921,02-07-2025,20:29:57,302.87
O00017639,U007762,20-05-2025,02:48:59,302.82
O00016679,U005044,17-02-2024,22:23:48,302.77
O00003831,U008181,07-05-2025,13:45:53,302.71
O00000514,U007574,16-01-2025,07:34:47,302.68
O00003228,U002545,12-08-2024,05:39:16,302.45
O00001658,U002128,03-10-2025,10:36:02,302.37
O00016739,U005502,12-11-2024,07:41:45,302.37
O00006378,U009691,28-05-2024,10:55:12,302.35
O00006482,U008125,13-02-2025,20:50:18,302.31
O00017532,U005397,08-10-2024,03:28:42,302.22
O00002968,U008434,29-03-2024,10:58:18,302.09
O00006881,U002977,09-06-2025,16:37:49,302.07
O00014918,U000094,06-04-2024,17:40:34,302.06
O00012440,U002484,14-11-2025,17:38:33,302.05
O00013880,U004237,22-05-2025,12:01:35,302.04
O00008009,U003242,09-01-2025,21:52:36,302.01
O00017519,U006260,26-10-2025,14:17:41,302.01
O00004595,U008806,30-11-2024,21:37:29,301.98
O00005489,U000255,21-06-2025,10:43:10,301.93
O00005020,U004299,04-05-2025,14:24:23,301.89
O00014255,U008435,25-10-2025,07:32:56,301.85
O00019991,U002900,12-09-2024,10:14:57,301.84
O00005810,U004061,08-06-2024,13:58:54,301.63
O00018808,U004157,21-05-2024,16:01:27,301.44
O00001994,U002841,08-03-2024,21:10:47,301.42
O00004734,U002441,16-04-2024,09:25:29,301.40
O00010206,U001322,13-08-2024,04:19:12,301.40
O00004768,U003992,30-04-2024,07:27:46,301.33
O00008568,U005616,14-04-2024,21:51:52,301.22
O00012029,U005817,09-01-2025,17:40:23,301.21
O00015601,U001365,01-09-2025,02:19:44,301.11
O00019814,U009740,27-12-2024,06:28:28,301.08
O00003331,U004894,15-02-2024,06:33:55,301.06
O00011893,U005851,03-03-2024,09:53:52,301.02
O00011985,U000271,07-09-2024,00:37:51,300.90
O00016291,U006009,05-07-2024,06:20:49,300.90
O00003554,U002476,14-02-2025,15:11:24,300.84
O00015871,U004747,02-09-2025,08:59:24,300.84
O00005778,U001870,04-02-2025,07:34:10,300.82
O00008264,U005756,03-09-2025,18:45:27,300.80
O00011216,U008850,05-04-2024,22:06:09,300.80
O00005905,U002138,31-05-2025,11:37:56,300.75
O00017893,U008295,30-08-2024,00:33:55,300.69
O00018882,U000961,07-06-2025,22:11:04,300.67
O00007493,U000409,20-09-2024,05:09:19,300.66
O00005872,U006368,14-08-2024,02:32:26,300.60
O00000970,U006940,20-05-2025,20:23:55,300.44
O00015859,U000282,28-06-2024,02:30:02,300.29
O00002355,U006857,06-10-2025,21:13:02,300.24
O00003090,U000577,18-01-2024,21:40:24,300.24
O00004336,U001048,30-05-2024,14:40:28,300.24
O00017568,U008622,09-06-2025,20:37:29,300.24
O00001800,U002175,06-08-2025,01:54:13,300.07
O00007548,U008856,27-09-2024,23:36:49,300.07
O00013655,U004714,05-07-2025,00:55:22,300.03
O00006960,U003721,10-03-2024,02:47:31,299.93
O00005379,U009189,06-02-2025,23:27:30,299.88
O00004445,U002934,21-09-2024,18:09:18,299.80
O00007354,U007472,20-10-2024,23:49:29,299.80
O00007911,U007837,06-11-2024,01:57:58,299.80
O00018445,U008881,11-11-2024,02:44:03,299.80
O00005226,U006026,30-03-2024,20:00:13,299.66
O00006831,U007989,27-01-2024,07:23:04,299.66
O00010275,U006488,05-11-2024,22:46:12,299.66
O00011390,U002878,29-05-2025,23:12:51,299.66
O00016226,U000795,14-03-2025,09:23:44,299.66
O00015246,U006798,13-06-2024,11:41:20,299.62
O00006785,U008900,12-11-2025,14:15:24,299.58
O00011227,U005398,13-04-2025,06:33:59,299.45
O00010926,U006673,20-07-2025,22:43:40,299.44
O00015041,U007743,26-08-2025,23:51:56,299.37
O00002605,U004199,01-04-2025,08:48:02,299.27
O00017162,U002935,15-02-2025,03:08:24,299.27
O00001801,U005789,17-09-2025,08:32:20,299.14
O00006321,U007144,17-07-2024,07:54:02,299.09
O00005242,U004324,12-09-2025,01:46:25,298.92
O00019519,U001868,29-07-2024,00:44:25,298.83
O00014504,U002084,27-10-2024,14:52:55,298.53
O00017709,U000570,21-03-2024,08:27:49,298.52
O00006349,U005124,04-03-2025,09:45:41,298.50
O00005545,U001600,17-10-2024,10:08:16,298.25
O00003599,U009052,27-02-2024,19:02:35,298.16
O00001512,U003655,16-02-2024,01:57:16,298.12
O00019426,U007103,15-10-2024,16:49:19,298.10
O00017098,U007168,12-10-2024,03:50:01,297.97
O00007849,U007405,13-01-2025,03:30:44,297.95
O00007581,U001648,02-11-2024,23:25:08,297.79
O00009321,U009642,23-04-2024,04:31:26,297.78
O00009842,U002878,02-01-2024,18:49:55,297.78
O00013802,U002384,17-04-2025,20:28:26,297.78
O00018929,U006301,24-04-2025,20:01:52,297.78
O00015461,U004784,29-05-2024,10:29:31,297.76
O00013239,U003830,19-06-2025,18:42:44,297.74
O00019414,U005267,26-03-2024,13:50:22,297.74
O00019582,U008827,13-08-2024,03:31:41,297.74
O00009729,U005041,23-07-2025,12:32:37,297.56
O00011174,U009528,27-08-2024,08:54:36,297.56
O00005978,U004261,18-01-2024,08:41:35,297.51
O00003549,U003724,22-07-2025,19:13:09,297.50
O00009023,U009233,05-09-2025,16:34:39,297.50
O00010710,U003498,24-01-2024,11:32:23,297.50
O00002351,U000347,26-03-2024,22:31:07,297.48
O00000957,U004492,24-05-2024,01:32:30,297.47
O00004022,U005901,31-05-2024,18:52:09,297.47
O00004324,U009229,17-09-2025,16:46:09,297.47
O00004661,U003066,26-05-2024,18:12:29,297.47
O00014670,U008707,13-03-2024,11:44:12,297.47
O00013343,U002052,08-08-2025,22:47:46,297.32
O00018722,U002168,20-08-2024,11:47:27,297.32
O00003624,U005678,18-06-2025,07:28:36,297.31
O00013365,U001670,08-10-2024,08:15:20,297.30
O00006958,U007387,14-10-2024,18:22:46,297.27
O00009638,U001500,01-10-2025,18:10:40,297.23
O00016499,U007825,15-02-2024,13:38:55,297.23
O00001402,U005441,29-10-2024,18:22:28,297.11
O00019916,U006180,31-05-2025,02:46:34,297.11
O00008289,U007252,24-04-2024,13:18:42,297.10
O00018686,U009229,01-03-2024,14:14:42,297.05
O00001363,U003778,10-05-2025,00:50:12,296.99
O00007168,U000605,08-09-2024,06:06:05,296.83
O00005714,U001317,23-01-2024,20:15:44,296.79
O00001828,U001260,27-05-2025,16:22:16,296.76
O00005304,U006644,11-09-2025,23:58:44,296.74
O00011617,U000981,10-01-2024,02:25:01,296.68
O00006228,U001838,19-04-2024,07:34:03,296.64
O00002276,U005556,04-05-2025,22:48:24,296.51
O00008071,U006642,01-09-2024,15:07:29,296.45
O00003562,U000896,25-11-2024,00:02:33,296.43
O00018721,U002307,17-01-2024,07:03:30,296.42
O00006786,U005475,19-10-2024,02:03:47,296.40
O00003582,U006806,21-03-2025,08:37:53,296.36
O00007322,U003052,11-04-2025,21:07:36,296.23
O00006107,U007465,04-07-2024,21:21:10,296.20
O00004937,U003059,04-08-2025,06:25:45,296.17
O00008273,U009957,01-07-2024,17:25:52,296.15
O00015801,U002490,08-12-2024,09:40:15,296.14
O00015009,U001734,22-07-2024,09:00:09,296.13
O00012280,U008788,07-01-2025,05:21:07,296.11
O00005457,U008356,11-03-2024,02:42:12,295.93
O00017715,U005218,05-05-2024,18:48:21,295.88
O00004668,U005249,03-07-2024,08:15:45,295.86
O00002044,U001291,16-05-2024,18:20:27,295.84
O00015483,U008159,03-05-2024,03:47:43,295.84
O00015889,U008954,22-08-2024,22:36:46,295.84
O00006580,U007307,01-02-2024,04:11:26,295.81
O00019475,U001330,03-06-2025,04:17:08,295.79
O00014724,U009565,01-08-2025,01:19:17,295.78
O00006927,U006750,15-03-2024,01:07:06,295.71
O00011461,U002622,26-07-2024,16:10:46,295.71
O00013527,U002007,09-10-2024,19:53:58,295.66
O00017678,U002436,08-09-2024,00:25:45,295.65
O00018425,U003644,18-06-2025,17:48:36,295.61
O00012064,U003140,06-10-2025,23:30:22,295.59
O00019665,U005503,26-09-2025,03:10:04,295.59
O00019029,U009429,21-03-2024,20:05:05,295.49
O00004312,U004761,26-09-2025,21:35:09,295.31
O00010067,U002359,13-05-2025,19:29:14,295.31
O00013680,U001246,16-01-2025,07:52:16,295.31
O00004253,U009954,08-06-2024,21:38:45,295.27
O00013640,U001590,15-04-2025,05:45:44,295.27
O00008255,U001999,15-03-2025,07:18:19,295.24
O00001297,U001933,28-05-2024,05:36:23,295.15
O00018068,U005931,29-01-2024,04:51:02,295.13
O00009446,U001359,16-11-2024,15:07:45,295.12
O00014244,U006225,02-05-2025,18:33:50,295.10
O00004416,U005565,22-12-2024,21:14:02,295.08
O00010818,U006160,20-11-2024,15:45:45,295.08
O00017836,U002711,27-01-2024,15:30:41,295.08
O00015116,U000570,28-05-2024,20:46:07,295.06
O00000859,U005658,28-08-2024,22:18:42,295.05
O00005812,U000336,02-01-2024,04:23:27,295.05
O00011490,U001527,18-04-2024,02:33:04,295.05
O00019507,U004480,09-03-2025,12:05:29,295.05
O00019778,U002015,03-01-2024,04:35:31,294.94
O00009342,U002826,15-03-2024,01:15:22,294.93
O00010891,U003873,08-01-2024,19:10:15,294.88
O00006809,U002916,17-08-2024,10:07:53,294.78
O00006998,U005877,20-01-2024,22:22:46,294.74
O00009084,U003839,10-07-2025,20:52:34,294.72
O00013102,U001254,22-07-2024,06:17:42,294.72
O00017263,U008081,21-06-2025,16:21:19,294.72
O00017292,U004282,10-01-2025,08:50:08,294.72
O00003173,U002731,17-11-2024,18:31:39,294.66
O00005438,U005026,20-05-2024,09:30:56,294.53
O00007604,U002630,09-11-2025,18:09:44,294.46
O00005068,U000730,24-09-2024,06:20:37,294.45
O00012104,U004419,09-12-2024,09:29:40,294.35
O00009936,U001713,19-07-2024,11:47:40,294.34
O00006478,U005951,23-06-2024,22:24:29,294.26
O00003153,U006201,04-09-2025,10:15:04,294.22
O00017512,U009055,09-09-2024,10:47:33,294.22
O00011796,U006487,07-06-2024,12:15:50,294.06
O00019390,U009089,03-04-2025,05:15:08,294.00
O00015519,U007608,29-09-2024,04:42:21,293.92
O00010037,U008764,11-02-2024,05:25:13,293.83
O00018852,U003251,11-05-2024,09:40:44,293.83
O00003925,U007199,31-10-2025,05:13:49,293.74
O00001531,U008269,03-08-2025,14:47:11,293.66
O00011310,U009183,12-10-2024,17:24:40,293.62
O00008356,U004488,01-05-2025,04:06:59,293.61
O00007399,U001325,06-10-2025,15:07:46,293.47
O00001889,U004156,26-02-2025,14:38:25,293.38
O00003815,U001951,12-10-2024,14:05:23,293.36
O00011961,U000699,11-04-2025,14:39:47,293.34
O00018553,U003193,13-06-2024,00:04:26,293.26
O00011277,U001094,04-06-2024,18:37:16,293.24
O00011393,U007374,12-04-2024,13:24:30,293.24
O00013514,U003966,28-07-2025,15:06:23,293.24
O00013670,U000643,30-12-2024,07:02:35,293.24
O00019596,U007155,11-10-2024,13:35:12,293.24
O00011953,U006473,18-03-2024,16:10:49,293.19
O00002250,U007871,12-07-2024,10:35:08,293.18
O00005959,U005824,27-07-2024,02:40:13,293.13
O00006770,U000542,12-05-2025,00:36:30,293.13
O00005084,U007925,25-09-2025,11:08:30,293.07
O00010800,U009613,09-05-2024,07:40:00,293.07
O00017947,U006578,13-09-2024,08:20:16,292.92
O00010735,U000606,27-02-2024,03:03:21,292.79
O00008697,U001028,19-01-2024,21:02:26,292.77
O00014753,U002469,01-02-2024,02:04:43,292.77
O00003764,U006087,04-04-2024,13:46:00,292.66
O00015256,U003850,10-10-2024,16:10:53,292.64
O00017356,U000907,21-07-2024,14:01:20,292.58
O00000122,U005566,09-03-2024,20:18:11,292.52
O00012776,U006385,01-06-2025,02:41:48,292.48
O00008944,U002540,11-09-2025,08:50:50,292.45
O00008790,U004001,09-02-2025,21:14:49,292.44
O00008594,U002528,11-06-2025,21:41:53,292.39
O00010270,U004627,24-10-2025,02:06:23,292.35
O00003049,U006055,15-06-2024,08:00:27,292.34
O00013422,U003349,18-09-2024,14:53:25,292.34
O00000305,U001432,05-10-2025,08:48:30,292.26
O00013597,U003462,31-10-2025,18:38:42,292.26
O00013613,U005527,06-05-2025,19:42:56,292.26
O00005802,U005695,24-06-2024,14:15:48,292.19
O00017037,U002240,05-06-2025,21:18:30,292.19
O00015347,U008184,28-03-2025,09:28:48,292.18
O00015555,U006381,12-03-2025,22:15:49,292.11
O00016418,U000685,06-02-2024,08:11:46,292.10
O00003021,U008551,13-12-2024,18:51:28,292.09
O00016559,U004760,31-05-2024,16:10:26,291.89
O00002265,U009240,14-09-2025,05:24:28,291.84
O00003488,U001560,13-05-2025,01:08:31,291.84
O00004939,U009524,12-01-2025,10:50:48,291.84
O00013623,U000047,15-10-2024,11:21:58,291.84
O00016619,U002279,05-01-2025,04:09:33,291.84
O00011182,U001611,31-08-2025,09:15:21,291.74
O00016880,U008364,28-08-2024,02:30:16,291.74
O00008628,U009198,06-07-2024,20:41:39,291.64
O00001131,U007704,15-10-2025,14:30:30,291.57
O00003642,U001737,10-11-2024,04:22:30,291.45
O00006682,U000761,21-09-2025,15:41:11,291.45
O00017815,U008138,04-04-2025,15:00:43,291.45
O00003609,U003292,07-10-2024,13:46:35,291.39
O00004040,U005863,02-01-2024,02:53:11,291.35
O00004669,U004344,13-12-2024,13:53:07,291.32
O00005215,U003065,09-04-2024,19:21:00,291.26
O00015595,U007281,29-03-2024,10:24:29,291.24
O00016785,U005335,04-04-2025,14:43:04,291.22
O00016604,U000104,15-07-2025,06:22:45,291.17
O00004827,U009127,17-05-2025,18:41:45,291.16
O00005727,U003353,11-03-2025,18:25:16,291.14
O00018345,U001075,25-08-2024,13:57:06,291.14
O00000823,U009782,24-09-2024,07:21:57,291.13
O00019150,U005748,02-09-2024,05:54:45,291.05
O00011084,U009959,18-06-2025,06:03:25,290.96
O00006149,U001593,20-06-2025,07:41:49,290.88
O00006606,U007369,11-08-2025,23:14:48,290.80
O00008728,U000088,23-01-2024,18:46:04,290.74
O00009219,U006297,23-12-2024,11:13:47,290.73
O00002167,U009830,21-10-2025,06:52:48,290.49
O00009024,U005861,09-03-2025,02:41:49,290.49
O00013172,U004424,27-02-2024,03:51:21,290.39
O00002206,U004498,16-02-2024,17:52:48,290.37
O00002225,U005806,17-06-2024,12:21:55,290.35
O00005829,U008531,22-05-2025,13:23:21,290.28
O00009413,U007129,10-04-2024,04:36:13,290.28
O00015151,U005805,07-03-2025,23:49:26,290.17
O00000611,U004880,29-03-2024,18:54:14,290.14
O00012143,U000352,20-04-2025,17:02:43,290.02
O00007630,U002849,12-03-2024,23:33:15,289.90
O00004537,U005685,31-03-2025,18:59:25,289.85
O00008486,U001052,26-10-2024,17:13:19,289.69
O00000753,U001892,30-05-2024,00:22:03,289.68
O00017410,U009203,06-09-2024,01:17:14,289.67
O00002484,U002632,30-07-2024,04:35:25,289.65
O00011873,U008313,03-04-2024,16:11:37,289.56
O00009580,U001912,19-08-2025,21:00:15,289.54
O00008663,U000253,14-01-2025,03:20:57,289.36
O00012877,U001285,15-04-2024,14:30:47,289.24
O00015610,U009759,08-05-2024,09:17:37,289.18
O00001500,U006433,10-03-2025,20:03:27,289.15
O00002573,U003703,02-08-2025,00:01:07,289.14
O00006182,U009073,04-06-2024,19:04:05,289.10
O00012172,U002491,05-01-2024,10:54:54,289.08
O00009821,U007806,22-05-2025,17:29:35,288.96
O00015260,U000362,09-11-2025,21:51:18,288.84
O00019053,U009209,09-05-2025,17:44:31,288.79
O00017698,U006599,25-03-2024,18:42:41,288.73
O00019384,U008739,25-06-2025,13:18:59,288.71
O00016255,U001513,21-03-2024,01:56:31,288.58
O00006387,U009527,26-09-2025,22:36:56,288.57
O00005651,U005441,26-01-2025,13:04:08,288.48
O00019223,U005619,27-01-2025,23:46:12,288.44
O00015011,U000890,07-02-2025,01:22:48,288.33
O00015243,U008344,14-02-2025,19:29:47,288.32
O00000529,U007554,21-10-2024,06:04:12,288.28
O00008382,U001332,18-04-2024,13:17:04,288.25
O00017140,U004751,25-01-2024,09:18:03,288.15
O00019910,U001565,28-06-2024,15:00:00,288.14
O00000562,U006559,08-10-2025,11:53:44,288.04
O00001235,U002461,07-11-2024,22:29:08,287.94
O00003132,U009809,31-05-2025,10:36:26,287.94
O00010025,U001676,15-09-2024,00:25:27,287.94
O00003336,U001339,08-04-2025,05:46:46,287.88
O00015039,U006994,18-09-2024,11:09:38,287.87
O00018475,U008906,21-08-2024,15:30:03,287.80
O00010388,U009587,21-07-2025,18:19:04,287.50
O00015571,U003028,09-08-2024,01:02:26,287.31
O00006684,U001984,26-05-2025,18:52:42,287.26
O00012810,U002494,06-11-2024,13:47:35,287.26
O00015883,U004370,18-06-2024,15:31:23,287.21
O00004701,U002945,23-02-2024,06:28:34,287.16
O00005186,U006744,06-09-2025,12:41:33,287.00
O00009579,U009374,14-02-2024,18:13:37,286.99
O00016835,U003811,14-08-2024,06:33:08,286.99
O00008573,U002798,13-09-2024,13:07:46,286.97
O00007742,U000983,18-01-2024,01:38:35,286.94
O00010169,U005272,09-08-2025,03:59:33,286.88
O00016663,U002250,03-03-2025,05:44:04,286.85
O00010787,U003844,08-05-2025,05:39:23,286.75
O00012445,U009420,03-09-2025,20:00:09,286.62
O00002282,U006442,19-08-2025,03:54:54,286.45
O00000711,U007971,01-10-2025,12:39:55,286.31
O00009968,U006793,09-04-2024,23:42:04,286.31
O00003506,U001800,12-03-2025,10:58:16,286.17
O00005540,U000798,07-05-2025,15:22:29,286.03
O00013724,U004799,03-04-2024,14:26:31,285.96
O00011443,U008162,21-05-2024,07:15:01,285.92
O00007731,U008499,19-12-2024,21:41:30,285.88
O00012201,U008072,22-12-2024,12:06:03,285.71
O00009850,U009801,15-07-2024,14:24:06,285.70
O00013961,U004443,13-07-2025,14:58:58,285.63
O00004525,U003439,23-02-2025,05:55:19,285.60
O00005981,U007325,01-02-2025,12:56:07,285.60
O00002091,U004316,30-04-2024,21:31:15,285.46
O00002724,U003060,20-08-2025,01:22:11,285.45
O00012103,U008194,28-11-2024,12:59:56,285.40
O00010826,U009378,26-10-2024,23:14:40,285.38
O00004156,U008964,19-03-2025,00:38:48,285.31
O00018568,U003219,08-11-2025,18:07:53,285.28
O00008601,U003242,01-04-2024,00:30:05,285.22
O00019766,U002609,01-07-2025,23:24:46,285.20
O00013972,U004269,14-10-2024,19:57:36,285.18
O00014351,U006968,24-04-2024,17:31:45,285.18
O00017689,U007093,10-01-2025,18:40:06,285.18
O00009151,U002089,12-02-2024,18:53:13,285.15
O00019564,U008694,24-05-2025,15:00:58,285.05
O00004901,U005072,26-02-2025,08:04:55,284.87
O00012142,U005971,08-05-2025,05:43:43,284.87
O00000982,U004791,18-04-2025,13:55:55,284.85
O00011721,U001417,17-10-2025,23:17:49,284.85
O00002076,U008492,19-01-2024,20:07:47,284.69
O00017196,U003928,31-03-2025,02:30:06,284.59
O00011973,U002634,26-10-2025,19:45:06,284.58
O00012732,U000411,23-02-2024,10:31:47,284.58
O00018143,U008492,28-02-2024,16:28:32,284.58
O00005038,U002021,09-04-2025,22:38:49,284.54
O00006767,U009697,26-01-2025,13:52:58,284.53
O00014515,U007707,15-09-2024,12:25:44,284.47
O00015840,U002369,20-07-2025,17:41:36,284.44
O00006509,U000168,25-09-2024,08:47:57,284.43
O00013499,U009505,07-07-2024,21:38:44,284.34
O00015452,U004918,23-02-2024,13:49:37,284.02
O00009205,U003437,16-08-2025,08:08:36,283.77
O00002924,U008181,19-10-2025,16:36:35,283.74
O00001083,U005376,03-08-2024,12:51:18,283.47
O00002176,U004802,09-04-2025,09:44:15,283.47
O00002534,U000140,04-11-2024,11:53:58,283.47
O00005336,U008804,24-11-2024,08:39:26,283.47
O00005675,U003321,01-06-2024,00:46:14,283.47
O00005911,U006191,20-09-2024,11:41:17,283.47
O00008243,U001282,29-10-2025,03:51:08,283.47
O00009615,U007175,14-11-2024,07:23:27,283.47
O00013645,U001077,19-12-2024,01:22:22,283.47
O00015300,U003225,03-06-2025,12:30:48,283.47
O00019908,U000092,12-11-2025,01:10:35,283.47
O00017939,U004082,14-03-2024,01:46:36,283.45
O00006413,U001628,17-08-2025,00:33:13,283.42
O00008919,U002645,11-05-2025,15:47:38,283.20
O00013651,U009368,11-03-2025,17:54:33,283.20
O00004097,U004268,06-03-2024,23:37:28,283.19
O00006213,U006878,02-10-2025,16:40:36,283.17
O00006275,U009658,12-07-2025,05:10:24,283.17
O00006843,U003174,01-01-2024,00:14:18,283.17
O00009043,U008378,06-02-2025,22:52:59,283.17
O00002807,U000747,26-08-2024,23:49:18,283.11
O00016957,U000334,27-11-2024,07:49:18,283.09
O00013041,U000324,03-07-2024,20:56:42,283.07
O00007985,U000471,02-04-2025,15:53:39,283.05
O00007677,U009751,01-02-2024,15:32:04,282.79
O00005478,U001018,19-04-2025,13:21:20,282.78
O00000388,U002024,21-08-2024,01:00:14,282.68
O00002714,U008694,22-07-2025,05:01:01,282.65
O00005109,U004911,10-06-2025,07:51:43,282.64
O00009119,U003860,13-09-2025,22:46:06,282.51
O00013176,U003678,05-06-2025,04:58:36,282.51
O00002759,U006090,07-12-2024,10:22:59,282.42
O00009392,U008617,10-11-2025,07:18:27,282.42
O00010532,U005587,07-06-2024,10:37:18,282.35
O00015740,U001999,18-10-2024,09:41:53,282.28
O00011799,U009052,15-08-2024,16:19:46,282.23
O00013051,U008491,28-04-2024,12:11:53,282.05
O00016370,U007749,18-02-2024,21:28:28,282.04
O00006891,U001776,29-11-2024,15:51:24,282.02
O00005542,U009114,30-05-2025,00:36:15,281.87
O00018562,U007167,02-10-2024,14:29:47,281.78
O00000616,U001076,27-03-2024,05:40:00,281.73
O00017738,U004053,14-09-2024,16:03:53,281.52
O00019495,U006580,13-07-2024,20:46:47,281.50
O00016236,U002841,18-10-2025,13:52:05,281.48
O00010125,U008134,07-09-2025,19:44:50,281.40
O00019941,U003149,25-10-2025,15:53:52,281.39
O00016040,U000270,03-01-2025,21:04:26,281.21
O00004127,U004767,11-01-2025,11:15:52,281.11
O00004822,U007268,06-05-2024,07:51:21,281.11
O00000086,U004906,14-04-2025,17:21:36,281.05
O00016836,U002946,03-04-2025,14:08:38,281.03
O00009573,U008493,16-06-2025,00:06:11,280.99
O00019543,U002566,16-07-2024,08:17:09,280.76
O00004333,U004358,18-03-2024,14:57:52,280.64
O00009752,U009499,29-08-2025,15:31:33,280.60
O00018565,U005088,01-09-2025,08:15:38,280.51
O00005611,U007159,14-11-2024,14:06:02,280.49
O00001935,U003047,18-06-2024,01:02:37,280.47
O00001982,U004994,05-09-2024,21:10:01,280.45
O00010316,U003414,10-07-2024,15:00:47,280.36
O00001376,U005892,21-04-2025,18:33:10,280.23
O00007834,U005830,16-02-2025,17:01:57,280.09
O00017304,U002020,13-08-2024,17:51:06,279.89
O00004107,U007306,24-05-2024,18:43:34,279.71
O00016693,U000456,21-02-2024,01:25:45,279.71
O00008994,U009361,14-12-2024,21:33:40,279.63
O00010226,U000179,16-12-2024,03:26:41,279.52
O00019458,U005361,23-08-2025,05:00:01,279.46
O00001051,U003911,10-10-2024,09:05:45,279.42
O00012079,U001340,17-08-2024,10:56:57,279.33
O00019681,U004917,19-01-2024,22:05:23,279.21
O00000422,U005524,22-01-2025,01:53:38,279.09
O00000648,U004372,28-07-2024,14:30:28,279.09
O00004480,U004320,06-06-2025,05:19:20,279.09
O00012998,U003817,06-10-2025,07:05:09,279.09
O00012529,U004564,19-07-2024,04:58:30,279.05
O00001273,U007779,23-02-2025,20:16:10,278.97
O00001921,U006402,30-03-2024,09:38:32,278.92
O00009260,U009081,21-05-2024,11:44:45,278.82
O00013113,U000801,24-02-2025,11:11:09,278.82
O00007214,U003227,18-03-2024,23:41:34,278.81
O00018587,U000168,10-04-2025,21:04:46,278.80
O00002383,U000089,14-11-2025,04:39:02,278.74
O00003445,U007558,05-03-2025,23:19:37,278.74
O00006350,U007655,08-08-2025,13:40:42,278.74
O00009827,U003066,06-03-2024,11:41:27,278.74
O00013777,U002941,20-10-2024,12:28:33,278.74
O00010981,U004418,21-02-2024,20:00:09,278.72
O00006573,U008616,13-09-2025,04:12:08,278.71
O00015934,U008292,03-03-2025,08:51:45,278.42
O00000629,U002175,12-08-2025,00:37:50,278.38
O00007024,U002774,16-01-2025,17:52:22,278.18
O00002451,U003635,20-02-2024,19:56:25,278.14
O00010988,U004824,29-02-2024,02:41:59,278.14
O00011056,U000949,14-09-2024,13:13:46,278.14
O00001867,U003789,21-10-2024,19:12:25,278.13
O00003964,U006812,22-01-2025,16:25:11,278.12
O00019901,U006439,14-11-2024,18:22:01,278.06
O00010042,U007933,31-07-2024,23:52:58,278.00
O00017070,U004591,16-07-2025,10:47:20,277.95
O00007027,U000845,12-02-2024,03:30:33,277.82
O00017843,U001301,09-09-2024,06:58:54,277.71
O00004108,U006150,27-11-2024,21:22:47,277.68
O00010207,U006240,19-09-2025,01:43:58,277.67
O00017154,U007517,27-07-2024,10:47:21,277.64
O00012328,U006911,07-07-2024,12:05:53,277.46
O00016295,U000890,14-09-2025,20:05:53,277.26
O00014905,U004579,17-06-2025,14:22:12,277.19
O00007144,U009089,29-09-2025,05:56:36,277.18
O00013922,U006229,27-03-2024,08:55:22,277.12
O00017949,U008360,20-06-2025,12:32:35,277.10
O00008113,U003702,01-05-2025,18:42:53,276.88
O00006832,U001235,23-05-2025,20:12:57,276.87
O00014778,U005699,08-08-2024,13:20:37,276.72
O00010846,U006624,25-08-2024,01:00:43,276.70
O00004826,U004324,17-09-2025,06:18:32,276.63
O00006289,U008896,09-09-2025,22:40:49,276.56
O00015915,U004414,22-03-2024,15:01:42,276.55
O00014032,U007264,07-09-2024,11:42:31,276.49
O00016446,U006182,26-04-2025,19:53:20,276.48
O00017636,U008307,14-01-2024,18:20:35,276.47
O00004602,U002034,14-02-2025,02:06:12,276.42
O00018981,U000080,12-10-2024,15:07:30,276.29
O00011340,U004661,12-09-2025,15:37:54,276.24
O00007808,U006166,16-12-2024,07:49:22,276.01
O00000589,U001164,08-01-2025,08:54:26,275.91
O00012354,U000286,03-02-2024,04:39:52,275.91
O00014017,U005362,06-09-2024,08:08:47,275.76
O00007496,U005770,15-09-2025,16:16:39,275.73
O00010126,U000678,26-05-2024,09:45:22,275.72
O00003016,U009630,29-12-2024,16:13:12,275.58
O00019672,U000659,11-04-2024,13:38:24,275.47
O00014309,U001221,24-05-2025,17:35:23,275.45
O00004763,U003828,11-04-2025,14:29:48,275.41
O00006944,U008823,02-09-2025,04:41:46,275.40
O00007732,U008362,28-05-2024,23:54:36,275.36
O00011704,U004838,14-05-2025,01:09:23,275.30
O00001991,U004507,09-11-2025,20:40:05,275.17
O00003557,U007543,09-05-2024,11:08:17,274.98
O00016714,U001115,13-12-2024,09:10:53,274.97
O00007827,U004184,30-11-2024,11:19:14,274.81
O00016986,U003995,21-05-2025,02:15:53,274.75
O00001090,U008060,24-09-2025,07:32:49,274.74
O00000873,U000705,16-10-2025,13:24:55,274.66
O00004191,U005176,01-03-2025,17:42:45,274.66
O00005937,U003927,14-11-2024,14:49:05,274.50
O00006867,U006820,16-12-2024,16:38:43,274.35
O00015628,U000367,05-11-2024,09:14:28,274.34
O00016974,U007097,22-06-2024,10:36:27,274.31
O00000042,U007175,05-05-2025,12:29:19,274.27
O00000653,U007928,07-04-2024,10:38:13,274.20
O00014789,U006744,02-03-2024,05:54:51,274.10
O00011643,U002529,21-10-2025,02:41:07,274.00
O00016742,U004058,02-07-2024,04:44:40,273.99
O00011620,U007239,27-03-2024,10:11:50,273.92
O00002352,U005460,23-03-2024,22:48:57,273.91
O00007355,U000020,13-12-2024,08:31:57,273.91
O00011071,U009216,26-07-2025,00:12:15,273.91
O00016849,U007867,22-01-2024,23:24:09,273.77
O00016469,U002848,04-07-2024,21:48:31,273.73
O00000719,U004314,19-02-2025,20:13:02,273.71
O00011290,U000959,05-07-2024,21:24:28,273.71
O00015852,U009944,06-02-2024,01:47:05,273.71
O00004989,U003618,07-09-2024,07:48:30,273.65
O00003391,U000809,19-03-2025,10:08:16,273.50
O00001630,U009491,05-05-2025,12:41:38,273.48
O00003476,U003275,21-06-2025,13:02:36,273.48
O00012726,U005694,03-07-2025,13:25:28,273.48
O00013080,U007269,25-10-2024,03:12:19,273.47
O00014555,U008226,10-03-2024,21:36:58,273.40
O00013289,U002062,10-07-2024,04:02:40,273.31
O00010615,U009910,15-01-2025,01:20:09,273.29
O00003226,U000192,21-04-2025,11:40:15,273.25
O00002729,U001102,08-09-2025,12:07:20,273.16
O00010498,U007758,27-02-2025,14:07:05,273.09
O00015263,U005195,14-09-2025,03:02:07,273.04
O00014328,U006242,22-09-2025,12:07:25,273.02
O00002977,U008345,27-06-2025,08:46:07,273.00
O00002232,U006960,23-01-2024,11:40:07,272.95
O00005131,U002479,29-03-2024,06:33:27,272.92
O00001311,U006624,14-04-2025,06:55:14,272.78
O00006800,U001137,08-04-2025,08:11:36,272.72
O00000266,U008502,10-03-2024,16:51:06,272.57
O00013646,U007357,10-03-2024,22:08:34,272.53
O00001826,U008706,14-08-2025,19:27:33,272.40
O00016538,U002925,07-04-2025,03:08:27,272.40
O00009828,U000496,29-07-2024,08:26:52,272.36
O00019518,U001786,03-10-2024,09:12:23,272.35
O00001925,U003418,25-03-2025,05:01:00,272.31
O00013446,U002808,02-11-2024,10:16:49,272.28
O00008261,U005306,20-06-2024,07:30:17,272.23
O00012066,U004821,01-04-2025,13:30:13,272.23
O00003516,U003548,21-06-2024,18:06:19,272.18
O00005858,U008158,27-04-2025,12:30:03,272.05
O00006362,U007375,12-05-2024,13:18:50,271.99
O00000403,U000965,25-03-2025,15:36:41,271.98
O00005920,U005329,08-06-2024,14:17:22,271.92
O00017074,U006011,12-09-2025,06:39:55,271.83
O00006908,U007743,27-10-2025,17:35:52,271.82
O00002712,U009969,21-05-2025,09:59:23,271.76
O00007610,U005441,15-08-2025,05:22:52,271.75
O00007408,U001083,19-07-2025,11:34:08,271.73
O00015692,U006212,03-07-2024,03:48:04,271.71
O00019130,U001945,29-06-2025,16:42:28,271.71
O00001611,U000854,21-08-2024,22:04:02,271.57
O00000145,U009282,23-01-2024,13:20:49,271.52
O00004560,U002634,17-09-2024,23:53:01,271.50
O00009386,U006962,19-09-2025,06:09:50,271.41
O00005564,U006247,21-06-2025,09:32:31,271.21
O00000332,U006577,09-09-2025,14:35:49,271.18
O00005415,U005963,02-07-2024,19:38:02,271.16
O00013075,U005139,12-06-2024,03:21:42,271.14
O00001346,U006456,14-03-2025,16:00:54,271.11
O00019872,U008533,01-04-2024,21:20:06,271.11
O00010379,U002791,22-05-2024,19:56:40,271.08
O00004226,U003538,14-08-2025,16:51:26,270.85
O00011919,U004984,08-11-2024,16:25:19,270.85
O00013421,U003546,07-02-2024,10:34:10,270.85
O00015550,U007669,15-06-2025,03:51:56,270.85
O00009486,U003781,10-01-2024,01:41:53,270.78
O00003483,U008877,09-08-2024,19:13:02,270.77
O00011835,U009676,13-07-2025,15:47:15,270.69
O00011798,U007570,30-04-2024,07:41:16,270.67
O00001098,U007014,27-02-2025,15:12:43,270.60
O00014149,U004598,27-11-2024,23:09:05,270.57
O00005983,U006618,03-02-2025,19:31:14,270.48
O00005035,U005150,21-09-2024,16:53:30,270.45
O00002065,U007166,29-12-2024,10:55:26,270.36
O00004372,U004315,05-07-2024,09:27:17,270.15
O00001741,U004825,15-10-2025,19:36:05,269.98
O00019863,U005700,19-10-2025,03:46:46,269.98
O00018906,U002546,22-02-2025,23:21:47,269.94
O00003278,U005112,11-01-2025,19:20:41,269.90
O00014970,U003538,20-10-2024,00:59:49,269.90
O00011416,U005625,27-03-2025,10:30:28,269.63
O00001258,U005189,25-01-2024,16:28:51,269.46
O00018076,U009027,20-07-2025,23:27:36,269.44
O00009489,U007986,24-06-2024,09:50:46,269.42
O00000547,U008726,30-12-2024,20:00:29,269.19
O00012416,U008403,13-10-2025,19:16:04,269.19
O00001701,U009094,17-12-2024,10:12:53,269.17
O00007637,U008959,04-09-2024,09:25:06,269.01
O00006763,U003288,06-01-2025,18:05:14,268.91
O00014682,U002499,21-10-2025,05:03:43,268.91
O00002325,U000765,29-07-2025,10:44:33,268.79
O00002848,U005517,21-06-2024,15:45:56,268.77
O00012425,U005475,17-10-2024,08:36:44,268.67
O00003822,U009651,26-05-2024,13:55:08,268.64
O00014153,U002515,01-07-2024,21:11:01,268.64
O00014159,U008229,15-02-2024,14:05:29,268.64
O00008232,U004989,02-10-2025,11:48:50,268.47
O00006192,U004749,08-11-2024,22:06:45,268.44
O00015485,U006099,12-12-2024,04:53:38,268.44
O00002151,U001885,26-08-2024,23:16:27,268.42
O00015400,U000119,15-01-2024,02:09:55,268.39
O00009619,U004326,04-11-2025,17:25:34,268.36
O00017501,U008731,14-07-2025,07:16:30,268.21
O00013484,U009989,01-11-2024,09:11:45,268.20
O00005458,U007443,06-04-2025,19:38:50,268.16
O00018802,U005492,21-07-2025,06:21:40,268.14
O00019996,U001139,15-06-2024,19:57:32,268.12
O00003654,U002725,16-04-2025,20:12:18,268.09
O00007841,U003844,20-05-2024,09:23:16,268.09
O00006575,U008978,01-11-2024,02:32:04,268.01
O00012626,U002123,05-01-2024,06:31:48,267.98
O00009430,U001099,16-06-2025,19:51:14,267.85
O00017287,U003384,09-06-2025,10:58:45,267.85
O00003998,U002344,28-09-2024,02:29:40,267.83
O00006906,U004703,07-06-2025,16:24:39,267.81
O00014855,U003222,01-07-2024,19:20:29,267.66
O00009204,U006435,31-07-2024,22:19:07,267.58
O00017762,U005084,27-08-2024,02:31:11,267.56
O00015573,U002523,03-05-2025,16:17:48,267.49
O00007373,U002221,02-01-2024,00:10:41,267.42
O00008682,U007532,25-03-2024,21:34:42,267.42
O00014788,U003715,27-07-2025,05:19:14,267.33
O00017990,U001727,13-05-2025,13:41:07,267.20
O00002039,U006791,25-10-2024,02:45:39,267.16
O00003194,U003773,21-02-2025,07:05:40,267.16
O00003486,U005233,26-04-2024,00:04:12,267.15
O00004675,U000426,16-10-2024,15:39:49,267.03
O00009314,U009282,06-05-2025,09:40:46,267.01
O00000254,U003587,17-09-2024,06:59:27,266.98
O00003603,U004785,01-03-2024,22:15:06,266.91
O00000758,U002527,04-12-2024,17:53:18,266.88
O00001334,U003654,19-02-2024,02:09:01,266.71
O00019923,U004091,26-03-2025,05:34:00,266.67
O00008477,U004847,15-07-2025,18:04:42,266.66
O00015479,U006718,26-06-2025,07:45:53,266.64
O00014447,U004506,23-08-2024,21:38:30,266.60
O00007055,U009303,17-02-2024,18:01:30,266.56
O00006025,U007472,13-06-2025,19:39:50,266.54
O00009400,U000340,10-10-2024,07:51:16,266.43
O00011379,U004393,15-11-2024,18:35:08,266.42
O00004500,U003358,29-10-2024,06:25:31,266.40
O00016728,U009787,27-07-2024,15:33:48,266.34
O00001049,U006274,15-01-2024,05:51:57,266.32
O00009153,U004050,20-04-2025,10:56:26,266.29
O00019987,U003539,21-10-2025,13:19:43,266.26
O00006003,U003488,18-01-2025,20:59:13,266.16
O00016441,U005975,05-07-2024,14:57:43,266.16
O00000150,U000668,06-10-2024,06:51:43,266.04
O00010071,U000388,15-02-2025,10:59:55,266.04
O00004128,U004780,25-10-2025,11:18:46,265.99
O00007145,U005183,28-12-2024,13:33:00,265.99
O00012507,U009880,01-08-2024,18:02:59,265.95
O00003240,U008237,20-04-2025,10:53:31,265.85
O00014849,U000317,23-12-2024,18:17:42,265.83
O00013959,U001844,05-10-2024,19:58:59,265.70
O00016428,U004026,23-05-2025,05:06:04,265.54
O00016098,U008104,06-04-2024,11:36:12,265.44
O00011989,U009334,17-05-2025,02:20:17,265.42
O00015352,U004947,16-09-2024,03:56:34,265.41
O00001869,U006053,04-01-2025,11:29:47,265.37
O00008164,U007732,06-12-2024,13:46:21,265.37
O00009134,U005434,07-02-2025,19:50:54,265.37
O00012339,U001503,29-09-2024,21:20:30,265.37
O00017321,U005721,09-11-2025,11:11:38,265.37
O00008638,U003042,18-09-2024,04:49:37,265.29
O00019683,U001176,03-01-2025,19:12:40,265.17
O00004816,U000791,29-10-2025,03:54:53,265.16
O00000030,U002144,07-02-2024,15:08:03,265.14
O00006830,U008980,09-01-2025,12:25:08,265.12
O00009523,U004901,04-08-2025,06:00:00,265.12
O00017584,U006175,15-01-2025,16:02:57,265.04
O00007806,U008940,04-10-2024,06:52:45,264.94
O00015836,U000991,11-09-2024,19:00:23,264.89
O00004432,U003124,03-10-2024,10:44:38,264.87
O00005216,U004887,15-04-2024,00:36:06,264.87
O00008691,U004630,12-07-2024,17:13:29,264.79
O00014865,U007927,01-08-2025,00:16:16,264.75
O00007927,U001512,11-06-2024,00:19:10,264.67
O00009787,U008219,25-11-2024,07:47:46,264.67
O00019686,U008190,21-04-2024,11:41:53,264.67
O00000337,U003950,21-06-2025,12:12:20,264.65
O00005792,U006082,07-04-2024,21:30:48,264.33
O00003164,U005181,29-09-2024,07:10:19,264.32
O00007680,U002699,31-10-2024,14:49:37,264.22
O00010649,U008758,13-09-2024,23:27:31,264.21
O00016709,U005862,09-09-2024,17:08:08,264.09
O00007691,U006515,30-06-2024,06:11:51,264.08
O00010407,U009261,23-12-2024,22:29:40,264.08
O00012181,U009574,14-03-2025,06:11:57,264.08
O00008470,U002802,12-06-2025,01:55:08,264.04
O00009832,U001628,30-04-2025,19:48:35,264.04
O00010884,U006272,30-01-2025,05:34:23,264.04
O00014604,U009405,28-08-2025,21:01:11,264.04
O00018985,U002443,20-06-2025,14:26:25,264.04
O00000116,U000180,29-02-2024,05:18:07,263.98
O00002345,U003693,13-07-2024,21:48:03,263.96
O00010138,U009391,20-02-2025,23:03:18,263.88
O00010017,U004219,13-10-2024,21:09:42,263.84
O00011951,U003032,31-03-2025,05:35:07,263.80
O00014438,U008583,05-08-2024,07:52:02,263.80
O00019649,U000949,28-04-2024,09:15:11,263.66
O00002725,U006638,01-08-2025,09:27:02,263.55
O00011861,U006190,06-06-2025,11:24:48,263.51
O00003243,U004796,16-10-2024,13:29:21,263.50
O00005736,U004520,16-06-2024,20:41:33,263.50
O00016817,U003462,27-08-2024,21:40:12,263.40
O00001184,U005232,08-10-2025,21:03:59,263.31
O00009502,U006159,26-06-2024,02:31:11,263.28
O00014498,U009516,02-12-2024,19:31:18,263.27
O00005936,U007957,07-05-2024,11:21:16,263.26
O00013993,U001741,16-05-2025,10:12:40,263.07
O00009458,U009958,19-07-2025,08:27:12,263.03
O00012756,U005326,09-03-2024,19:35:45,263.01
O00005113,U000160,24-05-2024,03:44:16,262.98
O00010659,U001628,29-05-2024,19:40:18,262.95
O00018867,U000821,07-01-2024,11:57:04,262.85
O00007264,U009849,12-05-2024,23:18:14,262.83
O00007639,U008650,14-01-2025,17:29:45,262.79
O00015097,U005984,10-03-2024,01:10:08,262.65
O00012542,U002962,04-09-2024,16:44:23,262.46
O00017755,U003998,09-03-2025,18:39:53,262.44
O00007807,U008679,05-04-2025,09:09:36,262.38
O00014418,U005474,09-08-2024,14:05:51,262.38
O00019739,U008472,16-12-2024,09:46:18,262.34
O00017792,U004818,29-04-2025,08:51:01,262.32
O00009775,U007605,18-06-2024,00:33:00,262.20
O00019644,U007442,26-06-2024,02:52:35,262.16
O00008494,U002885,09-01-2025,00:26:45,261.97
O00014910,U003275,01-03-2024,15:30:59,261.97
O00000699,U004677,18-05-2025,04:04:10,261.90
O00011552,U007165,30-08-2025,23:35:02,261.88
O00010491,U000673,18-02-2024,18:28:19,261.87
O00019870,U005098,22-01-2025,07:03:43,261.83
O00005258,U008724,12-09-2025,22:36:34,261.74
O00014784,U005092,19-09-2025,22:55:54,261.74
O00008763,U002646,10-01-2024,11:23:11,261.69
O00009694,U003571,11-12-2024,07:28:39,261.58
O00004149,U007640,13-11-2024,18:40:15,261.37
O00019003,U009380,23-08-2024,22:40:42,261.30
O00009393,U004986,02-11-2024,09:47:31,261.26
O00008345,U007604,26-07-2025,05:39:20,261.22
O00003524,U004525,25-07-2025,20:49:22,261.12
O00019339,U007856,05-11-2025,05:21:02,261.12
O00009001,U003669,02-11-2024,03:32:26,261.10
O00005291,U004831,28-07-2024,15:20:02,261.01
O00012008,U004969,25-07-2024,14:28:55,260.96
O00013335,U002931,06-07-2024,16:03:00,260.94
O00007913,U005570,19-05-2024,10:47:00,260.90
O00017073,U001955,05-06-2024,14:53:27,260.90
O00012948,U007717,02-07-2025,07:29:58,260.87
O00006130,U004671,02-10-2025,07:49:27,260.79
O00009938,U001768,05-01-2024,13:54:07,260.74
O00004137,U004365,13-08-2025,13:15:29,260.64
O00017309,U005863,08-09-2024,07:31:13,260.64
O00014908,U005936,17-05-2024,09:06:39,260.62
O00000420,U009528,02-05-2024,22:30:30,260.59
O00010617,U002187,13-09-2025,08:05:08,260.54
O00002951,U001572,04-02-2024,12:33:42,260.49
O00007962,U009068,03-05-2024,12:22:48,260.48
O00015651,U004669,18-08-2024,12:29:07,260.48
O00002305,U002053,18-02-2025,17:45:55,260.33
O00007838,U008391,29-01-2025,23:54:34,260.17
O00010049,U009784,03-10-2025,02:35:03,260.17
O00010682,U006604,28-06-2024,18:30:31,260.10
O00001124,U008146,12-08-2024,22:35:35,260.02
O00008797,U007013,19-05-2025,09:38:11,260.02
O00019144,U005997,17-01-2025,18:29:08,260.02
O00000606,U007121,20-05-2024,17:42:32,260.01
O00007222,U008286,10-02-2024,18:45:30,260.01
O00014441,U006848,31-05-2025,19:00:01,260.01
O00012231,U007530,11-06-2024,18:11:04,259.96
O00017021,U009421,21-06-2025,17:55:13,259.90
O00017723,U003516,13-06-2025,23:25:29,259.90
O00014552,U008617,03-07-2024,02:53:13,259.77
O00005116,U003761,28-04-2024,22:24:46,259.74
O00005487,U009095,14-06-2025,09:37:18,259.72
O00007818,U003216,01-05-2024,08:23:40,259.72
O00008764,U002260,12-01-2025,03:32:18,259.72
O00008906,U007928,22-10-2025,16:55:19,259.72
O00004838,U001151,23-11-2024,18:50:26,259.69
O00005592,U008727,27-09-2025,13:06:33,259.69
O00013543,U000006,22-04-2024,12:44:49,259.69
O00018121,U007842,23-11-2024,12:00:05,259.69
O00001419,U000092,01-04-2024,15:16:14,259.61
O00003436,U007611,16-01-2025,14:13:46,259.24
O00014436,U001161,19-05-2025,19:07:46,259.24
O00013042,U003781,07-11-2024,10:56:42,259.15
O00019972,U001350,22-03-2024,05:22:25,259.01
O00005494,U006787,14-01-2025,21:51:27,259.00
O00007313,U004347,18-05-2024,02:44:07,258.99
O00004168,U004452,12-06-2024,13:33:38,258.90
O00013992,U001981,16-11-2024,05:08:08,258.84
O00017358,U002524,03-04-2025,06:56:58,258.59
O00006452,U002754,10-07-2025,17:51:39,258.53
O00000285,U000610,23-01-2025,03:08:28,258.51
O00001860,U000416,16-03-2024,19:21:03,258.37
O00002495,U009662,21-07-2025,14:39:32,258.34
O00012524,U007720,11-12-2024,03:53:24,258.34
O00007224,U006310,08-09-2024,03:45:19,258.05
O00013791,U009466,21-10-2025,09:33:45,257.99
O00017851,U003485,28-10-2024,14:59:47,257.92
O00007579,U006694,05-02-2025,11:44:06,257.90
O00019270,U002996,10-12-2024,18:17:15,257.67
O00003661,U000518,11-04-2024,08:05:15,257.55
O00016450,U007926,12-07-2024,13:33:50,257.45
O00017989,U008051,18-03-2025,22:57:39,257.35
O00012809,U004156,04-01-2024,02:22:12,257.32
O00007238,U004134,04-11-2025,03:14:54,257.31
O00005075,U001515,24-07-2025,11:04:08,257.30
O00013442,U007316,23-06-2024,03:59:56,257.28
O00005554,U001136,28-06-2024,12:39:02,257.22
O00011684,U000619,04-02-2024,22:08:04,257.21
O00018319,U008744,10-08-2025,18:40:56,257.15
O00019979,U004912,17-08-2024,08:08:35,257.13
O00005063,U005562,26-08-2024,16:21:28,257.03
O00008359,U009881,05-12-2024,18:37:20,257.03
O00018344,U008977,30-09-2025,07:13:33,257.03
O00000482,U000952,15-02-2024,09:02:06,257.01
O00000099,U006836,03-06-2025,06:26:34,256.90
O00008463,U002117,02-11-2024,05:48:27,256.81
O00019932,U005780,01-07-2024,09:17:47,256.77
O00008930,U006391,01-10-2024,10:09:58,256.75
O00014576,U008816,22-02-2024,06:33:28,256.74
O00006150,U006899,28-07-2024,06:28:35,256.69
O00012885,U008082,25-04-2024,03:43:50,256.58
O00014353,U005219,31-08-2025,21:06:53,256.56
O00009883,U006499,07-08-2024,15:54:17,256.55
O00017753,U001717,28-08-2025,06:19:52,256.49
O00004959,U002880,07-07-2024,18:17:36,256.40
O00016134,U008032,05-03-2024,17:28:13,256.36
O00016357,U005173,05-09-2025,13:22:32,256.31
O00003761,U000320,01-08-2025,07:11:18,256.27
O00003365,U004994,25-10-2025,21:18:16,256.25
O00015252,U001178,27-05-2025,18:51:00,256.25
O00015805,U005050,20-08-2024,13:22:04,256.21
O00002569,U000102,14-07-2025,16:58:48,256.19
O00007251,U006712,02-01-2025,03:16:36,256.18
O00011580,U007738,28-04-2024,18:55:07,256.16
O00019486,U006971,13-07-2024,01:42:28,256.08
O00007859,U007944,20-12-2024,07:00:35,256.06
O00013905,U008352,10-03-2025,08:19:20,255.97
O00004231,U006686,23-01-2024,13:27:13,255.95
O00001559,U001665,20-05-2024,03:27:42,255.94
O00004499,U002923,10-06-2025,05:09:33,255.94
O00004612,U009429,25-08-2024,18:55:20,255.94
O00008126,U006916,31-05-2025,16:38:42,255.94
O00013818,U006575,13-01-2025,09:22:55,255.93
O00010151,U003636,20-01-2025,06:02:59,255.91
O00003298,U007688,01-11-2025,14:50:07,255.80
O00014639,U003669,25-09-2025,15:39:17,255.71
O00019436,U007159,21-06-2024,21:37:56,255.66
O00000954,U005515,06-06-2025,22:53:06,255.44
O00018119,U007488,20-04-2024,17:33:01,255.43
O00001336,U006209,03-05-2025,13:23:16,255.41
O00012088,U005755,31-05-2025,03:56:16,255.39
O00019573,U003440,21-11-2024,16:39:08,255.36
O00004484,U003641,05-03-2025,02:57:57,255.24
O00008593,U006034,21-08-2025,06:13:22,255.21
O00010091,U000784,26-02-2025,00:49:36,254.98
O00016045,U006193,07-06-2025,22:25:47,254.94
O00008089,U005478,09-06-2024,21:39:25,254.91
O00014334,U006487,13-06-2024,03:16:16,254.91
O00002680,U001804,11-02-2024,16:36:45,254.86
O00004530,U002713,20-02-2024,17:06:14,254.83
O00017783,U002543,12-06-2025,20:55:52,254.80
O00004740,U001501,17-09-2024,04:52:56,254.76
O00002928,U001009,02-04-2024,01:06:48,254.74
O00003275,U009497,08-02-2024,03:53:21,254.74
O00006624,U002808,21-09-2025,01:36:35,254.74
O00006980,U009494,01-05-2025,06:26:27,254.67
O00014566,U000740,16-02-2024,15:11:15,254.58
O00018469,U007025,25-07-2024,05:57:40,254.58
O00012460,U008099,04-12-2024,10:58:44,254.52
O00013037,U007727,27-06-2025,07:04:39,254.51
O00014414,U000714,12-06-2025,00:38:51,254.42
O00014226,U004405,30-09-2025,11:46:38,254.29
O00018768,U009574,08-12-2024,10:02:34,254.27
O00015139,U009155,25-02-2025,09:49:16,254.26
O00014096,U004420,01-06-2024,01:19:21,254.22
O00003086,U003511,25-04-2024,21:23:16,254.12
O00004703,U006703,21-01-2024,19:59:39,254.08
O00012814,U004419,27-11-2024,10:04:53,254.08
O00011761,U005745,24-01-2025,00:05:17,254.06
O00002428,U006312,16-05-2024,16:40:27,253.95
O00001596,U000722,03-11-2024,07:47:27,253.94
O00002249,U007805,06-06-2025,05:00:36,253.94
O00013303,U000653,04-06-2024,07:48:06,253.94
O00014697,U003009,09-08-2024,00:29:55,253.94
O00000092,U001781,05-11-2025,21:48:46,253.86
O00012167,U006130,31-08-2024,05:05:06,253.86
O00015240,U001452,09-02-2024,16:23:32,253.83
O00004518,U000985,27-02-2024,07:45:21,253.78
O00004889,U000511,17-01-2025,15:57:30,253.70
O00012735,U006186,10-07-2024,08:06:36,253.70
O00002565,U002853,14-04-2024,18:32:29,253.68
O00003161,U000339,02-10-2025,21:54:50,253.68
O00012663,U008848,16-04-2024,16:56:39,253.68
O00013808,U006843,12-12-2024,06:44:33,253.68
O00014222,U003003,05-09-2025,23:11:27,253.68
O00014787,U009843,11-09-2025,17:25:11,253.68
O00007213,U001959,02-10-2025,22:09:48,253.62
O00003789,U007160,28-01-2025,09:19:42,253.60
O00006458,U008506,13-07-2024,02:02:31,253.60
O00013330,U006763,13-01-2025,07:53:54,253.60
O00013968,U004626,26-06-2024,03:11:26,253.60
O00014300,U007148,16-04-2025,04:44:58,253.60
O00008225,U000439,25-09-2024,08:56:29,253.59
O00002248,U002718,13-03-2025,02:09:35,253.58
O00013573,U009007,18-09-2025,16:43:20,253.56
O00001426,U008890,12-03-2025,04:58:38,253.55
O00007489,U009947,30-09-2024,07:06:05,253.54
O00006797,U000067,26-08-2025,16:47:11,253.46
O00003740,U006845,02-09-2025,10:22:38,253.39
O00010587,U007776,21-07-2025,09:49:59,253.37
O00018382,U009680,29-05-2024,15:56:44,253.33
O00007162,U001340,13-04-2024,04:52:44,253.32
O00013803,U002843,01-09-2024,15:06:11,253.22
O00013300,U009020,31-08-2025,17:40:52,253.20
O00003273,U006443,24-03-2024,09:57:22,253.18
O00015163,U000433,30-11-2024,11:22:28,253.18
O00018760,U009584,25-11-2024,04:54:18,253.18
O00012436,U003914,21-10-2024,22:15:05,253.12
O00006967,U008527,13-10-2025,08:51:36,253.06
O00011168,U003348,21-10-2025,19:38:41,253.01
O00015587,U004881,05-01-2025,21:58:28,253.01
O00002203,U009302,04-01-2025,15:07:20,252.94
O00016933,U002625,24-07-2024,07:31:11,252.94
O00017747,U001202,12-02-2024,17:51:43,252.90
O00004086,U008133,18-08-2024,06:43:10,252.86
O00002357,U009254,24-09-2024,19:53:23,252.85
O00009156,U003873,08-10-2025,19:22:30,252.75
O00006851,U007162,26-03-2025,16:09:53,252.58
O00012989,U004452,07-06-2024,10:26:56,252.58
O00005210,U007827,22-09-2025,03:04:06,252.57
O00006396,U006606,03-12-2024,14:13:21,252.49
O00010660,U001274,16-06-2025,23:37:07,252.48
O00015074,U003544,15-03-2025,17:30:56,252.48
O00000293,U001684,17-10-2024,10:10:52,252.47
O00002609,U002184,13-04-2025,18:16:48,252.43
O00001998,U003091,09-02-2024,23:09:23,252.21
O00007347,U009253,06-11-2025,20:18:44,252.21
O00019409,U000863,18-03-2024,22:41:51,252.17
O00005030,U003121,25-07-2024,00:24:10,252.15
O00000987,U005887,24-11-2024,03:12:39,252.13
O00013629,U000331,12-07-2024,10:50:40,252.11
O00013448,U003540,09-11-2025,18:31:43,252.10
O00000971,U004800,09-11-2024,12:03:13,252.09
O00002401,U004983,13-04-2025,12:14:14,252.09
O00010063,U004235,28-12-2024,22:46:17,252.09
O00013583,U001922,24-06-2024,09:30:45,252.09
O00018175,U006746,11-01-2025,01:02:32,252.09
O00019708,U009029,01-08-2025,21:22:22,252.09
O00005747,U007871,09-06-2025,10:46:39,252.08
O00010302,U000594,29-06-2024,16:47:22,252.06
O00011932,U009503,02-03-2025,13:29:08,252.06
O00016201,U001107,11-03-2024,01:28:18,251.98
O00002240,U009661,25-08-2024,05:48:17,251.96
O00016634,U006905,02-06-2024,19:29:38,251.96
O00003534,U008276,09-10-2024,09:38:52,251.94
O00008293,U006578,21-06-2025,23:16:50,251.94
O00011468,U005082,10-09-2024,13:45:14,251.94
O00007845,U003213,17-05-2024,03:10:13,251.84
O00006304,U004441,13-08-2024,17:28:43,251.79
O00019325,U006936,27-11-2024,22:43:29,251.75
O00002943,U009987,17-12-2024,01:10:29,251.74
O00002117,U005514,23-08-2025,09:26:30,251.65
O00015775,U004606,03-03-2024,09:28:52,251.52
O00013191,U004668,05-11-2024,11:55:09,251.50
O00008972,U001030,02-11-2024,09:13:18,251.36
O00003566,U008202,25-10-2024,08:43:58,251.34
O00004209,U003735,10-05-2024,10:42:18,251.31
O00007202,U006124,25-10-2025,00:17:00,251.28
O00013021,U009729,23-04-2025,07:18:12,251.28
O00004504,U004111,04-01-2024,23:39:11,251.16
O00003036,U008207,16-06-2025,14:58:08,251.14
O00014546,U005374,11-03-2024,01:41:29,251.12
O00013877,U002392,15-07-2024,17:15:18,250.98
O00016737,U003887,06-03-2025,09:29:12,250.89
O00018794,U002264,23-11-2024,15:52:28,250.80
O00003721,U002429,04-05-2025,03:11:35,250.79
O00004188,U003874,08-10-2024,18:27:37,250.79
O00008827,U009762,24-10-2024,18:17:55,250.79
O00016038,U001563,10-11-2025,20:14:33,250.79
O00011979,U002837,17-05-2025,20:01:48,250.75
O00009988,U008856,22-03-2024,09:24:01,250.58
O00007624,U005451,11-07-2025,02:43:03,250.56
O00007772,U006179,11-07-2024,16:56:37,250.56
O00010317,U008716,11-10-2024,01:19:07,250.53
O00015624,U008431,09-05-2025,05:27:05,250.53
O00000462,U006724,16-09-2024,06:38:56,250.41
O00000515,U001884,08-03-2024,13:35:55,250.41
O00002184,U001198,03-08-2024,09:41:43,250.41
O00011135,U002206,12-03-2025,03:30:09,250.41
O00011270,U006465,10-04-2024,04:29:18,250.41
O00018265,U008855,08-05-2025,08:38:19,250.41
O00019120,U003200,18-01-2025,12:35:09,250.34
O00007914,U009541,29-10-2025,01:45:46,250.14
O00018734,U002341,28-08-2024,18:02:24,250.14
O00017464,U004125,03-10-2025,10:20:24,250.11
O00006284,U002656,29-01-2024,22:50:46,250.07
O00009860,U005150,08-08-2025,05:06:19,250.07
O00016431,U001112,18-05-2025,22:49:39,250.07
O00012965,U001288,07-11-2024,23:30:13,250.04
O00008917,U003400,30-04-2025,08:59:21,250.00
O00014135,U009912,26-08-2025,01:53:14,249.91
O00011143,U007003,01-07-2025,12:35:35,249.82
O00019107,U008371,21-02-2025,20:02:05,249.82
O00008746,U000352,10-10-2024,05:44:08,249.79
O00005928,U003512,18-08-2024,05:49:39,249.76
O00004828,U003665,25-12-2024,10:16:57,249.74
O00005408,U007912,26-04-2024,19:14:07,249.65
O00019449,U003836,29-10-2024,23:44:22,249.65
O00016655,U007425,09-07-2024,15:29:37,249.61
O00013198,U005832,08-04-2024,05:26:27,249.53
O00009908,U001822,09-08-2025,17:06:31,249.51
O00001455,U002779,11-01-2025,17:46:27,249.48
O00015868,U004395,10-07-2025,21:16:10,249.39
O00009673,U000287,18-10-2025,13:37:33,249.36
O00010315,U002430,26-02-2024,13:32:14,249.36
O00018844,U005178,26-07-2025,16:46:34,249.36
O00004203,U004698,03-09-2025,00:31:26,249.18
O00005781,U003112,23-09-2025,11:41:52,249.14
O00017306,U003289,19-08-2025,18:12:53,249.08
O00001513,U007400,14-05-2024,12:21:56,249.07
O00001955,U002847,22-03-2024,07:52:54,249.07
O00012736,U004746,27-10-2025,23:24:58,249.04
O00010589,U004696,25-06-2024,15:48:25,248.94
O00019545,U000515,28-03-2024,17:26:20,248.92
O00003690,U008651,11-08-2024,20:35:33,248.89
O00002952,U003195,25-10-2024,05:37:26,248.68
O00008895,U006538,24-07-2024,21:23:41,248.55
O00009017,U003729,25-04-2024,08:41:09,248.54
O00016490,U000234,24-12-2024,03:41:14,248.42
O00011386,U000124,01-11-2024,09:27:46,248.41
O00005443,U001367,14-09-2024,17:40:13,248.31
O00011409,U000833,13-11-2025,19:00:11,248.07
O00006176,U001491,25-06-2025,10:23:15,248.05
O00012765,U002672,03-09-2024,19:59:17,248.05
O00018182,U003290,24-05-2024,22:21:15,248.04
O00003911,U001275,09-02-2024,10:05:37,247.99
O00011148,U003636,09-11-2025,15:05:43,247.96
O00009812,U000072,16-12-2024,23:13:33,247.88
O00006759,U008540,02-08-2025,06:41:28,247.86
O00019329,U008025,04-02-2025,10:11:32,247.84
O00018329,U004379,11-04-2025,20:31:43,247.81
O00010224,U008733,14-06-2025,20:01:46,247.78
O00003180,U005397,12-07-2025,15:56:05,247.77
O00001713,U007996,03-11-2024,14:22:14,247.50
O00006656,U007116,27-09-2025,12:46:25,247.47
O00018602,U004946,11-10-2025,04:36:20,247.47
O00002826,U008424,13-05-2025,14:20:00,247.43
O00018260,U000895,05-09-2024,13:00:43,247.43
O00019069,U009798,20-07-2024,12:38:10,247.43
O00016073,U006330,09-09-2024,12:09:15,247.42
O00006893,U007880,06-09-2025,04:16:54,247.25
O00001103,U000010,30-04-2025,14:57:05,247.20
O00005568,U000374,02-12-2024,11:43:44,247.17
O00006794,U008915,21-07-2025,00:43:21,247.13
O00008952,U005471,23-02-2025,22:44:03,247.12
O00017909,U000029,14-04-2025,07:00:06,247.10
O00018064,U007667,03-12-2024,09:52:25,247.07
O00004477,U000801,21-04-2025,23:18:09,247.02
O00008948,U001635,07-09-2024,23:24:07,246.95
O00009498,U005376,18-01-2025,21:55:48,246.95
O00016998,U002756,16-03-2024,17:36:37,246.90
O00011482,U008917,31-07-2025,02:38:30,246.85
O00007708,U006921,29-09-2025,14:39:27,246.72
O00000182,U009225,11-02-2024,07:01:40,246.70
O00005454,U005259,04-05-2025,21:31:24,246.48
O00011561,U008263,21-09-2025,18:28:09,246.47
O00019151,U009990,07-03-2025,03:52:51,246.43
O00011541,U001053,23-10-2025,15:24:58,246.40
O00009225,U009932,31-10-2024,02:09:28,246.38
O00007258,U007149,22-01-2024,02:07:31,246.31
O00003782,U004938,04-01-2025,16:40:42,246.05
O00006121,U002746,19-09-2024,01:12:52,245.96
O00008172,U002809,19-08-2024,13:13:45,245.91
O00017918,U004785,07-10-2024,02:22:50,245.86
O00009305,U005439,15-03-2024,10:05:22,245.80
O00018053,U006697,06-07-2025,22:22:55,245.69
O00019761,U002701,20-05-2024,20:32:20,245.65
O00006978,U005627,06-04-2024,03:12:26,245.62
O00012634,U006935,23-11-2024,23:28:30,245.60
O00008253,U007816,29-05-2024,08:19:16,245.45
O00006086,U009850,06-11-2024,09:50:48,245.42
O00018886,U005045,11-07-2024,07:05:22,245.42
O00012974,U001343,30-01-2025,12:09:03,245.34
O00003751,U004849,20-02-2024,10:31:54,245.24
O00013515,U002056,07-06-2024,09:53:54,245.23
O00012605,U002868,21-07-2024,13:07:20,245.21
O00001033,U008666,23-06-2025,18:15:48,245.20
O00006094,U002066,19-06-2024,18:28:51,245.20
O00009027,U008261,19-08-2024,11:40:31,245.16
O00003458,U003214,26-06-2025,18:33:11,245.04
O00011493,U004422,22-03-2025,21:59:16,244.97
O00006272,U007125,20-05-2025,01:23:38,244.95
O00010144,U002219,15-05-2024,02:40:30,244.91
O00009203,U003591,18-04-2025,15:11:18,244.74
O00016591,U009091,10-08-2025,11:39:35,244.71
O00014042,U001669,06-10-2025,22:13:16,244.70
O00002079,U000127,15-10-2024,05:57:07,244.68
O00006936,U008479,22-09-2025,09:46:53,244.67
O00007588,U006384,13-04-2024,01:18:02,244.57
O00000604,U001570,21-06-2024,18:46:58,244.44
O00013126,U006174,20-07-2024,11:54:18,244.44
O00013145,U007909,17-11-2024,10:09:32,244.40
O00009836,U007901,04-05-2024,08:55:11,244.36
O00015307,U002062,11-10-2025,02:03:59,244.36
O00018204,U009766,26-09-2025,22:49:12,244.36
O00009987,U005488,24-02-2024,20:41:21,244.31
O00001537,U009560,15-10-2025,19:02:22,244.29
O00008464,U005280,14-11-2025,02:19:54,244.29
O00011705,U005573,07-06-2025,03:00:51,244.29
O00016563,U005463,28-10-2024,00:27:49,244.29
O00006197,U005008,18-12-2024,22:41:23,244.27
O00008559,U004199,16-04-2024,00:40:28,244.18
O00001464,U009827,08-04-2025,10:35:13,244.16
O00001619,U002995,01-04-2025,18:38:17,244.16
O00009009,U002870,25-02-2025,09:08:28,244.16
O00014425,U006492,26-09-2025,01:12:19,244.16
O00018680,U005394,04-02-2024,07:43:47,244.16
O00008258,U001893,24-09-2025,13:00:50,244.08
O00002375,U004095,07-11-2025,12:21:45,244.05
O00016150,U008242,01-08-2024,19:43:32,244.02
O00006584,U002329,26-08-2025,09:26:04,243.96
O00007341,U004902,01-03-2024,17:58:07,243.96
O00017247,U002248,29-09-2024,05:41:54,243.94
O00011331,U004211,08-11-2024,12:58:43,243.88
O00007497,U004607,03-03-2024,16:38:18,243.85
O00010469,U007726,04-02-2025,20:00:12,243.82
O00008637,U000079,26-06-2024,16:47:26,243.77
O00006083,U006117,20-11-2024,15:15:15,243.76
O00019817,U004741,18-11-2024,14:18:10,243.71
O00014866,U005179,21-07-2025,17:00:07,243.62
O00004470,U005413,28-03-2024,14:04:52,243.58
O00004212,U003397,19-09-2024,16:26:14,243.43
O00012921,U007766,21-07-2025,23:20:01,243.43
O00017957,U006383,07-01-2024,10:46:45,243.43
O00005614,U008002,30-10-2024,14:35:15,243.42
O00009771,U002549,12-03-2025,03:25:22,243.37
O00000336,U002963,23-09-2024,02:45:03,243.35
O00003005,U005504,29-01-2025,11:53:06,243.33
O00011912,U008660,18-04-2024,19:07:35,243.31
O00007463,U006741,14-06-2024,00:29:11,243.30
O00001371,U002114,05-10-2024,17:00:58,243.28
O00010527,U008815,18-01-2025,03:05:20,243.26
O00019526,U005809,01-11-2024,12:07:25,243.21
O00017204,U003817,19-02-2025,21:21:24,243.18
O00002152,U002267,08-02-2024,01:31:53,243.17
O00005625,U002367,30-01-2025,00:44:21,243.04
O00011956,U008452,19-06-2025,12:34:45,243.03
O00016992,U007755,07-07-2024,16:52:50,243.03
O00015839,U004489,18-08-2025,03:28:28,242.83
O00013938,U001153,03-05-2025,03:55:04,242.82
O00019703,U008308,03-11-2024,22:11:01,242.79
O00018874,U004999,05-11-2024,13:41:43,242.77
O00004218,U001558,16-09-2024,12:53:52,242.73
O00019877,U004813,01-02-2024,06:33:22,242.70
O00013520,U007902,05-09-2024,22:31:51,242.66
O00003551,U006374,25-09-2025,12:24:09,242.52
O00014857,U007863,17-01-2025,23:00:47,242.52
O00000310,U003419,24-07-2024,16:29:19,242.47
O00006720,U003451,28-12-2024,19:14:27,242.37
O00002482,U008791,20-03-2024,03:04:35,242.34
O00008354,U006357,30-09-2024,12:57:42,242.34
O00019389,U007535,10-06-2024,09:22:25,242.34
O00016918,U007828,27-06-2025,16:54:21,242.13
O00018115,U007906,13-03-2025,21:52:41,242.13
O00019073,U001959,14-11-2024,01:58:27,242.12
O00002239,U003323,23-01-2024,11:00:23,242.11
O00016480,U007954,31-05-2024,15:41:36,242.11
O00010606,U001702,21-04-2024,22:14:07,242.04
O00016251,U003459,06-12-2024,16:00:59,242.04
O00017408,U008085,21-08-2024,13:27:47,242.03
O00008128,U001193,28-02-2024,19:01:49,241.98
O00015064,U008529,25-03-2025,23:27:24,241.98
O00007944,U008781,23-08-2025,23:52:12,241.94
O00018572,U008599,04-05-2025,13:50:46,241.90
O00001650,U000978,13-05-2025,04:28:47,241.88
O00013342,U001627,07-01-2025,13:55:12,241.88
O00000504,U007866,08-03-2025,15:09:22,241.87
O00007699,U006813,09-10-2025,15:07:38,241.85
O00006815,U006273,01-04-2024,18:48:43,241.79
O00004993,U002007,08-02-2024,17:21:52,241.76
O00011252,U002856,09-02-2024,06:12:00,241.73
O00019626,U009723,09-07-2024,22:49:31,241.73
O00006702,U000788,15-08-2024,19:34:43,241.68
O00011383,U005869,02-01-2024,19:56:04,241.67
O00018222,U002930,15-08-2025,05:19:46,241.67
O00018269,U000180,26-03-2024,20:18:07,241.64
O00006569,U000149,30-10-2024,00:19:00,241.62
O00004003,U008257,24-06-2024,21:36:19,241.50
O00009959,U002473,06-02-2024,18:20:50,241.49
O00001432,U003463,06-10-2025,05:37:37,241.48
O00009820,U004943,27-02-2024,23:21:28,241.45
O00016610,U005872,01-12-2024,11:41:10,241.40
O00003559,U002237,23-03-2025,04:43:28,241.36
O00010713,U004923,30-08-2024,09:50:36,241.23
O00003691,U000175,08-12-2024,06:13:46,241.13
O00012564,U009140,26-03-2024,18:34:14,241.09
O00010985,U007061,04-03-2025,03:33:53,241.01
O00010786,U006408,13-08-2025,11:28:28,240.91
O00015914,U006368,01-02-2024,19:55:29,240.85
O00017299,U002246,14-06-2024,18:23:42,240.84
O00005755,U001152,01-11-2024,06:06:15,240.79
O00000382,U007177,24-02-2025,08:06:28,240.66
O00001084,U008221,23-04-2024,08:02:15,240.64
O00002224,U002513,26-10-2025,10:49:31,240.64
O00014713,U004619,26-06-2024,22:11:49,240.53
O00015707,U009711,06-04-2024,07:32:33,240.46
O00007792,U009674,28-04-2024,09:35:49,240.30
O00012455,U009153,21-07-2025,09:30:39,239.99
O00006341,U003820,28-02-2024,03:25:04,239.97
O00008146,U000645,01-04-2024,14:39:59,239.90
O00006713,U008061,15-02-2024,06:38:17,239.89
O00016850,U000317,06-01-2025,16:52:03,239.79
O00018203,U000452,15-05-2024,20:42:40,239.79
O00005275,U001235,03-11-2024,09:58:27,239.76
O00002066,U000431,23-01-2025,20:41:41,239.55
O00008621,U005427,05-08-2025,12:18:13,239.55
O00011225,U002149,24-08-2024,13:56:27,239.55
O00016913,U000158,18-02-2025,10:55:54,239.55
O00018652,U005606,11-03-2025,12:26:03,239.55
O00005511,U008784,03-10-2025,13:07:35,239.53
O00017873,U006186,22-10-2025,18:19:18,239.50
O00006979,U008504,23-04-2024,03:22:25,239.49
O00009766,U001927,19-09-2024,14:28:14,239.47
O00002273,U004030,02-04-2024,16:44:57,239.36
O00014331,U003746,13-07-2025,22:04:59,239.32
O00010280,U000688,03-05-2025,13:40:54,239.16
O00003077,U004264,12-09-2024,14:06:27,239.13
O00006058,U004926,27-02-2025,04:09:43,239.05
O00002228,U004064,18-07-2025,11:36:27,239.04
O00001167,U002730,19-04-2025,22:10:59,239.03
O00003863,U007443,26-05-2025,04:29:32,238.91
O00009991,U002847,17-03-2025,07:28:19,238.88
O00001848,U008975,02-09-2025,03:30:30,238.80
O00005048,U007064,17-11-2024,00:18:23,238.79
O00011566,U002472,08-09-2024,13:53:48,238.66
O00018968,U004370,01-08-2025,16:46:23,238.64
O00006159,U006091,05-09-2024,03:28:09,238.61
O00011375,U008340,11-12-2024,16:33:46,238.54
O00009182,U003334,03-04-2025,14:11:02,238.53
O00013232,U006092,10-07-2024,03:48:25,238.53
O00013962,U001214,28-12-2024,08:08:59,238.51
O00000451,U006290,16-09-2025,08:39:03,238.47
O00018758,U003730,22-02-2025,03:17:17,238.42
O00015013,U001799,11-09-2024,20:18:14,238.38
O00001767,U009682,27-07-2025,14:02:20,238.36
O00002693,U006838,02-11-2025,19:18:37,238.36
O00010292,U001865,04-01-2024,02:47:08,238.36
O00012155,U003343,03-02-2024,04:27:08,238.36
O00012381,U008508,02-11-2024,06:06:37,238.36
O00011396,U007445,20-02-2024,13:03:46,238.35
O00014500,U001349,12-06-2024,03:17:55,238.35
O00003450,U000568,05-05-2024,02:45:02,238.30
O00015035,U001485,04-09-2025,11:45:49,238.30
O00017511,U005890,28-03-2025,10:08:07,238.26
O00017068,U009171,14-09-2025,09:32:13,238.22
O00000869,U002392,09-03-2024,00:23:25,238.08
O00002489,U009646,10-11-2024,18:54:54,238.08
O00004684,U002977,01-07-2024,06:27:59,238.05
O00013104,U002376,01-07-2024,19:08:10,238.05
O00000331,U006201,28-01-2025,15:37:38,238.04
O00002536,U005859,17-12-2024,13:39:17,238.04
O00012323,U008691,27-10-2025,13:31:27,238.04
O00014273,U006817,20-09-2025,05:28:05,238.04
O00007184,U003527,14-03-2025,13:28:54,237.96
O00015185,U009810,12-02-2024,03:16:23,237.91
O00010146,U005200,07-09-2024,03:28:01,237.83
O00000352,U003130,05-02-2025,03:54:37,237.79
O00001721,U009371,11-12-2024,12:56:47,237.77
O00008714,U007366,14-06-2025,06:47:25,237.68
O00011061,U007756,25-08-2024,03:16:47,237.68
O00011933,U007295,27-05-2024,05:31:40,237.68
O00004948,U008760,17-09-2024,17:29:02,237.66
O00001628,U000222,11-06-2025,07:55:25,237.62
O00019716,U004203,08-01-2024,06:38:54,237.52
O00018620,U005581,19-04-2024,07:00:21,237.51
O00008768,U007274,06-12-2024,07:05:32,237.46
O00001099,U005809,19-07-2025,05:12:25,237.44
O00012692,U008161,16-06-2024,07:10:08,237.26
O00005344,U009236,28-04-2024,00:23:17,237.05
O00009168,U001599,20-02-2024,17:01:18,237.03
O00001770,U002261,28-03-2025,00:05:14,237.02
O00003898,U005175,12-08-2025,23:39:02,237.02
O00011855,U001700,19-09-2025,12:27:29,237.02
O00001201,U009258,30-01-2024,20:00:10,236.97
O00003284,U000924,26-08-2025,23:45:49,236.97
O00007765,U008584,20-09-2025,08:27:27,236.97
O00010038,U008631,03-10-2025,17:41:04,236.97
O00010301,U006582,18-01-2025,18:34:14,236.97
O00011800,U005548,28-08-2025,19:31:21,236.97
O00013556,U002038,13-02-2024,07:55:53,236.97
O00014755,U005289,21-11-2024,04:27:15,236.97
O00017900,U003731,23-02-2025,17:03:33,236.97
O00016572,U004567,13-04-2024,02:10:22,236.87
O00018953,U002930,19-03-2024,02:36:36,236.87
O00017874,U005671,19-06-2024,17:01:59,236.83
O00016473,U004679,03-06-2024,14:21:44,236.82
O00011635,U000596,04-02-2025,23:57:45,236.77
O00012874,U001533,30-07-2024,21:52:19,236.70
O00018514,U008874,04-06-2024,07:41:10,236.70
O00015777,U000021,05-06-2025,23:26:13,236.67
O00002047,U006742,08-02-2025,20:04:12,236.66
O00003234,U004716,15-03-2025,00:04:18,236.66
O00013076,U000796,23-04-2024,16:47:10,236.66
O00010950,U003303,17-02-2025,02:48:22,236.64
O00011126,U008287,19-09-2024,21:16:09,236.62
O00003777,U003174,13-07-2025,05:02:40,236.55
O00010027,U009568,19-06-2024,06:49:34,236.52
O00012999,U004177,28-03-2025,23:45:08,236.37
O00011369,U003119,04-07-2025,01:49:19,236.35
O00013580,U007354,03-03-2025,05:35:25,236.34
O00018229,U003043,10-01-2025,06:32:14,236.34
O00019961,U008741,05-07-2025,11:51:04,236.34
O00012193,U001122,27-11-2024,18:55:55,236.24
O00019241,U000616,31-03-2025,08:47:21,236.22
O00010967,U003460,12-07-2025,14:01:50,236.06
O00004545,U007841,16-08-2025,06:29:20,236.04
O00006462,U001216,31-07-2024,00:06:36,236.03
O00006518,U001379,19-09-2024,07:27:02,235.98
O00017726,U000850,02-10-2025,01:08:39,235.87
O00001021,U006893,20-12-2024,05:15:22,235.84
O00001140,U006508,10-01-2024,20:12:25,235.83
O00006353,U008471,09-11-2025,09:24:54,235.79
O00013223,U006330,07-09-2025,13:19:11,235.77
O00001555,U008514,28-04-2024,08:53:52,235.70
O00001282,U001709,10-05-2024,02:06:46,235.69
O00009284,U001529,15-10-2024,07:24:23,235.65
O00019834,U003571,30-10-2024,18:07:02,235.63
O00007945,U003758,03-10-2024,17:04:27,235.58
O00006179,U003088,29-12-2024,14:16:15,235.57
O00015393,U001672,02-11-2025,10:08:56,235.51
O00006245,U001711,01-03-2024,08:02:30,235.46
O00007649,U006608,10-04-2024,06:47:14,235.46
O00019294,U007965,26-09-2025,18:48:16,235.46
O00019544,U002469,09-05-2024,05:29:58,235.45
O00006805,U008455,23-03-2024,08:59:33,235.44
O00008947,U007835,22-05-2024,22:15:32,235.43
O00000892,U008148,18-07-2024,22:47:40,235.42
O00001237,U003384,01-01-2025,19:13:09,235.42
O00005340,U001880,03-05-2024,08:01:08,235.39
O00003734,U008439,21-07-2024,00:23:09,235.32
O00003909,U001918,13-11-2025,22:41:56,235.30
O00016458,U000071,04-12-2024,17:59:21,235.26
O00014766,U000371,30-07-2025,09:45:29,235.21
O00004174,U008267,19-09-2024,16:23:59,235.11
O00010674,U002741,19-05-2025,14:21:39,235.11
O00017133,U000115,23-02-2025,17:35:48,235.09
O00000603,U009527,06-06-2025,07:57:50,235.08
O00004217,U008066,13-06-2025,07:39:11,235.08
O00007826,U007779,21-02-2025,22:58:50,235.07
O00016829,U002918,07-03-2025,20:39:39,235.06
O00007265,U009179,24-08-2024,14:53:44,235.02
O00003497,U008957,10-07-2025,08:07:51,234.99
O00008633,U005854,07-10-2025,15:26:55,234.99
O00014958,U001392,02-10-2024,00:16:42,234.99
O00006412,U007615,15-03-2024,10:17:45,234.91
O00007427,U009105,09-03-2024,20:33:11,234.84
O00015558,U004269,29-04-2024,14:29:36,234.80
O00003509,U004398,23-02-2025,08:28:58,234.66
O00006630,U004971,06-08-2024,02:42:27,234.60
O00002093,U003542,30-06-2025,08:05:10,234.57
O00017702,U002125,02-11-2025,02:47:01,234.49
O00015594,U009166,15-01-2024,05:36:37,234.48
O00015873,U007598,14-01-2024,13:45:53,234.48
O00002398,U000112,11-01-2025,03:25:47,234.41
O00001291,U005551,01-10-2025,13:47:07,234.34
O00010157,U002850,26-10-2024,09:00:36,234.33
O00010923,U007570,13-05-2025,09:01:38,234.33
O00013827,U007100,22-08-2024,02:39:59,234.27
O00002665,U005059,03-10-2025,21:22:51,234.25
O00017008,U007127,05-10-2024,20:59:56,234.24
O00005566,U004613,13-05-2025,17:10:52,234.20
O00014829,U009586,01-12-2024,05:09:58,234.18
O00017699,U004536,31-01-2025,15:51:12,234.18
O00005940,U003668,06-06-2025,06:32:52,234.12
O00010749,U001019,23-03-2025,22:09:19,234.11
O00016477,U005272,08-07-2024,23:40:44,234.03
O00016415,U006124,03-10-2025,13:55:01,234.01
O00006883,U007689,11-04-2024,11:31:59,233.97
O00006496,U002767,05-05-2025,08:58:52,233.94
O00013617,U001158,28-12-2024,17:51:43,233.91
O00007293,U004903,28-11-2024,00:00:45,233.87
O00004770,U002076,10-07-2025,09:13:29,233.86
O00010163,U009150,27-07-2025,10:38:22,233.85
O00013437,U002115,11-04-2024,20:37:03,233.80
O00004674,U009221,20-04-2025,23:45:21,233.73
O00006823,U003022,12-08-2024,13:07:41,233.70
O00009801,U004918,26-04-2024,11:52:53,233.70
O00013216,U000474,20-07-2024,14:14:28,233.70
O00014171,U001483,28-03-2024,04:49:12,233.70
O00016837,U000438,09-05-2024,10:13:28,233.70
O00019579,U008430,08-06-2025,09:03:12,233.70
O00003790,U004017,05-09-2025,20:14:29,233.67
O00013455,U009168,10-02-2025,19:29:38,233.60
O00012345,U001054,03-11-2024,16:26:49,233.58
O00017208,U000688,18-02-2025,16:53:51,233.54
O00005574,U001116,06-04-2025,03:02:36,233.49
O00001259,U003862,14-02-2025,20:09:33,233.45
O00014737,U009171,12-01-2025,11:29:29,233.45
O00008297,U003699,12-10-2024,05:53:00,233.44
O00013256,U005106,16-10-2024,22:53:18,233.20
O00005307,U000836,20-06-2024,20:26:44,233.18
O00015006,U006453,11-03-2024,13:18:41,233.13
O00005952,U002836,12-07-2024,00:52:20,233.03
O00000203,U007282,05-10-2024,14:45:10,232.98
O00000577,U009068,24-05-2024,04:39:05,232.89
O00014582,U007007,04-10-2025,22:03:06,232.89
O00013539,U008642,14-05-2024,20:23:45,232.80
O00000765,U002884,09-11-2024,14:55:20,232.61
O00004114,U003330,25-07-2025,00:49:48,232.56
O00004808,U008063,19-07-2025,14:56:47,232.50
O00017552,U000338,04-10-2025,10:28:07,232.48
O00009216,U009599,05-09-2025,06:21:56,232.39
O00001477,U007558,09-01-2024,18:13:21,232.38
O00013412,U004736,13-10-2024,19:41:32,232.34
O00019119,U003824,10-10-2024,06:14:02,232.32
O00012376,U007595,10-04-2024,04:23:51,232.26
O00006141,U001247,14-09-2025,07:07:33,232.25
O00012711,U000375,09-01-2025,09:44:26,232.25
O00012747,U003632,09-07-2025,06:02:32,232.08
O00018354,U004236,15-12-2024,00:14:59,232.06
O00016824,U009604,08-05-2024,13:09:50,232.03
O00008319,U000356,19-08-2025,14:54:01,231.84
O00015017,U002782,15-04-2024,21:06:44,231.84
O00017126,U005993,14-09-2025,19:08:07,231.84
O00001717,U002575,08-01-2025,12:22:03,231.83
O00000118,U007481,26-09-2024,09:42:38,231.80
O00014536,U001517,19-07-2024,21:15:54,231.80
O00000854,U009786,26-01-2024,08:50:24,231.79
O00004912,U003115,30-09-2025,08:36:03,231.74
O00016613,U005161,16-10-2025,01:25:09,231.66
O00005603,U003386,24-06-2025,16:53:08,231.63
O00006329,U000498,12-07-2024,08:01:31,231.62
O00008312,U003479,27-08-2025,08:28:40,231.62
O00005126,U002678,25-06-2024,10:41:09,231.59
O00013318,U009833,21-10-2025,13:32:50,231.51
O00004696,U006916,03-06-2024,15:37:53,231.49
O00009721,U003995,06-01-2024,14:17:33,231.49
O00014514,U007196,07-05-2024,11:47:19,231.49
O00017374,U004279,17-04-2024,12:00:51,231.49
O00015343,U004318,28-05-2024,16:07:58,231.38
O00002722,U000837,23-01-2024,06:32:48,231.30
O00008039,U003262,23-05-2024,22:49:14,231.26
O00014101,U006083,04-09-2024,00:20:16,231.26
O00015494,U002419,12-01-2024,07:05:31,231.26
O00017418,U001990,16-09-2024,19:57:00,231.15
O00017789,U002244,04-04-2025,01:34:57,231.15
O00018512,U003089,16-03-2024,02:51:05,231.15
O00006138,U001550,18-05-2024,21:05:23,231.08
O00010011,U004887,26-07-2025,03:49:14,231.06
O00002316,U009380,16-11-2024,19:34:18,231.05
O00011670,U000633,07-10-2025,12:33:05,231.05
O00002226,U006759,14-01-2024,03:14:49,231.03
O00016954,U006743,01-07-2024,15:42:16,231.00
O00015607,U007395,25-06-2025,16:33:21,230.98
O00003795,U009630,13-04-2024,05:31:03,230.97
O00013842,U000389,22-01-2024,17:41:03,230.92
O00001704,U001973,18-11-2024,16:04:31,230.79
O00016402,U007334,08-08-2025,12:25:56,230.75
O00006109,U002179,09-10-2024,23:42:16,230.74
O00011883,U005402,29-10-2025,22:53:26,230.74
O00018633,U001785,06-03-2025,18:51:07,230.69
O00005134,U003802,15-02-2025,19:26:29,230.66
O00012300,U005500,29-02-2024,03:24:09,230.57
O00006841,U003968,01-04-2025,17:49:11,230.48
O00001613,U003174,23-05-2025,09:54:33,230.45
O00013728,U000360,24-02-2025,10:36:32,230.41
O00017339,U008635,26-02-2024,04:47:03,230.34
O00000559,U009793,13-08-2024,07:45:42,230.32
O00018921,U008092,03-08-2024,14:49:39,230.28
O00005062,U002628,25-08-2024,12:08:16,230.15
O00015633,U001376,10-05-2025,06:42:50,230.10
O00012414,U006823,22-04-2025,20:41:54,230.03
O00018471,U006621,11-07-2024,08:11:24,229.98
O00014708,U000130,26-03-2024,18:55:38,229.91
O00008343,U005244,07-04-2025,21:58:08,229.80
O00017281,U002298,21-04-2024,02:01:52,229.68
O00015510,U005931,21-04-2024,00:34:37,229.67
O00001050,U007850,31-12-2024,01:02:17,229.48
O00015850,U000979,03-08-2025,22:15:50,229.47
O00002960,U008540,20-07-2024,19:19:13,229.38
O00004221,U003630,17-03-2025,08:19:20,229.36
O00005607,U008057,01-02-2024,08:05:23,229.32
O00013028,U006706,26-10-2024,22:45:32,229.32
O00009797,U008373,28-07-2025,04:14:36,229.30
O00015153,U007912,09-07-2024,00:44:53,229.27
O00010421,U001639,03-03-2024,09:35:56,229.25
O00012800,U008288,16-09-2024,15:21:21,229.20
O00012222,U007882,19-04-2024,11:28:52,229.15
O00000999,U002915,27-06-2025,23:22:45,229.12
O00017171,U005428,10-11-2024,07:18:24,229.12
O00000056,U003377,13-01-2024,09:15:19,229.11
O00009055,U008454,30-07-2024,05:12:50,229.08
O00000009,U000610,29-10-2025,07:00:11,229.02
O00011150,U005878,11-05-2024,20:21:27,229.02
O00014718,U008457,07-06-2024,01:14:06,228.98
O00012225,U009442,12-12-2024,12:06:39,228.95
O00007781,U008049,28-08-2024,16:50:50,228.90
O00009484,U001170,15-06-2025,21:23:59,228.80
O00013492,U001518,03-09-2024,04:19:19,228.80
O00015407,U004196,03-10-2024,18:49:25,228.80
O00010955,U007645,05-03-2024,23:59:31,228.69
O00011544,U005227,26-04-2025,06:04:16,228.69
O00008836,U005073,07-01-2025,00:34:55,228.65
O00019982,U002640,11-05-2025,14:42:10,228.65
O00010444,U007250,26-02-2025,10:13:59,228.64
O00008893,U000288,27-08-2025,04:29:47,228.61
O00008207,U004157,10-05-2024,02:55:18,228.58
O00009980,U006397,18-11-2024,23:02:40,228.51
O00001427,U003632,29-01-2024,03:59:42,228.48
O00005976,U007452,18-01-2024,00:39:01,228.48
O00015192,U002199,19-05-2025,21:21:09,228.41
O00005491,U002863,15-10-2025,10:00:29,228.40
O00001913,U003948,03-03-2024,21:54:32,228.38
O00003536,U003675,30-08-2025,04:42:58,228.38
O00018279,U007898,10-09-2025,22:25:45,228.38
O00008213,U005128,08-04-2025,02:27:48,228.35
O00002555,U006916,27-09-2024,10:01:15,228.34
O00011590,U000343,14-06-2024,12:43:20,228.26
O00000718,U006167,21-02-2025,15:52:20,228.19
O00008355,U005635,03-10-2025,20:50:41,228.10
O00016211,U004531,24-02-2025,09:38:56,228.09
O00001748,U009772,05-01-2025,20:06:27,228.08
O00002272,U009242,21-05-2025,21:30:18,228.06
O00006636,U008264,15-04-2024,21:50:32,228.06
O00010437,U004775,16-01-2025,03:37:06,227.96
O00003110,U003565,17-01-2024,15:06:26,227.93
O00007318,U002974,11-08-2025,08:00:28,227.93
O00002028,U000218,24-09-2024,03:56:19,227.87
O00019779,U005610,24-05-2025,03:49:32,227.85
O00003650,U009512,09-10-2024,22:46:43,227.79
O00009621,U005616,08-06-2025,20:58:20,227.75
O00004123,U004450,30-04-2024,22:32:07,227.50
O00006956,U005644,08-10-2024,23:04:36,227.50
O00000017,U006684,05-08-2024,20:28:39,227.48
O00002430,U004821,02-07-2025,17:40:18,227.36
O00019209,U003795,08-02-2024,14:09:32,227.35
O00012044,U002533,23-12-2024,23:44:19,227.34
O00004820,U009562,21-05-2025,19:22:27,227.32
O00012171,U006991,08-08-2025,10:13:00,227.28
O00012880,U009240,08-04-2024,01:12:45,227.28
O00003854,U009892,12-06-2025,00:42:16,227.24
O00019181,U007143,03-08-2025,14:58:08,227.23
O00001917,U003625,18-09-2025,22:01:35,227.12
O00016391,U004829,03-07-2024,11:37:31,227.11
O00015374,U005190,24-04-2025,00:18:00,227.01
O00018195,U006622,22-05-2025,04:01:46,227.00
O00006310,U009376,17-01-2025,19:25:50,226.88
O00006654,U006749,07-02-2024,20:50:09,226.88
O00011542,U004236,25-07-2025,20:55:17,226.87
O00017543,U001522,24-05-2024,21:10:56,226.85
O00018788,U009389,24-08-2025,06:33:50,226.85
O00001553,U001176,04-08-2024,20:47:16,226.78
O00019509,U002959,31-07-2024,14:07:11,226.72
O00018067,U004692,21-01-2025,20:19:31,226.67
O00011801,U002218,16-03-2025,12:17:17,226.51
O00016783,U007048,12-07-2024,04:17:36,226.49
O00014815,U000999,23-03-2024,21:11:35,226.48
O00001465,U004086,03-10-2024,20:18:08,226.46
O00012783,U000111,21-07-2025,19:50:28,226.46
O00007974,U000736,27-06-2024,23:49:39,226.41
O00007361,U004232,16-06-2024,12:15:59,226.36
O00016214,U002914,09-01-2024,18:59:17,226.36
O00000241,U000462,01-09-2025,01:33:51,226.31
O00010073,U000264,23-10-2025,03:31:18,226.31
O00015663,U000842,21-06-2025,12:46:15,226.28
O00010343,U003382,26-12-2024,12:50:01,226.26
O00006061,U001590,21-07-2024,18:04:45,226.24
O00008866,U009968,22-05-2024,05:58:08,226.24
O00011484,U009591,08-04-2024,05:43:18,226.24
O00015422,U007745,22-05-2024,02:58:29,226.24
O00016936,U003466,12-04-2024,02:27:38,226.24
O00017275,U007550,24-08-2024,14:34:30,226.24
O00019351,U000141,28-09-2025,23:54:04,226.24
O00019594,U007816,24-10-2024,09:54:51,226.24
O00001675,U000677,10-11-2025,22:31:38,226.20
O00008030,U003195,02-01-2024,16:04:16,226.20
O00010678,U000774,09-02-2025,23:27:38,226.17
O00001897,U002856,01-11-2024,04:05:34,226.14
O00000103,U008095,08-11-2024,16:45:07,226.13
O00004833,U008570,05-06-2024,00:14:35,226.12
O00016914,U002993,12-05-2025,23:00:12,226.00
O00000050,U008607,21-09-2024,00:41:16,225.99
O00006147,U005653,05-03-2025,05:20:48,225.99
O00012672,U001151,06-04-2024,23:55:01,225.99
O00016580,U006323,12-10-2025,02:04:56,225.99
O00018108,U006657,06-05-2024,22:33:25,225.99
O00014235,U002171,23-09-2025,06:58:44,225.92
O00004288,U001746,11-01-2024,22:54:08,225.87
O00006010,U001588,20-09-2024,07:16:00,225.87
O00009654,U000713,15-02-2025,06:40:09,225.87
O00017108,U008884,06-09-2024,01:54:05,225.74
O00007550,U009809,26-04-2024,17:38:13,225.66
O00013971,U001328,06-02-2025,09:12:43,225.61
O00018611,U005317,03-11-2025,08:14:35,225.59
O00019749,U007751,07-05-2024,06:47:15,225.54
O00007319,U006136,13-07-2024,12:11:52,225.50
O00009381,U006032,24-08-2024,09:54:44,225.49
O00013175,U004642,15-10-2025,04:27:16,225.42
O00001130,U007151,05-03-2025,05:58:35,225.30
O00015971,U002050,25-08-2025,10:49:06,225.24
O00002363,U008848,17-11-2024,18:23:40,225.23
O00011510,U000396,06-12-2024,16:02:09,225.23
O00005524,U005913,23-08-2024,13:00:07,225.20
O00013077,U008166,06-02-2024,09:24:44,225.20
O00005902,U008297,05-07-2024,21:59:18,225.14
O00010492,U009061,17-03-2024,13:15:57,225.08
O00002746,U001282,28-05-2024,00:27:44,225.05
O00004860,U004840,04-09-2025,22:05:29,225.01
O00008122,U005863,15-02-2024,03:57:06,225.00
O00014884,U009681,22-08-2024,07:46:40,225.00
O00019192,U007358,14-03-2024,08:11:06,225.00
O00002885,U005507,03-09-2024,07:14:05,224.93
O00019798,U007685,20-04-2024,03:39:26,224.87
O00001038,U000565,20-06-2025,13:09:44,224.85
O00004285,U006966,28-10-2025,04:13:45,224.84
O00002982,U004923,13-09-2025,07:50:54,224.82
O00005120,U000899,13-09-2024,22:58:36,224.76
O00008602,U001604,27-08-2025,13:45:05,224.75
O00006840,U005228,26-11-2024,17:18:08,224.74
O00007655,U007402,18-11-2024,02:42:29,224.74
O00001624,U000919,06-11-2024,15:43:41,224.63
O00017371,U005441,22-02-2024,11:01:19,224.46
O00006782,U006060,12-08-2025,08:47:53,224.44
O00012266,U006279,26-06-2025,12:47:48,224.44
O00002780,U005628,05-08-2025,20:32:23,224.43
O00010529,U001409,20-08-2024,08:43:08,224.43
O00014798,U006309,08-01-2025,20:14:10,224.43
O00018630,U009517,15-04-2024,16:55:18,224.43
O00018748,U002264,20-08-2025,08:50:18,224.38
O00006042,U007316,06-05-2025,10:50:36,224.01
O00009649,U007194,26-04-2025,21:48:11,224.01
O00012784,U007864,08-01-2024,07:58:39,224.01
O00012993,U007863,03-06-2025,10:30:52,224.01
O00016112,U007312,03-08-2024,17:27:15,224.01
O00002413,U006424,25-05-2025,05:47:29,223.96
O00010602,U000787,11-06-2025,18:05:37,223.92
O00016997,U005095,20-08-2024,06:45:05,223.92
O00004024,U000014,25-03-2025,02:39:46,223.90
O00005673,U002923,31-07-2025,12:38:57,223.87
O00014292,U003423,25-02-2024,18:35:20,223.83
O00011562,U009423,10-02-2025,10:57:32,223.82
O00007906,U006777,14-07-2025,23:05:02,223.80
O00015436,U008192,06-05-2025,06:47:49,223.76
O00009494,U003073,05-10-2024,15:12:49,223.69
O00012101,U005601,15-09-2024,06:21:45,223.62
O00009359,U002201,09-03-2024,03:44:40,223.58
O00000740,U004443,08-03-2024,04:02:08,223.52
O00001871,U000564,08-11-2024,06:24:35,223.32
O00011940,U004957,13-06-2025,04:36:25,223.30
O00010192,U007357,18-02-2024,17:06:58,223.28
O00012092,U009866,06-03-2025,21:54:42,223.28
O00006328,U006985,03-12-2024,11:22:42,223.21
O00008070,U004062,29-05-2025,17:58:51,223.11
O00010162,U008532,28-09-2024,00:11:22,223.09
O00016275,U000295,05-11-2025,07:39:29,223.09
O00001381,U004273,07-05-2024,23:41:47,223.08
O00001751,U007092,07-03-2024,06:53:35,223.08
O00018584,U006102,12-10-2025,16:18:34,223.08
O00000965,U004245,11-04-2024,09:40:39,223.07
O00001438,U009956,30-12-2024,23:43:06,222.94
O00000938,U006729,12-12-2024,18:38:44,222.92
O00000915,U003004,25-08-2024,19:11:45,222.86
O00010370,U001264,10-07-2024,06:34:54,222.85
O00019036,U008762,14-08-2025,05:03:16,222.84
O00010308,U005544,19-07-2024,17:51:01,222.80
O00013195,U006357,16-08-2025,11:29:47,222.74
O00007274,U003066,09-01-2024,06:04:24,222.69
O00008015,U001079,26-07-2025,12:54:03,222.67
O00004138,U005488,04-01-2025,15:12:03,222.65
O00013593,U001537,10-06-2024,20:28:46,222.62
O00014590,U003957,29-05-2024,22:19:42,222.46
O00003470,U000132,26-02-2025,07:49:28,222.45
O00015638,U002981,31-10-2024,10:01:59,222.44
O00004911,U002818,29-01-2025,16:51:20,222.30
O00005339,U004719,05-08-2024,11:41:32,222.24
O00016958,U001335,17-07-2025,03:41:15,222.24
O00010768,U001680,15-03-2025,18:29:15,222.21
O00007937,U006229,29-02-2024,15:59:30,222.17
O00000071,U008449,26-05-2025,23:44:42,222.12
O00019466,U006655,28-06-2025,00:16:59,222.12
O00016756,U004811,08-10-2024,14:12:29,221.99
O00007949,U007391,18-08-2024,14:47:29,221.48
O00011203,U000591,25-10-2024,02:05:36,221.44
O00018996,U006075,27-03-2025,01:44:03,221.44
O00001370,U005517,27-05-2025,11:51:19,221.43
O00001182,U006465,07-11-2024,06:09:59,221.26
O00007242,U006976,21-03-2025,22:04:33,221.26
O00013169,U003265,28-08-2024,02:03:06,221.26
O00017937,U001326,18-12-2024,21:13:58,221.26
O00019186,U008000,04-06-2024,04:08:47,221.26
O00019922,U006915,29-07-2024,10:34:50,221.16
O00014672,U009339,06-08-2025,01:35:47,221.13
O00000639,U008489,20-06-2024,20:56:13,221.04
O00014595,U001152,26-03-2024,07:23:29,221.04
O00007603,U003530,08-10-2024,10:34:32,221.03
O00015524,U009348,07-04-2024,01:53:58,220.90
O00008822,U009544,19-10-2024,15:11:16,220.89
O00007084,U004367,26-07-2025,18:26:22,220.87
O00008453,U004943,29-05-2025,06:22:50,220.82
O00005706,U001361,11-08-2025,02:21:55,220.75
O00005061,U007889,29-01-2024,21:50:47,220.67
O00014962,U002739,20-04-2024,02:06:17,220.66
O00004633,U000319,09-01-2025,16:23:42,220.65
O00007564,U005560,28-10-2024,08:01:20,220.65
O00009432,U001285,09-01-2024,02:33:58,220.65
O00012242,U001189,04-11-2024,18:06:40,220.65
O00018945,U005780,28-05-2025,06:35:57,220.64
O00016688,U009006,01-03-2025,02:45:47,220.57
O00001269,U006783,05-03-2025,17:38:12,220.52
O00004313,U000488,10-01-2025,15:14:50,220.52
O00016290,U004567,15-08-2024,07:36:03,220.52
O00017527,U004388,07-06-2024,04:31:04,220.52
O00012204,U002409,15-04-2024,14:26:08,220.47
O00015981,U004513,24-11-2024,03:25:48,220.46
O00003471,U007607,12-06-2025,04:19:04,220.44
O00019753,U000250,17-11-2024,07:46:53,220.40
O00009902,U003782,25-01-2025,20:39:42,220.34
O00004954,U008469,20-07-2024,13:11:49,220.20
O00006668,U003637,23-05-2024,12:58:38,220.17
O00019127,U003210,10-01-2024,04:43:37,220.17
O00008104,U003975,18-04-2025,18:50:49,220.16
O00014742,U000623,25-09-2024,12:46:24,220.14
O00009000,U001681,01-11-2024,23:48:10,220.13
O00003384,U002466,30-08-2024,22:57:45,220.12
O00012287,U000712,20-04-2025,10:32:42,220.06
O00011347,U005850,13-12-2024,16:13:53,219.98
O00010683,U001210,16-01-2025,00:12:52,219.95
O00003949,U003668,03-08-2024,17:50:24,219.84
O00011983,U003138,04-10-2025,23:39:02,219.84
O00012403,U009507,11-01-2024,04:44:38,219.76
O00019946,U009046,24-08-2024,14:25:29,219.76
O00003344,U008342,19-03-2024,07:36:21,219.72
O00008217,U005436,20-06-2024,12:32:03,219.72
O00015577,U007949,20-03-2024,11:51:28,219.72
O00012693,U001157,25-12-2024,19:55:39,219.69
O00017138,U004877,14-10-2024,00:36:02,219.69
O00019166,U005029,04-05-2024,04:59:18,219.68
O00002871,U009345,07-07-2024,14:53:25,219.58
O00008749,U001205,16-12-2024,06:28:14,219.58
O00010760,U008116,23-10-2024,08:09:37,219.58
O00017526,U003314,06-01-2024,11:26:08,219.56
O00009026,U003585,23-01-2024,16:15:19,219.55
O00010831,U000087,08-02-2025,02:06:01,219.54
O00004651,U001802,06-11-2024,21:01:01,219.53
O00009039,U008819,21-09-2024,01:51:59,219.50
O00017924,U007598,09-04-2024,03:19:51,219.46
O00015124,U009240,07-07-2025,16:03:36,219.28
O00018299,U005415,31-05-2024,11:56:34,219.26
O00000993,U002006,09-01-2024,21:54:49,219.24
O00018059,U002638,03-07-2025,06:14:38,219.21
O00001212,U008139,28-12-2024,08:07:57,219.20
O00004848,U004607,27-05-2025,00:24:35,219.10
O00009002,U001275,27-09-2024,12:26:36,218.95
O00011399,U009621,21-06-2024,12:08:54,218.95
O00019801,U001185,23-06-2025,09:54:28,218.84
O00006776,U009464,20-09-2024,22:36:31,218.81
O00009774,U001865,20-07-2024,14:47:48,218.80
O00012154,U008757,15-08-2024,20:49:44,218.74
O00011511,U000143,08-03-2025,03:29:45,218.70
O00019668,U006037,28-01-2025,23:51:24,218.70
O00014295,U007899,03-09-2025,17:56:18,218.67
O00001587,U000510,05-02-2024,02:53:00,218.42
O00000637,U004635,27-09-2025,16:56:57,218.32
O00014028,U004675,03-02-2024,17:11:59,218.32
O00003287,U007712,05-01-2024,16:47:46,218.27
O00001712,U008829,04-03-2025,14:01:23,218.20
O00012334,U004976,14-11-2025,14:30:21,218.14
O00010102,U003072,30-12-2024,18:00:52,218.08
O00012292,U000307,18-03-2024,01:35:14,217.99
O00019224,U002763,18-07-2025,07:22:28,217.94
O00017149,U007387,14-07-2025,22:25:16,217.91
O00012271,U008401,16-06-2024,06:12:28,217.90
O00010204,U008014,05-03-2025,00:09:52,217.88
O00009482,U004845,30-01-2025,09:16:22,217.83
O00005514,U009028,08-02-2025,21:20:50,217.79
O00016218,U003474,02-01-2025,02:41:24,217.70
O00008530,U008559,30-05-2025,00:50:32,217.60
O00014816,U000684,27-10-2024,06:22:43,217.60
O00001501,U002230,25-03-2024,17:35:05,217.47
O00005945,U001424,21-01-2025,00:24:15,217.47
O00015537,U009920,11-04-2024,08:22:22,217.41
O00013727,U008181,15-06-2024,22:53:42,217.38
O00007955,U008510,29-10-2024,16:27:10,217.37
O00001612,U006943,27-05-2024,18:38:12,217.35
O00002037,U004998,31-10-2025,18:37:55,217.35
O00016942,U008149,21-10-2024,21:48:58,217.28
O00008283,U008338,30-03-2025,03:17:02,217.26
O00000959,U002516,15-08-2024,06:06:18,217.20
O00000049,U000067,06-06-2024,06:24:37,217.17
O00017242,U001573,29-05-2024,12:05:00,217.15
O00016607,U000698,05-06-2024,15:03:44,217.14
O00012146,U006125,03-09-2025,18:33:30,217.05
O00015865,U007197,15-03-2024,19:19:39,216.98
O00018083,U003654,02-03-2025,14:04:02,216.91
O00002285,U004270,14-01-2024,03:46:58,216.73
O00019795,U000421,01-09-2024,05:55:29,216.66
O00007537,U000978,05-02-2024,20:22:30,216.65
O00009551,U002431,22-08-2025,16:29:31,216.33
O00010789,U004367,02-05-2024,17:46:56,216.31
O00010862,U000713,01-08-2024,11:49:59,216.24
O00002331,U001131,16-12-2024,03:27:18,215.95
O00015603,U005658,17-05-2025,08:11:56,215.92
O00000178,U006485,14-02-2025,21:03:53,215.91
O00019895,U001205,06-01-2025,09:12:25,215.79
O00000885,U006785,10-01-2025,23:41:24,215.78
O00013676,U008179,05-04-2024,04:20:40,215.73
O00014891,U002106,04-11-2024,12:29:57,215.71
O00017829,U006690,16-11-2024,03:35:15,215.71
O00010904,U004397,27-02-2025,22:37:27,215.69
O00015140,U005543,24-02-2024,02:54:04,215.65
O00015615,U006581,26-06-2024,16:49:07,215.65
O00019678,U008775,09-06-2025,19:59:34,215.65
O00019691,U006638,15-09-2024,21:20:40,215.65
O00002197,U000337,16-07-2024,10:52:24,215.62
O00010545,U002634,02-07-2024,21:31:52,215.62
O00011418,U008021,14-04-2024,03:32:44,215.62
O00013320,U002086,27-11-2024,23:00:14,215.62
O00002449,U008197,02-11-2025,06:13:09,215.60
O00005097,U008824,08-04-2024,21:28:44,215.60
O00005975,U001446,02-08-2025,00:44:43,215.60
O00006188,U000159,28-07-2024,18:45:31,215.60
O00006263,U003879,25-02-2024,07:41:44,215.60
O00011406,U003661,07-10-2024,19:02:19,215.60
O00016912,U005879,12-09-2025,20:10:15,215.60
O00014490,U008744,22-09-2025,15:10:36,215.56
O00015548,U004900,23-05-2025,06:19:24,215.56
O00015779,U008444,05-09-2024,14:22:59,215.56
O00013315,U008635,25-08-2024,07:28:28,215.55
O00002344,U006002,19-04-2024,05:17:50,215.53
O00004009,U007720,05-05-2024,02:35:00,215.50
O00000288,U003951,14-05-2024,05:08:00,215.49
O00019243,U007637,03-09-2024,11:55:47,215.47
O00006865,U001072,27-01-2025,21:50:16,215.39
O00017677,U007460,07-02-2025,10:44:18,215.27
O00010365,U009552,13-03-2024,21:14:25,215.21
O00004493,U001569,15-06-2024,17:14:02,215.10
O00009558,U007870,28-06-2024,07:15:47,215.05
O00008449,U005423,30-04-2024,10:43:42,214.98
O00017028,U009187,20-10-2025,07:41:02,214.97
O00010109,U002536,27-08-2024,20:54:39,214.76
O00007295,U003724,28-06-2024,13:57:38,214.69
O00001863,U003498,19-02-2025,05:08:22,214.66
O00009496,U001058,18-07-2024,10:18:03,214.65
O00007271,U006874,06-09-2025,13:16:22,214.62
O00011707,U008309,31-08-2024,04:41:10,214.62
O00011906,U005970,18-07-2025,22:38:34,214.61
O00002366,U001820,24-03-2024,12:33:48,214.56
O00001164,U008607,15-05-2025,20:57:44,214.40
O00013683,U009071,11-12-2024,04:45:17,214.39
O00002938,U002861,21-03-2025,10:40:13,214.38
O00012954,U002841,10-06-2025,22:38:44,214.33
O00004526,U008268,07-04-2024,06:46:50,214.28
O00012456,U002128,29-07-2024,10:08:18,214.25
O00015953,U007320,25-03-2024,08:38:45,214.23
O00011231,U008868,14-07-2025,03:34:48,214.22
O00013902,U009905,02-12-2024,17:00:32,214.22
O00006628,U002709,09-02-2024,03:44:52,214.17
O00000432,U006937,03-09-2024,09:44:35,214.16
O00018893,U000485,12-08-2024,17:46:21,214.12
O00019125,U005096,30-06-2025,06:23:58,214.02
O00011732,U006539,07-06-2025,10:22:31,214.00
O00002400,U006249,08-09-2024,12:27:02,213.98
O00004451,U003225,25-11-2024,21:36:56,213.98
O00011202,U007638,14-04-2024,17:52:04,213.98
O00017142,U003528,29-09-2024,01:00:20,213.98
O00007571,U009345,20-02-2024,15:06:20,213.95
O00009234,U002881,02-03-2024,07:39:05,213.84
O00002955,U005995,18-10-2024,15:10:43,213.62
O00010030,U001195,08-02-2025,15:57:52,213.62
O00012854,U000508,16-09-2024,10:29:45,213.59
O00005631,U008749,05-09-2025,23:32:14,213.55
O00017173,U006165,05-09-2025,17:38:43,213.42
O00007926,U001218,07-12-2024,07:57:31,213.25
O00016090,U008050,11-03-2025,16:43:54,213.25
O00013464,U008395,26-05-2025,22:26:42,213.15
O00002424,U003359,04-05-2024,04:27:23,213.11
O00004692,U001850,03-01-2025,16:52:08,213.04
O00003427,U008279,24-08-2024,08:36:17,213.00
O00008097,U000295,03-03-2024,16:00:08,212.95
O00013414,U008347,01-01-2024,17:19:16,212.76
O00009273,U005670,15-06-2024,18:19:24,212.68
O00009614,U005187,26-09-2024,03:03:18,212.67
O00018037,U003497,06-09-2025,03:08:38,212.63
O00016652,U004919,18-08-2025,13:18:23,212.60
O00014738,U008859,01-03-2025,21:31:15,212.50
O00002918,U004176,11-12-2024,14:43:28,212.46
O00005739,U002325,10-07-2025,06:43:08,212.46
O00004718,U007103,12-08-2025,14:39:29,212.29
O00011917,U004475,09-09-2025,17:38:05,212.28
O00009387,U008349,23-06-2025,23:53:40,212.24
O00004932,U003137,17-06-2024,16:12:26,211.89
O00007606,U005618,29-06-2025,08:57:16,211.81
O00004064,U000640,16-05-2025,01:37:13,211.74
O00013916,U004197,23-03-2025,20:21:47,211.73
O00009924,U003012,22-05-2025,14:15:10,211.71
O00014818,U009964,24-05-2025,07:55:06,211.70
O00009157,U006882,11-03-2025,04:52:29,211.63
O00003385,U008383,07-07-2025,03:20:20,211.61
O00007780,U006180,20-04-2024,00:16:06,211.50
O00015750,U009205,28-07-2025,18:15:58,211.50
O00006480,U008452,16-09-2024,08:02:19,211.42
O00002270,U005058,10-11-2024,21:03:43,211.40
O00017590,U002793,13-09-2025,08:57:07,211.40
O00001399,U002876,27-04-2024,01:46:59,211.39
O00011506,U005435,16-02-2025,02:29:06,211.32
O00018643,U007493,02-07-2025,20:47:20,211.30
O00016631,U000328,08-04-2024,14:39:43,211.23
O00016245,U006261,03-11-2025,21:55:07,211.20
O00012909,U001135,27-02-2025,04:20:55,211.19
O00015174,U000006,05-08-2025,17:50:51,211.09
O00002301,U009531,14-01-2024,21:07:21,211.03
O00006953,U006907,27-07-2024,11:16:02,210.99
O00013763,U001262,29-09-2025,13:54:13,210.99
O00008111,U008128,27-05-2024,13:11:29,210.96
O00015123,U008001,27-09-2025,05:28:55,210.96
O00013559,U008714,06-01-2025,13:11:02,210.85
O00018295,U004839,03-06-2024,01:22:29,210.85
O00014393,U007063,11-03-2025,15:42:40,210.70
O00012176,U000570,31-07-2024,13:41:19,210.69
O00005691,U006815,27-12-2024,17:21:39,210.68
O00005956,U002567,13-07-2024,20:49:29,210.62
O00010439,U006324,19-03-2025,07:21:35,210.58
O00018391,U002302,27-03-2025,11:14:57,210.43
O00015545,U004023,16-11-2024,02:42:09,210.41
O00002309,U006967,11-08-2024,02:23:39,210.39
O00002358,U003640,18-04-2025,22:53:42,210.39
O00002499,U001758,24-06-2025,13:43:11,210.39
O00004923,U006904,08-02-2024,20:33:31,210.39
O00009791,U009119,27-10-2025,23:15:12,210.39
O00016804,U003154,09-08-2024,00:38:07,210.39
O00007101,U001048,08-07-2024,13:12:33,210.28
O00004810,U000870,15-08-2025,20:05:06,210.15
O00006132,U001592,05-02-2024,10:33:34,210.15
O00006200,U008012,04-07-2024,06:48:50,210.15
O00010433,U005149,14-02-2024,23:24:20,210.15
O00014071,U007217,06-01-2025,05:09:40,210.15
O00007598,U005192,14-08-2025,11:46:43,210.13
O00018196,U007209,09-04-2025,13:54:02,210.01
O00001565,U001623,25-03-2024,12:55:13,209.97
O00017060,U009643,14-02-2024,20:57:25,209.92
O00010790,U005556,16-02-2024,11:02:26,209.89
O00019525,U004482,09-02-2025,00:44:41,209.89
O00002964,U006002,27-01-2025,19:31:13,209.76
O00005118,U002898,27-10-2024,18:33:53,209.65
O00018446,U007155,08-11-2025,13:18:07,209.60
O00013919,U004044,02-01-2024,13:27:15,209.57
O00015114,U005259,07-09-2024,21:32:40,209.56
O00000021,U002529,30-07-2025,08:08:33,209.51
O00009890,U005035,07-07-2025,10:25:21,209.43
O00017000,U004180,21-03-2024,16:49:25,209.37
O00011343,U005744,14-09-2024,17:44:39,209.36
O00003114,U009200,09-07-2024,07:12:24,209.33
O00006219,U004806,20-11-2024,05:37:44,209.31
O00002188,U008646,17-08-2024,02:26:53,209.29
O00007015,U006237,09-02-2024,04:38:31,209.25
O00018305,U001628,29-06-2025,18:13:01,209.23
O00015706,U005297,05-06-2024,18:03:19,209.17
O00003148,U005311,23-03-2024,08:10:35,209.10
O00008145,U003723,08-08-2024,11:41:14,209.10
O00009395,U008907,23-12-2024,11:28:09,209.10
O00009728,U004210,05-10-2024,14:41:53,209.10
O00009785,U000053,05-08-2025,00:19:32,209.10
O00009953,U009935,19-01-2024,03:24:23,209.10
O00012197,U006868,13-03-2025,21:55:17,209.10
O00012291,U000843,18-06-2024,04:30:25,209.10
O00018463,U003273,24-04-2024,09:22:44,209.10
O00001116,U001284,12-06-2024,09:14:03,209.08
O00015575,U000606,21-08-2025,18:29:29,209.08
O00007065,U003596,22-09-2025,12:11:33,209.07
O00017598,U004077,28-08-2024,23:56:54,209.06
O00001301,U008876,21-10-2025,16:38:11,208.92
O00008409,U007299,23-07-2025,00:24:11,208.92
O00010794,U002203,10-08-2024,03:04:34,208.92
O00014989,U008909,05-01-2024,05:12:03,208.90
O00000661,U003449,12-09-2024,07:06:02,208.75
O00001386,U002698,22-05-2024,16:18:56,208.75
O00005531,U008335,13-08-2025,18:43:06,208.75
O00001015,U009393,04-11-2024,14:52:48,208.74
O00018113,U009127,28-03-2024,05:53:29,208.74
O00019556,U000965,05-02-2025,09:39:43,208.74
O00004705,U004273,22-08-2024,19:19:18,208.72
O00005272,U008674,07-10-2025,06:41:08,208.72
O00005558,U000671,12-10-2024,19:08:43,208.70
O00010798,U008257,19-04-2025,05:23:42,208.61
O00007719,U004862,14-08-2025,06:21:40,208.52
O00013908,U002999,03-05-2025,13:51:58,208.49
O00001041,U009974,15-02-2025,19:55:42,208.45
O00005966,U007223,29-08-2025,22:08:00,208.34
O00012209,U005899,06-01-2025,17:25:11,208.34
O00015102,U003943,11-07-2025,03:51:21,208.34
O00015712,U008140,04-07-2024,09:40:03,208.34
O00019580,U009414,13-03-2025,06:24:56,208.34
O00000895,U001492,04-06-2024,07:31:22,208.24
O00011505,U002342,02-01-2024,08:44:24,208.24
O00007992,U006015,21-03-2024,11:23:03,208.18
O00006847,U002102,07-07-2025,20:33:02,208.05
O00011516,U000490,21-05-2024,15:19:38,208.05
O00015454,U007951,22-09-2024,18:40:03,208.05
O00007280,U007442,18-03-2024,20:50:10,208.02
O00012827,U003524,11-11-2024,15:18:34,208.02
O00015301,U004411,27-10-2024,01:19:21,208.02
O00000761,U002209,13-08-2025,12:44:06,207.98
O00009529,U000936,25-08-2025,04:11:42,207.95
O00012758,U002960,06-05-2025,21:27:40,207.94
O00006038,U007005,21-05-2024,12:33:23,207.87
O00007964,U008278,14-08-2025,01:10:55,207.87
O00015812,U001285,17-02-2025,12:41:09,207.82
O00016385,U008049,01-08-2024,04:22:08,207.77
O00010471,U005526,20-06-2024,04:06:11,207.74
O00018245,U009427,25-04-2025,05:12:37,207.67
O00012742,U007127,09-05-2025,16:00:55,207.57
O00019989,U009379,24-10-2025,05:28:51,207.52
O00016192,U004759,22-07-2024,06:34:59,207.49
O00017062,U005122,18-10-2024,01:46:13,207.45
O00019815,U003993,06-12-2024,04:20:46,207.45
O00012346,U006389,27-07-2024,19:08:59,207.43
O00009889,U001712,04-09-2025,06:46:20,207.40
O00018296,U004889,26-09-2024,12:33:20,207.37
O00018077,U001608,17-06-2025,06:28:06,207.31
O00001069,U006862,07-01-2024,12:04:15,207.30
O00002450,U007159,23-10-2025,15:40:56,207.26
O00002686,U009218,14-01-2025,23:09:01,207.26
O00014034,U002776,12-04-2024,22:29:08,207.26
O00017087,U002563,18-11-2024,19:49:52,207.26
O00006418,U007509,22-03-2025,11:47:56,207.25
O00000960,U002044,01-07-2025,08:49:53,207.21
O00005484,U005105,14-11-2025,14:46:15,207.18
O00012344,U006798,16-10-2025,14:14:39,207.17
O00011605,U000687,04-12-2024,01:21:04,207.15
O00000934,U003495,23-01-2025,10:47:43,207.05
O00003744,U007559,23-02-2025,09:05:58,207.01
O00007954,U008134,10-03-2025,19:36:39,206.98
O00015491,U004029,05-09-2025,14:52:06,206.94
O00006414,U004365,17-05-2024,18:08:40,206.91
O00005979,U008256,04-09-2025,15:17:42,206.87
O00002618,U003196,24-06-2024,05:55:26,206.86
O00009169,U007498,14-11-2024,17:51:49,206.86
O00006359,U006244,23-03-2025,13:51:51,206.85
O00018658,U002294,22-08-2024,23:51:01,206.82
O00002921,U009910,10-02-2024,10:59:01,206.81
O00004644,U005077,30-05-2024,00:46:16,206.81
O00004837,U007645,29-09-2024,03:16:03,206.78
O00009751,U001799,03-03-2025,00:21:36,206.74
O00008575,U001967,20-02-2024,20:59:37,206.70
O00012159,U009495,17-06-2024,00:28:22,206.58
O00001417,U003832,09-07-2024,12:45:05,206.55
O00019956,U000310,22-04-2024,20:21:46,206.54
O00015213,U008709,13-07-2025,08:46:28,206.53
O00012020,U001801,22-10-2025,15:16:41,206.50
O00000898,U001704,14-10-2025,23:07:28,206.43
O00010531,U009026,23-12-2024,04:34:02,206.43
O00017819,U002430,26-01-2025,00:19:14,206.29
O00019179,U003430,26-09-2025,10:35:58,206.27
O00005444,U004351,25-04-2024,05:06:28,206.24
O00003622,U004550,25-09-2024,04:28:19,206.04
O00002339,U003209,09-02-2024,20:48:26,205.98
O00003545,U009206,24-10-2025,12:31:31,205.97
O00012003,U004818,08-11-2025,07:39:17,205.95
O00019159,U005942,14-09-2024,15:39:39,205.83
O00019714,U004638,28-11-2024,08:14:09,205.77
O00001340,U002702,25-05-2025,14:29:13,205.74
O00008148,U008342,18-06-2024,23:23:18,205.74
O00012275,U006868,04-04-2025,17:57:24,205.74
O00015201,U008567,26-02-2024,12:15:00,205.74
O00017793,U000708,03-05-2025,00:05:19,205.74
O00007330,U009754,23-08-2025,10:53:52,205.73
O00015119,U001931,09-10-2025,21:11:39,205.72
O00014474,U003369,13-06-2024,18:23:39,205.61
O00000697,U006515,08-10-2025,23:56:18,205.58
O00000269,U007667,27-09-2024,08:51:53,205.38
O00001405,U002305,29-01-2025,00:12:50,205.36
O00013307,U003425,14-08-2025,01:59:18,205.35
O00003392,U000540,15-11-2024,22:37:39,205.33
O00004782,U008938,26-09-2025,15:07:30,205.16
O00018248,U008289,23-06-2024,09:21:49,205.09
O00013820,U005373,21-01-2025,05:02:36,205.07
O00011677,U009781,11-01-2025,03:44:22,205.00
O00012521,U002894,15-09-2025,06:07:51,204.94
O00019101,U001993,15-06-2025,21:46:57,204.83
O00003987,U002231,16-12-2024,09:03:56,204.82
O00004276,U003361,09-09-2025,11:33:52,204.78
O00009596,U006196,25-12-2024,00:02:40,204.78
O00013764,U005469,12-09-2025,10:56:24,204.78
O00016789,U001180,24-10-2025,10:05:20,204.78
O00001961,U006271,19-09-2025,13:35:20,204.76
O00008419,U008157,09-02-2025,18:54:24,204.76
O00009185,U001864,20-03-2024,09:42:10,204.76
O00007947,U007305,25-02-2025,05:07:15,204.66
O00002120,U002503,11-07-2025,23:48:33,204.55
O00015077,U006099,13-01-2025,07:48:14,204.49
O00011210,U001108,14-04-2025,13:34:30,204.47
O00017713,U004118,28-10-2024,22:57:51,204.47
O00007999,U008944,15-06-2024,05:52:46,204.45
O00009452,U005093,30-04-2024,19:16:05,204.41
O00011662,U006272,28-10-2025,22:01:29,204.39
O00005705,U007555,03-08-2024,23:55:27,204.34
O00001811,U006216,04-03-2024,15:42:16,204.29
O00006651,U007978,14-12-2024,07:16:29,204.06
O00018437,U005669,03-11-2024,05:49:53,204.06
O00016650,U000210,15-07-2024,15:39:10,204.03
O00002600,U008090,13-01-2025,00:51:22,204.01
O00008620,U004958,05-08-2025,18:05:20,204.00
O00019396,U007214,15-03-2025,13:13:18,203.94
O00017158,U006648,18-06-2024,05:28:45,203.89
O00008645,U004709,01-08-2025,18:30:56,203.87
O00004115,U006546,08-01-2025,04:56:02,203.86
O00004620,U004582,02-06-2024,21:31:24,203.83
O00011441,U004363,30-11-2024,08:42:38,203.70
O00016500,U005805,18-09-2025,19:17:33,203.64
O00012544,U000782,28-08-2025,16:41:01,203.58
O00005119,U004576,08-03-2025,07:41:22,203.57
O00009099,U004906,15-07-2025,13:01:45,203.57
O00014876,U002032,21-04-2025,23:28:15,203.57
O00018390,U009827,03-10-2025,19:25:54,203.57
O00014068,U007784,23-03-2025,17:56:03,203.45
O00015506,U008562,16-04-2024,21:17:15,203.44
O00000969,U003073,18-04-2024,04:37:21,203.42
O00017548,U009137,09-04-2024,19:09:48,203.42
O00006189,U002163,22-01-2024,16:18:39,203.40
O00007067,U001031,24-05-2025,19:52:58,203.30
O00011035,U004696,11-01-2024,01:26:05,203.24
O00019569,U003554,14-01-2024,02:32:38,203.21
O00008257,U004416,30-08-2025,10:53:36,203.17
O00005351,U009317,24-04-2025,23:14:54,203.14
O00005172,U004903,29-11-2024,15:22:21,203.11
O00002781,U008283,19-03-2024,19:44:41,203.04
O00001054,U004508,27-06-2024,15:29:46,202.98
O00007061,U003631,16-11-2024,01:17:21,202.98
O00008527,U004937,15-11-2024,00:16:39,202.98
O00012565,U009872,10-08-2024,03:54:06,202.98
O00019408,U003507,01-10-2025,10:59:59,202.98
O00004716,U006504,01-11-2024,06:10:50,202.87
O00015221,U007770,17-07-2025,03:50:02,202.84
O00017772,U001148,19-01-2025,00:58:21,202.84
O00011781,U001628,01-08-2025,16:23:12,202.75
O00006082,U004948,17-03-2025,20:05:35,202.73
O00002242,U007491,23-01-2024,05:10:44,202.72
O00012382,U002643,04-03-2025,17:40:58,202.72
O00019890,U002120,02-10-2025,08:53:36,202.72
O00008668,U005646,12-07-2025,00:42:31,202.70
O00002546,U002710,06-11-2024,06:19:24,202.62
O00002879,U006013,03-02-2024,03:08:19,202.62
O00001134,U001106,13-11-2024,21:30:58,202.61
O00010765,U009461,22-11-2024,19:25:14,202.58
O00017089,U002487,12-04-2024,11:17:44,202.58
O00012632,U006528,21-02-2025,19:11:28,202.57
O00002684,U006948,02-12-2024,07:55:01,202.56
O00010766,U002845,03-07-2024,20:17:52,202.55
O00013292,U004486,20-05-2025,03:39:41,202.30
O00007034,U006580,07-03-2025,02:58:00,202.25
O00003426,U009008,08-01-2024,00:55:21,202.11
O00003565,U005725,13-07-2025,17:33:02,202.11
O00004868,U009442,27-09-2025,04:24:21,202.11
O00014940,U007962,08-02-2025,03:47:17,202.11
O00009479,U008744,12-06-2024,03:40:12,202.10
O00004892,U000857,08-03-2025,11:51:30,201.99
O00002315,U002584,11-10-2025,23:11:32,201.94
O00003505,U005920,19-04-2025,23:02:37,201.92
O00018979,U005651,04-05-2025,04:42:39,201.91
O00001702,U008470,28-10-2025,05:37:58,201.84
O00019203,U007267,13-07-2024,20:01:38,201.83
O00012649,U009669,21-04-2025,16:18:49,201.81
O00010297,U006137,10-09-2025,08:13:52,201.80
O00009037,U005505,11-12-2024,14:26:22,201.62
O00016823,U002452,06-10-2025,17:04:14,201.62
O00005682,U004837,23-04-2024,07:56:43,201.55
O00006615,U008496,17-01-2024,00:24:49,201.52
O00008134,U002278,25-07-2024,05:09:54,201.50
O00002629,U006328,02-12-2024,15:28:10,201.43
O00011901,U003637,29-01-2025,13:55:16,201.41
O00001473,U008285,05-11-2024,02:37:07,201.36
O00002094,U001418,10-11-2024,04:30:52,201.36
O00010607,U007259,12-12-2024,00:40:40,201.36
O00018214,U008539,10-11-2024,21:58:29,201.36
O00004924,U004861,01-05-2025,00:04:13,201.33
O00011106,U008406,27-10-2024,00:43:02,201.33
O00012594,U000364,26-03-2024,04:50:02,201.33
O00018930,U000868,01-05-2025,06:28:28,201.32
O00002937,U008828,16-03-2024,18:58:29,201.30
O00018126,U003661,08-07-2025,19:54:49,201.29
O00009635,U001763,03-11-2024,22:10:59,201.27
O00016883,U003882,01-09-2024,15:00:33,201.24
O00010517,U006868,27-10-2025,17:11:17,201.10
O00001533,U000867,27-03-2024,16:58:29,201.00
O00005152,U006908,27-06-2024,13:20:11,200.91
O00008533,U009590,09-07-2024,18:03:32,200.91
O00007574,U001567,04-08-2025,18:06:20,200.85
O00013186,U005995,29-06-2025,19:09:02,200.84
O00002666,U001391,25-08-2025,04:08:58,200.82
O00007056,U004096,31-07-2024,15:39:29,200.74
O00010915,U005107,22-08-2024,02:54:32,200.66
O00005498,U004007,14-07-2024,17:12:02,200.60
O00005700,U002068,27-11-2024,16:29:22,200.60
O00018603,U007996,26-05-2024,12:10:05,200.60
O00001528,U005115,21-04-2024,07:06:37,200.59
O00015808,U003613,14-12-2024,17:13:12,200.56
O00004531,U001751,02-10-2024,10:13:01,200.53
O00004814,U005711,03-02-2024,01:12:31,200.43
O00018725,U009270,26-10-2025,03:02:17,200.43
O00002517,U007375,02-08-2025,18:15:11,200.40
O00018287,U002320,12-11-2025,23:42:24,200.38
O00001844,U004992,15-07-2024,10:09:38,200.33
O00006842,U008963,11-07-2025,21:57:55,200.32
O00003255,U009340,14-03-2025,18:08:41,200.27
O00002789,U007456,26-03-2025,03:24:55,200.18
O00000296,U002847,04-04-2025,21:00:50,200.12
O00000700,U000374,04-11-2024,11:48:29,200.12
O00019037,U004663,25-03-2024,08:32:49,200.09
O00015251,U003765,02-03-2025,20:07:30,200.07
O00000701,U007554,18-03-2024,11:05:44,199.98
O00003846,U002661,19-06-2025,22:14:06,199.98
O00013637,U002476,18-10-2025,16:39:59,199.93
O00015516,U001100,03-10-2025,20:46:15,199.89
O00004686,U007343,06-07-2024,21:36:12,199.85
O00000290,U002368,24-02-2024,05:23:57,199.80
O00004247,U006203,01-05-2024,19:16:21,199.79
O00004397,U007521,14-10-2025,18:09:06,199.79
O00010413,U008711,21-10-2024,04:43:58,199.79
O00014551,U006832,06-08-2024,15:23:48,199.79
O00014203,U006962,08-09-2024,22:52:19,199.78
O00015421,U007439,13-08-2025,17:59:58,199.78
O00009898,U002165,04-03-2025,00:55:45,199.56
O00016172,U008447,25-03-2025,05:16:15,199.56
O00017423,U001285,31-08-2024,19:27:35,199.45
O00016165,U008863,21-05-2025,18:10:17,199.38
O00006255,U008883,20-11-2024,12:54:28,199.31
O00019862,U001996,19-12-2024,08:04:48,199.30
O00019180,U000725,17-04-2024,14:12:05,199.29
O00013530,U000286,21-07-2024,08:24:16,199.13
O00015686,U001047,12-09-2024,00:24:58,199.13
O00012729,U003432,12-03-2024,01:10:20,199.12
O00015985,U004216,16-02-2024,21:57:48,199.12
O00019830,U002158,03-11-2024,05:24:13,199.12
O00016407,U009313,06-12-2024,01:36:36,199.08
O00013485,U000413,03-05-2025,06:42:30,199.05
O00007528,U000225,16-04-2024,04:54:48,199.04
O00001391,U003923,07-05-2024,13:36:36,198.86
O00012586,U005258,29-04-2024,05:46:44,198.59
O00011960,U004661,27-09-2025,19:56:54,198.48
O00008716,U009748,29-04-2024,11:35:12,198.46
O00004540,U006895,14-11-2025,12:24:31,198.41
O00000838,U007518,28-11-2024,12:37:35,198.37
O00004717,U000871,03-08-2025,04:58:51,198.32
O00016772,U009820,10-05-2024,14:27:34,198.30
O00006014,U009557,05-05-2024,13:15:31,198.21
O00000567,U001619,17-06-2024,01:12:38,198.15
O00000738,U002942,07-02-2024,08:45:20,198.00
O00019976,U008201,17-10-2025,14:17:41,198.00
O00002414,U009164,07-02-2025,14:49:06,197.97
O00009224,U008846,12-07-2024,19:26:55,197.87
O00000067,U001740,06-04-2024,15:52:24,197.83
O00008671,U004913,06-04-2024,09:41:52,197.76
O00019171,U008556,01-08-2025,10:37:40,197.62
O00015235,U008778,05-05-2025,14:30:58,197.61
O00012226,U007182,28-04-2025,21:22:44,197.60
O00012055,U003237,22-06-2024,21:12:48,197.59
O00016051,U008099,13-10-2024,18:12:36,197.58
O00010023,U009437,01-05-2024,22:40:08,197.53
O00012484,U001383,24-06-2025,11:19:21,197.50
O00018385,U009668,01-01-2025,04:27:26,197.45
O00008581,U008988,24-05-2024,17:06:52,197.35
O00002643,U001466,23-04-2024,16:54:17,197.28
O00007495,U008543,16-01-2024,15:41:53,197.16
O00000429,U002332,05-02-2024,04:35:49,197.07
O00010195,U001609,11-04-2025,06:31:53,197.07
O00015786,U009832,30-08-2025,16:53:29,197.07
O00009417,U000728,11-11-2025,05:46:00,197.04
O00012659,U000639,13-11-2024,02:11:59,197.00
O00005943,U009478,20-06-2024,18:02:35,196.99
O00003363,U003882,09-07-2024,11:43:10,196.96
O00016207,U006897,26-05-2025,09:38:13,196.96
O00013757,U002850,30-08-2024,15:56:54,196.90
O00006986,U003013,13-10-2025,09:45:50,196.80
O00012503,U008230,14-04-2024,13:28:41,196.80
O00009562,U000533,26-04-2025,01:17:28,196.78
O00002463,U006583,07-04-2024,10:38:36,196.76
O00011179,U007146,26-02-2025,03:26:59,196.71
O00009739,U006477,02-08-2024,16:36:32,196.62
O00003908,U007626,20-09-2025,17:49:46,196.59
O00010083,U008695,02-04-2024,15:39:14,196.56
O00007532,U001368,22-07-2025,15:52:33,196.55
O00011962,U005046,06-01-2025,12:05:53,196.49
O00018393,U002041,01-05-2024,00:22:43,196.49
O00000795,U004679,16-02-2024,02:45:58,196.40
O00009215,U006946,07-03-2024,22:25:28,196.32
O00012550,U006173,05-12-2024,22:38:34,196.25
O00002853,U000327,11-08-2025,02:21:04,196.18
O00003986,U001537,24-02-2024,11:44:21,196.12
O00007907,U005086,14-05-2025,15:42:22,195.93
O00002728,U006250,15-08-2024,16:09:49,195.92
O00007100,U007125,01-05-2025,05:37:37,195.87
O00016498,U000713,07-07-2024,05:34:00,195.81
O00000473,U009281,30-12-2024,02:49:55,195.79
O00007797,U004892,15-03-2025,08:41:40,195.61
O00001314,U004465,30-01-2025,00:56:09,195.56
O00003261,U006911,20-09-2024,21:44:22,195.55
O00010510,U007909,16-10-2024,21:27:58,195.48
O00012835,U005900,25-09-2025,02:43:04,195.47
O00005214,U001163,17-12-2024,14:44:45,195.46
O00000216,U008467,23-03-2024,19:57:57,195.45
O00015457,U008077,20-10-2024,09:47:41,195.44
O00011567,U002141,07-06-2025,15:16:32,195.41
O00019413,U000288,04-05-2024,20:51:37,195.41
O00010399,U006240,22-11-2024,16:08:01,195.39
O00012398,U008397,25-09-2024,11:12:20,195.39
O00019918,U009550,14-08-2025,04:11:36,195.39
O00019274,U008546,01-11-2024,18:17:22,195.38
O00014919,U002533,13-10-2025,20:48:16,195.37
O00006036,U001149,01-07-2025,03:59:32,195.36
O00001765,U000973,06-04-2025,03:18:26,195.30
O00014197,U001136,18-10-2024,00:25:28,195.30
O00006282,U002460,22-06-2024,17:11:18,195.26
O00011101,U008437,14-05-2024,19:01:30,195.26
O00003221,U008477,29-07-2024,10:14:28,195.22
O00009276,U007073,02-01-2025,16:54:46,195.21
O00011736,U003060,14-05-2024,04:53:40,195.21
O00019141,U002362,21-06-2024,10:18:35,195.21
O00009707,U006900,08-05-2025,16:34:04,194.94
O00005529,U009453,24-06-2025,17:53:12,194.85
O00016598,U004164,08-05-2024,21:17:27,194.85
O00010629,U000337,14-02-2025,11:01:22,194.81
O00016916,U004371,24-02-2025,20:02:53,194.75
O00002134,U009168,19-07-2025,19:31:27,194.72
O00005630,U003656,02-09-2024,23:43:34,194.72
O00013731,U001960,08-01-2024,17:03:28,194.72
O00017288,U006831,11-07-2025,04:15:14,194.72
O00015141,U000857,23-11-2024,11:40:49,194.70
O00010702,U009543,16-04-2025,23:35:36,194.65
O00003370,U005061,16-08-2025,03:00:20,194.62
O00004884,U005617,01-09-2025,03:39:35,194.54
O00004377,U003549,12-12-2024,07:38:27,194.53
O00012977,U007784,30-04-2025,13:50:15,194.50
O00000032,U007933,18-03-2024,17:21:41,194.49
O00004153,U009841,31-10-2025,18:05:24,194.49
O00005521,U000034,13-01-2025,17:41:24,194.49
O00018745,U007392,02-07-2025,02:38:40,194.49
O00019157,U005491,03-05-2025,00:25:21,194.32
O00003038,U002643,04-07-2025,12:59:02,194.22
O00003138,U001635,18-02-2024,09:35:33,194.20
O00002778,U008472,24-04-2024,23:12:48,194.17
O00005642,U002730,28-05-2024,21:32:30,194.11
O00019796,U007495,08-11-2025,12:15:47,194.10
O00004439,U005535,14-11-2025,11:20:46,194.05
O00002080,U004033,08-02-2024,20:07:14,194.02
O00002141,U004009,29-10-2024,17:38:01,194.01
O00003819,U008174,01-11-2025,18:52:37,194.01
O00008970,U001085,13-03-2025,22:41:45,193.94
O00009637,U000974,25-10-2024,13:13:07,193.92
O00004393,U002155,12-04-2024,07:56:00,193.89
O00006475,U003966,05-08-2024,11:22:21,193.89
O00015637,U002039,21-06-2024,18:59:12,193.89
O00008248,U008068,21-01-2024,21:46:53,193.88
O00015056,U000428,15-12-2024,00:53:33,193.75
O00015385,U008017,29-10-2024,13:27:42,193.72
O00005358,U000292,01-10-2025,03:56:16,193.70
O00003382,U007742,17-07-2024,19:44:17,193.67
O00013345,U004678,10-04-2024,20:44:34,193.61
O00004058,U009815,26-09-2024,05:23:20,193.52
O00019440,U009415,08-10-2024,15:28:16,193.51
O00006657,U005096,17-06-2024,12:02:32,193.47
O00018242,U004778,23-06-2024,06:08:10,193.46
O00017093,U000221,13-11-2024,03:32:28,193.38
O00003973,U000013,09-08-2024,16:34:42,193.29
O00005417,U001644,11-03-2025,09:52:59,193.12
O00006859,U006901,12-06-2025,16:16:42,193.12
O00009239,U003833,17-06-2025,08:25:21,193.12
O00010028,U004211,31-12-2024,23:13:26,193.06
O00009038,U001577,27-02-2024,22:36:45,192.98
O00007005,U006304,11-05-2025,14:34:28,192.95
O00000503,U007357,21-01-2024,20:11:12,192.81
O00005439,U008813,16-04-2024,20:33:53,192.66
O00013761,U007642,04-11-2025,06:53:13,192.44
O00002374,U003869,19-11-2024,17:16:51,192.42
O00004403,U000819,06-02-2024,11:04:47,192.42
O00000137,U001427,14-01-2024,15:42:32,192.38
O00004104,U003917,11-08-2024,21:45:05,192.32
O00010900,U007580,31-03-2025,14:09:53,192.29
O00000367,U008536,08-02-2025,21:08:24,192.22
O00001710,U005951,22-11-2024,07:22:15,192.22
O00003050,U008338,04-04-2024,16:27:00,192.22
O00006472,U000025,29-09-2024,00:56:31,192.22
O00014800,U007654,17-07-2025,02:46:38,192.22
O00017981,U000622,16-05-2025,15:06:02,192.18
O00010630,U006657,25-05-2025,07:03:18,192.00
O00010366,U009266,05-02-2024,16:21:27,191.96
O00001013,U002642,22-11-2024,16:00:07,191.91
O00013985,U004141,10-06-2024,06:06:34,191.91
O00008324,U002445,30-09-2025,12:25:51,191.89
O00009952,U001487,21-09-2024,14:57:40,191.89
O00007320,U003056,04-01-2024,06:38:51,191.81
O00019055,U002450,04-02-2024,20:40:55,191.80
O00019871,U007661,14-06-2024,10:01:04,191.79
O00007800,U003682,11-05-2025,20:33:06,191.73
O00010279,U005672,24-05-2024,09:07:11,191.69
O00011525,U002271,27-02-2025,02:18:41,191.69
O00008826,U005421,10-09-2025,01:43:03,191.63
O00019078,U003550,17-02-2024,20:29:36,191.56
O00019000,U009285,28-10-2024,13:12:04,191.55
O00000218,U000516,01-07-2025,09:45:16,191.54
O00011660,U008004,22-08-2024,03:52:48,191.52
O00005466,U006500,10-03-2024,12:09:23,191.49
O00006393,U009287,23-09-2025,16:42:53,191.46
O00014412,U004563,03-09-2024,19:07:24,191.36
O00011438,U009666,03-03-2025,10:04:37,191.15
O00015490,U007977,31-01-2024,12:33:26,191.13
O00002099,U000044,28-03-2024,04:20:19,191.11
O00007200,U002712,06-05-2024,11:29:29,191.07
O00005537,U005156,16-05-2025,14:34:43,190.91
O00016738,U004927,08-06-2024,16:19:02,190.91
O00010874,U006486,23-12-2024,15:06:04,190.88
O00013872,U001109,29-08-2025,17:17:01,190.87
O00019293,U009515,23-05-2025,14:00:05,190.73
O00007329,U007145,04-02-2025,10:27:47,190.72
O00012441,U006535,19-01-2025,21:11:41,190.65
O00005499,U003493,11-01-2024,23:10:53,190.54
O00008608,U001927,13-04-2025,01:04:55,190.52
O00003840,U001254,16-08-2024,03:55:58,190.43
O00015874,U007305,12-03-2025,23:08:45,190.40
O00004938,U004016,21-06-2025,23:58:58,190.38
O00006490,U009697,01-03-2024,09:13:36,190.38
O00009268,U002318,25-05-2025,11:55:58,190.38
O00002783,U009035,16-10-2024,08:45:42,190.22
O00008918,U009075,30-10-2024,05:06:20,190.22
O00014745,U005595,21-12-2024,04:55:36,190.22
O00001193,U003512,17-06-2025,16:46:08,190.18
O00001109,U000166,26-02-2024,14:09:41,190.17
O00016157,U008916,24-03-2024,03:14:33,190.16
O00001969,U002020,18-11-2024,09:45:04,190.14
O00007123,U003079,13-04-2024,20:00:02,190.07
O00001449,U006048,08-10-2025,12:02:09,190.04
O00009517,U006456,25-06-2025,15:51:54,190.04
O00001221,U008166,25-01-2025,20:14:12,189.93
O00005877,U006541,27-01-2024,04:46:26,189.93
O00011419,U006511,10-02-2025,03:34:18,189.90
O00013975,U007907,18-07-2024,17:55:26,189.90
O00015420,U003143,27-08-2024,10:33:32,189.90
O00009431,U009484,03-11-2025,16:47:16,189.88
O00013308,U001642,08-07-2025,09:44:20,189.88
O00001188,U002928,22-05-2024,02:51:16,189.79
O00001686,U008734,01-04-2024,16:01:59,189.79
O00003633,U005848,10-08-2024,17:03:24,189.79
O00004042,U009832,03-08-2025,08:28:25,189.79
O00008469,U009909,20-06-2024,08:41:58,189.79
O00012281,U009424,29-08-2025,15:29:39,189.79
O00017908,U000062,31-10-2024,20:34:46,189.79
O00016190,U002538,04-05-2024,10:31:06,189.71
O00004431,U003135,26-01-2024,20:21:54,189.63
O00006817,U000909,05-08-2025,21:16:09,189.63
O00003602,U006557,15-10-2025,22:16:51,189.49
O00017095,U004261,23-08-2024,23:42:28,189.48
O00009627,U006003,08-04-2025,07:16:04,189.42
O00010600,U004327,07-12-2024,01:51:50,189.42
O00000532,U008702,24-09-2025,13:06:16,189.37
O00017809,U006027,04-04-2025,19:35:07,189.37
O00010512,U008089,28-03-2025,08:35:56,189.35
O00011298,U008207,01-12-2024,06:43:12,189.24
O00012690,U001923,30-01-2025,00:48:13,189.24
O00012900,U009360,27-02-2025,10:06:32,189.24
O00018443,U002891,27-05-2024,10:33:51,189.24
O00019984,U008710,16-01-2025,15:06:34,189.23
O00014163,U009788,31-10-2024,08:39:42,189.22
O00003902,U000627,05-12-2024,17:31:23,189.18
O00011495,U007080,20-08-2024,05:08:34,189.18
O00015191,U007140,29-05-2025,19:05:34,189.16
O00018036,U004919,07-10-2025,14:13:30,189.09
O00017622,U000677,22-10-2025,21:45:13,189.05
O00012971,U004917,06-10-2025,17:04:06,188.98
O00004434,U008662,10-02-2025,09:59:48,188.97
O00013443,U007491,24-09-2024,21:04:37,188.96
O00014242,U008574,06-02-2025,08:15:25,188.94
O00008442,U001213,06-05-2024,21:49:23,188.82
O00016830,U002181,04-04-2024,18:00:09,188.80
O00017952,U001762,28-05-2024,06:38:04,188.75
O00000055,U005524,07-10-2024,17:26:48,188.70
O00016411,U000772,09-02-2025,06:59:54,188.67
O00006879,U003860,19-07-2024,04:31:15,188.64
O00008550,U005441,24-03-2024,04:20:07,188.62
O00006581,U003012,02-07-2024,06:17:19,188.55
O00001421,U003673,09-02-2025,15:48:35,188.49
O00006673,U004111,24-03-2024,06:56:55,188.49
O00010632,U001647,13-06-2024,09:00:50,188.49
O00012844,U000845,31-08-2024,12:28:42,188.49
O00018872,U004565,03-02-2024,20:20:15,188.49
O00009837,U007873,18-07-2024,20:27:18,188.48
O00015333,U006995,13-03-2025,13:16:38,188.45
O00001680,U006430,22-04-2024,10:44:00,188.36
O00014329,U000312,11-03-2024,05:31:32,188.32
O00013824,U008801,25-05-2024,06:19:30,188.31
O00007433,U007215,18-12-2024,00:37:13,188.28
O00011585,U002056,25-04-2024,08:54:23,188.22
O00005024,U003091,10-05-2024,03:58:31,188.18
O00008361,U008862,30-04-2024,04:06:33,188.18
O00019723,U000051,18-10-2025,10:33:32,188.18
O00002538,U001849,09-04-2025,03:23:51,188.15
O00015370,U004736,15-08-2024,19:13:07,188.15
O00016567,U008338,16-09-2025,05:21:06,188.10
O00002098,U004023,08-04-2024,14:08:16,188.09
O00014671,U004997,03-06-2024,21:42:21,188.02
O00007895,U009229,21-06-2024,10:00:31,188.01
O00003621,U006403,29-09-2025,23:41:24,187.99
O00010489,U007369,10-08-2025,18:00:43,187.92
O00019610,U001568,25-08-2024,12:47:03,187.84
O00005078,U006252,23-05-2024,22:58:17,187.79
O00008178,U007377,10-06-2025,08:12:37,187.75
O00013373,U000467,25-04-2024,22:49:14,187.75
O00014619,U002160,17-11-2024,07:14:11,187.75
O00002055,U000146,07-11-2025,13:53:17,187.74
O00003907,U003341,24-04-2024,06:48:54,187.71
O00008959,U003572,31-07-2024,10:21:41,187.65
O00014782,U007877,17-10-2024,07:25:27,187.58
O00013358,U006181,30-10-2024,17:11:42,187.47
O00001771,U001221,04-01-2024,22:09:12,187.33
O00002160,U002742,28-08-2024,01:21:16,187.33
O00005871,U003602,05-06-2025,00:36:36,187.33
O00018998,U001235,21-05-2024,09:55:58,187.33
O00001617,U003529,28-06-2024,15:13:52,187.25
O00018605,U000299,07-11-2025,08:44:04,187.24
O00018523,U003886,21-11-2024,02:56:27,187.18
O00012348,U009688,22-02-2024,03:38:33,186.97
O00016929,U007667,25-11-2024,14:36:26,186.94
O00007334,U000650,21-05-2024,00:41:50,186.92
O00001048,U003892,07-05-2024,03:18:16,186.91
O00003157,U008885,24-12-2024,14:01:17,186.91
O00015216,U001080,30-03-2025,19:53:59,186.90
O00013934,U008256,02-04-2025,07:16:59,186.89
O00001663,U000526,29-07-2024,14:18:44,186.88
O00017716,U002426,30-06-2025,21:08:20,186.86
O00008824,U006574,20-05-2024,22:08:39,186.82
O00015468,U006381,07-04-2025,22:05:51,186.74
O00008049,U008643,24-05-2025,19:32:08,186.73
O00000800,U006128,26-03-2025,09:05:51,186.72
O00007715,U006191,25-02-2024,14:04:25,186.67
O00004429,U007717,15-05-2024,18:42:01,186.51
O00009886,U000629,14-06-2024,21:11:20,186.51
O00005853,U008926,22-03-2024,15:33:10,186.48
O00002148,U002129,02-02-2024,08:47:57,186.45
O00000078,U005863,31-03-2025,20:24:31,186.40
O00009816,U005952,15-09-2024,02:50:11,186.40
O00015249,U007860,01-03-2024,07:34:24,186.40
O00019836,U005545,07-09-2024,11:57:20,186.40
O00000153,U007261,12-11-2025,10:19:18,186.20
O00005056,U001778,27-01-2024,04:42:32,186.19
O00002306,U009285,12-09-2025,04:13:20,186.17
O00012637,U003408,29-05-2025,19:24:56,186.17
O00000400,U002183,20-05-2025,06:21:51,186.14
O00004825,U000070,20-01-2025,18:59:55,186.14
O00010661,U003564,30-11-2024,14:37:15,186.14
O00014948,U007521,22-08-2025,20:28:27,186.14
O00010332,U008552,27-07-2024,23:41:00,186.13
O00012667,U008710,27-05-2025,16:09:41,186.13
O00014355,U000535,23-03-2025,16:27:08,186.13
O00013951,U006349,28-12-2024,18:32:12,186.08
O00002434,U006077,20-08-2025,21:27:47,186.05
O00008320,U003305,05-10-2025,03:57:15,186.05
O00011598,U001439,14-11-2025,08:25:49,186.05
O00017948,U006256,01-06-2025,00:10:15,186.03
O00003345,U005878,27-09-2025,16:55:46,185.82
O00007584,U001305,07-03-2024,13:35:35,185.82
O00006620,U009124,03-03-2024,11:41:19,185.76
O00014489,U000312,17-11-2024,23:38:44,185.70
O00019292,U002362,27-07-2024,23:14:45,185.58
O00016124,U004459,09-02-2024,05:56:08,185.57
O00018142,U003112,13-02-2025,16:59:29,185.56
O00015024,U006106,16-07-2024,03:43:08,185.52
O00011103,U003287,27-07-2024,06:59:12,185.50
O00001715,U001959,21-08-2024,16:22:34,185.46
O00014113,U002021,28-09-2024,05:23:16,185.46
O00015099,U003221,27-09-2025,17:00:09,185.46
O00019711,U004965,17-01-2024,10:22:51,185.46
O00012697,U001087,29-08-2025,15:45:15,185.40
O00014507,U001642,07-05-2024,15:40:43,185.36
O00003903,U006891,05-03-2025,18:59:06,185.31
O00016911,U007794,29-07-2024,19:11:37,185.24
O00013982,U004378,21-07-2025,04:22:40,185.21
O00006605,U000272,01-04-2025,22:45:11,185.19
O00004005,U003208,23-07-2024,00:56:31,185.17
O00002601,U003681,22-06-2025,15:39:49,185.13
O00003428,U002921,28-02-2025,09:08:09,185.03
O00005407,U006171,19-07-2025,20:45:05,185.03
O00014740,U001254,17-07-2025,20:11:17,185.01
O00001516,U006132,12-10-2025,16:55:07,184.98
O00003783,U009877,09-07-2025,02:03:39,184.98
O00010309,U000321,28-12-2024,21:07:55,184.96
O00004000,U004831,19-12-2024,04:44:24,184.87
O00001231,U004343,15-03-2024,06:10:41,184.85
O00001916,U004062,17-01-2024,12:12:38,184.85
O00010627,U004446,30-07-2024,10:55:13,184.85
O00018418,U000254,18-09-2025,08:40:33,184.85
O00019729,U003495,05-08-2024,16:03:33,184.85
O00002654,U007805,06-05-2025,11:45:28,184.80
O00011913,U005910,02-07-2025,18:37:34,184.77
O00001255,U009766,26-03-2024,11:27:56,184.74
O00008262,U008540,14-08-2025,20:11:23,184.72
O00005632,U005550,03-04-2024,12:31:30,184.56
O00004271,U000768,02-02-2024,20:23:10,184.48
O00006954,U005528,29-07-2025,16:47:49,184.48
O00018731,U004125,21-10-2024,12:34:05,184.48
O00009641,U000842,11-12-2024,07:29:49,184.46
O00010021,U006802,29-07-2024,13:40:47,184.46
O00018161,U001827,08-05-2024,23:27:48,184.43
O00003453,U006839,14-11-2024,02:33:37,184.42
O00003478,U005885,28-01-2025,07:09:58,184.40
O00009100,U009262,14-09-2024,15:02:56,184.40
O00018162,U006378,29-07-2024,11:44:07,184.33
O00010116,U002849,04-08-2024,00:19:47,184.18
O00000166,U003599,30-08-2024,07:55:27,184.12
O00016238,U002823,02-07-2025,05:12:11,184.09
O00019022,U005961,05-10-2025,18:14:50,184.09
O00008239,U002021,18-08-2025,23:52:27,184.00
O00000115,U007745,28-11-2024,12:07:51,183.95
O00005314,U009150,13-11-2025,22:57:08,183.87
O00008278,U009383,29-11-2024,23:48:00,183.87
O00016662,U007403,08-08-2025,05:25:06,183.87
O00010750,U009578,25-03-2024,10:44:13,183.84
O00019666,U001334,29-06-2024,23:31:09,183.84
O00018081,U007507,10-03-2024,02:13:19,183.77
O00005680,U005221,21-07-2025,17:56:57,183.76
O00015760,U006494,17-02-2025,11:46:12,183.75
O00006941,U004316,12-05-2025,20:36:35,183.74
O00012843,U009195,13-08-2025,16:00:39,183.70
O00008000,U009724,13-02-2024,16:52:55,183.65
O00006647,U001483,18-08-2024,10:30:55,183.59
O00007703,U006557,18-02-2025,20:14:54,183.59
O00000132,U002510,07-08-2024,01:26:56,183.58
O00007881,U004265,28-02-2025,00:38:09,183.58
O00012580,U007359,23-08-2025,23:52:03,183.58
O00006963,U002347,14-03-2024,23:46:13,183.53
O00000244,U009876,26-02-2025,16:05:55,183.45
O00003699,U007569,31-01-2024,21:25:14,183.40
O00002402,U005950,27-11-2024,05:42:26,183.35
O00009495,U002824,23-10-2024,03:55:39,183.25
O00007561,U007701,30-10-2024,00:14:16,183.18
O00011095,U002866,09-09-2024,02:21:39,183.13
O00008544,U009030,19-10-2024,04:08:00,183.12
O00011236,U007872,06-03-2024,03:53:41,183.11
O00003197,U002956,22-01-2025,11:17:01,182.96
O00004131,U004513,31-05-2025,08:38:42,182.93
O00013294,U002493,16-11-2024,16:54:24,182.85
O00015888,U000437,11-07-2025,13:26:30,182.84
O00015904,U001048,21-07-2025,04:33:19,182.83
O00012796,U007310,14-07-2024,21:35:49,182.81
O00009201,U006003,07-06-2024,01:52:12,182.80
O00004985,U008895,30-07-2024,23:40:45,182.64
O00003798,U002495,12-12-2024,19:38:06,182.56
O00012107,U003751,07-12-2024,04:34:14,182.55
O00014983,U009642,18-02-2025,18:30:44,182.46
O00013071,U000690,21-05-2024,02:55:56,182.42
O00017456,U003227,06-08-2025,04:20:37,182.41
O00005261,U005001,20-08-2024,01:10:14,182.38
O00014871,U009067,20-04-2024,15:09:14,182.38
O00005308,U001296,20-09-2025,19:53:33,182.33
O00010201,U003098,10-02-2024,14:56:46,182.33
O00010403,U005606,09-08-2025,05:18:16,182.33
O00011430,U001726,03-01-2024,04:47:51,182.33
O00008990,U009425,07-12-2024,15:00:40,182.28
O00008064,U008677,08-11-2025,18:48:08,182.11
O00008846,U007126,24-06-2025,03:09:54,182.11
O00010992,U001262,17-11-2024,23:29:35,182.11
O00013217,U001509,06-07-2024,23:52:11,182.11
O00019542,U007705,14-08-2024,06:02:36,182.11
O00018174,U007717,12-04-2025,23:51:46,182.10
O00009944,U001854,06-10-2024,21:10:34,182.08
O00004059,U006771,13-02-2024,12:25:28,181.88
O00009155,U006576,12-01-2024,10:22:53,181.88
O00010187,U007663,20-10-2025,13:01:02,181.88
O00012438,U001706,11-06-2024,05:03:55,181.88
O00013340,U004614,28-01-2024,18:53:47,181.87
O00012933,U007034,16-03-2025,21:47:12,181.71
O00017707,U001719,13-05-2025,17:05:09,181.71
O00019135,U004715,03-06-2024,20:06:09,181.71
O00013355,U007913,04-06-2024,07:20:41,181.65
O00004155,U007299,03-02-2024,07:36:20,181.64
O00004950,U002501,13-01-2024,19:26:18,181.64
O00012383,U008435,20-11-2024,03:57:51,181.51
O00005827,U008015,22-09-2025,23:19:43,181.43
O00004257,U007915,21-04-2024,20:15:35,181.30
O00006737,U002125,07-12-2024,03:19:01,181.30
O00017890,U000077,28-11-2024,02:09:49,181.23
O00001989,U007993,09-04-2025,22:09:57,181.15
O00005157,U002022,01-02-2025,03:17:19,181.14
O00005610,U006127,18-05-2025,10:15:32,181.14
O00007871,U005123,13-10-2025,04:55:14,181.14
O00009144,U005400,16-01-2024,11:03:11,181.14
O00001271,U008660,24-08-2024,10:44:47,181.12
O00011175,U006937,16-07-2024,18:16:19,181.12
O00012187,U006635,04-03-2024,14:31:08,181.12
O00013487,U008044,24-02-2024,19:59:21,181.12
O00016376,U003275,28-03-2025,12:19:36,181.07
O00001319,U005190,10-10-2025,19:43:28,180.90
O00003256,U003263,19-06-2025,09:42:46,180.90
O00011243,U009505,28-03-2024,01:00:06,180.90
O00012057,U007300,26-09-2024,01:28:04,180.90
O00014449,U002483,29-05-2024,00:43:19,180.90
O00013848,U003830,04-02-2025,10:25:28,180.74
O00019070,U005016,28-06-2025,09:50:19,180.74
O00005895,U002228,19-08-2024,23:31:07,180.71
O00006342,U002770,12-03-2024,09:04:42,180.71
O00013047,U004162,24-02-2024,08:47:14,180.71
O00015972,U007278,13-07-2024,12:47:11,180.71
O00019867,U000416,02-02-2024,19:05:12,180.71
O00002283,U002227,27-08-2025,19:57:01,180.70
O00011194,U002951,17-06-2024,09:37:36,180.69
O00012743,U009476,23-03-2025,21:54:07,180.60
O00011229,U006765,28-07-2025,13:10:12,180.56
O00013188,U004473,20-05-2024,05:51:38,180.56
O00001907,U007161,07-10-2025,19:07:39,180.49
O00017654,U000650,09-09-2025,14:44:48,180.44
O00002705,U003958,01-03-2025,17:19:24,180.40
O00005391,U008295,21-07-2024,00:15:42,180.40
O00005961,U001672,05-03-2025,19:35:11,180.40
O00016011,U004522,27-10-2024,02:29:07,180.36
O00015441,U001451,15-01-2024,20:06:50,180.32
O00002788,U003320,31-03-2025,17:01:23,180.30
O00015724,U002473,27-03-2024,11:04:46,180.30
O00016811,U009758,04-11-2025,04:41:27,180.28
O00000318,U008822,09-11-2024,14:10:49,180.25
O00000828,U008164,04-04-2024,20:07:36,180.07
O00010432,U008223,07-04-2025,22:50:59,179.99
O00009480,U000161,22-09-2024,00:50:33,179.96
O00016076,U009108,20-11-2024,20:36:29,179.84
O00006434,U000078,15-11-2024,13:19:33,179.78
O00017848,U005048,26-08-2024,15:09:25,179.73
O00004275,U001790,15-02-2025,22:08:12,179.72
O00002085,U009929,29-01-2024,06:45:56,179.70
O00006242,U003903,02-03-2024,18:58:38,179.70
O00017147,U001054,12-06-2024,11:37:31,179.59
O00017655,U008968,14-07-2025,22:51:36,179.58
O00006751,U002391,15-03-2024,22:07:00,179.53
O00015423,U005896,16-05-2024,00:25:47,179.53
O00004558,U004310,03-02-2024,11:03:09,179.52
O00017458,U002076,10-05-2025,02:14:54,179.51
O00014586,U000487,11-08-2025,18:42:49,179.48
O00010969,U007953,21-02-2025,22:24:53,179.46
O00016035,U002997,13-02-2024,11:27:51,179.46
O00001329,U007969,12-08-2025,03:08:38,179.45
O00008475,U007268,05-11-2025,09:47:53,179.45
O00015489,U004569,09-08-2025,00:04:10,179.39
O00016163,U004785,04-11-2025,05:44:33,179.39
O00000447,U007100,29-04-2025,04:29:55,179.27
O00017931,U004161,23-07-2025,00:11:25,179.25
O00006781,U003496,07-05-2025,20:25:06,179.22
O00018330,U001434,25-02-2025,18:11:26,179.20
O00004928,U007502,02-10-2025,22:35:59,179.19
O00007194,U000164,02-06-2025,04:39:40,179.19
O00007111,U000784,13-06-2024,05:43:58,179.17
O00004881,U000286,27-01-2025,19:30:01,179.14
O00009048,U006429,27-08-2024,10:57:08,179.12
O00010304,U007633,07-12-2024,14:54:52,179.11
O00004352,U008115,19-03-2024,00:26:22,179.06
O00004951,U003626,22-08-2024,03:33:29,179.04
O00000096,U002173,28-07-2024,13:12:41,178.96
O00002154,U009212,20-04-2025,23:23:31,178.96
O00004792,U003060,08-06-2024,11:48:15,178.96
O00005462,U007833,29-02-2024,07:23:03,178.96
O00007989,U004085,25-06-2024,18:53:31,178.96
O00013600,U004985,27-02-2024,21:06:14,178.96
O00013641,U004634,08-03-2025,09:30:32,178.96
O00017250,U000384,11-03-2024,13:43:07,178.96
O00017657,U005452,27-08-2025,02:33:13,178.96
O00019215,U001040,21-01-2024,19:02:26,178.88
O00005765,U008464,05-06-2024,11:33:55,178.83
O00010784,U003145,15-02-2024,03:41:56,178.78
O00003770,U008168,09-03-2024,22:48:42,178.77
O00013837,U007382,13-05-2024,07:21:40,178.77
O00002438,U008294,19-03-2025,17:55:35,178.76
O00017331,U007786,02-05-2025,06:28:25,178.76
O00005635,U006826,12-06-2024,11:21:23,178.59
O00015699,U003331,19-06-2024,03:45:58,178.47
O00016362,U005627,13-11-2024,12:31:44,178.38
O00000378,U001322,13-10-2025,16:36:46,178.31
O00001607,U002543,12-08-2025,07:47:24,178.31
O00007614,U001383,30-03-2024,15:33:01,178.31
O00017163,U008097,14-08-2024,19:53:02,178.31
O00018459,U004144,09-08-2025,07:38:53,178.26
O00005623,U002928,02-12-2024,16:16:00,178.22
O00005710,U008049,08-07-2025,08:07:43,178.20
O00002749,U006884,10-04-2024,04:49:19,178.18
O00003432,U003399,20-02-2025,21:59:42,178.17
O00008562,U009419,19-05-2025,21:46:20,178.11
O00003975,U004738,10-06-2024,15:28:43,177.95
O00008117,U006633,16-02-2025,04:54:57,177.95
O00017899,U008916,04-10-2024,07:33:32,177.95
O00019040,U002924,07-07-2024,01:16:22,177.95
O00009068,U005132,26-06-2025,15:54:23,177.94
O00013266,U005382,12-09-2025,12:55:45,177.94
O00006638,U002252,14-02-2025,07:49:48,177.93
O00006892,U003455,28-11-2024,20:38:53,177.93
O00001540,U004598,13-04-2025,05:41:11,177.92
O00012982,U002281,28-10-2025,22:17:14,177.92
O00013491,U001469,29-10-2025,10:28:39,177.91
O00018642,U001502,02-03-2025,16:59:47,177.91
O00008531,U008712,29-03-2025,03:56:01,177.89
O00008845,U005640,10-07-2025,13:59:10,177.89
O00014107,U003156,08-01-2024,05:37:55,177.89
O00000512,U007371,04-09-2025,17:11:29,177.88
O00015157,U008221,28-05-2025,22:35:17,177.88
O00000484,U008464,05-09-2024,19:16:26,177.78
O00001872,U002276,26-01-2024,10:48:55,177.77
O00003277,U003017,29-03-2025,04:49:27,177.72
O00018570,U001967,25-06-2024,10:19:47,177.68
O00001475,U003846,04-11-2024,02:51:03,177.64
O00002508,U001407,23-02-2025,10:37:33,177.64
O00018066,U009842,12-01-2025,13:27:27,177.64
O00013465,U002296,11-08-2024,04:43:46,177.51
O00000335,U007872,13-02-2024,17:41:54,177.48
O00018379,U005853,29-09-2024,04:06:06,177.47
O00004680,U006644,29-01-2024,14:35:51,177.43
O00013740,U008802,18-11-2024,12:13:02,177.42
O00003249,U007164,09-07-2025,04:56:14,177.39
O00003073,U003159,13-10-2025,05:28:29,177.36
O00012734,U000668,15-09-2025,00:17:45,177.36
O00004169,U008474,16-09-2024,21:09:23,177.35
O00001952,U005570,26-04-2024,05:07:33,177.33
O00006602,U000795,08-11-2024,22:03:35,177.32
O00010406,U009489,08-09-2025,21:51:19,177.29
O00005758,U001336,26-03-2024,20:54:39,177.28
O00006909,U002304,26-12-2024,23:32:08,177.13
O00017026,U008422,04-12-2024,22:10:07,177.06
O00006729,U008820,05-03-2024,16:11:49,176.98
O00004506,U002096,15-07-2025,16:42:20,176.95
O00005002,U006493,02-07-2024,18:30:56,176.91
O00009780,U006887,04-01-2025,16:41:55,176.78
O00014587,U007488,06-07-2024,15:15:14,176.77
O00018376,U004254,05-08-2025,09:47:14,176.77
O00004460,U008249,09-09-2025,01:00:32,176.75
O00010842,U007215,09-08-2024,17:14:18,176.71
O00012947,U004858,12-03-2024,07:30:56,176.71
O00009360,U005011,14-12-2024,18:44:13,176.69
O00014700,U001504,12-04-2024,22:04:03,176.65
O00013366,U002682,12-06-2024,17:01:53,176.63
O00005025,U008791,04-09-2024,03:46:37,176.53
O00014676,U004718,26-11-2024,00:09:11,176.49
O00001683,U003220,25-08-2025,11:25:22,176.48
O00002105,U006263,06-05-2025,00:38:57,176.48
O00009885,U004146,25-01-2025,23:38:51,176.48
O00017612,U004076,04-08-2025,05:05:40,176.48
O00017775,U002029,02-11-2024,16:38:13,176.48
O00009688,U006966,29-03-2025,21:25:37,176.29
O00016566,U009396,10-12-2024,20:43:39,176.29
O00006801,U001576,08-07-2024,01:12:16,176.26
O00002497,U008072,20-02-2025,11:56:09,176.25
O00002201,U003243,23-04-2025,00:45:39,176.24
O00009711,U004055,26-08-2024,14:17:30,176.20
O00001183,U005494,28-08-2024,08:28:03,176.19
O00007147,U008484,18-06-2025,13:05:31,176.19
O00009341,U009923,30-05-2025,12:08:29,176.19
O00015723,U006645,18-07-2025,21:05:18,176.19
O00015919,U009797,12-05-2025,07:40:41,176.19
O00019744,U009334,01-11-2024,12:43:05,176.19
O00008247,U007852,26-02-2025,08:33:31,176.16
O00006869,U005610,24-08-2024,19:42:09,176.07
O00012033,U004234,29-04-2024,14:28:21,176.02
O00010053,U003138,06-09-2024,12:38:36,175.83
O00011006,U006467,31-07-2024,00:06:03,175.83
O00018413,U009245,11-07-2025,13:31:05,175.83
O00004861,U006964,12-08-2025,00:57:00,175.69
O00009405,U002171,11-06-2025,10:39:02,175.68
O00017414,U009706,08-11-2025,04:10:00,175.60
O00002633,U003768,18-08-2025,02:25:33,175.55
O00004286,U003987,24-03-2024,14:23:51,175.47
O00004028,U002471,21-03-2024,23:06:48,175.46
O00012670,U008875,24-08-2025,18:41:52,175.44
O00011192,U004557,29-08-2025,01:19:04,175.43
O00005989,U008717,23-03-2025,21:17:51,175.40
O00013337,U004683,06-10-2025,15:07:44,175.38
O00013526,U008964,27-03-2025,09:29:54,175.38
O00006366,U009190,10-01-2025,22:00:54,175.34
O00004347,U008538,07-09-2024,22:13:44,175.30
O00019386,U001662,13-05-2024,10:19:17,175.27
O00002904,U001050,24-08-2024,18:21:11,175.25
O00016980,U000994,08-09-2025,09:51:41,175.23
O00014166,U002992,12-03-2024,08:46:28,175.12
O00016901,U002024,27-06-2024,11:53:41,175.11
O00013168,U004856,11-10-2024,04:30:29,175.10
O00000871,U007754,26-10-2025,04:59:19,175.08
O00006457,U002701,12-11-2025,18:04:13,175.06
O00003373,U004679,17-11-2024,14:37:11,175.04
O00011303,U008856,14-02-2025,03:07:34,175.03
O00012258,U002129,29-10-2024,05:20:41,174.96
O00017264,U004394,03-05-2025,12:27:18,174.96
O00017892,U007276,02-05-2024,22:41:38,174.96
O00001091,U004581,10-06-2025,06:59:05,174.95
O00002043,U008895,10-12-2024,07:27:23,174.82
O00015951,U007507,30-09-2024,01:31:32,174.81
O00001660,U007512,28-06-2025,10:23:37,174.80
O00003512,U002172,26-08-2025,04:06:34,174.79
O00007888,U009293,29-04-2025,21:38:22,174.76
O00009918,U005891,01-10-2025,02:00:18,174.65
O00006024,U008774,09-05-2025,21:48:41,174.59
O00006327,U002894,11-04-2024,09:38:03,174.59
O00010230,U009820,25-03-2024,06:49:09,174.57
O00006814,U007423,07-07-2024,11:23:14,174.51
O00010658,U005350,25-06-2025,21:07:30,174.51
O00003316,U000563,30-08-2025,20:46:51,174.47
O00004578,U003425,22-07-2024,22:29:39,174.36
O00009450,U005322,01-08-2024,22:19:54,174.35
O00001322,U006885,05-11-2025,19:29:58,174.33
O00004436,U002140,16-08-2024,08:04:37,174.24
O00011569,U004929,06-10-2025,17:57:56,174.23
O00008254,U005863,24-12-2024,12:38:10,174.07
O00019679,U008763,25-10-2024,21:36:45,174.05
O00003405,U008027,14-11-2024,08:29:46,173.97
O00000192,U009179,15-07-2024,20:29:49,173.94
O00002035,U006017,19-02-2024,17:22:24,173.94
O00004698,U003034,25-05-2025,20:21:10,173.94
O00007938,U003330,05-05-2024,18:38:26,173.94
O00010644,U007252,20-10-2025,15:59:43,173.94
O00018954,U003852,20-06-2024,14:29:39,173.94
O00000303,U008037,13-01-2025,20:19:14,173.90
O00000207,U006406,13-03-2024,00:52:11,173.81
O00012633,U002851,07-06-2025,12:30:45,173.79
O00001840,U002187,20-10-2024,01:40:16,173.72
O00004811,U001995,02-02-2025,04:20:50,173.68
O00011984,U002211,30-06-2024,12:24:38,173.67
O00003402,U002189,07-05-2025,10:25:42,173.61
O00015978,U003911,19-09-2024,14:03:35,173.61
O00009289,U005054,31-08-2025,01:07:28,173.60
O00019121,U003404,20-03-2024,09:08:59,173.55
O00018219,U005279,28-04-2024,19:44:33,173.53
O00002942,U004759,22-11-2024,14:55:49,173.42
O00017912,U007142,31-10-2024,21:20:53,173.40
O00007378,U006502,17-01-2024,19:29:11,173.37
O00019162,U009751,09-05-2025,06:13:31,173.31
O00019391,U000035,10-03-2025,16:22:09,173.31
O00006951,U001332,24-07-2025,05:58:33,173.25
O00012087,U004201,22-04-2025,04:54:03,173.25
O00017907,U002386,27-08-2024,14:13:52,173.25
O00006019,U006345,12-10-2025,06:43:07,173.21
O00013997,U009182,18-07-2025,04:46:39,173.15
O00012673,U002902,07-12-2024,01:01:05,173.11
O00003959,U009084,21-01-2025,02:24:25,172.96
O00008700,U005559,24-02-2024,14:19:36,172.94
O00002553,U003067,06-11-2025,16:26:58,172.92
O00003235,U004456,01-06-2025,13:02:41,172.90
O00003844,U007701,21-01-2024,10:33:54,172.88
O00013459,U007881,30-04-2024,23:36:16,172.88
O00013012,U000222,01-03-2024,00:44:14,172.82
O00015010,U003339,31-03-2025,00:14:09,172.72
O00005083,U001735,11-10-2024,12:47:12,172.68
O00006145,U006600,18-12-2024,05:53:40,172.68
O00015754,U003671,29-07-2024,07:03:52,172.68
O00010970,U008971,04-11-2025,23:05:59,172.67
O00013125,U005328,07-11-2024,16:59:37,172.54
O00017718,U004088,17-06-2025,23:09:02,172.51
O00017202,U008987,24-07-2025,19:15:10,172.49
O00003775,U009755,16-09-2024,13:48:51,172.42
O00009779,U004710,24-02-2024,06:43:10,172.42
O00010692,U008932,13-04-2025,20:01:53,172.42
O00018551,U001211,24-12-2024,02:53:25,172.42
O00006102,U006514,31-12-2024,13:59:35,172.38
O00018848,U003359,01-08-2024,12:50:24,172.30
O00015091,U000513,03-07-2025,12:45:41,172.29
O00009433,U005407,15-11-2024,04:43:19,172.17
O00010223,U006358,19-04-2024,04:48:50,172.17
O00011005,U005195,15-04-2024,17:15:19,172.13
O00007668,U000176,18-12-2024,00:08:12,172.07
O00016724,U002410,24-09-2024,14:41:20,171.99
O00018303,U001574,16-01-2025,04:42:02,171.93
O00006981,U004640,06-09-2025,02:45:49,171.89
O00000574,U008363,19-04-2024,02:28:43,171.81
O00005571,U008471,14-08-2024,13:45:58,171.78
O00010738,U005189,22-08-2025,20:18:29,171.75
O00019155,U006651,05-10-2025,18:40:40,171.70
O00006080,U008771,30-01-2025,01:00:57,171.69
O00011849,U004115,10-01-2025,22:03:18,171.63
O00018859,U004655,06-06-2025,22:46:59,171.53
O00001661,U003210,02-04-2024,03:59:35,171.47
O00006985,U004202,21-03-2025,01:39:22,171.44
O00004554,U000490,01-06-2025,11:31:17,171.28
O00014814,U001701,24-03-2024,11:42:01,171.28
O00002913,U001921,08-04-2025,14:15:03,171.17
O00010237,U004204,08-05-2025,05:56:27,171.16
O00007693,U009333,30-10-2025,10:17:12,171.13
O00019406,U002128,11-07-2025,19:24:19,171.12
O00015789,U000142,01-10-2025,06:43:23,171.06
O00016053,U003030,10-05-2024,15:05:07,171.06
O00003528,U003477,06-02-2025,22:13:13,171.05
O00017591,U008216,01-05-2025,22:55:54,170.92
O00001195,U004191,29-04-2024,03:23:00,170.81
O00000776,U001309,17-06-2024,11:37:28,170.77
O00003146,U001937,24-09-2025,02:55:48,170.65
O00001785,U004707,28-08-2024,01:51:57,170.63
O00019625,U000321,30-03-2024,07:38:57,170.56
O00001390,U003909,20-11-2024,10:38:00,170.53
O00002959,U005183,22-05-2025,00:12:38,170.53
O00009233,U004962,11-11-2024,12:08:57,170.53
O00009540,U001391,03-02-2024,04:47:24,170.53
O00010263,U001250,16-02-2025,08:37:54,170.53
O00018532,U006319,09-04-2025,19:10:07,170.46
O00017542,U000632,01-09-2024,16:31:05,170.45
O00011218,U006531,21-09-2025,14:42:24,170.39
O00001411,U009904,06-01-2024,12:00:08,170.38
O00015733,U006232,02-09-2025,09:04:31,170.22
O00013624,U002949,08-10-2024,02:37:23,170.19
O00001272,U000232,21-02-2024,06:56:24,170.18
O00009067,U000832,15-04-2025,16:43:36,170.18
O00001166,U006740,07-07-2025,15:12:48,170.15
O00001575,U001713,25-05-2024,11:53:00,170.12
O00016298,U001550,13-09-2025,08:05:24,170.09
O00014820,U002386,09-01-2025,02:12:45,169.97
O00006307,U004186,15-08-2024,12:24:12,169.96
O00014553,U002242,31-10-2025,16:11:45,169.85
O00003271,U003445,08-01-2024,02:32:11,169.82
O00006975,U005146,29-07-2025,01:53:57,169.79
O00011214,U004247,22-07-2025,03:52:29,169.79
O00017650,U004179,15-05-2025,07:54:17,169.79
O00002533,U001388,26-11-2024,04:04:48,169.78
O00017065,U004298,19-01-2024,18:37:05,169.74
O00000863,U003924,22-04-2024,05:11:37,169.72
O00018724,U006460,21-04-2025,19:41:36,169.71
O00011725,U004159,27-05-2025,03:52:43,169.62
O00009228,U002854,19-04-2024,08:47:14,169.58
O00012487,U000553,11-01-2025,16:09:01,169.58
O00014860,U000752,22-04-2025,05:38:31,169.55
O00006419,U000289,22-05-2024,16:50:47,169.54
O00003089,U004531,31-07-2024,11:57:19,169.51
O00010348,U006659,17-12-2024,05:51:34,169.40
O00007069,U008435,08-12-2024,22:13:28,169.31
O00004391,U001631,15-09-2025,20:12:04,169.18
O00001824,U000216,09-09-2025,07:37:25,169.16
O00005378,U002012,07-04-2024,21:02:50,169.07
O00004279,U004741,08-01-2024,06:15:59,169.05
O00014156,U005227,16-09-2024,21:13:44,168.98
O00002949,U006177,28-06-2025,23:16:04,168.96
O00017975,U003656,09-04-2024,15:27:26,168.96
O00008149,U008346,08-03-2024,16:37:45,168.83
O00009057,U005132,22-11-2024,12:12:03,168.77
O00019268,U008687,04-10-2025,13:22:48,168.74
O00001127,U000278,15-03-2024,00:47:34,168.63
O00007473,U003402,30-03-2024,04:51:31,168.63
O00009218,U009406,02-05-2024,22:28:52,168.63
O00009811,U005454,13-09-2025,06:56:17,168.63
O00014659,U006711,19-10-2025,14:12:10,168.63
O00018879,U006888,14-01-2024,15:28:16,168.63
O00008754,U007551,13-12-2024,00:02:10,168.54
O00005093,U007975,28-06-2024,01:34:58,168.50
O00000087,U002432,07-10-2025,21:05:07,168.44
O00001902,U003159,31-01-2025,16:47:14,168.44
O00002933,U007088,18-03-2024,13:54:43,168.44
O00007187,U000310,24-08-2024,01:04:26,168.44
O00010341,U001047,28-10-2024,02:49:40,168.44
O00011821,U003304,19-09-2025,16:31:01,168.44
O00002549,U001643,20-12-2024,04:22:40,168.32
O00011339,U007642,01-01-2025,02:19:50,168.32
O00014894,U008616,11-08-2025,09:44:18,168.32
O00019091,U003932,18-12-2024,13:48:47,168.32
O00002578,U003412,28-11-2024,05:20:52,168.25
O00005373,U006701,10-07-2025,14:15:28,168.25
O00009457,U003898,24-09-2024,00:24:28,168.25
O00004355,U009294,19-01-2024,17:07:01,168.15
O00003655,U005386,29-06-2024,14:26:17,168.14
O00017051,U007467,03-03-2024,11:06:49,168.12
O00009595,U000294,05-11-2024,05:36:26,168.10
O00004359,U001981,29-01-2025,22:41:58,168.09
O00000755,U009418,15-07-2024,05:25:15,168.05
O00001905,U000562,12-03-2025,18:09:53,168.05
O00009444,U006104,21-03-2025,03:19:05,168.04
O00003159,U004106,11-01-2025,07:13:43,168.03
O00005327,U008435,21-01-2025,02:17:31,168.03
O00009845,U007252,04-09-2024,06:30:36,168.03
O00011868,U008808,11-04-2024,04:04:35,168.03
O00015449,U004515,11-04-2025,06:12:01,168.03
O00001736,U003256,10-09-2025,22:46:27,168.02
O00004576,U003187,05-05-2024,00:41:02,168.02
O00006760,U007327,26-04-2024,17:40:25,168.02
O00007287,U003582,17-03-2025,17:34:50,168.02
O00002419,U006892,27-02-2025,09:21:51,168.00
O00008769,U005704,06-04-2025,13:24:46,168.00
O00018125,U009550,19-03-2024,02:07:10,168.00
O00005882,U006166,08-05-2024,01:18:30,167.98
O00001711,U007880,29-04-2025,03:57:23,167.96
O00010535,U001128,30-04-2024,09:19:40,167.96
O00019645,U004208,01-09-2024,16:52:20,167.95
O00007020,U006518,27-02-2024,06:57:39,167.90
O00014215,U007190,12-09-2024,23:48:37,167.86
O00016908,U004034,08-04-2025,06:13:46,167.84
O00010979,U004520,03-03-2024,07:48:21,167.80
O00005071,U005342,27-04-2024,17:12:50,167.76
O00006645,U003649,22-12-2024,03:55:23,167.72
O00004903,U005521,12-06-2025,21:45:14,167.52
O00005337,U006400,03-05-2024,17:27:39,167.52
O00018926,U001948,06-06-2024,19:44:24,167.52
O00018065,U000269,24-07-2024,06:01:54,167.49
O00005067,U003316,02-08-2024,14:53:28,167.45
O00009849,U006751,07-01-2025,12:32:53,167.45
O00009050,U002137,19-08-2025,22:26:30,167.40
O00007362,U003673,10-04-2024,16:36:13,167.32
O00004952,U002649,06-11-2024,21:26:36,167.31
O00013478,U003374,29-08-2024,21:36:03,167.23
O00016243,U004464,18-06-2025,23:01:14,167.19
O00011606,U008299,18-11-2024,19:35:31,167.10
O00000407,U006627,18-01-2024,06:35:59,167.07
O00004082,U008729,23-02-2024,11:13:21,167.07
O00017550,U000780,21-06-2025,23:37:14,167.05
O00018272,U009219,27-04-2025,05:22:02,167.04
O00011177,U000676,12-01-2024,23:05:42,167.02
O00015202,U003448,05-01-2025,21:16:30,167.02
O00009589,U005099,26-01-2024,04:51:44,167.00
O00001948,U005195,26-04-2024,12:55:34,166.87
O00003685,U001956,28-06-2024,15:13:39,166.86
O00006754,U007202,17-02-2024,00:54:36,166.86
O00008180,U000268,17-03-2025,07:26:57,166.78
O00019079,U006388,30-08-2024,14:26:35,166.78
O00012893,U007468,12-07-2024,13:24:20,166.77
O00007105,U008320,26-05-2024,16:07:30,166.70
O00015475,U002385,13-03-2024,14:24:40,166.68
O00000433,U002515,22-01-2024,12:25:26,166.64
O00018951,U000371,06-11-2025,01:54:55,166.64
O00019043,U009578,28-12-2024,12:25:13,166.64
O00010982,U000218,17-08-2024,06:11:11,166.61
O00006468,U001036,05-02-2025,04:08:30,166.57
O00017277,U004727,07-06-2025,14:47:56,166.50
O00007484,U005986,18-11-2024,14:18:28,166.47
O00010853,U008384,15-12-2024,19:20:09,166.47
O00018779,U007026,06-03-2024,13:42:55,166.44
O00006961,U007854,27-02-2024,01:17:25,166.42
O00013505,U002455,05-07-2024,03:04:30,166.41
O00003017,U006740,29-03-2024,03:55:03,166.37
O00018434,U005435,20-11-2024,11:05:46,166.37
O00018464,U005528,11-09-2025,14:55:23,166.32
O00016583,U006750,31-12-2024,15:08:33,166.26
O00003446,U007884,27-05-2025,18:24:38,166.22
O00005416,U002558,12-06-2024,23:25:24,166.22
O00007097,U003588,08-06-2024,08:17:31,166.22
O00008889,U001244,06-02-2024,04:32:40,166.22
O00011345,U006140,22-12-2024,13:31:18,166.22
O00016449,U005538,24-07-2025,13:12:30,166.22
O00005262,U001252,16-04-2025,15:50:33,166.14
O00011715,U001774,27-03-2024,11:39:54,166.04
O00011870,U000952,05-05-2024,13:08:09,166.04
O00012098,U006467,16-11-2024,13:42:20,166.04
O00019810,U008147,03-06-2024,18:19:18,166.04
O00009803,U002694,08-04-2024,12:19:03,166.02
O00002612,U008176,22-10-2025,13:06:54,165.96
O00006966,U000959,13-02-2025,23:29:05,165.96
O00009713,U000653,22-01-2025,15:05:40,165.95
O00002222,U008027,09-12-2024,18:53:50,165.89
O00011221,U008011,23-10-2024,07:22:07,165.89
O00018346,U003494,10-02-2025,15:04:10,165.89
O00018608,U008039,24-12-2024,12:26:38,165.89
O00004184,U003889,18-04-2025,20:56:03,165.72
O00011049,U009976,07-03-2024,17:23:11,165.68
O00006547,U000990,04-07-2025,14:42:37,165.61
O00015841,U009291,19-03-2024,09:33:39,165.61
O00006648,U000933,09-12-2024,15:12:35,165.59
O00008351,U003877,26-10-2025,09:38:11,165.59
O00009500,U006705,01-11-2025,16:25:37,165.59
O00010835,U003734,01-10-2025,22:45:55,165.59
O00005626,U009049,12-02-2025,06:41:17,165.58
O00002858,U000514,21-10-2025,07:14:26,165.54
O00003268,U008280,24-05-2024,09:37:31,165.54
O00011426,U003321,24-02-2025,01:18:33,165.52
O00006308,U003770,10-09-2024,04:07:20,165.42
O00010235,U005119,14-05-2025,17:45:01,165.40
O00012492,U000309,22-07-2025,01:03:55,165.40
O00005174,U002863,26-10-2024,01:14:09,165.38
O00012685,U002027,04-01-2025,16:03:13,165.38
O00004553,U000098,22-03-2024,18:36:22,165.36
O00003105,U000358,28-06-2024,06:11:45,165.32
O00013030,U007302,25-02-2024,19:13:17,165.32
O00011865,U007927,27-04-2024,12:26:14,165.30
O00019050,U009642,27-08-2025,17:49:37,165.27
O00010423,U007442,04-11-2024,18:12:15,165.22
O00000786,U002504,28-05-2025,07:44:27,165.21
O00013496,U005901,11-02-2025,16:47:49,165.10
O00003827,U003644,21-07-2024,07:24:56,165.03
O00004008,U004186,06-03-2025,05:56:18,165.03
O00004208,U004975,03-09-2025,22:12:25,165.03
O00004277,U003177,04-09-2025,11:04:12,165.03
O00008555,U004033,19-07-2025,11:58:18,165.03
O00008989,U009988,04-09-2025,07:02:22,165.03
O00010349,U004632,30-07-2024,01:09:29,165.03
O00011584,U004609,13-02-2025,03:11:13,165.03
O00016085,U000669,22-04-2025,09:17:08,165.03
O00019896,U000159,12-05-2024,15:54:03,165.03
O00017881,U001657,04-11-2024,14:18:34,164.93
O00000105,U008882,14-08-2024,17:59:53,164.91
O00018910,U005103,04-02-2024,03:43:09,164.80
O00019129,U007744,16-12-2024,00:31:25,164.80
O00002126,U001676,11-09-2025,21:25:39,164.79
O00019647,U000888,26-12-2024,19:26:04,164.53
O00004186,U000464,20-03-2025,19:11:46,164.52
O00005374,U001098,15-01-2024,14:26:26,164.51
O00003462,U004961,22-06-2025,20:41:02,164.35
O00000538,U009184,16-04-2024,20:12:56,164.31
O00019257,U004069,13-04-2024,13:45:45,164.30
O00016665,U008643,15-09-2024,12:54:08,164.27
O00019935,U002187,12-05-2025,09:12:31,164.21
O00014741,U001624,02-07-2025,20:56:40,164.18
O00003030,U006255,18-08-2025,16:55:10,164.15
O00006742,U005914,24-02-2024,10:37:05,164.10
O00018030,U005647,02-01-2024,03:59:18,164.10
O00010415,U008069,18-03-2025,06:30:36,164.07
O00018916,U009494,06-01-2024,01:03:07,164.00
O00018179,U001021,18-09-2024,20:42:43,163.93
O00016574,U006246,07-08-2024,16:44:27,163.87
O00008916,U003351,24-05-2024,17:54:46,163.78
O00009257,U002511,01-09-2024,02:28:54,163.77
O00016318,U008498,04-07-2025,15:50:08,163.72
O00017763,U002442,24-01-2025,00:27:48,163.63
O00004284,U009107,02-04-2024,08:46:52,163.62
O00002471,U006541,16-01-2024,18:42:14,163.54
O00007690,U008540,17-10-2024,10:17:04,163.50
O00005697,U006000,16-10-2025,02:21:48,163.28
O00001448,U000197,20-01-2024,19:11:54,163.23
O00015345,U005463,08-10-2024,19:00:13,163.23
O00002467,U002011,07-07-2024,15:33:12,163.19
O00004052,U008463,21-04-2024,03:20:57,163.19
O00004427,U008049,02-11-2025,14:28:52,163.19
O00011250,U008323,31-03-2025,10:27:26,163.19
O00019760,U007164,04-07-2024,03:24:49,163.19
O00003713,U004045,05-03-2024,19:55:39,163.17
O00005974,U007660,07-03-2024,19:13:47,163.14
O00013831,U000020,27-04-2025,22:57:27,163.11
O00000273,U007453,04-03-2025,11:21:54,163.08
O00000981,U007291,02-09-2024,05:01:58,163.08
O00008393,U005847,16-10-2025,05:34:33,163.08
O00012322,U005256,04-08-2025,19:01:54,163.08
O00015029,U009291,21-03-2024,16:52:23,163.08
O00000940,U000093,10-03-2024,15:36:49,163.07
O00014062,U004061,19-03-2024,06:14:08,163.04
O00014757,U004566,29-04-2024,02:46:43,163.04
O00015292,U008014,17-05-2025,09:33:39,163.04
O00004741,U008525,26-07-2024,10:03:24,162.98
O00002547,U003558,28-03-2025,11:39:36,162.95
O00017500,U008397,25-01-2025,10:46:26,162.89
O00016603,U003162,09-04-2024,14:20:21,162.84
O00019169,U003531,13-10-2025,05:38:37,162.81
O00014247,U001045,23-01-2025,14:54:12,162.79
O00016274,U003820,29-04-2025,09:18:28,162.78
O00010906,U007639,11-05-2024,01:03:26,162.64
O00009965,U008142,18-02-2024,08:56:09,162.56
O00013305,U001295,29-09-2024,05:03:29,162.50
O00016778,U009646,22-03-2025,04:39:27,162.47
O00016006,U008166,19-08-2025,23:55:57,162.43
O00010108,U009759,20-10-2024,19:38:26,162.42
O00002934,U005625,09-11-2024,05:26:14,162.39
O00015279,U004751,08-09-2025,18:52:48,162.35
O00019447,U003639,10-03-2024,20:49:29,162.34
O00019452,U003080,26-08-2024,08:53:11,162.26
O00007446,U006157,02-03-2024,21:51:18,162.11
O00010540,U000861,10-11-2025,00:06:42,162.11
O00019574,U009426,10-10-2025,10:46:27,162.11
O00009996,U009903,25-03-2025,07:58:59,161.88
O00003212,U006901,13-04-2025,23:24:36,161.87
O00013477,U004547,20-08-2024,09:35:38,161.87
O00005435,U005079,12-11-2024,00:35:29,161.84
O00005863,U001578,12-04-2024,19:43:20,161.69
O00008005,U003182,03-02-2025,12:14:01,161.64
O00005662,U005060,02-10-2025,21:45:43,161.63
O00006467,U007221,19-08-2024,17:15:03,161.58
O00011244,U007078,13-04-2025,18:17:01,161.53
O00016672,U004737,06-01-2024,21:30:32,161.49
O00004535,U006349,26-08-2025,01:31:02,161.45
O00000911,U006459,18-07-2025,18:20:28,161.36
O00001696,U007377,28-06-2024,10:29:37,161.29
O00008119,U004482,28-04-2024,01:52:48,161.29
O00009237,U004549,22-09-2025,12:21:31,161.29
O00011814,U008037,11-06-2025,14:39:44,161.29
O00017326,U007324,02-01-2025,08:50:59,161.29
O00011001,U005833,20-03-2025,16:48:14,161.28
O00010306,U003355,14-01-2025,08:53:34,161.25
O00018976,U006830,18-03-2024,11:57:12,161.24
O00011007,U001097,01-08-2025,07:24:12,161.23
O00012173,U004085,19-06-2025,06:06:22,161.20
O00019685,U006009,21-07-2024,07:09:43,161.17
O00004845,U005261,11-07-2024,15:46:43,161.15
O00007783,U002074,07-10-2025,22:20:01,161.15
O00009754,U002189,19-01-2024,12:33:11,161.15
O00011698,U003945,23-06-2025,17:51:05,161.15
O00009841,U003731,01-01-2025,23:07:35,161.12
O00000575,U005722,05-01-2025,00:31:13,161.07
O00009335,U000335,02-12-2024,15:41:17,161.06
O00006428,U008996,03-04-2025,17:11:43,160.97
O00004934,U009871,30-08-2024,12:48:18,160.91
O00000224,U006811,09-11-2025,03:05:36,160.90
O00010845,U009524,27-04-2024,17:52:23,160.85
O00019173,U006511,15-01-2025,22:51:53,160.79
O00015094,U000646,12-02-2024,14:27:44,160.74
O00017237,U004421,08-12-2024,10:33:28,160.67
O00008928,U005087,07-06-2025,03:25:44,160.61
O00007114,U000608,01-04-2024,23:01:46,160.27
O00017395,U003712,07-11-2025,04:32:18,160.23
O00000321,U006255,22-05-2024,03:29:56,160.19
O00008201,U003321,08-02-2024,12:49:15,160.19
O00014382,U006984,05-01-2025,17:02:02,160.19
O00014960,U003828,30-01-2024,01:34:02,160.19
O00018006,U002865,24-08-2025,09:32:58,160.19
O00010949,U002884,13-08-2025,05:21:46,160.18
O00012941,U006011,12-10-2025,06:29:30,160.18
O00015336,U005203,16-02-2025,23:21:43,160.18
O00010333,U003784,05-03-2024,22:31:21,160.17
O00008484,U005973,15-03-2025,10:38:03,160.16
O00002110,U002947,17-03-2025,18:51:14,160.10
O00005906,U004829,18-06-2024,01:56:29,160.09
O00003412,U005638,31-03-2024,17:42:42,160.07
O00000518,U007923,17-01-2024,14:09:32,160.06
O00010621,U005319,20-07-2025,05:30:44,160.03
O00000705,U007438,16-02-2025,18:33:17,160.00
O00015048,U001057,24-05-2024,21:27:02,159.95
O00018381,U006263,29-02-2024,20:59:13,159.95
O00001112,U002603,02-03-2024,00:18:24,159.88
O00003924,U005215,09-11-2024,23:05:15,159.88
O00006313,U000815,02-08-2024,04:22:30,159.88
O00012767,U001848,28-01-2025,17:51:23,159.87
O00017930,U008577,21-12-2024,16:02:42,159.86
O00005446,U002661,04-02-2025,17:17:54,159.83
O00002580,U006173,03-07-2025,15:37:25,159.78
O00018738,U001695,26-08-2025,01:48:42,159.77
O00008074,U007638,25-05-2025,19:59:07,159.74
O00005519,U005465,18-12-2024,22:50:12,159.73
O00019463,U005583,04-06-2025,19:06:52,159.72
O00003921,U007074,31-08-2025,07:37:43,159.71
O00018657,U006015,20-09-2025,02:48:48,159.71
O00008127,U003441,04-10-2025,00:16:55,159.68
O00014221,U001111,08-07-2025,16:19:34,159.66
O00012937,U005087,06-03-2025,20:02:13,159.54
O00003820,U004472,09-02-2024,03:09:35,159.47
O00001643,U001660,14-02-2024,23:01:22,159.43
O00014201,U007012,09-10-2024,05:31:29,159.35
O00018001,U009654,11-08-2025,06:48:54,159.34
O00003304,U009542,20-10-2024,22:17:44,159.30
O00011013,U005296,15-06-2024,22:28:11,159.29
O00013134,U007239,21-06-2025,20:09:30,159.29
O00019467,U006417,19-04-2025,01:45:18,159.29
O00005588,U007884,02-04-2024,06:46:51,159.25
O00009019,U001053,26-08-2025,05:25:14,159.20
O00002465,U006127,10-05-2025,07:03:14,159.14
O00015979,U003181,21-06-2024,07:33:45,159.14
O00019590,U008143,22-01-2024,04:25:43,159.14
O00014356,U007243,27-12-2024,13:41:36,159.04
O00002859,U002911,19-05-2024,13:36:18,158.99
O00019808,U009948,03-09-2024,11:40:59,158.98
O00017189,U005660,17-01-2024,10:51:13,158.95
O00008224,U002577,25-04-2024,08:45:39,158.85
O00004639,U009709,03-10-2025,19:16:05,158.84
O00006016,U005786,05-03-2024,16:05:57,158.76
O00008085,U007317,22-09-2025,10:33:49,158.72
O00015727,U003570,08-02-2025,05:16:35,158.72
O00013838,U007741,06-09-2024,00:34:19,158.61
O00002860,U009265,20-11-2024,12:32:13,158.55
O00007704,U004275,23-03-2024,11:56:45,158.55
O00009861,U003355,07-03-2025,13:20:48,158.55
O00011599,U005035,01-03-2024,23:10:31,158.55
O00017366,U006503,05-02-2025,17:34:16,158.55
O00018436,U000526,27-02-2025,11:47:24,158.53
O00009831,U007807,06-03-2024,07:59:07,158.50
O00008088,U006110,02-01-2025,05:30:49,158.42
O00017145,U006426,15-04-2024,15:52:51,158.36
O00005464,U000649,09-02-2024,19:20:57,158.32
O00010933,U003158,06-06-2024,20:05:08,158.30
O00001305,U005643,28-05-2024,14:49:57,158.29
O00000044,U008621,06-11-2025,10:56:41,158.28
O00003394,U002841,21-01-2025,04:19:34,158.26
O00017302,U009887,17-05-2024,07:08:19,158.25
O00015212,U008749,18-10-2024,16:16:58,158.22
O00016887,U004364,12-05-2024,21:32:12,158.06
O00018350,U009113,26-02-2025,16:00:46,158.04
O00019275,U007547,16-06-2024,13:04:34,158.04
O00000667,U006225,06-04-2024,18:59:16,158.03
O00001243,U001519,20-06-2025,19:21:51,157.95
O00001321,U006147,25-11-2024,03:16:21,157.95
O00003597,U008189,02-01-2024,17:29:47,157.95
O00003774,U006409,29-04-2025,16:23:07,157.95
O00012056,U003544,04-01-2024,11:21:32,157.95
O00012170,U004980,19-05-2025,06:27:06,157.95
O00015782,U002323,20-04-2025,14:14:21,157.95
O00019670,U006265,23-07-2024,15:06:49,157.95
O00014666,U004735,23-05-2025,01:30:41,157.91
O00005465,U001565,28-03-2024,00:49:14,157.89
O00005917,U003125,24-06-2025,01:15:28,157.89
O00009647,U009638,13-08-2024,16:55:21,157.89
O00018321,U006299,10-02-2024,21:43:27,157.84
O00003547,U006538,05-10-2025,01:36:00,157.79
O00004593,U002324,13-08-2024,00:45:40,157.79
O00009515,U005468,19-09-2024,06:37:05,157.79
O00009618,U001700,21-03-2025,21:17:55,157.79
O00009931,U004438,16-02-2024,01:27:46,157.79
O00010293,U005703,09-08-2024,12:41:04,157.79
O00016466,U001759,30-05-2024,17:46:09,157.73
O00006812,U003218,31-05-2025,07:51:11,157.71
O00016832,U009182,01-11-2024,06:56:27,157.71
O00018050,U006031,15-05-2025,02:32:40,157.71
O00001625,U000805,22-03-2025,13:13:25,157.67
O00008741,U002437,30-03-2025,10:41:20,157.67
O00003610,U008104,29-10-2024,19:54:47,157.61
O00005392,U009870,29-02-2024,13:26:29,157.61
O00014264,U002206,01-12-2024,03:01:54,157.61
O00011104,U003075,26-08-2024,13:33:53,157.56
O00005721,U006648,01-09-2024,06:46:37,157.55
O00002582,U002404,30-01-2024,00:51:40,157.51
O00003825,U002903,15-02-2025,14:17:29,157.51
O00019259,U005635,02-05-2024,21:04:48,157.51
O00006579,U005855,31-01-2024,05:03:28,157.28
O00001356,U006653,28-08-2025,19:43:36,157.22
O00012604,U004861,03-12-2024,22:12:30,157.07
O00009301,U006344,15-10-2025,21:22:45,157.06
O00018257,U000464,21-07-2024,01:07:36,157.02
O00019032,U007403,22-01-2024,17:02:16,157.02
O00002502,U009244,02-03-2025,20:00:37,157.00
O00006268,U005635,25-09-2024,16:49:56,157.00
O00017801,U008171,18-03-2025,18:07:46,157.00
O00000214,U006699,19-01-2025,10:28:15,156.98
O00008033,U005034,08-01-2025,12:51:21,156.85
O00016639,U001036,22-01-2025,09:15:42,156.79
O00012745,U005326,14-05-2025,08:33:28,156.73
O00008499,U007983,09-10-2024,15:41:13,156.69
O00016502,U007835,11-07-2024,11:12:51,156.64
O00019377,U002511,18-10-2024,08:44:09,156.64
O00013935,U002734,04-04-2024,11:59:42,156.52
O00016404,U009244,25-11-2024,22:05:12,156.52
O00014559,U002753,04-11-2024,03:08:15,156.41
O00018871,U008779,11-02-2025,13:11:11,156.38
O00000949,U006199,20-08-2025,13:04:09,156.32
O00005522,U001404,08-08-2024,16:25:20,156.31
O00007597,U009866,03-11-2025,07:50:35,156.31
O00007766,U002047,06-09-2025,05:13:38,156.31
O00003282,U003966,14-04-2025,21:44:53,156.30
O00011021,U009332,21-05-2025,05:58:11,156.30
O00017944,U004672,21-07-2025,07:41:09,156.26
O00006041,U001520,17-08-2025,11:18:33,156.24
O00003474,U003029,03-02-2024,22:08:20,156.22
O00019701,U009687,21-07-2025,02:33:14,156.20
O00018217,U000568,05-06-2024,19:13:50,156.17
O00011427,U005048,14-11-2025,04:47:45,156.10
O00011990,U007765,15-11-2024,21:25:48,156.08
O00004505,U002679,27-09-2025,01:53:23,156.04
O00004750,U001261,15-10-2024,16:09:54,156.02
O00001362,U001224,22-11-2024,07:18:57,155.98
O00001395,U000909,04-06-2025,08:04:53,155.97
O00007621,U000372,03-06-2025,04:10:01,155.97
O00013302,U004821,05-03-2025,16:52:08,155.96
O00012995,U008283,15-04-2024,15:14:08,155.86
O00014401,U008229,29-11-2024,05:18:56,155.82
O00006739,U003721,09-07-2024,15:05:50,155.78
O00014429,U002982,07-07-2025,22:17:48,155.78
O00017791,U006090,06-03-2024,13:17:17,155.78
O00010105,U001119,20-09-2024,22:14:54,155.76
O00006103,U000301,29-09-2024,20:47:51,155.73
O00008821,U006830,06-04-2025,04:10:48,155.72
O00013567,U009131,25-05-2025,03:41:04,155.63
O00001006,U003072,06-11-2024,10:56:23,155.39
O00002557,U006611,24-07-2025,03:43:49,155.39
O00003213,U008886,01-02-2025,03:52:45,155.34
O00011407,U004854,29-04-2024,13:45:59,155.30
O00016230,U008504,12-03-2025,20:02:40,155.26
O00019152,U008449,25-01-2024,19:14:33,155.26
O00003127,U004283,12-07-2024,20:02:48,155.25
O00003792,U006107,05-07-2025,10:28:16,155.25
O00006333,U002344,15-11-2024,22:23:03,155.23
O00003386,U001806,09-03-2024,13:44:24,155.20
O00005325,U002791,08-12-2024,22:03:56,155.20
O00014035,U007831,05-04-2024,12:51:35,155.20
O00016965,U002383,25-04-2025,21:37:06,155.20
O00003309,U002156,27-02-2024,16:43:45,155.15
O00009190,U002925,30-07-2025,11:48:06,155.10
O00008137,U002593,14-02-2024,16:23:38,155.08
O00008726,U009661,29-09-2025,11:15:29,154.92
O00010098,U001598,05-01-2025,23:53:44,154.92
O00011820,U003713,20-10-2025,13:58:10,154.92
O00004337,U005897,17-08-2025,11:58:59,154.82
O00007388,U003414,06-08-2025,19:21:40,154.82
O00002671,U002928,17-06-2025,10:52:11,154.81
O00006884,U002289,09-02-2024,18:15:30,154.67
O00007626,U002750,23-12-2024,01:55:45,154.67
O00012127,U001494,11-02-2025,15:37:16,154.67
O00014240,U001381,10-04-2024,17:59:20,154.67
O00015160,U009962,05-10-2025,00:07:25,154.67
O00007082,U003530,04-05-2025,22:20:42,154.66
O00013674,U004098,17-10-2024,01:41:01,154.64
O00015980,U004460,15-07-2024,02:22:17,154.61
O00015749,U008701,01-04-2024,02:50:10,154.58
O00014990,U006375,24-03-2024,17:27:29,154.57
O00017662,U003204,05-08-2024,17:16:29,154.55
O00008604,U005117,18-05-2024,14:05:19,154.52
O00010288,U007596,26-07-2025,02:29:03,154.52
O00017221,U009913,18-04-2025,05:39:47,154.46
O00007045,U009310,15-09-2025,18:24:10,154.44
O00001318,U008087,06-08-2025,17:56:53,154.41
O00012803,U001744,06-07-2025,06:32:46,154.35
O00006222,U007941,23-09-2025,00:36:16,154.29
O00010958,U009326,13-11-2024,12:04:29,154.29
O00013269,U005256,13-06-2025,18:49:55,154.29
O00014473,U000295,13-01-2024,01:26:42,154.29
O00018552,U009705,27-08-2025,18:52:44,154.29
O00018826,U003286,27-02-2025,19:43:00,154.29
O00008971,U001804,31-07-2025,06:12:02,154.28
O00014696,U001950,17-10-2025,14:41:29,154.28
O00001879,U003773,27-08-2025,22:48:41,154.05
O00006271,U006250,30-10-2025,15:55:47,154.05
O00007942,U003454,04-03-2025,04:18:20,154.03
O00012156,U008250,06-05-2024,21:54:04,153.88
O00011190,U005399,23-03-2025,18:23:36,153.83
O00016599,U001313,04-09-2025,09:43:19,153.82
O00003501,U004735,31-10-2025,04:02:40,153.80
O00012380,U003289,10-11-2025,01:59:02,153.72
O00012625,U001509,08-07-2025,14:39:39,153.72
O00015718,U008168,06-04-2024,03:46:14,153.72
O00000106,U008953,12-11-2025,14:11:17,153.71
O00003067,U002146,10-01-2025,01:23:05,153.71
O00006795,U008109,06-09-2024,12:33:18,153.71
O00015535,U008147,29-07-2024,19:34:11,153.71
O00016649,U003867,05-09-2024,21:50:19,153.71
O00010374,U000262,12-11-2024,20:07:12,153.63
O00001217,U001930,14-03-2024,01:59:38,153.56
O00013649,U004640,04-01-2025,23:14:36,153.41
O00002062,U009698,08-12-2024,00:34:48,153.40
O00009687,U003103,28-08-2025,00:31:33,153.34
O00004637,U005161,04-04-2025,12:09:31,153.27
O00005708,U009084,04-05-2025,12:57:17,153.20
O00019231,U009385,17-02-2024,15:13:46,153.20
O00003158,U003888,13-03-2025,13:37:36,153.18
O00017363,U000479,14-07-2024,15:05:38,153.14
O00008545,U006244,21-02-2024,02:41:23,153.07
O00012679,U008622,03-01-2024,01:37:27,153.06
O00018645,U009383,02-01-2024,13:46:11,153.06
O00001732,U001032,26-05-2025,06:11:54,152.90
O00006834,U009459,12-06-2025,20:51:11,152.90
O00008560,U003320,10-09-2024,13:22:59,152.88
O00008623,U007414,19-06-2024,21:46:02,152.88
O00018462,U008921,12-05-2025,07:01:56,152.86
O00003308,U009937,12-02-2024,02:18:01,152.80
O00011977,U004719,26-06-2024,11:48:36,152.77
O00007288,U004182,27-05-2024,04:33:17,152.74
O00012118,U004716,23-02-2024,21:27:10,152.69
O00007737,U004613,07-08-2025,11:11:35,152.66
O00008440,U005585,12-06-2025,09:59:29,152.63
O00013876,U008917,26-04-2025,03:49:13,152.63
O00009175,U004242,03-12-2024,13:35:05,152.60
O00018950,U000606,27-02-2024,17:07:59,152.49
O00019967,U009876,26-04-2025,14:14:58,152.49
O00000438,U005632,15-07-2025,03:15:54,152.43
O00012415,U005101,13-07-2025,00:04:12,152.43
O00018150,U008774,25-03-2024,23:13:39,152.43
O00001037,U005866,14-02-2025,06:44:48,152.40
O00006160,U003264,16-07-2024,07:43:44,152.38
O00010865,U007480,04-10-2024,10:45:41,152.38
O00018209,U004942,28-05-2024,22:10:10,152.38
O00002480,U007192,06-04-2025,17:38:27,152.36
O00013498,U009819,22-03-2024,19:16:18,152.33
O00001570,U002102,09-10-2025,18:38:13,152.30
O00008837,U009107,23-05-2024,10:57:04,152.30
O00001503,U008850,04-05-2024,15:57:14,152.28
O00005735,U008236,26-10-2025,08:09:22,152.26
O00007391,U007259,27-10-2024,16:48:09,152.24
O00010805,U006447,13-05-2025,13:26:54,152.24
O00015500,U004072,02-01-2025,13:01:37,152.24
O00015790,U001140,24-10-2024,11:39:18,152.24
O00017375,U007666,03-11-2024,05:15:21,152.24
O00019354,U007421,15-08-2025,09:01:44,152.24
O00002628,U005544,22-04-2025,15:31:58,152.10
O00003543,U003347,02-07-2025,02:32:49,152.10
O00005991,U004175,20-11-2024,03:24:08,152.10
O00006854,U001080,24-01-2024,03:29:02,152.10
O00013180,U004099,19-05-2024,07:54:42,152.10
O00018660,U004402,26-02-2024,19:51:10,152.10
O00018847,U004121,16-02-2024,16:03:39,152.10
O00006838,U004213,09-11-2024,19:48:10,152.04
O00007805,U002058,18-10-2025,17:53:26,151.94
O00018180,U008408,04-01-2025,18:20:36,151.86
O00003698,U007416,10-08-2024,08:15:15,151.83
O00008908,U002266,02-11-2024,08:41:38,151.81
O00005753,U003650,18-05-2025,01:08:20,151.72
O00004971,U008156,10-05-2024,18:22:58,151.71
O00001284,U002502,23-08-2025,10:16:48,151.51
O00000223,U008192,03-08-2024,01:38:57,151.50
O00012139,U002684,09-05-2025,17:03:59,151.50
O00012682,U002465,17-03-2025,01:40:26,151.50
O00009716,U000620,10-11-2025,21:21:03,151.47
O00004251,U008872,16-10-2025,19:40:40,151.42
O00001904,U003724,17-08-2025,03:51:54,151.39
O00003393,U001871,17-04-2025,14:50:27,151.39
O00005851,U001453,07-06-2024,22:20:12,151.39
O00015170,U008281,28-07-2024,19:36:06,151.35
O00015051,U005718,23-02-2025,04:45:09,151.28
O00019109,U003949,24-06-2025,14:23:55,151.26
O00009223,U008501,05-01-2025,00:02:19,151.25
O00019219,U007047,18-03-2024,08:23:31,151.23
O00007733,U003506,30-08-2025,09:14:09,151.20
O00012628,U001758,21-08-2025,00:21:40,151.20
O00013532,U002805,20-05-2024,01:00:17,151.19
O00002743,U004029,29-06-2024,21:39:30,151.18
O00018258,U002082,08-04-2025,13:59:46,151.12
O00004205,U007936,18-10-2025,10:32:32,151.04
O00005883,U000453,08-11-2024,17:45:18,151.03
O00009245,U003103,06-08-2024,23:09:58,151.03
O00003193,U008398,08-11-2025,01:06:43,150.95
O00011147,U008089,08-02-2025,15:18:10,150.94
O00011659,U006122,24-10-2024,11:21:51,150.94
O00000172,U009680,30-01-2025,16:25:47,150.83
O00002590,U002589,18-12-2024,07:43:35,150.71
O00005585,U009197,12-11-2025,02:36:08,150.71
O00013976,U007516,21-08-2024,16:15:45,150.71
O00015231,U003256,27-08-2024,16:40:13,150.71
O00016117,U008280,25-03-2025,06:52:44,150.71
O00016899,U008219,16-04-2025,07:09:28,150.71
O00017494,U000832,30-08-2024,11:48:18,150.71
O00014485,U008086,24-06-2025,03:14:22,150.60
O00015214,U002618,28-10-2025,23:46:02,150.58
O00007872,U007782,21-11-2024,03:22:13,150.55
O00016348,U007498,05-06-2025,09:23:54,150.45
O00005828,U003140,22-09-2024,09:33:05,150.44
O00004642,U002292,02-03-2025,17:14:21,150.40
O00012082,U006472,13-06-2024,20:09:06,150.40
O00011788,U002563,27-03-2024,15:46:47,150.38
O00013844,U006839,01-04-2025,10:20:48,150.36
O00009504,U000128,16-04-2024,22:14:51,150.32
O00003832,U008031,02-01-2024,08:25:57,150.31
O00001308,U005529,23-02-2025,16:11:19,150.13
O00003332,U007408,17-05-2024,05:16:53,150.08
O00015848,U009929,20-06-2025,15:54:13,150.03
O00013511,U007096,04-11-2025,17:38:10,150.01
O00017451,U008835,09-06-2025,09:31:50,150.01
O00013022,U009487,13-09-2024,22:10:44,150.00
O00014187,U001876,26-08-2025,04:16:14,149.98
O00013362,U007431,16-07-2024,05:37:45,149.86
O00009330,U007748,03-07-2025,21:44:15,149.83
O00007130,U006180,10-06-2024,17:30:55,149.79
O00000421,U004228,09-06-2025,11:25:03,149.76
O00000527,U009652,07-09-2024,10:28:46,149.76
O00014130,U001176,21-08-2025,05:20:50,149.72
O00013304,U008152,20-12-2024,01:03:04,149.66
O00007846,U005823,31-07-2024,01:42:35,149.63
O00001975,U009026,28-12-2024,23:54:47,149.55
O00015211,U009483,21-03-2025,22:38:47,149.52
O00007324,U007851,01-09-2024,21:32:30,149.44
O00007886,U002509,22-05-2024,23:10:11,149.44
O00015358,U004707,08-03-2024,21:08:23,149.34
O00016171,U001066,29-07-2025,13:13:00,149.26
O00008306,U008087,19-07-2025,01:32:22,149.22
O00013081,U006559,03-09-2025,00:10:53,149.22
O00015657,U007365,07-07-2024,03:04:19,149.22
O00003839,U000161,12-07-2024,01:47:12,149.20
O00016462,U004394,12-04-2024,22:48:18,149.11
O00002792,U002456,29-03-2025,17:55:58,149.10
O00005247,U008417,14-01-2024,08:18:53,149.02
O00007227,U000982,15-07-2024,10:47:06,149.01
O00008439,U008131,21-11-2024,11:09:36,149.00
O00019227,U006221,17-05-2024,04:47:09,148.96
O00002308,U007430,06-08-2024,02:28:08,148.89
O00015047,U005868,28-05-2025,16:00:38,148.89
O00002782,U007201,10-02-2024,08:52:35,148.87
O00000578,U001675,05-08-2024,04:45:43,148.86
O00008735,U003319,09-06-2024,06:22:24,148.83
O00006666,U002744,25-07-2025,21:50:22,148.82
O00008743,U002227,24-02-2024,09:27:04,148.77
O00002747,U005050,03-12-2024,22:12:07,148.73
O00002488,U001795,09-03-2024,01:41:12,148.66
O00010336,U007664,01-08-2025,21:09:22,148.66
O00014603,U005769,30-09-2025,04:05:57,148.66
O00008655,U002034,04-01-2025,05:41:43,148.60
O00005032,U005607,11-04-2024,07:33:38,148.55
O00006028,U004601,11-07-2024,05:07:04,148.55
O00013723,U000929,31-12-2024,11:41:45,148.55
O00013814,U002702,28-06-2024,16:43:30,148.55
O00006187,U005313,19-09-2024,10:38:28,148.52
O00003977,U009970,29-03-2024,11:22:53,148.45
O00005559,U001226,12-02-2024,20:48:41,148.45
O00006229,U001126,30-10-2025,19:49:40,148.45
O00009186,U002632,01-11-2025,15:37:38,148.45
O00019273,U007498,13-10-2024,01:27:11,148.45
O00006864,U001470,30-09-2025,23:01:18,148.44
O00001004,U007829,26-05-2024,05:55:54,148.33
O00017432,U001930,24-10-2025,14:10:41,148.33
O00019508,U003452,16-04-2025,15:02:15,148.33
O00010459,U001998,21-09-2024,19:05:35,148.27
O00000477,U000908,12-11-2025,05:41:09,148.16
O00011579,U009468,21-09-2025,18:46:19,148.16
O00015413,U003061,14-02-2024,09:32:41,148.16
O00016354,U000024,03-07-2024,12:34:23,148.16
O00017211,U005242,09-08-2024,09:50:07,148.12
O00018898,U001826,29-03-2024,19:08:36,148.09
O00008762,U000384,25-08-2024,13:06:40,147.97
O00015866,U003908,07-07-2025,12:18:28,147.92
O00014117,U007030,17-04-2025,10:53:36,147.86
O00016999,U002921,30-10-2025,18:24:21,147.85
O00002421,U009022,16-08-2024,14:32:13,147.71
O00012731,U009422,25-08-2024,12:22:56,147.68
O00007002,U003773,22-10-2025,19:01:54,147.64
O00015375,U000449,18-01-2024,00:44:48,147.50
O00003579,U009625,12-10-2025,02:14:02,147.47
O00010464,U006696,28-10-2025,11:29:44,147.47
O00012665,U008345,16-05-2024,20:30:07,147.47
O00015925,U005894,19-09-2024,20:27:00,147.47
O00006685,U007598,15-02-2024,07:37:41,147.46
O00004567,U001096,07-05-2025,04:57:06,147.44
O00007683,U000814,20-07-2025,15:13:31,147.41
O00016729,U006045,22-04-2024,15:50:53,147.41
O00007753,U003375,22-06-2024,08:54:24,147.36
O00012560,U006462,20-03-2025,09:22:58,147.29
O00002907,U003759,22-07-2025,13:08:38,147.20
O00012157,U005212,22-10-2024,12:53:47,147.17
O00001837,U005383,02-01-2025,06:04:22,147.11
O00016606,U007818,04-09-2024,12:25:24,147.11
O00019551,U008717,21-02-2024,02:25:59,147.11
O00019707,U001264,19-01-2025,07:28:09,147.11
O00018537,U006899,05-05-2025,17:28:06,147.06
O00013387,U008230,06-06-2025,02:26:23,146.99
O00000427,U007675,31-12-2024,12:41:57,146.97
O00009632,U004684,26-09-2025,01:44:43,146.94
O00018887,U004794,03-04-2024,17:33:33,146.84
O00001600,U006030,03-08-2024,13:36:56,146.81
O00005363,U005261,08-07-2024,14:07:43,146.81
O00007398,U009580,15-05-2025,21:29:51,146.81
O00012208,U000352,08-05-2025,17:31:23,146.81
O00018384,U003051,19-01-2025,09:09:23,146.78
O00014304,U001540,12-01-2025,03:06:57,146.68
O00011367,U003190,21-07-2024,15:49:18,146.65
O00010074,U001418,07-09-2025,00:57:56,146.62
O00017935,U005385,02-03-2024,20:05:40,146.62
O00000925,U002099,31-05-2025,21:23:53,146.60
O00001068,U009849,10-04-2024,20:40:57,146.59
O00004549,U004289,16-09-2025,17:58:19,146.59
O00015179,U001476,22-05-2025,16:21:17,146.53
O00007735,U008730,04-05-2024,22:11:07,146.51
O00002150,U007681,14-05-2024,11:28:06,146.49
O00009477,U000333,19-03-2024,06:38:13,146.49
O00009485,U007536,18-07-2024,03:28:13,146.49
O00010376,U003455,17-08-2024,17:38:36,146.49
O00010769,U007411,16-08-2025,04:25:52,146.49
O00018253,U001492,05-01-2024,17:32:07,146.40
O00004033,U000035,26-01-2025,13:09:06,146.38
O00001180,U007176,29-05-2024,15:44:23,146.18
O00002670,U007095,25-08-2024,21:24:44,146.17
O00007920,U009800,02-12-2024,01:37:47,146.04
O00009644,U004517,21-12-2024,19:43:51,145.93
O00003337,U000948,21-07-2024,09:56:23,145.92
O00004996,U009719,04-04-2025,23:27:48,145.87
O00008407,U004861,08-07-2024,20:11:25,145.87
O00011818,U007380,23-11-2024,00:39:34,145.87
O00004238,U003387,30-01-2025,23:56:33,145.72
O00015084,U002034,19-08-2025,16:11:38,145.72
O00017635,U000845,23-05-2025,12:07:20,145.72
O00008474,U009871,19-03-2025,12:49:16,145.68
O00002833,U003228,01-11-2024,12:10:58,145.55
O00007762,U007068,28-01-2024,15:07:32,145.55
O00013685,U005892,30-11-2024,09:28:30,145.48
O00003672,U009727,13-09-2024,16:24:46,145.43
O00010522,U002688,30-04-2024,07:53:53,145.42
O00012793,U007259,18-05-2024,14:19:52,145.39
O00007425,U005577,10-01-2024,23:43:58,145.37
O00002004,U005171,06-01-2024,12:16:36,145.28
O00008346,U006714,26-12-2024,05:01:04,145.28
O00009539,U002136,27-01-2024,00:30:06,145.20
O00009183,U003887,31-05-2024,07:15:38,145.19
O00012855,U002159,21-08-2024,01:56:38,145.19
O00019940,U005838,30-06-2024,17:57:48,145.19
O00000330,U005772,24-03-2024,02:49:15,145.17
O00006700,U006058,26-05-2025,06:07:32,145.13
O00015408,U009844,05-09-2025,06:07:44,145.13
O00007267,U000360,12-06-2025,22:02:31,145.05
O00012184,U000695,12-09-2025,16:20:18,145.05
O00002071,U008806,19-07-2024,02:27:58,145.01
O00016119,U005391,01-08-2025,05:41:08,145.00
O00001966,U005203,19-11-2024,09:56:06,144.93
O00017682,U004071,25-09-2024,22:34:13,144.93
O00018626,U007588,14-11-2025,22:42:20,144.90
O00004983,U008736,22-12-2024,15:46:54,144.76
O00014191,U004092,04-10-2024,08:44:10,144.75
O00008852,U004881,30-12-2024,20:47:12,144.71
O00007586,U009233,10-04-2024,21:42:03,144.69
O00016856,U004070,05-04-2025,22:16:18,144.60
O00008658,U004324,05-08-2025,04:17:01,144.55
O00017036,U005010,11-10-2025,19:07:59,144.55
O00004360,U003147,28-07-2024,00:38:15,144.53
O00004584,U004015,29-04-2024,17:14:47,144.53
O00003177,U009732,23-01-2025,19:00:03,144.11
O00011423,U003321,27-11-2024,16:51:34,144.00
O00004130,U003133,01-10-2024,05:05:06,143.90
O00004670,U000408,22-02-2024,11:12:37,143.90
O00005182,U007397,03-07-2024,12:14:36,143.90
O00007763,U001711,11-07-2025,10:26:31,143.90
O00014949,U005591,23-07-2025,10:53:32,143.90
O00019345,U004147,05-04-2024,23:58:45,143.90
O00012389,U007279,07-01-2024,04:32:19,143.82
O00002052,U005894,30-06-2024,09:03:03,143.81
O00003589,U006445,25-03-2025,19:18:44,143.79
O00011109,U004867,27-02-2025,07:53:08,143.79
O00018958,U008082,23-10-2025,17:54:53,143.79
O00002753,U002054,20-11-2024,05:30:33,143.52
O00013452,U000038,07-03-2025,02:12:51,143.52
O00017624,U004989,16-03-2025,14:45:02,143.52
O00004455,U004031,02-08-2025,13:40:04,143.46
O00011560,U008883,11-01-2024,06:02:56,143.24
O00008334,U004210,10-08-2024,08:49:31,143.18
O00010717,U000522,23-04-2025,14:43:02,143.16
O00006319,U002815,04-09-2025,08:03:41,143.13
O00011107,U005815,14-08-2025,05:42:45,143.13
O00013534,U001687,10-06-2025,14:07:21,143.08
O00004746,U000610,21-08-2024,01:07:50,143.07
O00005488,U007264,19-12-2024,15:22:21,143.04
O00009470,U005798,10-03-2025,04:59:09,143.04
O00001174,U004734,22-06-2025,16:42:24,142.94
O00011153,U008281,31-01-2024,14:47:50,142.94
O00016889,U000952,11-04-2024,05:41:17,142.94
O00018396,U002602,09-04-2024,13:45:10,142.94
O00002550,U000589,28-10-2024,08:15:33,142.90
O00016969,U002414,15-05-2024,00:23:20,142.89
O00002149,U009096,30-10-2025,02:53:55,142.80
O00006125,U002497,07-03-2024,17:53:56,142.75
O00011889,U001393,22-07-2024,07:03:59,142.70
O00000979,U007277,12-10-2025,11:53:40,142.65
O00014946,U007305,13-05-2024,13:23:01,142.65
O00002786,U001676,25-05-2025,05:40:54,142.59
O00006896,U005334,03-01-2024,09:12:01,142.59
O00011629,U008179,23-03-2024,23:07:45,142.59
O00011737,U000932,24-08-2025,22:29:12,142.59
O00014615,U007455,02-02-2025,10:24:21,142.59
O00015098,U003746,04-03-2025,09:16:37,142.59
O00006756,U001070,25-08-2025,08:52:18,142.58
O00018853,U006310,25-04-2024,17:58:55,142.51
O00017721,U002658,05-08-2024,20:56:14,142.42
O00004192,U009379,02-10-2024,10:08:54,142.38
O00004259,U004765,07-04-2025,09:44:50,142.38
O00010526,U006410,12-12-2024,13:25:56,142.38
O00014274,U001939,05-08-2024,10:54:02,142.33
O00000155,U000476,25-02-2025,08:23:55,142.27
O00003319,U000955,30-09-2025,00:41:11,142.27
O00012342,U005697,09-09-2024,01:26:46,142.27
O00018999,U009043,18-06-2024,16:48:59,142.27
O00019664,U006080,26-01-2024,17:50:11,142.27
O00009271,U006993,14-09-2025,10:41:49,142.26
O00000344,U005422,28-09-2024,02:43:30,142.17
O00017563,U006194,30-04-2024,09:43:52,142.13
O00008388,U000472,04-02-2025,16:12:18,142.08
O00017467,U002040,17-05-2025,20:41:08,142.05
O00012645,U004443,10-06-2025,21:54:43,142.04
O00001598,U008269,23-08-2025,01:53:19,141.99
O00007908,U006777,22-02-2025,23:58:32,141.96
O00018244,U002417,31-03-2024,01:57:51,141.96
O00010919,U003737,27-05-2024,23:15:20,141.93
O00019296,U002356,27-05-2024,23:43:13,141.80
O00000655,U003680,12-01-2025,10:34:22,141.72
O00015645,U002870,11-07-2025,23:30:21,141.71
O00000471,U001802,23-04-2024,00:00:01,141.68
O00001460,U002004,22-10-2025,01:21:45,141.68
O00017379,U000250,27-06-2024,22:26:18,141.68
O00009429,U009282,12-01-2025,09:09:03,141.54
O00000569,U008042,01-02-2024,12:11:28,141.53
O00018019,U001631,22-08-2025,15:29:24,141.51
O00004918,U007043,29-10-2025,23:23:18,141.50
O00006309,U006097,31-01-2024,12:53:02,141.49
O00006007,U008268,02-07-2025,13:35:30,141.41
O00015183,U007621,01-09-2025,05:50:12,141.40
O00014477,U003163,04-01-2025,21:35:40,141.36
O00015588,U003230,03-07-2025,04:11:49,141.25
O00013346,U008676,28-01-2025,14:04:43,141.24
O00017139,U001717,31-03-2024,08:19:29,141.21
O00019191,U007413,09-02-2025,04:42:46,141.14
O00011664,U002120,23-08-2025,08:16:37,141.13
O00010347,U008428,01-03-2025,10:18:44,140.99
O00002300,U001064,07-03-2024,11:42:27,140.95
O00000767,U006880,04-04-2025,09:33:50,140.86
O00009012,U004412,04-08-2024,00:59:41,140.80
O00006064,U004032,06-05-2025,22:51:00,140.78
O00015130,U005391,07-10-2025,14:23:58,140.73
O00015768,U007212,10-07-2025,23:53:49,140.69
O00005086,U004298,06-08-2025,06:54:36,140.68
O00014470,U009522,19-06-2025,19:51:20,140.62
O00002360,U009454,14-04-2024,15:20:33,140.56
O00013809,U003689,11-06-2025,13:16:09,140.54
O00006297,U007111,20-08-2025,13:13:48,140.52
O00011457,U009786,02-07-2025,16:30:17,140.52
O00016118,U004284,08-03-2024,21:48:48,140.52
O00005185,U006473,07-07-2025,07:00:29,140.43
O00006992,U005913,11-02-2025,08:53:20,140.40
O00019089,U004160,06-11-2025,03:36:25,140.40
O00011458,U008172,15-08-2025,21:58:23,140.37
O00005860,U003094,05-08-2024,05:30:14,140.34
O00004613,U003800,01-04-2025,23:09:54,140.32
O00012831,U002671,03-05-2024,17:23:16,140.31
O00013734,U006959,03-08-2024,14:56:53,140.31
O00001245,U005865,09-12-2024,15:35:01,140.30
O00011688,U008813,27-04-2024,06:12:30,140.30
O00013132,U008093,13-04-2024,23:59:10,140.30
O00015810,U005163,24-02-2025,22:42:12,140.30
O00016702,U003429,06-08-2024,19:59:28,140.30
O00007060,U000078,27-04-2024,17:33:07,140.21
O00007793,U002406,18-07-2024,10:54:10,140.16
O00010872,U008156,08-11-2025,10:41:20,140.12
O00005752,U002706,19-02-2024,08:21:29,140.04
O00008344,U009509,12-01-2025,07:19:23,140.04
O00019584,U007502,18-09-2024,01:39:35,139.99
O00012619,U000912,29-03-2025,21:44:51,139.93
O00005259,U004078,07-09-2024,03:30:12,139.86
O00013753,U005742,08-01-2025,02:26:26,139.77
O00008066,U001283,02-09-2025,12:11:02,139.76
O00013250,U004048,08-01-2024,17:36:37,139.75
O00003119,U000044,25-10-2025,17:37:02,139.64
O00000481,U005427,21-12-2024,00:22:52,139.45
O00001756,U008291,23-10-2024,19:49:40,139.45
O00001830,U001170,12-10-2025,12:01:10,139.45
O00010959,U002490,09-09-2024,04:43:24,139.44
O00001447,U001679,22-10-2025,08:52:37,139.42
O00015241,U000088,07-08-2024,05:25:28,139.40
O00004935,U005578,24-06-2025,22:42:00,139.37
O00010775,U004802,28-09-2024,06:10:53,139.36
O00011976,U008954,07-08-2024,20:58:16,139.36
O00007777,U004236,19-09-2025,10:52:01,139.31
O00013185,U004445,29-03-2025,12:17:10,139.30
O00013704,U000535,06-06-2025,19:28:34,139.22
O00013376,U007775,10-01-2024,08:31:45,139.14
O00002652,U000620,25-01-2025,11:17:22,139.12
O00004759,U003165,22-05-2025,03:06:15,139.10
O00001146,U003945,16-08-2025,02:48:54,139.06
O00002429,U009314,30-10-2024,22:24:43,139.06
O00006806,U000787,05-08-2025,09:06:31,139.03
O00009705,U009811,06-05-2024,22:42:31,139.02
O00011631,U002691,25-08-2025,18:45:10,139.02
O00018139,U001845,11-11-2024,10:30:31,139.02
O00013352,U009479,26-09-2024,00:04:41,138.95
O00017823,U001886,13-07-2025,00:08:14,138.95
O00015350,U003821,20-06-2024,09:57:55,138.92
O00004306,U005084,21-03-2025,02:51:46,138.89
O00004325,U006791,01-09-2024,02:50:51,138.89
O00009655,U004289,19-04-2025,07:33:30,138.89
O00011292,U002789,20-03-2024,10:49:37,138.89
O00016950,U002412,12-10-2025,01:36:32,138.89
O00018577,U008638,01-04-2025,23:25:41,138.89
O00002054,U003181,10-09-2024,13:07:36,138.82
O00007422,U006278,17-09-2025,03:49:20,138.82
O00010995,U007304,04-04-2025,12:40:25,138.82
O00012573,U006615,25-01-2025,03:21:02,138.74
O00001588,U002816,25-07-2024,06:45:18,138.70
O00013879,U007541,07-08-2024,00:24:31,138.68
O00005550,U003490,09-04-2025,15:07:45,138.66
O00005862,U007696,18-05-2025,23:51:25,138.66
O00015511,U003852,15-01-2024,04:02:28,138.65
O00016315,U005662,08-06-2025,07:36:30,138.58
O00009095,U008728,04-05-2024,00:36:30,138.51
O00004581,U000714,25-09-2025,05:00:53,138.50
O00017554,U001093,19-10-2024,17:50:35,138.50
O00018308,U005196,18-06-2025,07:49:58,138.50
O00011784,U005960,05-10-2024,13:01:18,138.49
O00009021,U004992,24-06-2024,13:17:21,138.44
O00009107,U002404,24-06-2024,03:33:05,138.36
O00016429,U009162,19-07-2024,11:54:06,138.30
O00010523,U008848,20-05-2025,14:41:25,138.29
O00002842,U009956,24-06-2024,00:45:57,138.24
O00002940,U001270,25-05-2025,09:40:25,138.24
O00005720,U004270,13-08-2025,14:23:46,138.24
O00008898,U002247,06-11-2024,17:29:23,138.24
O00008923,U003264,10-09-2025,11:07:58,138.24
O00015321,U001015,05-07-2025,08:30:00,138.24
O00019968,U002636,17-05-2025,21:50:01,138.24
O00003059,U009900,29-03-2025,07:39:16,138.20
O00007745,U003020,04-08-2025,15:03:41,138.20
O00001890,U007617,27-09-2024,15:08:39,138.01
O00008625,U006548,14-07-2025,12:55:45,137.95
O00001404,U003071,10-08-2025,02:30:47,137.93
O00019028,U001895,30-01-2024,09:28:01,137.90
O00007582,U007081,18-06-2025,16:54:17,137.88
O00019612,U004787,04-04-2025,12:54:00,137.88
O00015861,U002680,30-12-2024,04:13:39,137.83
O00003306,U008601,30-04-2025,17:28:09,137.82
O00013259,U003630,19-06-2025,18:45:03,137.82
O00004623,U001424,24-08-2025,01:07:11,137.79
O00010178,U002030,12-12-2024,12:11:28,137.65
O00012972,U004528,27-05-2024,01:06:57,137.64
O00013508,U008163,16-05-2024,00:42:59,137.64
O00018911,U008315,22-07-2024,11:43:49,137.62
O00016083,U005608,22-01-2024,20:37:30,137.60
O00018946,U000640,01-01-2025,23:53:22,137.52
O00013798,U003435,13-09-2025,17:14:43,137.51
O00005953,U009775,26-06-2024,07:06:16,137.49
O00006707,U002240,16-10-2024,18:10:35,137.49
O00001606,U007446,21-04-2024,19:23:59,137.45
O00019615,U003142,27-06-2024,20:40:26,137.28
O00001766,U006739,25-09-2025,09:29:44,137.24
O00010685,U009004,09-11-2025,00:21:28,137.15
O00003706,U006108,22-03-2024,20:16:10,137.10
O00005111,U007680,16-03-2025,11:46:40,136.97
O00008275,U000594,02-12-2024,07:00:45,136.92
O00009541,U006249,26-02-2024,16:37:10,136.91
O00018311,U009464,28-09-2024,03:49:19,136.91
O00019750,U007088,17-02-2025,18:18:04,136.82
O00005674,U007545,22-04-2025,07:23:38,136.78
O00017207,U009809,18-07-2025,19:37:50,136.78
O00011211,U004494,15-01-2024,19:28:41,136.75
O00007093,U006486,29-01-2025,14:06:29,136.74
O00013214,U005215,06-03-2025,18:53:01,136.74
O00014237,U005537,01-08-2024,23:24:42,136.74
O00016355,U000121,25-10-2025,11:53:30,136.74
O00010387,U002048,03-02-2024,18:58:47,136.72
O00011811,U005332,18-09-2025,09:15:15,136.66
O00002776,U000712,10-02-2025,19:45:17,136.65
O00004061,U006771,22-01-2024,12:30:59,136.65
O00011389,U005429,10-03-2025,21:20:44,136.65
O00002644,U003319,10-04-2024,22:20:41,136.64
O00014419,U008774,20-12-2024,19:10:31,136.64
O00018431,U005865,18-12-2024,05:29:39,136.61
O00004273,U008295,08-08-2024,10:50:46,136.55
O00001753,U006073,13-01-2024,02:51:15,136.40
O00006990,U003868,21-04-2025,08:40:00,136.38
O00013857,U001983,18-03-2025,12:08:25,136.37
O00001296,U001092,22-07-2024,21:06:12,136.16
O00012613,U008480,04-11-2025,15:01:49,136.13
O00008037,U007035,23-03-2025,01:37:35,136.07
O00006122,U005143,31-07-2024,19:54:39,136.05
O00015390,U000653,27-08-2024,12:35:33,136.05
O00001086,U008868,18-05-2024,03:14:33,135.96
O00004487,U007095,25-03-2025,09:56:33,135.96
O00008292,U004992,15-03-2024,17:08:58,135.96
O00014421,U001099,02-12-2024,16:58:02,135.94
O00005606,U002961,23-01-2024,01:09:29,135.93
O00000805,U007357,16-05-2025,04:53:45,135.88
O00013611,U009658,08-05-2025,03:53:49,135.88
O00016847,U008713,11-06-2024,12:23:54,135.88
O00016894,U003647,07-02-2025,16:14:59,135.88
O00004420,U001705,24-05-2025,13:34:13,135.87
O00019174,U005354,11-06-2024,22:46:32,135.87
O00004927,U001713,13-07-2025,08:50:13,135.85
O00013786,U003107,02-12-2024,20:13:16,135.85
O00008010,U004289,14-05-2024,11:19:17,135.84
O00014013,U004108,30-09-2024,10:16:39,135.83
O00018715,U005204,02-05-2024,13:54:44,135.76
O00008656,U006117,05-10-2025,15:01:14,135.69
O00006537,U003082,02-04-2024,15:35:24,135.65
O00004228,U001160,05-11-2024,04:44:07,135.64
O00010907,U007202,02-07-2025,19:19:52,135.62
O00014499,U008442,07-02-2025,11:44:10,135.60
O00011352,U004595,08-10-2025,11:36:08,135.56
O00013536,U009366,12-08-2024,05:48:35,135.56
O00019819,U006079,19-03-2024,07:09:04,135.56
O00006835,U001986,01-10-2025,11:16:14,135.47
O00002816,U002029,10-08-2025,23:55:49,135.45
O00012631,U009270,10-08-2025,01:57:11,135.43
O00008050,U002695,17-06-2025,15:03:21,135.39
O00000019,U004785,26-11-2024,15:18:00,135.38
O00008779,U002961,18-03-2025,19:37:12,135.38
O00016334,U000282,09-02-2025,11:11:56,135.35
O00006127,U006443,10-03-2024,11:18:53,135.33
O00009882,U009299,20-02-2025,20:44:05,135.24
O00012303,U007171,01-03-2025,15:16:41,135.23
O00016507,U005889,16-06-2024,14:10:36,135.15
O00003760,U001123,11-10-2025,13:54:59,135.13
O00008618,U005966,04-10-2024,09:04:33,135.06
O00013374,U003006,26-07-2024,09:51:13,135.05
O00004304,U002322,07-05-2024,03:26:40,135.04
O00015069,U003638,02-10-2025,04:27:50,135.04
O00019857,U005925,24-12-2024,09:56:55,135.03
O00006784,U004674,22-03-2025,15:19:05,135.02
O00010564,U004251,05-02-2025,01:25:58,135.02
O00009466,U008437,10-04-2024,07:10:45,135.01
O00001953,U000995,17-08-2024,06:31:13,134.99
O00012349,U009433,12-11-2025,20:12:38,134.99
O00010611,U006474,23-02-2025,21:29:05,134.98
O00002320,U009257,15-09-2025,15:09:24,134.95
O00008975,U008303,10-01-2024,03:49:45,134.95
O00013399,U002251,03-10-2025,23:02:55,134.95
O00016906,U002788,19-01-2024,06:39:46,134.95
O00001133,U002645,10-09-2025,07:05:32,134.90
O00015356,U003149,16-04-2024,22:37:31,134.88
O00009213,U004298,24-07-2025,21:22:23,134.79
O00008017,U007780,21-01-2024,10:10:24,134.71
O00009041,U005762,06-03-2024,07:24:29,134.71
O00017641,U000520,20-01-2024,16:25:46,134.71
O00019115,U007241,22-04-2024,09:02:52,134.71
O00016136,U009821,02-09-2024,13:40:52,134.69
O00006345,U001267,16-03-2024,01:07:09,134.65
O00012556,U006972,23-02-2024,00:47:31,134.65
O00013799,U003645,02-05-2025,03:04:14,134.65
O00004262,U001391,10-09-2024,22:44:09,134.63
O00014305,U001346,18-01-2024,19:55:13,134.63
O00018243,U002976,31-07-2024,12:51:18,134.57
O00014380,U009349,19-11-2024,09:53:27,134.55
O00004615,U002340,23-08-2025,14:41:25,134.54
O00011573,U000189,21-09-2024,09:31:26,134.54
O00017817,U004111,29-09-2024,18:25:11,134.54
O00005581,U002150,16-12-2024,03:58:56,134.50
O00007057,U005487,17-12-2024,03:20:42,134.50
O00017849,U002835,21-09-2025,12:30:28,134.50
O00010419,U007785,10-05-2025,16:32:57,134.49
O00009853,U006747,22-03-2024,02:24:22,134.39
O00011360,U007839,18-05-2024,03:42:49,134.35
O00008296,U008390,02-03-2025,20:16:07,134.27
O00000850,U009541,14-08-2024,23:44:05,134.24
O00010325,U003804,02-04-2024,06:18:31,134.24
O00010416,U009990,23-06-2025,17:17:58,134.24
O00012528,U008861,06-03-2025,07:41:56,134.24
O00005977,U002805,13-07-2024,06:50:19,134.22
O00008209,U006105,11-01-2025,04:23:00,134.22
O00010434,U005914,23-10-2025,03:23:18,134.22
O00011927,U007009,02-08-2025,03:53:13,134.22
O00016531,U007768,29-12-2024,17:02:35,134.22
O00000259,U004075,26-09-2025,08:09:09,134.20
O00008159,U008327,04-03-2025,20:24:01,134.17
O00004964,U003643,09-06-2025,02:59:06,134.16
O00003491,U007026,26-04-2024,19:14:42,134.10
O00012959,U002822,24-03-2024,11:09:15,134.03
O00003989,U006959,06-11-2025,16:25:18,133.99
O00013952,U004539,11-11-2024,00:08:22,133.98
O00002144,U007478,19-02-2025,02:45:34,133.96
O00009160,U003016,29-10-2025,06:19:05,133.96
O00010466,U008609,15-11-2024,07:19:09,133.96
O00014426,U006337,18-07-2025,18:41:13,133.96
O00000984,U003853,16-10-2024,13:39:04,133.95
O00014224,U002315,26-02-2025,18:31:06,133.95
O00019682,U008169,15-07-2025,11:27:16,133.83
O00001980,U006321,07-10-2025,21:36:30,133.78
O00006339,U002636,07-09-2025,08:05:52,133.78
O00019643,U004450,11-12-2024,13:55:45,133.77
O00004547,U000039,06-11-2025,11:34:22,133.71
O00008747,U007959,08-02-2025,01:29:01,133.71
O00011326,U004225,20-04-2025,10:51:28,133.71
O00018538,U006310,19-09-2024,17:30:50,133.71
O00000670,U001256,13-05-2025,03:33:23,133.67
O00002877,U000741,27-10-2025,15:54:58,133.65
O00000635,U002432,12-05-2024,03:27:03,133.58
O00003071,U004892,10-04-2025,19:58:04,133.58
O00018167,U005720,21-10-2025,22:35:40,133.48
O00019555,U009186,20-02-2025,22:25:03,133.48
O00001454,U004449,15-01-2025,22:25:55,133.34
O00010095,U005691,09-03-2024,13:00:34,133.34
O00015147,U005962,08-05-2025,18:31:40,133.34
O00015387,U000012,05-05-2025,21:41:37,133.34
O00015070,U009753,21-02-2024,05:11:42,133.32
O00005188,U006553,14-12-2024,15:19:17,133.20
O00019222,U001356,22-04-2025,09:51:27,133.13
O00000322,U002806,31-10-2024,16:29:35,133.04
O00000054,U003166,14-04-2024,00:52:49,133.02
O00007283,U003189,16-10-2024,02:10:45,133.02
O00017746,U003100,05-09-2024,00:28:56,132.95
O00014141,U004987,27-09-2025,21:20:22,132.88
O00001274,U004051,12-07-2025,22:05:12,132.77
O00005947,U007444,15-07-2024,16:46:51,132.74
O00000228,U004618,25-04-2024,09:38:32,132.71
O00006693,U008467,12-09-2024,16:12:28,132.71
O00009536,U007838,12-01-2024,19:33:44,132.71
O00016071,U007526,05-09-2024,06:45:02,132.71
O00008922,U000707,30-07-2025,16:32:38,132.70
O00012472,U007724,12-03-2024,17:25:21,132.70
O00014416,U003842,17-06-2025,00:50:15,132.70
O00015854,U003348,04-01-2024,03:54:57,132.70
O00019063,U006949,04-03-2024,13:21:41,132.70
O00001230,U008805,21-04-2025,13:37:26,132.66
O00003963,U003304,16-02-2024,21:11:18,132.66
O00002530,U003717,15-04-2024,00:47:07,132.56
O00005318,U009249,04-05-2024,19:08:51,132.56
O00005377,U000779,11-05-2025,15:41:05,132.56
O00006644,U005386,11-07-2025,11:03:49,132.56
O00007705,U003606,19-07-2024,08:26:08,132.56
O00018970,U006416,25-11-2024,03:31:40,132.52
O00011527,U001430,04-10-2025,02:01:37,132.51
O00000789,U004485,10-10-2025,12:29:39,132.37
O00002950,U004520,22-11-2024,01:10:09,132.32
O00018398,U003081,25-12-2024,23:15:47,132.31
O00009960,U004078,20-11-2024,08:14:29,132.30
O00016981,U008304,03-06-2024,13:36:36,132.22
O00007190,U002682,21-04-2024,11:56:11,132.20
O00000123,U005052,24-03-2025,22:46:09,132.13
O00001117,U007083,01-02-2025,05:23:18,132.13
O00007098,U003690,14-10-2024,13:29:22,132.13
O00014178,U000282,24-01-2024,18:27:32,132.13
O00005222,U002577,29-01-2025,20:14:03,132.06
O00010584,U003244,18-05-2025,23:26:36,132.06
O00010695,U009530,25-06-2025,13:29:56,132.06
O00007155,U007536,09-05-2025,18:46:42,132.05
O00005783,U009262,10-04-2024,20:33:41,131.99
O00008112,U001576,20-09-2024,03:44:50,131.94
O00000347,U007253,19-11-2024,03:10:25,131.88
O00005302,U007259,08-04-2024,01:51:11,131.87
O00019364,U003255,09-10-2024,21:16:07,131.85
O00015080,U006549,03-06-2025,02:12:39,131.83
O00015940,U005988,10-06-2025,21:38:42,131.81
O00000456,U006551,14-11-2025,18:05:39,131.77
O00012491,U005996,14-06-2024,21:24:09,131.76
O00006450,U005653,06-03-2025,19:01:21,131.75
O00008711,U007714,13-08-2025,22:13:14,131.75
O00015474,U000955,09-02-2024,00:07:29,131.75
O00009806,U003269,24-05-2025,00:20:15,131.60
O00003709,U007484,03-09-2024,13:57:16,131.55
O00014683,U003102,20-09-2024,18:57:19,131.55
O00012898,U000828,29-06-2024,03:02:54,131.46
O00014628,U004151,23-01-2024,02:21:14,131.46
O00004308,U001565,24-02-2025,16:10:41,131.45
O00016643,U003544,11-01-2024,22:24:23,131.40
O00013356,U009697,17-04-2025,15:12:16,131.35
O00005663,U004808,08-07-2024,15:57:42,131.33
O00004693,U000031,24-01-2024,14:33:46,131.29
O00011436,U008373,04-01-2025,08:22:07,131.29
O00005196,U001404,29-05-2025,05:58:29,131.24
O00002324,U007834,17-09-2024,02:27:53,131.23
O00015725,U008435,13-08-2025,18:03:51,131.22
O00011299,U002738,04-01-2025,22:02:43,131.21
O00001706,U001371,28-08-2025,06:08:12,131.20
O00014029,U000410,10-09-2024,18:27:44,131.20
O00011749,U004288,29-06-2025,12:57:47,131.16
O00005220,U005933,10-03-2024,12:31:05,131.08
O00014182,U009378,31-01-2024,07:07:43,131.06
O00009916,U007775,27-05-2025,13:27:02,131.03
O00001719,U000657,14-06-2025,14:11:48,130.95
O00002561,U003837,04-01-2025,05:53:44,130.95
O00019846,U003801,06-02-2024,18:26:56,130.89
O00002492,U002404,01-09-2024,23:22:07,130.88
O00003253,U007635,05-10-2025,13:56:05,130.87
O00003320,U002853,21-01-2024,14:12:47,130.87
O00010662,U005173,11-11-2025,02:29:24,130.87
O00017991,U002575,04-08-2025,12:26:43,130.87
O00013225,U008836,28-02-2025,09:00:15,130.83
O00012872,U002631,17-01-2024,08:35:06,130.74
O00005709,U007124,07-10-2024,14:10:14,130.71
O00008057,U009220,24-07-2024,01:42:47,130.62
O00009241,U008245,26-11-2024,02:45:57,130.62
O00001877,U009714,02-09-2024,15:49:38,130.56
O00004737,U006344,21-08-2024,05:59:51,130.56
O00011176,U003470,01-02-2025,06:35:13,130.56
O00012431,U004325,05-03-2025,16:43:22,130.56
O00012469,U001449,03-09-2024,13:45:42,130.56
O00016048,U003682,12-07-2025,07:52:37,130.56
O00018472,U008594,07-02-2024,15:01:25,130.56
O00002376,U009010,26-03-2024,19:32:52,130.49
O00016642,U004644,06-07-2025,16:52:18,130.48
O00008789,U005899,17-09-2024,06:23:57,130.45
O00010733,U002641,24-10-2024,19:08:22,130.41
O00015863,U007263,14-07-2025,10:53:04,130.36
O00010408,U005721,01-04-2025,15:16:15,130.34
O00007697,U005103,27-09-2024,18:46:37,130.33
O00000502,U009340,26-06-2025,18:26:52,130.31
O00008420,U001132,13-02-2025,22:25:04,130.31
O00018135,U007518,14-01-2024,13:33:07,130.30
O00019284,U003368,07-08-2025,18:05:16,130.28
O00014693,U001401,18-10-2024,01:59:14,130.27
O00003456,U003262,04-03-2024,09:00:07,130.26
O00006952,U008359,22-10-2024,02:56:40,130.23
O00008350,U002987,24-08-2025,02:05:46,130.23
O00019039,U002982,24-11-2024,04:56:51,130.15
O00005618,U007105,03-09-2024,07:56:42,130.12
O00007333,U007869,02-06-2024,00:45:12,130.12
O00000580,U001813,29-10-2024,16:43:21,130.05
O00001326,U009624,19-06-2025,03:16:54,130.05
O00009997,U004269,24-07-2024,03:53:43,130.00
O00017701,U002521,02-01-2025,21:35:16,129.99
O00003330,U001523,16-01-2024,19:14:38,129.70
O00008492,U005217,15-05-2025,22:47:05,129.70
O00010777,U009869,11-04-2025,00:14:17,129.64
O00008055,U004872,12-08-2025,18:53:39,129.58
O00002384,U006473,29-04-2024,08:52:48,129.49
O00004591,U002659,10-02-2025,04:34:25,129.49
O00005472,U009313,27-12-2024,02:47:31,129.49
O00005796,U007616,03-12-2024,02:03:45,129.49
O00010565,U008331,09-01-2025,01:18:40,129.49
O00018048,U006583,29-04-2024,23:40:33,129.49
O00013875,U003343,11-04-2024,07:48:47,129.48
O00012822,U007400,23-10-2025,06:37:28,129.42
O00002591,U005576,20-05-2025,10:22:30,129.29
O00005970,U006680,26-05-2025,20:17:12,129.24
O00014371,U006358,28-09-2025,22:47:58,129.23
O00014762,U009666,25-07-2025,03:27:51,129.20
O00017195,U005130,14-11-2024,06:42:46,129.20
O00005306,U007027,18-08-2024,12:31:15,129.16
O00016066,U004373,24-12-2024,22:02:32,129.02
O00007656,U000870,27-06-2025,12:59:17,128.92
O00001870,U009793,10-12-2024,19:00:18,128.90
O00004787,U005104,28-04-2024,04:49:35,128.90
O00002007,U008501,01-09-2024,15:13:18,128.86
O00003848,U006764,26-04-2025,09:24:54,128.79
O00013856,U007123,20-10-2024,22:25:40,128.69
O00008529,U007441,18-12-2024,21:34:54,128.66
O00007470,U001836,11-06-2024,13:09:51,128.57
O00017736,U003019,19-09-2025,08:23:36,128.57
O00018601,U003367,14-04-2025,10:28:29,128.54
O00009394,U006025,03-06-2024,05:32:44,128.53
O00012067,U002138,16-10-2024,23:44:12,128.53
O00015819,U001389,08-08-2024,20:45:45,128.53
O00018812,U007618,28-05-2025,11:39:10,128.53
O00014620,U009195,17-08-2025,09:51:51,128.46
O00000704,U009746,11-05-2024,21:22:50,128.44
O00005504,U000999,22-07-2024,02:55:38,128.44
O00012706,U000627,14-01-2024,12:53:17,128.43
O00014881,U005059,05-04-2025,20:40:55,128.42
O00009329,U001098,16-06-2025,18:14:13,128.39
O00016062,U001733,09-08-2024,02:09:00,128.37
O00010731,U003633,13-05-2024,08:22:18,128.36
O00007450,U000848,04-03-2025,01:26:39,128.31
O00010574,U005585,01-02-2024,19:23:09,128.31
O00011160,U009143,27-01-2025,12:28:41,128.31
O00018778,U007534,29-07-2025,04:55:47,128.31
O00007710,U000705,03-04-2025,04:08:41,128.28
O00009426,U001900,25-10-2025,00:11:46,128.28
O00005292,U003562,03-04-2025,08:04:32,128.23
O00007650,U009181,11-04-2025,14:53:09,128.22
O00009106,U001697,07-01-2025,12:10:49,128.22
O00007175,U005816,07-09-2025,00:31:25,128.21
O00008373,U005103,27-05-2024,01:58:48,128.20
O00018741,U009545,25-08-2025,07:23:47,128.09
O00019244,U001274,29-10-2025,01:18:35,128.02
O00004405,U002267,22-10-2025,09:20:48,127.96
O00011559,U000735,31-05-2024,20:37:08,127.96
O00003163,U003920,15-01-2024,02:50:34,127.92
O00010894,U001024,09-07-2024,10:53:43,127.92
O00010665,U007951,28-01-2024,06:29:46,127.89
O00013987,U005553,29-03-2024,03:33:47,127.86
O00019720,U004721,28-11-2024,07:37:55,127.81
O00015536,U003437,01-01-2024,01:20:08,127.76
O00018581,U001080,29-06-2024,03:10:57,127.75
O00006541,U007356,06-05-2024,14:48:15,127.72
O00019658,U003600,03-10-2024,12:20:46,127.71
O00006652,U008582,29-09-2025,06:39:39,127.60
O00018268,U000300,17-03-2025,16:12:54,127.60
O00008678,U000618,26-06-2025,22:12:23,127.58
O00009824,U006874,03-03-2024,09:17:19,127.54
O00006348,U007812,28-05-2024,12:28:00,127.52
O00016166,U006903,20-08-2025,05:09:31,127.50
O00018781,U007558,24-06-2024,12:17:02,127.50
O00000016,U006392,01-10-2025,07:52:16,127.42
O00002865,U003670,14-06-2024,17:12:43,127.42
O00001163,U003044,09-05-2024,18:00:30,127.41
O00004715,U002226,24-05-2025,11:56:40,127.41
O00008987,U008344,28-02-2024,23:07:28,127.26
O00010612,U003474,07-05-2024,15:32:37,127.26
O00011327,U007202,19-05-2025,00:36:22,127.26
O00015527,U007510,01-08-2025,12:55:57,127.22
O00002333,U008945,19-02-2025,21:57:27,127.21
O00000608,U001359,07-07-2024,02:19:13,127.20
O00003990,U004890,20-09-2025,16:19:42,127.20
O00019731,U008937,29-01-2024,21:14:10,127.17
O00008496,U001537,23-10-2025,23:18:54,127.11
O00015295,U001824,12-11-2025,06:42:31,126.99
O00017613,U005003,04-04-2025,05:52:18,126.96
O00000737,U005980,10-04-2025,16:58:59,126.93
O00014082,U008048,15-07-2024,04:32:10,126.93
O00015897,U001176,19-01-2025,00:51:53,126.93
O00015037,U000083,28-08-2024,19:34:18,126.88
O00000724,U002679,18-10-2024,22:36:04,126.87
O00002893,U005007,12-09-2024,18:55:34,126.86
O00006528,U004573,13-07-2024,04:23:52,126.79
O00006408,U005765,30-08-2024,09:35:23,126.76
O00013772,U009941,08-05-2025,17:30:58,126.74
O00000958,U005571,05-05-2025,01:18:21,126.70
O00004986,U007963,23-04-2025,20:11:16,126.70
O00019455,U009698,28-07-2024,06:51:55,126.70
O00010559,U004375,06-05-2025,00:04:16,126.62
O00016055,U009632,15-06-2025,02:04:03,126.60
O00001001,U006103,17-01-2024,12:03:58,126.55
O00007376,U007306,11-09-2024,12:40:50,126.55
O00005076,U009490,10-05-2025,13:33:23,126.54
O00012829,U002043,07-03-2025,16:36:34,126.49
O00013056,U001164,28-03-2025,02:48:56,126.45
O00009608,U000981,10-02-2025,16:55:13,126.42
O00001602,U000883,26-03-2024,04:31:24,126.40
O00001898,U000036,16-09-2024,11:44:30,126.37
O00014878,U003257,27-03-2024,15:31:15,126.37
O00016556,U004821,16-03-2025,14:56:05,126.36
O00016310,U005271,18-02-2025,04:19:18,126.34
O00019869,U008564,27-01-2025,14:48:04,126.32
O00013360,U009833,14-04-2025,17:33:46,126.30
O00004280,U003213,17-11-2024,20:20:27,126.29
O00005996,U001867,09-01-2024,21:36:04,126.29
O00012789,U001778,16-02-2025,01:43:47,126.29
O00018666,U008165,20-08-2024,10:32:35,126.29
O00000839,U006831,17-07-2025,21:46:54,126.24
O00007751,U009616,14-05-2025,15:15:53,126.24
O00018775,U002797,08-05-2024,00:49:06,126.24
O00014647,U008385,05-09-2025,18:30:19,126.23
O00003399,U004571,14-06-2024,17:03:08,126.16
O00006762,U000658,12-01-2025,01:43:33,126.16
O00007681,U001948,09-04-2025,07:01:26,126.16
O00019238,U004447,22-11-2024,21:16:43,126.16
O00000111,U006403,09-01-2024,18:41:50,126.05
O00007902,U003319,28-05-2025,10:47:42,125.95
O00000366,U007551,11-05-2024,22:24:57,125.92
O00006193,U004242,25-06-2024,21:38:47,125.92
O00010076,U004661,26-03-2025,15:33:13,125.89
O00010643,U007504,29-01-2025,08:27:50,125.84
O00003279,U000010,08-08-2024,08:25:29,125.80
O00005681,U006416,27-03-2025,07:11:56,125.56
O00011957,U009526,17-03-2025,21:24:16,125.56
O00003608,U004805,02-10-2025,02:14:32,125.48
O00003444,U000445,02-03-2024,16:52:01,125.43
O00001779,U006755,10-03-2025,12:17:38,125.28
O00002124,U007224,04-02-2025,17:39:44,125.28
O00003517,U004925,11-09-2024,18:42:18,125.28
O00007997,U006515,16-05-2024,02:58:17,125.24
O00010594,U006526,28-02-2024,14:33:29,125.18
O00014283,U001113,21-10-2024,17:46:38,125.18
O00006384,U006456,03-11-2024,02:22:24,125.16
O00015947,U003449,30-10-2025,12:44:26,125.08
O00000184,U001541,19-02-2024,16:26:39,125.02
O00004664,U004431,19-05-2024,23:44:13,125.02
O00010000,U008171,05-05-2024,20:38:27,125.02
O00012396,U005914,11-05-2025,21:43:54,125.02
O00015518,U000250,15-03-2025,16:32:27,124.97
O00000211,U006935,24-10-2025,15:19:59,124.95
O00009145,U001994,29-10-2025,08:00:31,124.95
O00000045,U003734,31-03-2024,19:14:31,124.94
O00004361,U005229,24-10-2024,18:36:48,124.94
O00016373,U009908,30-09-2024,20:35:55,124.94
O00009159,U007832,12-05-2025,17:16:49,124.91
O00013230,U001061,11-12-2024,12:05:27,124.91
O00017079,U001877,29-07-2024,09:10:26,124.89
O00005517,U001593,03-06-2024,11:51:55,124.87
O00019971,U009432,30-07-2025,04:25:44,124.87
O00018328,U008724,11-07-2024,18:48:28,124.84
O00018747,U007419,02-02-2025,06:40:33,124.83
O00017352,U000423,26-06-2025,08:31:33,124.78
O00000901,U003735,16-02-2025,07:24:52,124.77
O00007384,U009206,16-11-2024,13:05:00,124.68
O00013246,U004554,18-05-2025,00:37:21,124.68
O00016455,U009007,09-04-2024,13:02:31,124.68
O00019673,U000573,27-07-2025,02:56:43,124.68
O00004569,U009529,02-04-2024,20:13:10,124.59
O00013533,U009299,27-08-2025,13:54:57,124.59
O00018894,U009741,26-10-2024,07:35:34,124.59
O00018909,U002982,08-08-2025,17:07:42,124.59
O00000927,U001808,17-02-2025,19:48:16,124.57
O00012724,U008721,26-07-2024,14:40:19,124.34
O00013544,U007614,09-12-2024,11:42:27,124.34
O00015761,U007214,28-02-2024,19:27:25,124.34
O00005794,U003366,02-10-2025,08:13:11,124.32
O00007006,U008528,22-05-2024,03:25:29,124.31
O00012298,U004971,17-04-2025,06:43:53,124.31
O00012601,U008154,11-09-2024,19:42:09,124.31
O00017840,U000825,27-01-2025,06:13:57,124.31
O00012698,U002871,05-07-2025,15:36:44,124.26
O00007695,U004920,03-06-2025,15:31:12,124.22
O00012340,U005707,25-01-2024,19:18:54,124.20
O00006357,U001559,20-06-2025,23:59:45,124.10
O00007514,U005978,18-04-2025,08:32:48,124.10
O00008080,U005727,09-11-2025,09:01:35,124.09
O00019337,U003765,01-04-2025,06:25:25,124.08
O00011619,U006659,13-02-2024,23:07:13,124.07
O00004611,U007865,31-03-2024,16:01:51,124.00
O00003407,U000413,22-01-2024,17:58:38,123.97
O00001383,U008853,06-03-2025,06:36:56,123.89
O00017346,U000573,21-07-2024,09:34:41,123.85
O00004835,U009816,07-08-2025,18:05:34,123.80
O00010130,U006848,19-05-2024,02:32:57,123.78
O00006465,U009639,14-07-2024,12:15:32,123.77
O00001740,U008091,04-08-2024,07:31:09,123.72
O00002958,U006417,01-11-2025,03:54:01,123.68
O00011297,U007013,25-05-2025,05:15:58,123.68
O00013766,U004226,22-09-2025,00:08:39,123.62
O00006970,U002768,03-09-2024,06:40:04,123.61
O00006486,U001165,11-04-2025,08:10:31,123.57
O00003003,U008043,06-04-2024,20:43:12,123.36
O00017429,U000303,23-09-2024,23:52:08,123.36
O00019882,U001626,20-05-2024,21:25:58,123.35
O00010244,U005334,14-12-2024,19:03:50,123.31
O00017327,U000077,07-08-2024,17:33:23,123.27
O00004132,U001029,14-01-2024,09:42:36,123.20
O00019253,U001091,04-03-2024,08:23:34,123.20
O00018132,U008524,10-03-2025,03:52:16,123.18
O00010442,U007242,26-12-2024,03:59:59,123.14
O00014220,U004581,22-12-2024,18:27:13,123.04
O00005912,U000174,10-06-2025,06:08:23,123.01
O00006438,U008185,26-04-2024,20:45:15,123.01
O00017859,U003726,15-09-2025,16:27:46,123.01
O00017964,U005326,28-08-2025,17:39:43,123.01
O00009906,U002937,03-06-2024,11:26:42,122.89
O00001153,U002649,21-10-2024,04:32:50,122.80
O00011548,U001830,26-03-2024,15:55:04,122.79
O00019506,U006048,01-12-2024,08:37:03,122.78
O00011988,U005317,20-04-2024,00:31:37,122.73
O00003922,U001715,30-11-2024,12:23:02,122.71
O00004667,U004891,22-06-2024,13:02:07,122.71
O00007209,U009188,04-04-2025,21:35:12,122.71
O00016092,U008816,17-01-2025,11:38:09,122.71
O00006748,U007074,15-08-2024,22:26:59,122.70
O00011647,U008724,18-04-2024,23:18:51,122.69
O00016946,U007485,12-07-2025,15:34:00,122.69
O00004992,U008577,20-07-2024,12:53:39,122.67
O00018693,U009801,06-03-2025,09:51:32,122.65
O00019583,U000671,23-08-2025,13:54:14,122.63
O00000140,U008257,01-10-2024,22:36:05,122.60
O00006441,U001736,13-02-2024,18:46:26,122.60
O00008404,U009338,11-08-2024,17:51:48,122.60
O00010508,U008720,16-07-2024,23:56:33,122.60
O00018324,U005229,13-06-2024,17:36:00,122.60
O00018835,U007997,06-12-2024,03:25:08,122.60
O00000824,U003271,09-05-2024,18:23:45,122.51
O00014239,U007543,23-10-2025,07:52:18,122.35
O00005964,U004055,20-02-2025,20:22:53,122.30
O00008220,U005439,16-01-2025,21:59:24,122.30
O00011522,U008410,01-10-2024,12:59:41,122.30
O00015349,U003704,31-05-2025,07:18:32,122.28
O00002572,U001426,04-10-2024,20:24:57,122.27
O00006447,U007121,14-02-2025,13:02:21,122.24
O00014116,U007162,27-07-2025,00:49:57,122.13
O00004929,U002378,03-08-2024,23:23:10,122.10
O00010657,U008770,17-04-2024,04:47:11,122.09
O00012452,U002585,22-07-2024,09:21:52,122.03
O00019267,U000899,22-07-2024,14:21:27,122.03
O00000234,U008714,22-12-2024,03:21:09,122.01
O00008940,U002356,09-10-2024,10:52:40,121.92
O00003895,U007074,05-05-2024,00:34:06,121.89
O00008843,U007417,26-10-2024,05:08:11,121.89
O00015419,U009266,05-11-2025,11:23:13,121.89
O00000351,U009272,21-06-2025,02:18:24,121.87
O00001429,U000595,31-01-2024,01:49:06,121.86
O00018423,U009759,27-01-2024,13:55:43,121.74
O00017919,U004047,26-03-2025,06:23:50,121.71
O00009388,U007047,03-09-2025,11:01:13,121.66
O00014298,U009990,21-05-2025,21:40:55,121.66
O00017917,U002334,19-05-2024,06:56:19,121.64
O00018763,U004533,25-09-2024,14:30:05,121.62
O00012405,U002447,10-08-2025,01:39:54,121.59
O00008574,U007103,08-11-2025,20:58:54,121.56
O00000968,U005475,19-10-2024,02:23:27,121.55
O00001510,U001859,19-03-2025,11:11:48,121.55
O00008757,U002410,07-12-2024,13:14:49,121.55
O00011582,U009634,02-08-2024,18:26:48,121.55
O00017842,U009902,24-07-2024,22:11:40,121.55
O00012636,U002759,04-10-2025,15:28:46,121.54
O00010964,U009849,06-08-2024,15:57:36,121.47
O00016956,U008640,05-07-2025,01:49:57,121.38
O00012446,U002913,17-03-2025,11:05:08,121.32
O00010215,U006364,06-07-2024,02:29:25,121.29
O00016123,U007491,15-11-2024,01:32:37,121.29
O00017932,U000827,30-04-2024,12:21:41,121.26
O00005553,U009851,11-09-2024,14:59:22,121.17
O00005309,U000034,02-07-2025,16:10:02,121.15
O00018304,U002670,17-09-2025,09:04:43,121.13
O00003791,U006510,13-09-2025,11:19:51,121.10
O00016242,U006735,21-04-2025,20:08:43,121.10
O00002329,U005226,05-08-2024,08:59:55,121.08
O00001092,U009629,13-03-2024,23:55:35,121.03
O00019559,U001135,22-08-2024,15:44:12,121.03
O00003121,U004617,04-02-2025,00:55:38,121.02
O00017003,U005705,21-06-2025,01:51:22,121.02
O00001843,U009902,18-04-2024,12:34:18,121.00
O00001486,U006659,21-02-2025,23:39:29,120.94
O00003741,U005154,21-07-2024,21:28:10,120.93
O00010703,U005443,17-08-2025,01:12:32,120.91
O00006837,U007398,16-08-2024,05:17:12,120.82
O00010609,U009967,12-01-2025,08:17:28,120.82
O00011454,U001384,21-06-2024,21:14:48,120.82
O00011791,U001021,24-04-2024,11:57:42,120.82
O00014716,U002143,03-07-2024,01:29:22,120.82
O00006758,U007842,25-03-2025,04:42:48,120.80
O00007033,U000646,06-01-2025,15:02:43,120.78
O00013357,U007647,01-09-2024,20:06:30,120.78
O00019124,U008331,06-10-2024,23:26:20,120.78
O00008935,U001968,29-07-2025,05:52:41,120.66
O00014767,U000343,20-06-2025,21:33:40,120.60
O00019952,U001754,29-06-2024,19:28:48,120.54
O00002911,U009532,29-05-2024,22:49:47,120.46
O00019429,U000531,18-07-2025,01:47:30,120.42
O00000414,U000267,23-10-2025,13:44:10,120.40
O00007125,U003114,12-06-2025,23:31:13,120.35
O00016147,U000202,14-07-2024,07:44:41,120.35
O00004380,U008670,29-07-2025,08:59:29,120.33
O00009962,U002870,03-10-2025,21:52:12,120.33
O00011549,U004188,15-08-2025,20:54:16,120.33
O00012168,U009105,01-02-2024,20:49:21,120.33
O00000459,U009480,17-06-2025,08:42:41,120.32
O00008661,U008532,20-05-2025,21:59:07,120.32
O00017553,U004444,05-08-2024,02:45:35,120.28
O00019110,U000248,22-12-2024,23:32:16,120.22
O00007165,U004427,05-07-2025,20:45:23,120.12
O00015741,U004794,04-05-2024,12:05:44,120.09
O00019770,U004511,23-05-2025,03:19:07,120.09
O00006670,U004656,20-05-2024,06:22:18,120.08
O00003440,U009220,02-09-2025,21:22:07,120.05
O00000232,U003029,18-11-2024,22:51:17,120.02
O00014001,U006702,30-10-2025,15:43:45,120.02
O00007241,U007530,14-09-2025,08:31:54,120.00
O00012530,U008143,06-02-2024,00:37:15,119.98
O00017708,U006171,14-06-2024,07:35:25,119.95
O00006139,U003828,19-02-2025,01:19:21,119.94
O00003251,U008058,26-08-2024,06:00:50,119.92
O00013014,U008661,06-10-2024,01:36:21,119.92
O00008161,U009713,21-05-2025,21:28:22,119.90
O00000445,U001212,28-09-2024,21:19:06,119.88
O00004630,U009293,27-05-2025,20:50:57,119.86
O00012845,U004111,24-02-2024,13:30:29,119.86
O00013082,U007117,29-08-2025,09:57:17,119.83
O00012467,U008364,18-10-2024,02:28:25,119.82
O00013769,U005455,28-07-2024,11:41:38,119.82
O00015747,U001195,24-01-2025,15:03:27,119.82
O00002890,U003304,27-07-2024,14:11:41,119.81
O00015062,U001614,26-03-2025,16:17:06,119.58
O00015917,U001053,10-03-2024,18:51:48,119.55
O00000208,U008591,01-09-2024,08:23:11,119.52
O00000516,U005054,08-01-2024,03:55:59,119.52
O00001504,U000264,14-02-2024,21:28:28,119.52
O00001567,U008078,18-05-2024,19:20:17,119.52
O00008212,U004040,08-01-2024,18:27:10,119.52
O00012935,U009873,06-07-2024,16:52:49,119.52
O00014601,U009400,26-06-2025,21:10:32,119.51
O00007327,U006164,05-03-2024,23:04:58,119.48
O00006594,U008016,30-03-2024,14:37:52,119.43
O00000506,U008162,26-05-2025,15:53:51,119.40
O00006442,U007527,01-11-2025,04:27:15,119.32
O00000222,U008552,11-08-2024,14:58:40,119.30
O00005232,U007981,11-10-2025,01:25:44,119.19
O00003752,U006974,29-07-2025,10:29:16,119.18
O00015886,U003122,26-05-2025,06:55:34,119.18
O00006293,U004265,18-02-2024,16:59:43,119.14
O00000227,U002657,02-02-2024,17:11:34,119.12
O00000334,U001482,21-03-2024,11:32:18,119.10
O00009086,U004558,22-09-2025,05:08:11,119.10
O00006215,U008406,25-03-2024,00:51:44,119.08
O00010572,U004042,19-05-2024,06:41:58,119.07
O00018405,U009394,26-04-2025,04:52:27,119.07
O00003082,U006004,17-03-2024,12:24:10,119.04
O00000023,U007432,19-05-2024,11:26:49,119.02
O00004765,U005973,20-09-2024,16:06:34,119.02
O00016224,U002502,06-04-2024,14:23:22,119.02
O00006034,U001066,30-07-2024,04:39:51,118.97
O00003715,U002654,06-07-2025,15:46:20,118.91
O00006440,U001353,14-02-2025,00:38:41,118.90
O00007007,U009777,30-04-2024,19:58:15,118.90
O00007017,U008653,20-10-2025,06:21:39,118.90
O00007651,U001789,24-10-2024,07:26:14,118.90
O00014015,U007419,06-09-2024,07:00:48,118.90
O00016903,U009688,01-10-2025,07:35:28,118.89
O00003068,U002157,02-07-2024,10:06:29,118.82
O00014643,U001298,10-08-2024,23:01:06,118.82
O00000722,U000311,05-01-2025,00:47:39,118.80
O00003295,U006376,13-11-2025,04:55:23,118.80
O00003398,U004190,14-11-2024,15:45:02,118.80
O00004887,U003236,13-06-2025,19:12:30,118.80
O00008235,U001153,01-02-2025,04:51:39,118.80
O00019252,U004319,18-11-2024,06:54:26,118.80
O00006928,U001768,17-07-2024,22:48:30,118.68
O00004332,U005307,10-04-2024,15:20:03,118.66
O00004282,U008118,25-06-2024,03:33:21,118.62
O00010852,U005390,13-04-2024,03:56:50,118.62
O00014594,U008784,07-10-2024,08:42:31,118.62
O00017411,U004038,14-04-2024,15:37:57,118.62
O00008485,U006031,16-02-2024,01:12:25,118.54
O00009788,U003455,11-11-2024,00:23:14,118.51
O00010705,U008832,05-11-2025,09:04:25,118.51
O00004236,U006707,22-01-2025,07:17:33,118.50
O00008391,U006708,16-03-2024,16:20:50,118.38
O00011924,U002749,23-09-2025,09:58:35,118.35
O00015168,U003242,19-01-2025,14:26:20,118.33
O00002981,U009663,10-01-2025,10:16:47,118.17
O00006718,U004413,16-04-2025,19:42:45,118.17
O00016109,U006794,15-10-2024,02:33:19,118.11
O00002006,U003062,07-07-2025,23:50:33,118.08
O00014625,U003276,04-09-2025,17:53:32,117.92
O00014877,U006547,23-09-2024,03:08:27,117.92
O00016326,U007961,11-08-2025,22:17:38,117.92
O00007310,U005945,22-06-2025,23:03:02,117.90
O00000662,U003813,11-02-2024,06:34:13,117.72
O00011678,U002549,12-04-2024,13:39:30,117.72
O00015499,U006971,23-10-2025,05:43:54,117.72
O00019851,U005900,17-07-2024,19:15:38,117.72
O00011257,U006843,29-11-2024,16:46:35,117.71
O00015679,U006181,12-12-2024,09:30:35,117.70
O00003176,U000943,01-05-2025,03:34:05,117.69
O00010085,U002875,11-04-2024,05:45:06,117.69
O00005319,U008400,12-01-2024,06:53:51,117.63
O00011477,U007077,07-07-2025,16:27:53,117.53
O00003742,U002924,14-08-2024,21:04:07,117.49
O00002631,U001824,20-07-2025,02:40:49,117.48
O00017471,U003733,06-11-2024,14:20:51,117.48
O00017706,U002007,09-04-2024,09:46:43,117.48
O00002271,U003523,12-04-2025,04:32:59,117.46
O00012760,U006131,15-01-2025,11:51:20,117.46
O00006570,U008268,04-12-2024,09:49:12,117.45
O00006556,U000685,18-02-2025,00:02:09,117.40
O00004796,U008863,18-04-2024,16:47:33,117.34
O00004830,U002480,19-05-2024,11:21:21,117.21
O00012901,U008546,08-09-2024,21:54:17,117.20
O00008953,U003111,03-06-2025,13:07:16,117.13
O00000872,U008515,30-09-2025,08:25:06,117.10
O00002616,U006090,23-07-2024,17:22:43,117.10
O00004739,U001829,01-01-2024,20:05:47,117.09
O00007646,U007128,08-03-2024,16:29:26,117.09
O00013568,U001392,18-02-2024,14:58:53,117.09
O00015161,U000191,22-04-2025,09:30:08,117.09
O00017573,U008429,03-01-2025,15:21:47,117.09
O00004067,U005180,22-09-2024,15:39:04,117.00
O00003970,U004498,02-01-2025,18:33:39,116.96
O00015619,U008917,16-03-2024,19:13:21,116.92
O00009984,U000517,21-07-2025,07:46:35,116.80
O00014917,U006925,05-08-2025,16:48:49,116.80
O00014979,U003446,22-02-2025,02:41:45,116.79
O00011023,U002270,01-03-2025,18:21:30,116.78
O00007860,U007093,29-09-2025,14:19:29,116.76
O00019695,U007554,26-07-2025,02:55:12,116.76
O00003459,U007528,07-02-2025,09:49:52,116.62
O00005136,U008162,18-11-2024,21:43:29,116.37
O00010039,U008717,30-07-2025,01:24:20,116.32
O00003568,U004551,01-10-2025,16:10:50,116.27
O00005816,U001611,22-07-2024,06:53:11,116.27
O00002109,U000120,27-05-2024,14:31:14,116.26
O00009028,U007452,09-07-2025,22:01:27,116.26
O00016694,U009364,05-11-2025,14:50:51,116.26
O00016182,U005151,25-01-2024,00:03:09,116.24
O00001868,U008461,25-08-2024,07:07:02,116.22
O00002474,U005154,04-05-2024,08:15:46,116.22
O00015184,U002341,20-05-2024,12:39:59,116.22
O00004706,U002095,23-11-2024,04:16:36,116.18
O00004198,U008382,06-01-2025,14:16:20,116.13
O00002170,U007936,06-08-2025,00:13:47,116.01
O00014046,U009916,15-10-2025,17:18:49,116.00
O00001687,U007785,19-03-2024,15:48:09,115.95
O00003984,U009484,04-04-2025,21:40:36,115.92
O00004358,U006081,29-10-2025,00:55:48,115.92
O00009559,U009064,01-01-2025,02:17:59,115.92
O00015042,U000079,30-06-2025,09:59:37,115.92
O00019457,U003332,08-06-2024,20:25:15,115.92
O00011581,U002130,02-03-2025,15:35:28,115.91
O00003035,U008598,19-01-2024,07:53:28,115.86
O00008040,U005894,23-02-2025,09:06:34,115.81
O00011122,U000404,14-04-2025,13:04:58,115.81
O00012277,U000211,18-11-2024,01:40:20,115.81
O00017082,U002764,29-05-2024,13:51:49,115.81
O00018397,U009557,05-11-2024,04:32:42,115.81
O00018607,U005694,03-08-2025,07:35:43,115.81
O00019010,U007626,26-02-2025,14:11:19,115.81
O00014339,U005661,03-07-2024,22:30:42,115.80
O00014889,U004410,19-05-2025,11:36:58,115.73
O00007413,U004121,27-06-2025,14:59:09,115.71
O00000582,U003009,31-08-2024,20:41:20,115.63
O00010143,U009600,08-09-2024,14:19:16,115.63
O00014654,U009177,10-07-2024,13:55:17,115.63
O00016424,U003140,18-08-2025,05:02:23,115.63
O00003758,U001211,05-04-2024,05:35:26,115.62
O00010209,U004660,24-08-2024,11:39:59,115.62
O00004777,U004594,18-05-2025,12:20:17,115.61
O00001930,U001216,01-05-2025,21:04:25,115.56
O00019764,U002582,01-04-2024,13:30:25,115.51
O00015377,U009074,30-04-2024,00:12:26,115.50
O00010357,U000952,23-08-2024,16:53:10,115.46
O00013552,U000717,02-11-2024,20:53:32,115.46
O00019012,U004477,22-04-2025,03:25:03,115.46
O00005177,U001144,16-04-2025,01:16:10,115.43
O00008012,U005016,13-10-2024,13:59:59,115.39
O00015719,U005117,17-04-2025,19:15:46,115.37
O00019700,U007843,10-10-2024,07:59:22,115.37
O00013741,U000192,27-02-2024,16:47:13,115.31
O00002490,U003884,11-12-2024,03:33:56,115.26
O00000476,U004713,21-10-2025,14:04:03,115.24
O00002371,U008084,01-09-2024,11:21:23,115.22
O00006208,U004211,27-02-2024,22:59:30,115.22
O00011197,U003161,24-07-2025,06:24:16,115.22
O00015437,U006713,14-02-2025,15:40:25,115.21
O00018263,U001113,02-08-2025,12:50:00,115.09
O00007204,U001731,24-05-2024,04:49:28,115.08
O00014512,U003717,07-01-2025,07:04:36,115.06
O00002420,U001344,27-01-2024,09:39:11,114.93
O00015923,U004439,31-08-2025,16:02:38,114.93
O00019997,U009864,20-06-2024,22:11:58,114.74
O00007538,U007111,03-06-2024,18:57:42,114.72
O00014560,U006446,30-05-2025,10:41:33,114.72
O00015885,U008653,13-10-2025,19:59:38,114.69
O00001932,U000611,25-02-2024,21:19:41,114.66
O00003061,U004866,28-10-2024,15:09:03,114.66
O00011604,U005399,28-02-2025,03:31:01,114.66
O00012368,U004335,26-05-2025,18:25:51,114.66
O00018842,U008115,13-07-2025,06:09:00,114.66
O00009423,U003516,06-06-2025,11:40:43,114.63
O00003058,U005161,04-06-2025,16:14:52,114.60
O00004389,U006159,26-07-2025,04:14:21,114.57
O00007294,U008059,13-12-2024,12:25:10,114.57
O00012689,U004326,10-04-2025,14:06:41,114.57
O00017409,U008581,06-02-2025,00:53:29,114.54
O00011644,U001052,17-08-2024,22:09:02,114.53
O00004390,U004044,22-02-2024,03:57:17,114.51
O00007172,U001014,07-07-2025,02:37:24,114.51
O00014189,U003296,13-08-2025,00:01:47,114.49
O00006939,U004415,25-04-2025,15:30:50,114.47
O00008308,U004918,11-11-2025,04:23:47,114.42
O00014663,U004516,27-08-2025,21:40:17,114.42
O00014812,U009685,23-05-2024,21:55:38,114.40
O00002681,U006416,03-03-2025,00:38:03,114.34
O00003891,U008331,18-12-2024,07:19:18,114.32
O00004179,U001909,27-04-2025,05:46:14,114.32
O00014629,U000079,15-06-2024,12:44:53,114.32
O00019030,U003565,25-05-2025,10:33:46,114.30
O00008189,U006100,29-03-2024,18:39:58,114.24
O00012539,U002973,13-06-2024,23:53:34,114.24
O00016205,U006298,05-08-2025,07:45:45,114.12
O00000114,U002688,26-03-2025,17:33:55,114.08
O00005107,U002969,19-02-2024,16:50:39,114.08
O00001502,U005725,03-09-2025,15:53:51,114.06
O00001831,U008947,31-07-2025,21:37:39,114.03
O00005352,U005952,06-11-2025,02:09:14,114.03
O00005738,U009127,29-10-2025,13:55:47,114.03
O00006063,U005412,15-03-2025,12:57:36,114.03
O00007121,U002333,23-09-2024,02:50:56,114.03
O00008307,U006318,17-03-2025,05:16:42,114.03
O00000944,U007233,13-04-2025,21:54:09,113.98
O00002730,U002329,21-10-2025,06:26:30,113.98
O00005789,U001235,01-05-2024,16:05:05,113.98
O00015319,U007033,22-05-2025,21:38:55,113.91
O00010727,U005708,26-04-2025,12:43:52,113.84
O00017013,U007457,26-09-2024,12:36:04,113.78
O00009015,U005413,13-12-2024,16:03:17,113.75
O00013996,U008179,21-12-2024,04:26:13,113.75
O00018457,U004597,07-11-2024,08:47:35,113.75
O00006183,U006222,12-04-2024,14:54:06,113.70
O00009776,U009193,28-05-2025,07:41:45,113.67
O00013156,U000830,15-06-2025,21:58:55,113.67
O00017290,U000433,18-04-2024,09:05:24,113.67
O00018029,U000166,12-09-2025,21:03:17,113.67
O00001919,U002150,15-05-2024,04:03:52,113.66
O00008876,U005716,03-12-2024,06:45:26,113.58
O00015826,U002478,01-10-2025,05:06:33,113.57
O00015195,U007117,15-09-2024,15:43:10,113.52
O00012276,U009049,19-07-2024,13:17:03,113.50
O00012360,U003016,14-11-2024,21:32:32,113.47
O00000327,U006341,04-10-2024,15:23:39,113.45
O00006935,U006203,10-01-2024,04:21:15,113.45
O00001056,U006445,08-09-2025,15:18:30,113.44
O00005823,U003726,22-08-2025,12:24:00,113.44
O00017434,U006039,17-02-2025,14:38:18,113.44
O00019307,U008051,26-07-2025,15:57:04,113.44
O00011217,U005230,08-07-2024,04:00:06,113.38
O00019821,U004633,24-06-2025,22:08:10,113.33
O00008413,U006731,22-08-2024,11:05:23,113.32
O00019248,U001559,30-09-2025,08:23:59,113.26
O00004189,U009886,17-07-2024,07:10:52,113.22
O00008997,U000263,23-05-2024,16:27:06,113.20
O00012290,U002002,06-03-2025,03:34:42,113.20
O00017774,U007374,13-05-2025,02:17:00,113.20
O00004242,U000411,23-03-2025,20:33:33,113.14
O00004697,U003303,15-05-2024,07:31:49,113.14
O00010065,U009954,05-09-2024,23:54:27,113.14
O00010905,U006253,25-05-2024,23:21:30,113.12
O00013155,U009406,05-07-2025,19:25:25,113.12
O00019822,U002216,07-07-2024,12:25:39,112.88
O00004202,U001189,21-03-2025,02:09:59,112.83
O00010675,U000524,31-03-2024,05:28:46,112.83
O00012412,U007144,26-09-2024,20:56:09,112.83
O00003170,U004566,14-05-2025,23:55:27,112.79
O00019310,U009167,26-08-2024,05:02:50,112.79
O00003485,U004479,27-08-2025,03:57:51,112.71
O00010752,U006111,26-07-2024,14:53:12,112.71
O00012754,U008114,29-09-2024,20:37:02,112.71
O00001685,U009862,23-03-2024,05:53:19,112.70
O00012519,U006218,01-09-2024,00:56:52,112.68
O00017882,U007617,10-05-2024,07:37:07,112.68
O00014634,U008530,03-02-2025,17:25:56,112.62
O00019833,U009016,27-10-2025,20:33:57,112.61
O00000602,U002766,03-10-2024,11:12:01,112.60
O00001815,U004980,23-08-2025,15:35:38,112.60
O00004450,U002249,24-08-2025,02:24:38,112.60
O00013578,U004669,24-09-2024,05:02:07,112.57
O00006146,U004910,09-09-2025,23:28:28,112.52
O00001178,U008745,15-06-2025,18:19:05,112.49
O00002861,U003387,06-01-2025,17:41:15,112.47
O00008383,U000284,29-07-2024,02:47:20,112.45
O00015599,U002978,27-03-2024,17:22:24,112.33
O00015473,U001287,12-01-2024,16:04:22,112.32
O00004363,U005577,11-08-2024,04:39:06,112.28
O00006888,U003421,22-04-2025,21:42:16,112.28
O00007047,U006387,05-12-2024,17:29:11,112.28
O00005346,U004012,07-10-2024,23:24:49,112.22
O00015052,U006085,25-09-2024,17:47:24,112.22
O00001727,U009783,21-05-2024,11:16:21,112.20
O00008991,U005997,10-10-2024,23:56:48,112.20
O00001019,U006318,22-07-2025,19:19:06,112.19
O00008796,U002068,02-10-2024,12:35:37,112.19
O00015392,U003105,09-09-2024,14:50:15,112.19
O00014759,U008058,21-07-2025,22:31:24,112.15
O00005332,U007025,01-04-2025,06:28:32,112.06
O00008739,U005359,06-08-2025,21:33:16,112.03
O00005479,U007268,01-04-2025,08:10:08,111.99
O00007026,U002283,28-06-2025,08:45:17,111.99
O00008441,U007453,18-10-2024,13:06:40,111.95
O00014014,U003889,13-07-2025,11:37:52,111.89
O00014294,U005632,12-06-2025,12:58:11,111.87
O00005396,U002384,11-01-2025,23:07:22,111.79
O00019785,U000939,09-01-2024,06:26:03,111.79
O00003632,U000071,06-05-2025,13:04:13,111.65
O00007941,U009511,29-09-2024,15:10:36,111.64
O00007150,U003553,22-08-2024,11:50:18,111.61
O00015412,U009606,03-03-2024,09:31:01,111.61
O00000975,U001002,22-03-2024,03:37:14,111.60
O00004563,U003195,13-03-2025,10:57:22,111.60
O00001199,U000826,09-02-2024,15:42:51,111.59
O00014573,U007598,05-09-2025,11:55:46,111.58
O00000716,U007002,02-09-2025,19:14:06,111.52
O00013825,U000621,14-10-2025,20:43:19,111.52
O00006483,U005402,27-08-2025,11:59:59,111.48
O00013354,U001458,05-08-2025,09:21:33,111.48
O00003965,U003551,18-06-2025,08:06:17,111.42
O00011111,U003761,24-01-2025,05:52:26,111.42
O00014932,U007972,03-04-2025,12:44:43,111.42
O00018302,U009183,05-12-2024,23:21:22,111.40
O00009283,U008429,01-12-2024,09:30:56,111.37
O00006910,U001924,24-04-2025,03:44:20,111.31
O00018046,U006495,30-04-2024,23:39:11,111.25
O00007103,U007651,07-01-2025,23:26:25,111.24
O00005100,U001449,26-04-2025,06:28:26,111.12
O00006351,U005669,27-07-2025,06:09:45,111.12
O00014284,U004282,16-04-2025,21:03:22,111.12
O00018649,U003815,21-04-2024,06:11:10,111.12
O00004341,U002719,09-12-2024,21:54:51,111.09
O00010057,U003542,11-12-2024,05:12:26,111.08
O00013105,U003266,16-01-2025,20:09:49,111.06
O00016681,U002102,08-06-2024,23:59:57,111.05
O00002551,U007904,19-08-2024,15:49:09,110.98
O00018342,U003713,11-06-2024,10:34:45,110.93
O00011271,U009316,29-12-2024,07:31:50,110.88
O00013471,U008036,13-03-2025,03:27:59,110.88
O00014241,U000894,14-06-2025,00:56:16,110.88
O00005621,U009373,02-01-2025,00:11:17,110.80
O00017049,U006308,16-03-2025,22:41:14,110.80
O00002386,U001029,13-06-2025,18:27:13,110.72
O00003480,U005555,20-08-2024,02:41:42,110.72
O00011437,U004141,19-10-2025,12:32:54,110.72
O00017505,U008655,24-03-2024,03:00:42,110.72
O00000593,U004356,04-09-2024,05:13:57,110.71
O00006017,U009134,11-01-2024,01:54:51,110.71
O00008740,U001881,28-02-2025,04:26:22,110.71
O00013040,U002671,18-06-2024,11:24:08,110.71
O00018056,U000190,20-07-2024,23:33:42,110.60
O00014183,U001277,23-11-2024,22:26:00,110.58
O00015269,U001060,29-01-2025,05:55:45,110.57
O00016258,U000537,20-06-2024,15:39:30,110.56
O00017116,U003255,17-05-2024,00:05:54,110.56
O00009772,U005510,19-07-2025,09:02:47,110.55
O00005470,U008803,16-10-2024,08:12:28,110.50
O00001154,U009806,16-05-2024,07:30:40,110.47
O00004261,U003811,05-10-2024,18:04:09,110.47
O00008646,U002267,20-03-2025,18:01:23,110.43
O00010537,U005858,13-08-2025,13:11:30,110.43
O00012988,U008940,05-04-2025,11:48:36,110.43
O00014479,U008872,15-04-2024,23:45:11,110.43
O00014937,U007261,20-01-2024,18:21:16,110.43
O00019025,U006408,11-09-2025,10:49:30,110.43
O00019960,U001813,22-06-2025,23:13:18,110.43
O00003701,U006283,21-11-2024,16:27:35,110.42
O00007943,U007383,01-05-2024,03:11:30,110.42
O00018003,U006790,29-01-2025,04:23:49,110.42
O00007467,U009313,19-08-2025,02:32:08,110.36
O00003932,U005276,13-01-2025,04:16:43,110.35
O00009777,U005853,07-08-2025,08:38:10,110.33
O00015689,U004207,15-06-2025,05:27:20,110.33
O00001313,U004637,14-11-2025,13:00:44,110.26
O00008038,U002951,19-03-2024,00:21:07,110.25
O00019087,U000282,10-06-2025,20:57:04,110.22
O00012991,U009279,01-07-2024,04:20:45,110.18
O00003518,U008030,28-09-2025,05:47:58,110.10
O00015600,U009385,01-03-2024,18:43:36,110.10
O00019401,U009653,21-06-2024,17:01:53,110.10
O00015574,U001810,06-01-2025,13:10:53,110.08
O00014267,U007444,22-02-2025,01:36:19,110.04
O00016526,U002740,22-01-2024,20:02:13,110.01
O00013564,U006406,20-01-2024,00:09:10,109.96
O00003188,U007216,01-04-2025,12:41:09,109.92
O00003246,U004996,15-08-2025,00:59:55,109.92
O00004339,U001493,18-05-2024,00:13:52,109.92
O00006510,U008906,09-10-2024,08:57:06,109.92
O00015351,U009130,06-06-2024,15:20:26,109.91
O00001965,U004062,29-03-2024,09:15:42,109.86
O00014621,U002152,09-03-2024,16:06:54,109.81
O00015613,U009940,10-12-2024,10:42:50,109.79
O00019818,U007598,18-08-2025,07:17:35,109.76
O00012359,U008157,15-11-2024,00:12:25,109.70
O00007861,U007233,28-01-2024,00:58:49,109.66
O00007786,U002783,26-01-2024,18:01:36,109.55
O00002477,U000721,10-04-2024,11:38:22,109.53
O00006937,U001040,02-07-2024,04:04:59,109.53
O00011163,U000878,25-04-2024,17:50:00,109.53
O00014834,U004383,26-05-2025,13:20:44,109.45
O00017390,U001799,31-08-2025,14:50:38,109.45
O00018520,U006065,19-03-2025,11:30:36,109.42
O00006385,U008140,28-07-2025,18:18:52,109.41
O00005699,U006460,29-09-2025,22:29:46,109.30
O00009013,U006853,13-07-2025,09:50:08,109.30
O00015104,U009914,29-03-2025,14:09:36,109.30
O00018819,U002421,01-08-2025,08:09:21,109.30
O00003074,U005997,25-02-2024,06:34:34,109.26
O00008745,U000416,28-04-2024,07:58:13,109.18
O00016273,U000137,14-10-2025,21:04:32,109.16
O00008554,U002256,22-08-2024,04:51:39,109.10
O00002245,U008520,14-02-2025,14:58:20,109.08
O00007381,U003780,29-05-2024,06:26:37,109.05
O00009152,U002102,22-10-2025,19:28:26,109.05
O00019202,U005731,02-10-2025,16:20:04,109.00
O00012026,U008543,06-03-2025,17:55:56,108.97
O00012144,U001586,24-01-2024,20:29:13,108.97
O00012919,U000929,31-12-2024,14:55:58,108.97
O00007652,U005968,09-01-2024,23:05:01,108.96
O00016222,U009781,13-02-2024,06:12:49,108.89
O00018352,U004687,25-04-2025,21:00:34,108.89
O00004608,U003802,13-07-2024,12:50:01,108.80
O00014169,U002648,14-11-2024,07:56:50,108.80
O00018875,U002878,16-03-2024,06:20:15,108.80
O00019264,U000833,19-05-2024,02:31:46,108.79
O00014539,U003972,27-10-2024,13:49:10,108.78
O00016940,U000349,07-06-2025,22:01:26,108.75
O00018218,U000354,16-05-2025,16:59:07,108.72
O00010525,U009661,05-10-2024,04:23:11,108.68
O00016539,U003838,23-08-2024,20:40:58,108.68
O00015289,U006879,29-04-2025,01:30:28,108.67
O00017150,U008715,15-08-2024,12:31:05,108.67
O00013226,U009048,24-11-2024,12:44:43,108.65
O00015155,U009305,01-11-2024,00:03:55,108.65
O00015746,U000570,19-06-2024,04:30:54,108.65
O00002466,U002178,29-07-2025,21:24:11,108.64
O00002961,U003276,20-03-2024,15:06:10,108.58
O00001120,U008305,20-04-2024,12:53:39,108.57
O00006665,U002852,17-09-2024,09:36:29,108.57
O00009325,U005924,19-02-2025,22:31:43,108.57
O00010061,U007957,23-08-2024,04:16:35,108.57
O00011233,U001731,24-07-2025,19:01:47,108.57
O00002944,U005557,24-01-2024,14:15:20,108.50
O00007546,U001145,28-04-2025,10:17:52,108.50
O00010449,U003397,28-09-2025,17:14:40,108.50
O00015734,U001671,28-04-2025,07:18:53,108.50
O00017228,U001660,03-03-2024,09:48:54,108.50
O00017969,U009267,12-06-2025,22:50:48,108.50
O00004447,U005288,21-02-2024,12:14:22,108.44
O00004533,U000003,21-10-2025,08:48:46,108.44
O00007968,U000487,02-01-2024,06:05:20,108.44
O00004394,U005375,21-05-2024,11:12:57,108.39
O00012050,U009186,29-07-2024,08:12:34,108.39
O00013488,U005550,09-05-2024,09:28:48,108.39
O00013661,U008521,06-12-2024,06:16:11,108.39
O00016155,U005466,18-09-2025,04:20:19,108.39
O00019717,U002599,28-08-2024,05:49:15,108.39
O00002518,U008201,12-06-2025,01:32:06,108.38
O00003662,U001320,15-08-2024,08:29:40,108.38
O00009572,U007237,13-05-2024,01:43:29,108.38
O00010058,U007120,05-04-2025,17:15:33,108.27
O00000411,U004928,10-10-2025,17:53:21,108.26
O00015711,U006734,19-05-2025,06:11:14,108.21
O00010361,U007364,31-10-2024,08:16:53,108.18
O00011831,U000906,24-08-2025,17:49:12,108.18
O00015927,U002176,14-07-2025,19:07:35,108.18
O00009695,U009291,30-01-2025,12:55:36,108.08
O00011199,U005183,25-04-2024,08:52:44,108.02
O00017057,U008114,15-05-2024,12:20:25,108.02
O00005270,U004193,04-07-2025,11:52:18,107.95
O00005057,U001723,02-05-2025,12:19:15,107.92
O00019718,U002032,22-01-2024,00:47:33,107.86
O00013286,U003217,10-09-2024,03:59:58,107.83
O00014345,U004310,17-05-2024,22:38:42,107.79
O00018163,U007909,28-11-2024,07:03:52,107.77
O00005643,U007999,09-09-2024,04:59:50,107.76
O00004657,U000605,18-08-2025,00:07:38,107.69
O00009280,U007620,28-03-2025,11:46:57,107.66
O00010355,U002910,09-05-2024,02:10:04,107.65
O00000010,U003175,13-08-2024,07:04:24,107.63
O00002459,U003313,20-09-2024,05:40:55,107.61
O00008614,U007032,23-02-2025,00:45:10,107.60
O00017669,U003187,24-02-2024,20:08:15,107.60
O00006410,U005819,04-01-2024,10:11:52,107.52
O00009366,U000684,30-10-2025,05:20:14,107.47
O00002049,U004495,08-06-2024,13:30:17,107.42
O00003324,U009504,06-09-2024,12:47:40,107.41
O00015488,U001244,18-04-2025,03:56:29,107.41
O00001716,U004691,30-10-2024,09:02:50,107.38
O00004572,U002479,18-10-2024,07:51:54,107.38
O00018105,U007791,14-02-2024,02:34:32,107.38
O00018957,U007686,16-03-2025,01:29:26,107.38
O00008738,U002368,22-09-2024,14:06:21,107.31
O00013311,U006230,22-08-2025,10:45:15,107.12
O00015791,U008600,06-04-2024,02:51:15,107.02
O00003104,U007531,11-08-2024,22:15:03,107.01
O00016056,U000853,06-04-2024,21:10:49,107.00
O00000751,U007798,20-04-2025,01:26:14,106.99
O00008875,U007666,11-03-2025,08:31:14,106.99
O00013745,U007006,18-07-2025,21:41:05,106.99
O00012960,U004957,16-03-2024,07:04:24,106.93
O00002903,U004749,01-04-2025,10:44:00,106.81
O00017885,U002828,16-06-2024,04:59:03,106.81
O00018097,U000415,30-12-2024,03:10:48,106.81
O00014548,U009142,06-01-2025,11:26:03,106.78
O00011425,U008957,24-02-2025,04:25:09,106.68
O00002814,U004265,06-07-2025,20:40:38,106.67
O00018316,U000127,14-04-2024,20:27:29,106.67
O00014480,U006089,01-01-2025,08:31:49,106.55
O00002936,U004043,28-06-2024,22:06:20,106.52
O00003883,U003813,27-02-2024,00:53:50,106.52
O00008147,U009682,12-02-2024,06:30:43,106.52
O00019208,U003770,18-06-2024,23:14:42,106.52
O00009810,U002734,01-09-2025,14:49:12,106.48
O00007262,U000093,07-07-2024,06:35:59,106.44
O00005267,U003764,09-04-2025,07:47:06,106.42
O00017844,U001573,05-04-2025,05:27:21,106.41
O00000950,U000403,01-09-2024,23:08:42,106.40
O00007364,U008821,24-09-2025,21:40:51,106.39
O00002965,U009814,03-08-2025,08:55:01,106.32
O00003558,U006369,09-07-2025,14:34:52,106.32
O00018913,U005768,06-07-2025,02:03:38,106.32
O00006163,U006143,13-02-2025,11:16:44,106.31
O00010943,U005049,22-08-2024,11:09:54,106.29
O00009020,U006627,02-06-2024,17:47:21,106.20
O00005838,U009158,10-09-2024,02:46:29,106.14
O00010199,U003963,05-07-2025,06:45:39,106.11
O00018256,U003703,30-09-2024,18:25:26,106.09
O00009544,U004353,14-05-2024,08:08:04,105.95
O00008787,U007669,21-02-2025,10:57:46,105.90
O00016421,U007746,23-09-2024,02:56:26,105.90
O00018102,U001887,03-04-2025,05:34:48,105.84
O00016448,U007424,08-07-2024,17:56:13,105.78
O00017812,U000533,16-03-2025,22:21:29,105.75
O00019326,U007591,28-02-2024,14:56:59,105.75
O00004319,U006864,11-05-2024,20:24:57,105.72
O00011276,U003904,30-09-2024,09:47:35,105.66
O00005132,U004547,21-05-2025,17:12:34,105.54
O00001176,U002194,13-06-2025,16:23:35,105.52
O00005541,U007672,26-05-2024,19:11:21,105.48
O00006079,U002068,16-08-2024,01:06:17,105.48
O00012532,U001166,18-12-2024,10:53:24,105.48
O00012887,U003588,12-04-2025,18:16:45,105.48
O00016761,U009693,14-07-2024,00:00:27,105.48
O00001752,U002628,28-01-2025,05:13:54,105.36
O00001511,U003843,21-09-2024,22:09:58,105.35
O00002972,U003551,31-12-2024,20:57:24,105.35
O00016586,U009247,18-08-2025,11:08:05,105.35
O00000160,U006265,18-04-2024,06:28:44,105.34
O00007178,U009691,15-06-2024,14:57:58,105.34
O00019315,U003342,07-12-2024,18:26:38,105.34
O00012232,U008608,25-04-2025,11:14:55,105.30
O00000443,U003237,28-03-2024,17:17:25,105.24
O00007174,U004458,22-01-2024,08:58:24,105.24
O00013386,U000219,29-02-2024,11:28:21,105.24
O00010364,U003368,08-11-2024,04:31:00,105.19
O00011062,U009761,28-05-2025,10:05:10,105.14
O00007788,U002076,25-09-2025,03:20:55,105.08
O00008635,U006048,06-02-2025,06:49:33,105.06
O00011530,U001386,07-12-2024,20:04:16,105.06
O00000430,U009863,04-01-2024,03:13:52,104.88
O00001659,U009979,07-09-2025,07:15:39,104.88
O00011337,U009007,20-09-2025,07:25:12,104.84
O00012575,U004131,28-05-2025,14:42:53,104.84
O00014496,U007298,04-04-2024,00:14:21,104.76
O00004731,U001842,20-11-2024,20:32:21,104.68
O00006131,U006754,20-02-2025,23:43:02,104.68
O00013686,U003224,23-03-2024,16:06:42,104.68
O00013325,U002888,26-05-2025,09:28:38,104.66
O00009206,U000867,24-11-2024,21:13:46,104.60
O00014973,U000568,13-04-2025,04:33:53,104.58
O00015944,U005341,29-12-2024,08:17:11,104.57
O00000324,U007727,10-01-2025,20:02:34,104.55
O00014832,U009655,10-09-2024,23:43:46,104.55
O00017041,U009376,22-08-2025,05:32:06,104.55
O00002057,U001788,06-12-2024,09:07:37,104.54
O00002469,U000515,07-09-2025,19:29:19,104.54
O00007132,U004792,18-10-2025,06:46:49,104.54
O00007959,U002641,11-11-2025,07:04:57,104.54
O00012468,U006870,19-03-2025,05:15:06,104.54
O00018850,U007816,23-05-2024,23:31:59,104.54
O00019190,U001211,19-03-2024,02:00:20,104.50
O00002185,U000971,12-05-2024,16:16:32,104.44
O00003348,U004093,19-07-2024,18:12:57,104.38
O00009792,U009306,02-08-2024,15:33:54,104.38
O00013408,U009153,11-01-2024,10:28:59,104.38
O00014024,U004000,30-10-2025,11:43:06,104.38
O00007499,U001157,06-02-2025,20:20:52,104.31
O00003419,U001835,11-06-2024,15:42:09,104.28
O00004710,U009770,26-01-2025,04:45:35,104.27
O00004997,U003547,11-08-2024,06:37:36,104.27
O00008592,U001571,10-08-2025,12:54:19,104.27
O00011311,U000435,15-06-2025,01:04:31,104.27
O00018032,U005454,14-06-2024,17:22:24,104.27
O00007749,U009493,31-08-2025,05:27:46,104.19
O00011189,U009789,12-08-2025,20:20:25,104.19
O00011373,U007947,08-04-2024,03:21:46,104.18
O00005187,U005368,06-01-2025,18:26:42,104.12
O00007612,U009322,03-12-2024,07:27:38,104.12
O00008578,U001944,31-03-2024,20:33:52,104.12
O00012063,U006299,09-02-2024,10:02:53,104.12
O00014307,U006205,18-12-2024,22:58:11,104.12
O00009281,U008314,03-04-2024,21:14:55,104.09
O00010245,U005830,02-07-2025,15:06:51,104.09
O00018650,U008821,29-01-2024,12:49:05,104.07
O00007486,U005522,29-01-2025,01:26:03,104.04
O00015027,U000366,27-12-2024,00:56:03,104.04
O00017615,U000545,21-01-2025,04:48:09,104.02
O00018103,U000046,22-01-2025,14:31:12,104.02
O00018510,U005448,29-08-2025,02:11:41,103.97
O00014598,U002415,07-06-2024,15:50:26,103.92
O00000545,U002910,09-06-2025,12:45:06,103.90
O00000109,U001398,22-03-2025,00:18:42,103.67
O00004112,U001611,16-12-2024,08:30:49,103.67
O00009046,U001508,24-07-2025,02:44:21,103.67
O00014385,U003693,20-09-2025,14:58:34,103.67
O00015646,U003998,30-08-2025,00:21:44,103.67
O00008844,U000517,31-08-2024,08:03:25,103.60
O00009978,U006454,28-06-2024,21:54:01,103.59
O00012401,U006260,16-07-2024,05:57:00,103.59
O00003376,U008621,01-01-2024,04:51:01,103.58
O00006676,U005350,31-05-2025,14:04:07,103.58
O00016669,U001736,21-01-2025,23:42:56,103.58
O00001413,U002812,13-02-2025,22:28:53,103.56
O00003281,U009227,27-02-2025,20:02:56,103.54
O00003349,U003249,15-09-2024,14:32:57,103.54
O00006572,U008182,13-10-2025,12:46:53,103.54
O00011616,U006488,11-10-2025,14:01:11,103.54
O00015287,U005202,02-04-2025,14:10:45,103.54
O00002221,U003194,11-08-2024,19:44:16,103.51
O00011669,U009312,01-09-2025,20:03:25,103.51
O00007632,U009831,11-09-2024,07:35:58,103.50
O00004859,U002067,25-05-2024,13:47:29,103.47
O00013730,U009730,05-08-2025,14:24:55,103.47
O00014730,U007413,19-03-2025,18:13:29,103.46
O00016692,U002369,06-06-2025,11:01:00,103.45
O00009487,U004753,15-02-2025,07:03:44,103.43
O00011928,U005386,14-09-2025,17:38:37,103.40
O00007292,U005854,06-05-2024,09:28:21,103.38
O00007096,U008807,16-07-2025,15:16:51,103.35
O00007575,U006028,16-12-2024,07:44:44,103.35
O00013642,U005176,27-01-2024,05:17:41,103.35
O00018616,U003770,22-01-2025,08:27:23,103.35
O00013581,U003462,02-08-2024,12:52:45,103.30
O00017284,U008674,17-03-2025,04:18:30,103.30
O00011042,U006333,28-02-2025,23:41:30,103.29
O00016985,U006238,27-07-2024,06:23:25,103.27
O00018063,U002530,05-07-2025,03:20:59,103.27
O00012868,U001768,05-11-2025,02:21:06,103.23
O00000618,U009283,07-01-2025,23:56:06,103.22
O00013493,U009146,07-05-2025,23:19:13,103.21
O00019659,U003842,15-04-2024,08:43:44,103.02
O00008808,U007978,10-04-2025,17:39:32,102.94
O00014584,U000149,26-05-2025,19:14:00,102.84
O00008299,U002297,18-04-2025,00:41:30,102.79
O00014886,U007673,10-03-2025,08:48:10,102.77
O00018306,U008536,10-06-2025,15:51:25,102.74
O00010118,U001837,20-02-2024,20:38:46,102.72
O00007709,U002320,07-01-2024,16:31:15,102.71
O00012482,U005954,12-10-2025,17:37:53,102.68
O00009835,U008908,12-07-2024,04:57:35,102.66
O00016690,U003684,18-07-2024,13:38:47,102.66
O00015674,U009946,25-02-2024,18:20:34,102.62
O00019963,U009435,09-07-2024,05:23:39,102.59
O00013312,U000220,29-03-2025,11:19:27,102.57
O00002182,U002679,28-02-2024,00:11:31,102.56
O00015776,U006873,04-07-2025,16:48:38,102.54
O00004068,U001046,24-09-2025,17:11:53,102.48
O00011080,U008638,03-09-2025,15:29:49,102.30
O00003492,U000096,25-02-2024,10:36:16,102.28
O00014320,U009789,14-06-2025,20:35:24,102.15
O00003303,U007924,08-09-2024,11:46:41,102.10
O00008631,U002941,10-07-2024,17:22:57,102.08
O00010034,U004240,14-05-2025,09:25:15,102.08
O00014139,U005636,12-09-2024,21:07:27,102.08
O00002520,U005871,01-01-2024,17:08:23,101.99
O00002634,U009437,14-01-2025,04:38:34,101.97
O00008402,U002153,04-01-2024,10:43:18,101.97
O00017153,U000507,21-08-2025,17:19:42,101.97
O00008939,U003458,15-07-2025,04:30:21,101.93
O00010590,U001563,23-08-2025,18:38:18,101.93
O00018827,U006068,06-07-2024,01:31:10,101.93
O00015532,U009615,24-04-2024,07:44:09,101.91
O00007595,U000625,18-10-2025,07:04:34,101.90
O00007648,U002114,06-02-2025,19:26:23,101.90
O00013870,U006103,28-05-2024,12:35:55,101.89
O00000299,U007773,01-02-2025,00:23:59,101.71
O00010234,U001889,24-03-2025,03:53:03,101.71
O00010477,U003831,16-01-2025,06:28:02,101.71
O00017050,U005764,25-09-2025,11:25:24,101.71
O00006740,U003806,26-03-2024,07:42:15,101.62
O00011158,U003902,26-07-2024,08:07:32,101.57
O00015435,U001890,31-08-2024,02:17:21,101.57
O00016638,U007110,07-03-2024,00:01:41,101.57
O00005969,U000928,18-09-2024,11:31:29,101.56
O00009658,U004583,04-02-2024,05:50:04,101.53
O00009391,U000384,15-06-2024,14:08:12,101.40
O00017664,U009440,25-05-2024,21:42:50,101.36
O00017483,U008715,01-03-2024,06:23:07,101.33
O00004871,U006047,19-09-2024,05:11:14,101.30
O00000499,U003836,17-01-2024,14:33:27,101.29
O00015589,U006131,07-11-2024,04:53:22,101.29
O00017165,U003479,14-04-2025,17:52:02,101.29
O00019059,U008124,28-07-2025,02:52:26,101.29
O00009956,U003957,16-06-2024,12:50:21,101.26
O00015487,U000439,24-01-2025,09:19:50,101.08
O00009682,U000771,19-09-2024,06:41:47,101.07
O00004659,U009214,01-08-2025,05:59:27,100.99
O00014813,U004852,31-12-2024,19:17:51,100.98
O00003649,U003646,06-12-2024,01:15:44,100.81
O00015822,U005902,27-07-2024,01:02:31,100.81
O00018564,U002875,19-06-2024,17:43:55,100.81
O00002710,U003810,14-09-2025,11:22:06,100.76
O00015975,U009224,04-06-2025,19:15:57,100.76
O00008569,U007466,24-03-2025,20:34:41,100.70
O00004772,U006358,07-10-2024,02:15:31,100.68
O00000413,U002090,25-03-2025,14:50:35,100.66
O00001964,U006408,14-10-2025,09:04:09,100.66
O00010284,U001781,09-02-2024,17:43:44,100.66
O00002638,U007749,30-04-2025,04:57:01,100.65
O00000963,U008796,28-08-2025,10:53:08,100.63
O00007091,U003777,12-11-2024,04:05:06,100.62
O00008272,U009992,30-12-2024,19:10:39,100.62
O00012449,U005694,23-04-2025,00:35:33,100.62
O00017593,U008224,14-02-2025,16:02:25,100.62
O00019593,U008003,16-05-2025,06:22:14,100.62
O00018621,U008229,01-01-2024,17:34:48,100.59
O00007177,U003951,12-07-2025,15:09:07,100.55
O00003870,U004662,30-01-2025,22:17:04,100.33
O00007583,U005771,04-06-2025,13:30:55,100.33
O00011729,U000564,04-08-2025,03:49:51,100.33
O00012870,U006474,06-05-2025,08:49:04,100.33
O00000097,U002710,29-11-2024,11:23:37,100.30
O00001328,U008755,23-01-2024,06:06:56,100.30
O00007576,U003148,11-10-2024,20:44:47,100.30
O00007847,U004867,14-08-2025,05:55:03,100.30
O00008921,U009485,27-02-2024,05:21:40,100.24
O00010528,U005405,25-01-2025,18:17:46,100.17
O00003333,U009824,05-08-2025,21:46:22,100.13
O00002241,U008880,13-06-2025,13:55:01,100.09
O00018955,U003288,25-03-2024,13:22:35,100.08
O00003447,U005067,13-01-2025,17:58:53,100.06
O00005971,U002187,16-12-2024,00:44:51,100.06
O00006712,U004719,07-03-2025,07:00:41,100.06
O00007787,U007796,22-06-2024,02:02:48,100.06
O00007868,U005173,27-09-2025,10:59:16,100.06
O00007894,U002779,05-06-2024,00:11:16,100.06
O00011224,U002970,28-08-2025,02:06:49,100.03
O00012681,U004526,20-03-2024,20:03:25,100.03
O00003930,U004393,11-11-2025,16:55:20,100.02
O00004419,U001051,03-02-2025,10:57:50,99.88
O00008780,U002829,10-03-2025,20:47:03,99.78
O00013883,U006903,22-03-2025,02:40:52,99.78
O00007979,U009544,28-08-2025,22:12:41,99.74
O00009677,U002052,29-03-2025,23:30:35,99.74
O00011571,U003375,30-12-2024,03:36:08,99.74
O00014685,U009639,28-06-2025,06:20:49,99.74
O00000377,U003570,26-02-2024,08:30:54,99.68
O00004219,U004308,02-05-2024,21:20:07,99.68
O00018482,U009520,30-12-2024,11:04:57,99.61
O00003498,U002453,06-09-2024,04:07:46,99.56
O00007758,U003924,16-10-2024,02:53:00,99.56
O00009613,U004581,24-03-2025,13:26:35,99.56
O00009825,U007748,14-03-2025,23:31:36,99.56
O00000946,U004399,14-08-2024,21:45:09,99.54
O00005310,U005430,07-10-2024,17:51:42,99.54
O00010548,U004603,13-11-2025,15:18:50,99.54
O00012123,U006052,15-08-2025,08:51:10,99.54
O00012435,U007370,14-06-2024,12:19:32,99.54
O00011232,U006269,02-05-2024,22:08:21,99.52
O00001008,U001623,04-07-2025,14:11:43,99.51
O00015154,U004961,09-11-2024,12:27:51,99.47
O00016848,U000107,09-07-2024,03:07:49,99.47
O00019771,U001566,14-02-2025,02:51:08,99.47
O00009209,U005026,08-05-2025,03:02:14,99.42
O00004570,U001861,18-05-2025,22:20:26,99.41
O00007240,U002995,27-03-2024,12:23:50,99.40
O00014747,U007638,09-02-2024,16:47:58,99.40
O00012566,U006716,05-02-2025,11:05:57,99.35
O00019165,U006645,19-01-2025,09:41:33,99.31
O00000736,U009368,14-11-2025,18:01:41,99.26
O00005040,U007564,13-02-2025,18:06:17,99.26
O00006223,U000714,19-05-2025,21:24:45,99.26
O00018339,U004806,05-03-2024,14:44:54,99.26
O00002199,U000088,04-07-2025,02:53:43,99.23
O00006989,U001119,02-10-2024,02:11:11,99.23
O00010708,U009789,20-08-2025,17:55:41,99.23
O00014597,U008046,17-04-2025,05:58:12,99.23
O00017300,U009648,23-12-2024,04:05:18,99.16
O00005058,U002775,07-09-2024,18:38:56,99.06
O00012523,U002203,28-02-2024,23:50:24,99.02
O00016137,U002928,12-01-2025,00:11:07,98.92
O00004146,U005560,30-07-2024,09:31:13,98.82
O00001208,U000753,08-07-2024,00:05:38,98.81
O00007167,U009280,20-06-2024,21:48:20,98.81
O00002711,U002183,10-05-2024,09:32:04,98.79
O00004655,U000352,05-09-2025,06:59:57,98.79
O00004771,U007373,25-10-2024,04:01:45,98.79
O00008912,U000462,28-01-2025,14:02:40,98.79
O00012285,U006536,08-03-2024,20:57:27,98.79
O00014437,U001181,28-08-2024,17:38:18,98.79
O00000205,U006253,21-10-2024,09:55:16,98.60
O00010549,U006208,24-11-2024,19:27:56,98.56
O00005915,U007410,24-11-2024,08:05:24,98.55
O00006876,U000718,11-01-2024,21:55:14,98.55
O00009378,U002530,30-08-2024,19:00:40,98.55
O00016863,U008014,25-04-2024,21:26:19,98.55
O00014445,U009971,11-06-2024,20:33:38,98.53
O00016707,U005460,21-02-2025,01:57:56,98.53
O00004054,U007575,25-05-2024,02:44:38,98.52
O00013190,U000345,15-05-2025,11:10:47,98.52
O00005820,U006934,13-04-2025,21:05:21,98.47
O00008069,U001260,21-09-2024,06:50:39,98.47
O00002096,U006885,20-04-2024,02:46:55,98.46
O00018000,U007965,18-01-2025,00:47:54,98.40
O00002190,U003279,17-03-2024,09:21:59,98.34
O00016019,U003507,16-03-2025,17:09:39,98.30
O00004027,U004370,01-09-2024,20:58:16,98.29
O00003224,U003568,29-04-2024,03:15:48,98.25
O00005973,U007230,19-04-2025,06:40:50,98.25
O00011764,U007406,11-10-2025,06:23:37,98.25
O00012710,U005346,10-07-2024,08:00:11,98.25
O00013914,U008965,02-03-2025,23:50:30,98.25
O00009506,U003518,20-12-2024,16:59:14,98.24
O00002059,U006081,10-11-2024,12:32:22,98.15
O00008830,U002641,07-02-2025,00:59:37,98.15
O00010375,U006962,16-03-2025,08:53:58,98.15
O00002976,U009279,05-08-2024,02:36:47,98.14
O00013475,U005561,03-03-2024,09:20:13,97.91
O00014545,U007516,15-10-2024,09:36:42,97.88
O00001095,U006124,11-10-2025,01:50:55,97.82
O00000436,U006954,14-07-2024,09:07:17,97.78
O00001416,U002820,04-11-2024,12:36:36,97.78
O00003813,U005193,27-02-2025,15:27:03,97.78
O00007891,U008250,18-11-2024,01:41:01,97.78
O00013767,U001356,24-06-2024,17:26:21,97.78
O00015857,U002299,02-08-2024,06:56:15,97.78
O00019523,U008216,16-06-2024,06:07:25,97.78
O00002409,U000609,27-04-2025,00:37:56,97.72
O00003490,U008444,23-08-2024,15:30:16,97.72
O00013038,U004961,13-10-2024,22:16:48,97.72
O00016927,U009897,06-10-2024,15:38:19,97.72
O00018028,U009149,24-06-2024,19:53:32,97.72
O00004384,U007594,07-09-2025,08:25:43,97.69
O00014079,U007681,02-03-2024,18:12:33,97.69
O00015067,U001489,10-09-2024,17:06:33,97.69
O00017717,U005955,13-10-2025,23:48:21,97.69
O00000525,U002838,16-02-2025,02:03:25,97.68
O00004081,U009835,14-05-2024,07:03:31,97.68
O00009834,U008999,12-02-2024,09:25:05,97.68
O00009875,U006862,13-10-2024,05:18:55,97.65
O00005019,U006153,25-08-2025,11:05:20,97.63
O00007307,U007777,14-01-2025,11:56:47,97.63
O00016864,U003696,03-07-2025,13:26:21,97.63
O00018984,U008790,30-06-2025,05:27:23,97.63
O00012373,U004818,23-06-2024,20:49:28,97.61
O00006557,U008534,12-06-2025,19:43:10,97.59
O00019020,U004636,31-08-2024,21:28:54,97.59
O00001584,U003530,17-03-2024,01:08:52,97.57
O00003555,U006703,01-10-2025,18:19:16,97.57
O00006401,U003775,03-01-2024,12:14:55,97.57
O00008835,U000195,27-12-2024,06:37:15,97.57
O00010938,U006274,13-04-2025,12:22:07,97.57
O00011819,U006390,05-03-2024,01:56:42,97.57
O00014792,U008006,27-08-2024,07:19:20,97.57
O00016046,U004107,02-05-2025,12:20:10,97.57
O00000354,U006192,02-01-2024,21:00:50,97.47
O00017269,U004374,13-06-2025,18:42:31,97.47
O00018136,U004418,01-05-2025,20:40:41,97.47
O00008245,U007207,11-09-2025,01:13:27,97.46
O00012352,U002673,02-09-2024,20:59:27,97.46
O00012493,U002468,11-07-2024,03:03:32,97.46
O00013783,U009935,05-10-2024,14:03:02,97.46
O00015864,U004160,17-10-2024,18:08:07,97.46
O00017169,U009278,11-03-2025,06:08:49,97.44
O00018864,U007520,16-02-2024,04:29:20,97.44
O00003801,U006831,29-07-2025,12:23:49,97.42
O00008998,U003401,03-04-2025,00:31:28,97.42
O00009339,U003492,21-08-2024,03:19:42,97.42
O00016419,U007166,02-05-2024,23:14:21,97.42
O00006519,U001677,21-03-2025,11:39:25,97.36
O00009527,U001768,29-06-2024,11:07:58,97.36
O00010286,U005693,22-09-2025,03:25:51,97.36
O00017355,U004716,26-06-2024,18:55:58,97.36
O00017312,U004668,26-06-2024,05:42:53,97.31
O00013904,U005476,02-06-2025,07:16:07,97.30
O00002925,U008716,17-02-2024,12:11:14,97.29
O00002140,U003641,17-09-2024,11:47:05,97.28
O00005777,U001694,24-07-2024,10:46:28,97.26
O00004982,U003157,01-04-2024,13:11:55,97.24
O00000167,U008017,26-11-2024,03:59:17,96.97
O00007543,U002053,01-04-2025,07:09:20,96.97
O00010843,U001551,15-09-2025,16:44:00,96.97
O00015766,U008821,07-01-2024,00:21:41,96.97
O00006585,U001479,09-01-2024,14:30:07,96.96
O00010081,U007164,05-04-2025,00:36:42,96.96
O00010729,U004049,11-06-2025,01:47:34,96.96
O00019204,U008313,26-02-2025,02:55:55,96.95
O00019947,U009240,08-02-2024,12:32:05,96.95
O00015143,U005304,26-01-2024,08:31:31,96.94
O00013457,U000116,05-03-2024,05:16:37,96.90
O00002527,U001645,06-09-2024,06:19:15,96.89
O00014985,U006039,08-02-2025,08:09:14,96.80
O00016731,U005087,25-12-2024,04:20:36,96.80
O00008181,U005573,03-10-2025,12:56:52,96.76
O00011474,U006905,16-05-2025,11:33:16,96.76
O00017199,U005754,23-08-2025,14:58:49,96.76
O00002359,U004502,05-09-2025,22:01:17,96.75
O00007644,U002149,14-10-2025,21:18:23,96.75
O00009629,U000696,18-11-2024,22:29:54,96.75
O00018814,U007415,24-10-2024,03:13:34,96.75
O00007395,U004282,16-04-2024,18:23:25,96.68
O00001574,U003431,21-03-2024,14:42:12,96.63
O00003780,U009798,08-01-2024,08:27:52,96.63
O00006044,U004513,29-03-2025,15:49:16,96.63
O00009934,U004923,22-09-2025,07:22:54,96.63
O00010902,U007759,29-02-2024,06:51:06,96.63
O00019280,U002857,24-09-2024,21:19:33,96.63
O00019950,U000165,03-03-2024,19:29:14,96.63
O00003995,U002323,21-09-2024,02:37:56,96.56
O00008062,U000264,11-07-2025,20:04:50,96.56
O00008105,U008258,03-03-2024,21:31:52,96.56
O00010024,U002020,22-10-2024,21:01:32,96.56
O00014596,U000397,22-01-2025,05:05:59,96.56
O00004681,U000817,30-09-2025,02:11:20,96.55
O00010993,U008677,04-04-2025,03:08:09,96.51
O00001352,U008593,12-09-2024,18:23:44,96.48
O00011312,U002679,30-09-2024,10:07:20,96.48
O00013377,U000965,15-06-2025,00:31:14,96.48
O00015688,U009576,02-07-2024,09:46:31,96.48
O00019111,U003216,22-03-2024,01:08:09,96.46
O00000229,U006051,28-09-2025,17:05:32,96.44
O00001861,U002650,14-09-2025,05:25:59,96.44
O00013183,U004306,16-06-2024,16:21:25,96.43
O00004338,U006129,27-04-2025,14:51:33,96.33
O00001385,U003801,08-03-2025,05:13:58,96.21
O00004979,U005845,20-02-2024,09:16:51,96.21
O00001820,U004773,07-10-2024,00:35:00,96.19
O00013967,U005325,23-08-2025,16:32:19,96.19
O00008973,U007664,04-06-2025,00:21:38,96.12
O00016104,U001054,08-08-2025,23:00:41,96.10
O00017761,U001330,13-05-2025,17:57:52,96.07
O00013778,U004860,19-07-2025,18:43:50,96.06
O00015277,U002587,24-02-2024,15:33:41,96.03
O00001669,U007586,28-02-2024,21:45:17,95.98
O00007430,U006790,09-10-2025,17:56:07,95.98
O00014936,U006261,22-12-2024,07:31:51,95.98
O00016597,U001432,24-06-2024,14:56:56,95.98
O00018756,U008764,04-05-2024,00:42:28,95.98
O00019775,U005276,25-07-2024,13:59:49,95.98
O00019988,U002923,08-06-2024,20:38:41,95.96
O00007759,U001057,05-01-2024,23:22:38,95.94
O00019557,U002864,01-10-2025,07:40:56,95.94
O00002727,U001850,25-04-2025,08:22:11,95.91
O00006730,U007828,24-04-2025,21:01:40,95.82
O00000717,U007270,03-01-2024,15:29:17,95.81
O00002070,U006513,27-08-2025,16:53:40,95.81
O00018271,U009924,07-07-2024,11:35:40,95.81
O00019755,U000531,09-06-2024,08:01:38,95.81
O00014217,U009047,15-07-2024,13:42:53,95.77
O00017638,U003556,24-10-2025,04:29:12,95.77
O00018493,U004094,18-10-2024,16:08:02,95.77
O00002051,U003759,07-08-2025,15:30:24,95.76
O00007360,U005943,12-02-2025,06:26:13,95.66
O00001814,U005899,08-07-2024,16:30:12,95.58
O00009507,U008781,16-02-2024,15:43:54,95.57
O00014123,U003148,20-04-2025,00:40:41,95.50
O00011046,U002456,27-12-2024,02:00:14,95.48
O00012748,U004499,13-06-2024,19:23:01,95.48
O00006420,U002053,09-01-2025,23:20:26,95.46
O00006874,U009916,07-05-2024,08:26:53,95.46
O00018822,U005071,07-03-2024,00:55:08,95.46
O00000093,U002932,13-04-2024,04:02:02,95.40
O00003584,U005837,09-04-2025,16:29:57,95.33
O00002193,U001311,06-03-2025,23:25:39,95.19
O00017509,U003786,10-02-2025,06:28:11,95.15
O00008776,U001645,14-06-2024,03:21:49,95.13
O00009265,U004246,26-06-2024,14:28:36,95.13
O00000431,U009751,01-04-2024,18:50:34,95.08
O00011354,U007752,24-04-2024,20:48:48,95.08
O00018593,U006785,26-03-2025,19:19:21,95.08
O00019309,U005538,08-05-2025,03:33:33,95.08
O00012115,U002755,12-10-2024,03:25:03,95.02
O00018528,U007338,03-11-2024,18:57:20,95.02
O00011200,U008249,04-01-2024,11:44:47,94.98
O00001173,U003971,25-04-2025,21:50:57,94.97
O00002205,U000339,15-10-2024,06:47:56,94.95
O00006081,U002014,02-05-2024,18:53:56,94.95
O00006722,U001224,15-08-2025,23:57:48,94.95
O00007698,U003616,07-10-2025,01:51:24,94.95
O00011908,U002329,14-11-2025,07:44:37,94.95
O00013747,U007555,08-06-2024,22:18:14,94.95
O00005334,U001842,01-10-2024,14:30:24,94.87
O00007219,U002339,25-10-2024,20:14:31,94.82
O00009356,U005208,05-09-2024,02:29:14,94.71
O00008963,U001520,21-06-2025,03:42:05,94.70
O00016683,U001295,18-03-2024,19:14:09,94.66
O00003878,U001549,11-12-2024,02:57:02,94.62
O00010983,U001329,29-05-2025,03:13:43,94.62
O00005762,U002429,25-12-2024,13:17:15,94.61
O00019656,U005270,01-02-2024,06:44:34,94.61
O00008437,U004136,05-07-2024,04:15:12,94.60
O00014806,U000557,10-11-2024,21:34:43,94.59
O00005023,U009445,17-03-2024,13:22:41,94.58
O00008775,U008345,25-06-2024,13:21:30,94.58
O00002581,U006783,13-12-2024,21:52:07,94.57
O00018360,U000219,04-10-2024,10:06:26,94.52
O00004010,U001424,28-04-2024,05:00:47,94.40
O00008284,U000703,09-07-2024,01:39:47,94.40
O00012976,U004842,21-09-2025,16:41:27,94.40
O00018783,U006637,13-07-2024,19:09:25,94.40
O00005793,U000965,15-08-2024,11:48:10,94.35
O00009724,U000875,14-09-2024,03:27:09,94.35
O00012454,U009897,27-03-2024,03:50:03,94.35
O00006279,U007940,23-07-2025,17:40:49,94.32
O00007638,U002719,09-09-2025,15:58:57,94.29
O00002806,U009531,22-03-2024,01:39:55,94.27
O00012305,U006274,21-02-2025,11:05:36,94.26
O00011701,U002757,08-07-2025,00:09:37,94.23
O00008177,U005231,28-06-2025,10:01:30,94.12
O00002207,U003260,15-07-2025,22:26:28,94.06
O00014510,U008136,26-08-2024,10:24:28,94.06
O00006158,U000858,18-04-2025,20:56:30,94.02
O00001181,U003410,25-05-2025,06:52:55,93.98
O00000059,U004843,27-03-2024,22:03:32,93.94
O00009357,U005653,23-08-2024,20:13:57,93.84
O00012520,U001282,07-04-2024,10:22:20,93.84
O00015507,U006576,01-01-2025,22:32:46,93.81
O00014406,U004986,27-06-2025,11:00:52,93.72
O00000774,U000451,11-09-2024,14:57:37,93.62
O00015508,U009746,13-10-2024,08:16:52,93.50
O00007843,U005084,01-03-2025,09:46:59,93.49
O00008107,U008274,02-08-2025,10:03:34,93.43
O00014826,U002209,18-06-2025,17:33:31,93.43
O00002817,U008961,02-02-2025,14:43:56,93.24
O00011942,U003471,21-02-2024,21:26:34,93.21
O00006092,U007036,16-03-2024,10:03:00,93.18
O00014494,U003384,15-08-2025,11:39:09,93.18
O00007263,U009591,02-10-2024,05:50:04,93.14
O00011503,U007937,14-05-2025,19:30:21,93.10
O00014047,U008985,12-10-2025,12:30:33,93.10
O00006005,U004148,10-01-2024,15:22:38,93.09
O00007901,U002185,21-05-2025,12:44:08,93.07
O00015875,U007805,13-06-2025,19:32:34,93.07
O00014977,U008872,20-08-2025,16:15:12,93.04
O00000622,U000309,03-09-2025,23:31:42,92.99
O00012075,U009093,27-09-2025,12:48:24,92.94
O00015650,U003613,19-01-2025,08:39:09,92.92
O00003131,U004190,27-08-2024,16:17:08,92.91
O00017656,U008292,14-10-2025,15:05:55,92.91
O00005678,U000750,20-08-2024,07:16:07,92.89
O00012804,U000053,15-03-2025,13:54:17,92.89
O00002672,U000404,06-02-2024,20:10:23,92.80
O00000535,U004420,03-11-2024,15:55:09,92.72
O00018433,U008124,09-10-2024,06:14:44,92.72
O00013419,U000165,14-09-2024,03:22:43,92.61
O00008748,U003746,27-05-2024,11:26:15,92.52
O00008589,U003073,11-05-2024,22:40:16,92.48
O00002327,U006673,20-07-2025,05:43:10,92.38
O00003217,U003682,20-01-2025,19:18:11,92.36
O00004853,U002648,02-06-2025,00:32:42,92.36
O00007669,U005963,20-07-2024,10:35:57,92.28
O00000245,U003047,14-11-2025,03:22:48,92.24
O00008150,U006926,04-06-2024,23:07:46,92.24
O00008860,U002620,08-03-2024,11:50:53,92.24
O00009547,U009825,21-10-2025,08:39:18,92.24
O00010754,U008465,24-10-2025,23:02:36,92.24
O00010977,U006678,26-03-2025,18:14:49,92.24
O00012230,U009038,28-08-2025,13:29:00,92.24
O00013321,U000984,20-03-2025,16:25:47,92.24
O00014338,U007017,07-09-2025,09:07:51,92.24
O00014383,U005666,14-08-2024,19:56:42,92.24
O00014842,U009985,13-09-2024,03:30:46,92.24
O00016189,U009660,15-03-2024,09:28:07,92.24
O00016282,U002947,25-05-2024,16:10:50,92.24
O00005273,U005124,14-11-2025,03:48:51,92.23
O00006142,U003998,06-10-2024,08:51:56,92.23
O00006276,U009267,26-07-2024,13:13:26,92.23
O00007791,U009432,08-10-2025,09:46:03,92.23
O00016292,U005877,09-01-2024,23:36:42,92.23
O00017373,U002204,28-12-2024,23:33:53,92.23
O00007136,U001608,08-06-2025,05:41:07,92.17
O00011281,U008256,29-01-2025,05:36:04,91.96
O00015382,U002577,11-07-2025,05:48:42,91.92
O00016852,U009551,26-02-2025,17:17:36,91.89
O00010386,U006526,27-04-2024,00:15:21,91.87
O00013550,U003753,08-11-2025,03:07:33,91.84
O00003499,U001705,26-03-2024,11:17:43,91.83
O00018232,U007458,15-09-2025,01:55:44,91.62
O00019154,U004283,08-12-2024,16:01:57,91.58
O00001749,U007115,25-07-2025,02:06:32,91.54
O00010337,U005735,21-07-2025,17:59:01,91.52
O00006056,U002429,25-06-2024,02:04:19,91.51
O00000840,U001671,09-02-2025,16:42:10,91.48
O00007885,U009809,05-07-2024,03:56:26,91.48
O00008333,U003683,09-04-2025,17:31:04,91.48
O00018086,U000527,25-12-2024,13:07:54,91.46
O00007151,U005699,27-04-2025,15:57:30,91.44
O00014754,U008959,28-12-2024,03:36:04,91.43
O00000107,U005095,11-09-2024,20:08:43,91.42
O00016074,U002775,24-09-2025,22:58:06,91.42
O00003378,U003156,08-09-2025,20:46:52,91.40
O00005547,U001023,17-02-2025,18:48:55,91.39
O00009604,U005301,17-01-2024,23:17:31,91.33
O00015121,U001491,29-07-2025,15:26:50,91.33
O00019366,U006600,21-06-2024,05:10:35,91.32
O00017318,U001438,25-02-2025,03:49:59,91.15
O00011124,U002223,13-10-2025,16:38:35,91.05
O00009701,U006402,13-10-2024,03:10:40,91.03
O00014174,U001429,24-01-2024,16:20:48,91.00
O00016614,U005455,22-10-2024,22:54:34,90.92
O00009607,U005729,05-04-2024,07:13:04,90.91
O00006274,U003159,07-12-2024,09:21:41,90.89
O00011597,U006863,30-05-2024,19:15:16,90.88
O00008721,U008365,08-10-2025,03:32:18,90.86
O00003107,U001279,16-06-2025,16:37:57,90.82
O00014337,U006694,30-05-2024,15:53:40,90.82
O00006826,U002816,15-09-2024,04:46:48,90.81
O00019397,U007521,02-03-2025,22:51:34,90.77
O00001690,U000427,06-02-2025,11:18:55,90.68
O00005123,U004265,30-10-2024,07:31:02,90.65
O00017769,U002498,10-10-2024,11:09:06,90.65
O00006118,U008104,13-11-2025,14:21:00,90.64
O00006405,U008715,09-02-2024,01:28:48,90.64
O00017837,U001084,11-01-2025,20:45:36,90.64
O00019759,U009244,17-11-2024,23:46:24,90.61
O00004351,U005496,03-03-2025,23:12:19,90.57
O00010485,U002018,31-03-2024,15:53:02,90.57
O00012174,U001059,19-03-2025,17:09:07,90.57
O00012481,U005478,08-03-2024,13:26:05,90.57
O00015938,U004590,18-09-2024,14:43:07,90.57
O00009807,U005537,25-07-2025,14:01:41,90.56
O00001436,U000810,18-07-2025,15:01:38,90.44
O00002137,U001035,22-05-2025,17:37:49,90.37
O00007041,U006316,07-12-2024,16:12:37,90.37
O00008847,U007379,30-05-2024,09:05:05,90.37
O00012766,U007613,17-10-2025,17:18:16,90.37
O00014482,U005302,02-05-2025,19:29:43,90.37
O00009851,U002497,09-07-2025,09:14:12,90.36
O00013167,U009803,04-03-2025,22:06:42,90.33
O00018343,U004219,08-09-2025,08:33:25,90.30
O00014399,U007019,09-07-2025,20:14:18,90.28
O00009459,U001833,28-12-2024,04:06:33,90.27
O00001773,U003415,24-07-2024,00:24:42,90.21
O00016615,U002685,07-08-2025,03:36:51,90.19
O00007547,U008917,19-03-2024,06:28:03,90.15
O00014415,U003389,10-10-2024,02:06:57,90.15
O00016228,U005458,18-06-2025,13:44:26,90.06
O00007442,U008396,14-03-2025,04:08:50,90.04
O00009214,U006353,23-11-2024,17:27:22,90.02
O00019948,U000468,04-09-2025,06:26:03,90.02
O00012694,U000972,12-08-2024,02:48:32,89.98
O00004415,U005657,23-10-2024,19:32:57,89.97
O00008519,U008653,31-12-2024,04:15:41,89.96
O00019213,U002823,11-12-2024,14:41:29,89.96
O00004711,U005926,03-04-2024,05:32:41,89.93
O00009526,U008163,10-04-2025,18:36:44,89.88
O00004829,U005109,24-04-2025,16:02:52,89.67
O00018338,U001827,21-05-2025,02:28:39,89.63
O00014483,U009040,23-03-2024,21:25:09,89.56
O00001215,U000131,25-08-2024,09:00:59,89.50
O00014746,U000550,07-05-2024,15:14:19,89.47
O00000246,U004293,18-05-2024,17:11:21,89.14
O00012183,U002853,15-01-2025,19:07:41,89.11
O00000887,U000572,10-07-2025,07:58:14,89.08
O00015803,U001462,05-01-2024,17:56:24,89.08
O00009699,U002350,20-03-2025,07:54:18,89.07
O00014036,U004927,28-02-2024,09:48:00,89.04
O00005036,U000493,07-05-2025,03:26:32,89.02
O00018361,U007061,20-07-2025,07:20:01,89.01
O00001285,U006323,01-02-2025,02:18:43,88.98
O00014430,U000196,23-02-2024,17:13:37,88.98
O00004650,U006351,06-03-2024,03:42:32,88.97
O00005103,U001260,10-09-2024,19:07:13,88.97
O00009416,U006679,26-07-2024,03:08:46,88.97
O00002219,U007083,18-07-2024,13:30:39,88.96
O00003022,U006857,12-08-2024,18:17:08,88.96
O00010481,U005625,15-08-2025,20:15:21,88.96
O00013689,U009799,28-04-2024,06:47:10,88.96
O00014873,U008673,04-05-2025,23:46:35,88.96
O00015117,U000168,26-08-2024,01:21:38,88.96
O00013219,U008254,18-06-2024,18:55:20,88.76
O00019075,U006242,26-09-2024,02:47:25,88.69
O00000926,U008800,15-06-2025,02:17:39,88.68
O00007961,U005161,25-01-2025,11:54:09,88.68
O00014563,U006007,29-04-2024,23:22:15,88.68
O00019242,U005310,09-12-2024,13:20:14,88.68
O00007038,U006930,13-06-2025,03:37:19,88.66
O00013370,U002435,08-01-2025,11:37:06,88.66
O00019286,U007171,04-07-2025,16:05:23,88.66
O00001286,U003334,12-01-2024,21:43:09,88.62
O00005745,U006321,17-04-2025,03:37:35,88.58
O00012641,U000159,02-02-2024,21:24:51,88.58
O00015737,U003434,12-05-2024,05:45:36,88.58
O00017833,U003212,08-01-2025,10:19:27,88.56
O00006230,U001539,12-03-2024,12:56:47,88.39
O00013823,U005703,01-07-2025,08:17:03,88.39
O00005854,U004648,06-06-2024,15:50:03,88.37
O00019680,U007774,04-08-2024,11:52:45,88.34
O00009101,U009995,11-04-2024,16:05:02,88.32
O00010954,U001085,22-01-2025,13:13:09,88.20
O00004305,U003123,18-05-2024,17:08:21,88.17
O00005082,U009973,06-01-2025,06:16:38,88.17
O00005138,U002679,04-07-2024,02:06:26,88.08
O00016797,U000259,18-06-2024,06:48:00,87.96
O00006714,U008662,01-02-2025,07:06:30,87.91
O00010740,U008056,21-02-2024,15:59:01,87.88
O00003838,U005270,05-08-2025,09:19:18,87.77
O00012131,U004782,10-04-2025,06:03:57,87.61
O00016203,U000568,29-05-2024,21:35:08,87.60
O00009519,U000331,13-09-2024,20:32:48,87.59
O00013768,U005193,14-01-2025,02:03:02,87.58
O00001750,U008374,09-04-2024,12:50:41,87.54
O00014196,U006401,04-08-2025,14:51:56,87.54
O00016420,U007552,19-04-2025,03:44:40,87.54
O00006898,U007611,30-09-2024,15:12:15,87.50
O00003186,U003550,12-10-2024,13:02:56,87.48
O00014896,U000796,24-07-2025,00:06:08,87.48
O00016680,U004868,27-02-2024,18:41:57,87.48
O00016800,U000526,05-05-2025,08:16:59,87.48
O00018547,U000683,02-12-2024,20:08:49,87.48
O00000707,U000533,28-08-2025,00:40:58,87.46
O00002455,U002460,12-04-2024,16:46:30,87.46
O00011366,U007328,10-12-2024,00:16:55,87.46
O00017474,U001809,09-04-2025,12:45:58,87.46
O00012288,U000387,14-11-2024,02:20:30,87.38
O00014934,U003487,24-10-2025,16:25:19,87.30
O00017205,U007862,13-03-2024,11:16:46,87.30
O00007401,U006850,01-03-2025,15:26:44,87.28
O00017739,U002599,27-01-2024,02:37:31,87.26
O00014845,U007426,18-05-2025,20:37:55,87.10
O00016443,U004064,28-03-2025,23:08:16,87.06
O00005757,U001206,23-03-2025,17:53:27,87.02
O00004977,U002177,19-09-2025,09:23:12,86.97
O00008263,U001853,16-03-2024,23:22:55,86.97
O00010462,U007882,09-03-2025,04:52:50,86.91
O00010645,U004752,15-08-2025,12:36:31,86.89
O00000483,U000410,10-04-2024,22:14:35,86.86
O00008751,U000735,16-04-2025,08:18:09,86.85
O00013547,U009813,05-05-2025,01:48:15,86.80
O00013255,U001177,02-04-2024,15:31:50,86.76
O00018466,U005255,04-06-2025,16:09:45,86.75
O00018403,U005810,28-09-2024,02:00:29,86.70
O00008052,U009892,17-08-2024,05:40:08,86.67
O00009404,U002078,27-06-2024,19:33:49,86.67
O00009569,U000611,16-06-2025,02:17:44,86.67
O00010452,U009998,05-12-2024,09:28:29,86.67
O00017035,U000464,13-02-2025,19:40:13,86.67
O00019974,U006527,21-08-2025,02:40:10,86.67
O00016215,U001279,06-12-2024,07:32:13,86.59
O00006661,U001067,20-05-2025,20:30:25,86.49
O00004516,U007906,03-10-2025,17:18:52,86.48
O00017009,U002816,21-02-2025,00:52:36,86.48
O00017224,U003276,27-09-2025,08:28:15,86.48
O00001144,U002114,23-03-2024,07:22:13,86.47
O00006494,U008208,25-03-2024,10:54:25,86.47
O00006916,U004747,22-08-2025,08:46:42,86.47
O00009862,U001036,29-08-2024,12:13:17,86.47
O00019648,U005922,31-10-2024,07:19:45,86.47
O00019343,U008878,18-07-2024,06:28:46,86.45
O00019239,U008002,11-03-2024,19:26:29,86.41
O00019903,U008971,24-11-2024,23:12:34,86.41
O00018899,U008248,06-07-2025,07:55:08,86.39
O00007444,U009523,01-08-2024,15:42:23,86.34
O00011931,U007651,30-06-2024,20:23:38,86.34
O00016713,U000480,20-02-2024,21:29:15,86.34
O00019505,U005546,13-03-2025,06:43:29,86.34
O00004497,U004751,14-03-2024,09:34:17,86.31
O00009315,U000800,28-02-2025,06:25:38,86.26
O00002264,U000535,08-09-2025,11:15:55,86.16
O00011922,U008729,06-06-2024,17:10:06,86.16
O00014529,U004537,29-08-2024,19:36:05,86.16
O00008605,U002153,04-08-2025,04:21:30,86.15
O00000906,U000801,20-07-2025,22:24:24,86.11
O00004685,U006431,10-05-2025,20:51:48,86.02
O00003865,U000166,21-04-2024,00:29:48,86.00
O00009410,U000154,04-04-2025,16:30:05,85.99
O00007587,U001446,31-07-2024,02:40:34,85.89
O00005141,U003897,06-06-2024,02:27:34,85.85
O00001808,U006344,16-04-2025,11:12:01,85.79
O00003571,U001687,26-03-2024,23:57:40,85.79
O00014077,U002063,06-02-2025,12:39:05,85.79
O00014831,U006743,02-11-2025,04:46:39,85.79
O00015493,U003336,25-05-2024,11:13:31,85.79
O00009992,U005320,08-11-2024,10:20:43,85.78
O00011827,U006674,20-10-2024,21:52:13,85.73
O00015188,U003311,13-02-2025,12:18:40,85.67
O00006925,U005373,08-03-2025,09:55:29,85.64
O00012876,U001150,26-11-2024,03:18:46,85.64
O00018504,U005679,28-10-2025,02:10:41,85.64
O00019909,U001387,25-10-2024,11:21:39,85.61
O00012223,U006258,15-08-2024,12:10:05,85.53
O00018392,U008140,01-07-2024,17:04:04,85.53
O00015193,U004150,04-01-2025,13:39:30,85.52
O00017152,U008050,12-04-2024,07:34:03,85.52
O00009982,U008694,06-01-2025,22:47:37,85.51
O00008140,U009462,03-06-2025,20:35:27,85.48
O00003629,U008054,01-12-2024,23:11:45,85.46
O00011136,U006501,14-08-2025,16:29:28,85.46
O00019528,U006656,06-01-2025,16:53:47,85.46
O00012240,U006414,20-04-2025,04:40:00,85.43
O00010267,U009157,23-08-2024,15:21:38,85.42
O00000463,U000707,18-03-2024,11:50:50,85.29
O00005502,U008470,17-07-2025,09:39:22,85.29
O00008241,U005992,27-02-2024,21:11:39,85.29
O00014950,U003771,03-01-2024,11:15:23,85.29
O00015376,U003612,04-04-2025,12:45:52,85.29
O00015465,U006310,08-01-2025,18:56:47,85.29
O00000948,U006498,01-09-2024,10:32:15,85.27
O00008430,U006218,12-01-2024,22:12:50,85.22
O00009866,U007958,07-09-2025,11:44:38,85.22
O00000833,U001460,03-10-2025,10:51:15,85.20
O00000923,U006348,12-07-2025,12:45:07,85.20
O00010003,U006993,09-04-2025,19:51:51,85.20
O00010700,U008727,25-07-2024,06:37:29,85.20
O00012851,U006235,16-04-2025,20:51:19,85.20
O00016700,U006958,23-02-2024,20:55:24,85.20
O00005406,U007122,28-01-2025,07:44:12,85.14
O00017472,U006538,05-07-2025,04:33:39,85.14
O00018177,U008002,14-08-2024,22:25:59,85.14
O00001866,U001385,28-02-2024,16:25:14,85.00
O00006210,U007456,25-01-2025,03:34:47,84.98
O00015869,U002701,08-04-2025,17:25:41,84.98
O00016105,U001067,16-05-2025,04:52:51,84.98
O00009848,U003485,17-10-2024,10:34:25,84.97
O00013940,U002767,12-04-2024,23:42:52,84.97
O00014271,U004883,27-03-2025,11:05:42,84.97
O00004541,U002044,30-01-2024,18:50:30,84.96
O00006699,U002290,24-05-2024,13:08:39,84.96
O00015958,U002887,18-08-2025,03:48:18,84.96
O00005929,U006987,18-01-2025,06:46:05,84.94
O00011547,U000020,15-08-2025,12:09:17,84.94
O00018087,U004190,01-08-2024,23:12:00,84.94
O00003637,U008130,19-07-2025,03:23:55,84.90
O00005788,U005009,02-08-2024,23:02:43,84.86
O00005797,U005415,12-05-2024,18:26:24,84.86
O00006166,U008246,28-09-2024,11:29:58,84.86
O00012825,U001572,07-06-2025,21:38:24,84.86
O00016777,U001097,07-01-2024,07:39:49,84.86
O00014055,U007069,05-03-2024,12:22:20,84.83
O00004296,U005877,10-01-2024,16:25:38,84.80
O00007568,U004714,13-05-2025,11:53:23,84.80
O00009773,U000725,02-07-2024,22:50:13,84.80
O00012410,U006904,17-04-2025,23:22:27,84.80
O00018925,U003114,30-04-2024,18:08:33,84.80
O00019299,U000796,13-04-2025,10:46:25,84.80
O00003686,U001990,22-01-2024,02:29:19,84.79
O00004489,U001071,05-05-2025,14:42:21,84.79
O00008357,U001114,24-10-2024,09:10:25,84.79
O00009029,U008023,09-01-2024,08:57:38,84.79
O00011341,U000299,21-02-2025,08:52:09,84.79
O00015050,U005800,05-09-2024,05:09:40,84.79
O00019614,U005276,05-06-2025,14:15:25,84.79
O00005596,U006923,14-07-2025,11:57:38,84.78
O00003267,U002384,29-05-2025,18:22:06,84.70
O00005677,U001977,16-09-2025,09:13:13,84.70
O00011050,U006825,21-08-2024,10:43:11,84.68
O00007724,U000958,25-04-2024,01:04:14,84.66
O00017915,U006397,31-07-2025,14:46:10,84.65
O00016960,U000125,27-05-2025,07:19:10,84.58
O00018159,U001165,14-03-2024,22:40:09,84.54
O00006611,U004398,14-08-2025,23:32:39,84.52
O00009552,U000953,01-01-2024,18:49:18,84.52
O00001985,U000267,04-09-2025,09:57:21,84.50
O00000494,U009350,17-07-2024,21:37:32,84.48
O00005225,U003567,04-09-2024,13:25:00,84.48
O00005874,U005835,04-04-2025,11:52:58,84.48
O00008686,U008019,15-01-2025,16:59:48,84.48
O00011155,U005967,17-12-2024,23:25:55,84.48
O00004249,U009005,25-06-2025,03:29:08,84.38
O00006256,U008431,23-01-2025,09:12:08,84.38
O00003346,U008977,30-03-2024,16:24:10,84.37
O00007053,U003084,06-07-2025,00:46:38,84.37
O00007112,U002503,13-07-2024,13:50:42,84.37
O00008588,U002028,11-09-2025,06:08:19,84.37
O00011075,U004466,12-07-2024,12:13:26,84.37
O00013942,U009453,15-06-2025,04:44:16,84.37
O00015125,U002145,09-10-2025,16:47:15,84.37
O00016408,U008444,07-02-2024,13:10:54,84.32
O00002756,U001722,30-04-2025,05:40:18,84.27
O00002227,U004143,13-04-2025,10:51:59,84.20
O00009163,U006207,29-04-2024,01:54:27,84.13
O00007191,U000961,20-10-2025,07:26:53,84.12
O00012310,U001563,11-04-2024,05:47:50,84.07
O00006170,U000157,16-12-2024,08:58:58,83.98
O00007884,U006408,01-10-2025,18:36:45,83.98
O00008665,U009743,08-04-2025,02:53:16,83.98
O00010483,U009836,07-10-2025,00:58:26,83.98
O00000811,U008366,16-01-2025,07:24:57,83.76
O00014791,U008524,10-05-2025,07:52:07,83.76
O00015902,U006716,22-07-2025,12:44:40,83.76
O00012717,U000232,06-11-2025,16:13:41,83.72
O00003043,U000203,07-11-2024,18:34:50,83.67
O00011315,U006577,28-10-2025,10:47:54,83.63
O00002139,U003826,13-11-2025,05:14:48,83.60
O00009900,U005687,09-01-2025,22:02:10,83.60
O00010910,U002831,04-07-2024,09:44:05,83.60
O00016047,U007247,05-04-2024,21:33:31,83.60
O00019730,U007091,20-07-2024,08:21:23,83.60
O00002939,U001234,12-12-2024,02:13:51,83.52
O00003645,U009180,17-09-2025,13:44:29,83.52
O00003757,U001445,28-01-2024,10:20:49,83.52
O00018016,U009600,10-12-2024,11:42:33,83.52
O00018223,U001563,07-11-2024,01:59:02,83.52
O00000615,U000801,30-06-2025,07:31:40,83.51
O00014147,U008981,28-06-2025,03:13:44,83.51
O00005321,U008366,16-11-2024,09:37:06,83.49
O00010380,U000032,29-07-2025,12:11:34,83.41
O00010392,U006010,30-01-2024,21:34:04,83.41
O00001914,U006482,28-10-2024,04:08:33,83.34
O00002957,U001840,03-02-2025,11:51:30,83.34
O00009620,U001615,28-04-2024,09:19:49,83.34
O00010377,U005964,19-08-2025,00:49:34,83.34
O00010689,U004804,07-12-2024,17:58:02,83.34
O00011417,U007314,02-10-2025,09:44:56,83.34
O00012309,U004045,04-02-2025,00:43:49,83.34
O00016248,U006837,14-01-2025,21:01:08,83.34
O00010518,U005367,16-09-2024,13:20:59,83.25
O00000955,U004025,12-01-2024,06:22:02,83.19
O00008394,U000427,22-10-2025,16:27:48,83.19
O00000088,U001613,26-12-2024,04:21:19,83.17
O00001846,U005323,12-10-2025,14:47:21,83.17
O00003682,U006828,30-10-2025,04:02:53,83.17
O00000260,U003912,20-06-2024,01:10:07,83.16
O00000721,U003880,24-03-2024,22:51:37,83.14
O00003367,U005268,26-09-2024,03:58:51,83.14
O00015060,U003079,22-02-2024,14:55:11,83.14
O00016704,U004783,01-03-2024,22:34:03,83.14
O00017751,U001947,11-03-2025,00:06:13,83.14
O00018038,U009571,21-05-2025,08:38:34,83.14
O00019522,U005717,20-04-2024,09:12:56,83.14
O00005965,U009607,25-09-2024,21:51:52,83.13
O00006578,U004687,11-07-2025,07:36:21,83.13
O00010276,U006670,22-03-2024,00:58:01,83.13
O00011692,U006345,26-08-2025,23:03:54,83.13
O00019489,U009971,12-10-2024,11:17:51,83.13
O00001605,U008745,12-04-2024,06:18:33,83.11
O00002606,U000539,07-04-2025,18:59:20,83.11
O00003628,U007783,15-06-2024,09:56:40,83.11
O00019232,U000048,27-02-2025,17:06:51,83.11
O00008642,U005309,21-11-2024,16:27:21,83.09
O00005235,U008428,30-04-2024,14:19:25,83.02
O00012925,U007286,29-09-2025,02:43:17,83.02
O00001172,U003854,11-07-2025,22:16:56,82.98
O00008820,U004447,13-06-2024,11:02:19,82.98
O00016249,U009215,04-11-2024,00:49:59,82.98
O00016444,U006305,07-05-2025,12:04:55,82.98
O00014678,U001245,27-03-2025,10:37:49,82.96
O00013517,U005697,19-07-2025,18:50:57,82.88
O00019346,U008554,07-04-2024,17:36:00,82.88
O00016964,U007174,09-02-2024,07:49:03,82.86
O00008143,U003459,09-11-2025,08:31:48,82.85
O00011164,U008059,03-01-2025,08:58:08,82.85
O00017094,U003302,25-02-2024,05:33:42,82.84
O00013693,U006444,19-04-2025,13:10:58,82.80
O00006641,U008299,16-11-2024,22:40:40,82.77
O00012110,U009514,31-05-2024,05:05:06,82.77
O00012392,U004369,22-10-2025,14:11:26,82.77
O00015089,U005680,02-10-2024,13:54:59,82.77
O00018561,U004295,25-03-2024,08:00:17,82.77
O00003873,U008722,04-04-2024,05:15:16,82.75
O00000680,U005814,03-09-2024,09:26:01,82.69
O00006545,U008528,14-03-2025,10:46:34,82.69
O00002736,U003329,03-02-2024,13:16:13,82.68
O00003556,U004871,17-07-2024,01:09:31,82.68
O00011447,U006281,16-09-2024,06:35:27,82.68
O00014859,U003220,05-04-2025,05:05:04,82.68
O00019548,U003664,13-06-2024,06:30:49,82.68
O00016674,U000076,08-12-2024,11:24:19,82.64
O00000040,U002158,03-11-2025,21:23:24,82.61
O00005764,U000510,08-04-2024,18:00:41,82.56
O00008724,U008624,13-03-2025,11:49:40,82.40
O00017231,U008507,30-05-2025,07:58:26,82.40
O00017469,U001191,26-05-2024,14:12:57,82.40
O00018880,U004806,12-04-2025,13:12:49,82.40
O00017110,U007359,25-04-2025,18:45:19,82.39
O00008276,U000515,11-11-2024,19:20:34,82.31
O00013650,U006698,15-10-2024,19:55:28,82.30
O00004925,U009034,07-02-2025,15:08:08,82.24
O00009750,U003852,17-10-2025,11:12:58,82.20
O00014765,U005545,12-12-2024,21:59:33,82.20
O00003122,U007766,03-12-2024,21:55:19,82.15
O00006610,U002256,24-04-2025,19:41:25,82.11
O00008968,U005784,30-04-2025,17:55:55,82.05
O00014154,U002020,04-06-2025,11:34:10,82.04
O00000268,U005394,08-08-2025,19:26:23,82.00
O00004023,U009913,02-08-2025,09:47:54,81.88
O00012858,U008511,20-03-2024,07:16:40,81.88
O00017547,U000782,31-10-2025,07:52:16,81.88
O00002843,U005033,30-12-2024,13:15:17,81.87
O00019229,U005148,02-05-2024,22:05:01,81.74
O00017605,U008759,19-08-2025,23:01:11,81.69
O00006513,U009050,22-07-2025,15:30:52,81.68
O00014783,U002147,18-12-2024,12:09:44,81.68
O00015552,U009026,22-05-2024,11:30:40,81.68
O00006943,U009984,29-10-2024,03:31:24,81.67
O00013751,U002079,22-03-2024,21:59:25,81.63
O00007456,U008162,12-02-2025,15:23:46,81.57
O00011676,U007696,04-08-2025,05:15:10,81.57
O00015380,U008203,12-10-2025,00:20:20,81.57
O00006836,U000434,14-09-2025,04:50:18,81.54
O00007143,U005276,25-11-2024,20:50:59,81.54
O00011172,U009776,28-08-2025,12:20:04,81.54
O00015061,U009391,04-04-2024,22:33:43,81.53
O00000714,U004762,02-05-2025,07:24:39,81.52
O00004158,U008465,19-08-2024,08:51:53,81.52
O00006098,U004558,23-02-2025,22:30:59,81.52
O00008171,U009107,26-06-2024,13:23:25,81.52
O00007829,U007574,17-05-2025,12:46:21,81.49
O00019524,U001927,14-12-2024,19:03:23,81.49
O00002472,U000060,29-01-2025,14:48:10,81.47
O00008543,U008418,17-05-2024,15:55:30,81.47
O00011100,U000322,08-08-2024,09:43:30,81.47
O00016708,U000867,17-12-2024,15:39:20,81.47
O00019549,U002361,17-02-2025,03:38:14,81.47
O00014258,U005260,14-04-2024,13:30:13,81.44
O00016239,U000042,06-04-2025,00:34:47,81.44
O00014904,U008462,02-03-2025,18:51:11,81.42
O00017870,U000490,11-11-2024,17:18:29,81.40
O00009603,U001853,31-07-2024,12:28:09,81.36
O00011488,U009023,15-11-2024,03:21:44,81.32
O00019093,U008343,17-05-2024,11:53:04,81.32
O00003837,U003541,17-03-2024,00:01:37,81.28
O00014202,U001825,22-06-2025,23:46:22,81.28
O00005283,U001128,13-10-2024,19:24:52,81.24
O00009090,U002641,02-04-2025,10:19:26,81.24
O00004605,U009706,24-10-2024,08:19:12,81.18
O00001359,U008068,14-02-2024,14:30:54,81.17
O00007186,U001795,07-05-2024,15:36:10,81.17
O00008219,U001664,24-03-2024,11:55:59,81.17
O00010431,U008090,10-02-2025,09:40:45,81.17
O00009535,U000983,23-08-2024,17:30:47,81.16
O00010335,U009269,03-12-2024,10:46:37,81.16
O00003037,U002067,21-06-2025,14:57:58,81.07
O00007210,U001224,22-08-2025,01:47:29,80.87
O00009700,U005313,29-04-2024,16:57:23,80.87
O00018117,U002209,13-03-2024,06:14:28,80.87
O00018800,U005899,22-07-2025,01:04:06,80.87
O00002448,U007829,13-10-2024,06:37:45,80.84
O00014358,U002526,09-03-2024,23:11:24,80.84
O00018790,U009294,20-06-2024,23:35:24,80.76
O00004632,U000503,24-01-2024,18:03:22,80.66
O00010895,U001564,03-04-2025,20:36:17,80.66
O00018099,U005049,19-11-2024,19:16:40,80.66
O00000202,U003415,12-10-2024,22:49:38,80.56
O00014010,U009590,10-07-2024,06:19:35,80.56
O00015288,U009589,04-02-2024,04:12:12,80.56
O00017651,U002621,22-12-2024,01:36:39,80.56
O00010504,U000102,19-07-2024,04:02:42,80.44
O00017101,U002919,28-02-2024,21:01:21,80.44
O00002636,U008440,30-07-2024,18:06:47,80.38
O00003507,U006117,27-10-2025,00:05:22,80.37
O00009749,U008579,30-08-2024,09:58:53,80.37
O00014142,U002883,07-04-2025,22:53:51,80.37
O00016121,U003708,13-03-2024,02:08:26,80.37
O00013184,U005431,09-08-2024,22:20:55,80.33
O00018730,U008526,27-01-2024,22:29:59,80.33
O00005960,U007673,25-03-2024,07:42:43,80.28
O00009584,U002268,17-03-2024,18:36:01,80.10
O00015466,U002392,24-05-2025,18:44:58,80.10
O00018151,U005355,21-12-2024,20:30:02,80.10
O00010184,U004367,22-06-2025,22:59:11,80.06
O00001608,U008969,05-09-2024,01:24:21,79.96
O00018662,U003996,26-09-2024,13:08:32,79.93
O00009493,U009875,14-10-2024,10:15:10,79.92
O00003958,U006720,05-10-2024,03:51:10,79.61
O00007171,U001749,28-08-2025,01:04:55,79.60
O00010803,U001601,23-09-2024,21:11:10,79.60
O00011494,U005118,24-06-2025,15:30:54,79.60
O00013210,U003929,18-02-2024,10:44:34,79.60
O00015003,U006704,30-11-2024,20:03:30,79.60
O00003175,U000830,05-01-2025,01:53:52,79.55
O00014537,U009087,02-03-2025,05:43:41,79.55
O00004851,U002796,23-07-2024,01:25:01,79.47
O00009998,U008153,09-10-2025,02:16:24,79.47
O00005811,U007617,22-02-2025,14:08:47,79.42
O00006252,U004704,08-03-2025,22:43:30,79.42
O00013688,U008753,01-05-2025,08:37:49,79.42
O00013853,U007613,28-04-2025,19:17:18,79.42
O00006747,U003124,09-11-2025,05:17:34,79.36
O00006984,U006735,23-10-2025,01:51:09,79.36
O00013197,U008648,28-01-2025,10:05:38,79.36
O00002179,U009725,26-08-2024,18:44:32,79.35
O00011595,U006999,20-10-2025,14:13:18,79.35
O00013279,U008088,09-10-2025,20:29:09,79.35
O00016636,U006330,19-05-2025,13:28:32,79.35
O00017672,U004098,30-07-2025,08:23:36,79.35
O00000275,U006699,15-02-2025,08:45:27,79.34
O00010010,U004119,28-10-2025,09:12:04,79.34
O00009116,U006936,21-01-2025,00:10:50,79.30
O00002830,U001238,11-10-2025,08:28:06,79.29
O00005869,U006858,19-02-2025,14:57:27,79.29
O00007421,U009200,29-05-2025,17:16:24,79.29
O00016068,U004289,29-04-2025,05:54:55,79.29
O00010395,U003219,22-08-2025,21:39:25,79.26
O00006285,U000381,04-02-2025,03:15:40,79.25
O00000991,U003681,25-08-2024,08:50:58,79.18
O00012326,U003735,13-07-2024,10:40:13,79.18
O00006248,U007963,01-06-2024,12:39:43,79.17
O00005954,U008939,01-05-2024,16:40:53,79.09
O00000458,U002802,25-02-2025,01:24:05,79.08
O00010402,U001427,05-11-2024,13:31:10,79.08
O00010869,U007418,16-08-2024,21:47:56,78.86
O00010478,U008669,09-06-2025,18:18:52,78.74
O00018786,U005364,18-05-2024,09:27:11,78.64
O00013873,U000564,01-07-2024,22:38:41,78.51
O00003283,U003154,08-11-2024,05:01:36,78.46
O00014161,U009246,07-10-2025,05:09:32,78.45
O00002891,U005341,17-02-2024,00:53:11,78.42
O00010460,U001181,19-01-2024,04:34:52,78.40
O00015922,U002354,27-02-2024,17:52:05,78.38
O00004438,U005320,02-06-2025,23:00:24,78.36
O00005831,U000386,30-10-2024,00:07:28,78.36
O00006924,U004592,10-09-2024,17:58:39,78.36
O00009011,U006735,12-12-2024,19:59:31,78.36
O00016014,U008605,09-03-2024,16:22:26,78.36
O00015721,U003016,30-09-2024,07:57:33,78.35
O00009397,U008240,07-04-2024,14:37:16,78.30
O00016379,U000463,12-06-2025,19:58:33,78.30
O00007696,U002053,25-07-2024,11:04:34,78.26
O00004539,U008706,08-09-2025,04:23:05,78.22
O00019199,U004955,09-10-2025,11:16:17,78.21
O00011018,U006060,06-04-2024,22:20:22,78.16
O00015002,U007670,29-01-2024,11:54:58,78.16
O00008342,U002773,17-05-2024,09:36:31,78.11
O00010231,U005847,07-08-2024,10:51:43,78.11
O00012656,U001269,03-10-2024,23:55:11,78.11
O00008954,U004525,26-06-2025,14:13:13,78.00
O00009846,U007683,22-02-2024,09:33:07,78.00
O00003297,U005392,17-07-2024,22:00:16,77.99
O00007148,U007067,11-12-2024,22:57:23,77.99
O00008082,U009071,26-05-2025,11:52:52,77.99
O00018664,U000368,13-09-2025,10:15:02,77.94
O00013338,U002659,20-06-2025,09:14:55,77.92
O00019904,U004125,21-03-2025,14:30:02,77.88
O00008481,U006190,13-03-2024,17:28:18,77.87
O00000671,U001455,17-02-2025,01:42:35,77.84
O00002046,U002372,14-05-2024,07:07:23,77.84
O00006201,U008171,12-01-2025,21:35:45,77.84
O00009578,U009537,20-08-2024,17:50:09,77.64
O00002074,U005767,26-10-2024,13:27:56,77.63
O00003496,U005446,25-11-2024,09:17:50,77.63
O00005861,U002598,04-02-2025,03:11:40,77.63
O00001900,U003365,06-12-2024,15:34:50,77.58
O00014763,U004900,22-02-2024,11:46:26,77.57
O00005992,U004483,04-09-2025,07:46:19,77.46
O00009733,U000426,14-10-2025,04:38:19,77.46
O00015837,U003864,24-09-2025,22:34:34,77.46
O00016270,U001102,09-11-2025,10:11:41,77.46
O00017194,U003900,08-01-2025,05:48:49,77.46
O00018451,U002554,08-10-2024,09:45:20,77.46
O00006687,U008704,14-10-2024,13:32:09,77.34
O00012860,U001537,15-06-2025,18:55:03,77.34
O00014100,U006304,14-02-2024,22:51:09,77.34
O00015652,U003176,05-08-2025,19:10:26,77.34
O00018015,U008100,14-04-2024,23:25:51,77.34
O00014311,U002038,05-03-2025,18:14:36,77.31
O00002751,U006826,21-11-2024,12:06:35,77.30
O00000084,U004193,29-05-2025,01:07:56,77.27
O00004557,U009685,27-01-2024,11:06:02,77.21
O00014810,U007709,18-07-2025,06:30:41,77.21
O00003717,U007395,08-02-2024,00:26:12,77.20
O00007090,U006936,28-06-2024,18:12:44,77.18
O00012195,U008960,28-06-2024,21:29:31,77.11
O00002356,U002152,22-10-2025,13:14:03,77.08
O00010822,U006836,16-05-2025,18:09:31,77.08
O00017180,U007981,04-09-2024,14:16:42,77.08
O00004043,U000066,16-09-2025,13:05:28,77.06
O00010033,U003658,11-09-2024,18:45:21,77.06
O00000444,U005171,05-10-2025,05:51:43,76.91
O00001626,U004328,26-02-2025,01:53:55,76.91
O00015943,U006790,26-04-2025,10:15:06,76.91
O00017529,U000829,19-02-2025,15:41:16,76.91
O00009347,U009439,29-01-2025,15:47:46,76.88
O00000426,U000496,01-04-2025,14:06:20,76.86
O00013288,U001335,12-12-2024,15:16:41,76.86
O00019860,U008126,06-06-2025,10:52:45,76.86
O00012686,U003178,10-05-2024,19:28:34,76.81
O00006173,U001610,17-05-2025,10:28:20,76.79
O00009765,U008276,04-11-2025,08:13:39,76.76
O00007228,U002950,20-07-2024,04:56:09,76.62
O00000727,U002477,09-02-2025,18:45:05,76.59
O00005074,U001104,28-09-2025,06:07:55,76.59
O00008984,U002485,24-02-2025,07:37:37,76.59
O00012397,U000908,05-11-2025,22:33:28,76.59
O00016651,U003704,26-01-2024,22:12:23,76.59
O00001262,U004749,08-04-2025,13:13:58,76.58
O00012069,U001599,22-04-2024,23:20:17,76.51
O00012466,U001886,27-07-2025,17:31:11,76.49
O00015936,U001810,27-02-2024,10:16:18,76.47
O00009624,U009326,18-02-2025,06:10:50,76.42
O00000849,U003815,18-04-2024,21:31:25,76.40
O00002330,U000233,17-10-2025,09:00:06,76.40
O00005385,U004513,26-07-2025,21:41:44,76.40
O00019007,U004756,29-07-2025,01:49:50,76.40
O00009993,U009212,09-09-2024,08:24:36,76.38
O00002319,U003289,18-04-2025,09:03:03,76.34
O00006741,U007318,15-11-2024,07:20:32,76.28
O00011965,U003193,06-02-2024,19:43:23,76.19
O00008198,U000435,01-10-2024,00:45:16,76.18
O00017397,U002039,16-03-2025,14:45:03,76.18
O00006538,U004163,31-12-2024,23:10:52,76.15
O00011551,U002601,11-09-2025,01:57:01,76.06
O00017122,U008975,13-09-2024,11:12:51,76.03
O00019911,U006244,22-12-2024,12:59:53,76.01
O00003195,U001122,31-05-2024,12:11:35,75.93
O00003285,U007679,28-11-2024,16:34:55,75.93
O00006791,U008998,13-11-2024,17:00:24,75.93
O00009913,U009001,20-10-2024,05:21:12,75.93
O00010857,U002619,29-10-2024,12:22:55,75.93
O00019034,U009429,27-01-2024,20:14:23,75.93
O00014476,U003443,25-07-2024,01:02:40,75.86
O00017421,U002652,01-06-2025,22:59:59,75.86
O00001022,U005721,23-08-2025,17:47:08,75.81
O00002082,U007900,10-05-2024,09:13:03,75.81
O00003611,U006022,23-03-2024,16:27:17,75.81
O00011813,U007833,12-09-2024,20:12:33,75.81
O00007030,U006274,01-07-2025,09:33:32,75.80
O00010009,U003092,04-09-2025,00:20:46,75.76
O00014856,U005650,24-05-2024,13:10:32,75.70
O00004237,U009717,30-07-2024,12:42:09,75.63
O00018823,U000139,17-04-2025,08:49:01,75.62
O00010714,U002238,06-06-2024,03:14:10,75.61
O00006399,U003188,25-04-2024,23:35:13,75.60
O00008326,U004671,12-04-2025,10:51:16,75.60
O00001664,U005333,24-05-2025,11:30:34,75.50
O00014207,U005774,06-03-2025,14:44:51,75.42
O00003388,U000235,17-04-2025,10:52:10,75.40
O00006129,U003365,26-02-2025,01:33:30,75.40
O00012408,U004693,29-10-2024,16:06:05,75.38
O00018336,U009095,08-02-2024,10:18:02,75.28
O00004327,U002381,26-02-2024,18:57:19,75.19
O00006895,U005022,28-04-2024,11:00:08,75.19
O00004076,U007748,11-05-2024,05:56:22,75.18
O00016874,U006820,25-05-2024,21:04:19,75.18
O00012904,U009299,14-10-2024,01:43:41,75.15
O00017942,U005535,01-10-2025,20:52:24,75.13
O00002161,U004388,18-02-2024,06:42:19,75.12
O00014651,U001052,05-07-2024,15:32:48,75.12
O00017210,U007440,15-12-2024,03:56:32,75.10
O00019090,U001491,10-01-2024,15:04:43,75.04
O00013697,U006284,02-09-2025,07:00:56,75.02
O00003258,U000788,12-08-2024,20:42:33,75.00
O00016893,U004613,30-08-2025,05:29:44,75.00
O00014823,U006766,08-11-2025,14:03:33,74.97
O00005870,U005787,27-06-2025,20:08:25,74.96
O00007081,U002257,24-07-2025,23:17:28,74.94
O00007824,U004977,17-10-2025,16:44:47,74.94
O00009556,U003749,18-12-2024,19:17:37,74.94
O00000121,U001240,25-05-2025,22:08:44,74.93
O00000903,U003546,26-05-2025,20:08:20,74.93
O00006262,U003244,20-04-2025,17:06:00,74.86
O00011070,U007542,26-09-2024,02:45:08,74.86
O00014003,U005921,04-07-2025,20:39:19,74.86
O00014971,U004907,31-07-2025,17:34:00,74.86
O00000932,U007945,15-09-2025,14:36:37,74.81
O00004378,U000391,08-08-2025,12:48:38,74.80
O00008330,U000314,06-03-2025,17:20:56,74.80
O00010625,U006649,27-06-2024,19:58:05,74.77
O00004013,U008786,01-03-2025,18:01:25,74.66
O00004621,U005157,11-11-2025,05:38:23,74.66
O00016687,U009368,10-01-2024,18:43:25,74.61
O00019214,U001812,03-01-2025,19:58:45,74.61
O00011710,U003398,03-10-2024,14:27:19,74.60
O00017875,U002534,26-06-2025,08:56:13,74.60
O00001887,U007596,23-02-2025,05:22:33,74.56
O00001841,U004003,15-02-2024,22:31:33,74.50
O00004001,U000199,01-06-2024,15:46:25,74.50
O00014616,U003351,18-05-2025,13:38:05,74.49
O00002570,U006765,26-04-2024,08:16:49,74.46
O00015569,U005786,18-10-2025,04:18:51,74.46
O00000460,U009545,05-10-2024,23:41:48,74.41
O00003054,U005989,13-07-2024,16:52:39,74.41
O00006365,U004249,11-08-2025,20:44:28,74.41
O00011797,U002340,05-10-2024,13:07:24,74.41
O00016009,U006420,09-11-2024,03:07:44,74.41
O00017161,U003579,04-09-2025,13:55:30,74.41
O00009217,U002214,03-09-2025,06:35:22,74.37
O00010136,U002855,28-11-2024,22:18:11,74.32
O00001161,U003145,03-05-2024,23:31:30,74.08
O00001990,U008724,21-03-2024,16:52:32,74.08
O00004722,U009207,28-09-2024,03:11:17,74.08
O00008168,U007124,21-06-2025,00:42:41,74.08
O00008819,U009737,09-07-2024,16:01:01,74.08
O00015788,U002820,25-08-2024,14:26:37,74.08
O00017115,U007387,23-03-2025,13:28:41,74.08
O00000239,U007463,10-10-2025,06:34:49,74.06
O00012224,U007632,07-05-2025,14:37:47,74.05
O00010588,U003242,03-06-2024,03:31:49,74.02
O00015365,U009861,22-04-2024,11:28:27,74.02
O00012111,U006634,10-03-2025,08:40:12,73.95
O00018277,U002110,27-03-2025,04:52:07,73.94
O00015896,U000902,02-12-2024,12:28:46,73.93
O00006100,U008273,03-06-2024,03:21:10,73.90
O00002765,U002058,17-10-2024,09:43:12,73.88
O00010687,U009789,14-08-2025,08:33:45,73.88
O00017766,U002655,29-03-2024,23:38:54,73.88
O00007825,U006006,23-05-2025,07:16:34,73.81
O00008653,U004609,27-02-2024,11:38:53,73.80
O00002760,U005688,01-01-2024,20:38:17,73.78
O00005432,U009581,27-02-2025,19:14:57,73.71
O00011765,U003179,18-01-2024,04:46:23,73.71
O00013813,U003377,20-06-2024,23:28:35,73.69
O00000350,U002862,11-12-2024,05:26:32,73.64
O00013252,U001658,05-07-2025,14:51:24,73.64
O00002259,U002527,26-05-2025,17:25:20,73.56
O00011663,U005957,11-01-2025,20:58:35,73.56
O00008123,U005856,10-07-2025,00:10:07,73.43
O00014869,U006898,24-10-2024,21:58:06,73.43
O00001597,U005606,30-03-2025,20:30:18,73.39
O00001620,U005964,18-08-2025,00:56:58,73.39
O00004100,U004804,27-06-2025,04:46:47,73.39
O00014969,U000456,15-07-2024,09:57:24,73.39
O00015144,U007177,05-05-2025,16:55:52,73.39
O00000230,U003349,17-06-2024,05:45:15,73.31
O00009453,U005284,05-03-2024,11:34:53,73.31
O00011824,U002385,02-10-2025,16:21:43,73.31
O00012335,U000553,16-06-2024,00:03:57,73.31
O00014423,U006311,11-05-2025,02:19:15,73.06
O00018585,U005732,12-04-2025,19:52:55,73.04
O00004387,U007045,13-10-2025,14:13:29,73.01
O00010055,U000378,22-09-2024,15:45:31,73.01
O00011335,U002964,03-04-2025,19:04:37,73.01
O00000201,U003830,05-02-2025,07:56:32,72.87
O00009941,U003247,24-01-2025,23:21:41,72.87
O00015158,U006237,22-03-2024,21:36:41,72.87
O00002106,U003531,23-01-2025,19:54:40,72.84
O00003942,U002866,07-03-2025,16:44:13,72.84
O00011009,U007926,15-03-2025,22:35:28,72.84
O00003652,U009558,25-02-2025,22:36:50,72.82
O00008791,U001172,05-07-2024,01:21:03,72.73
O00000401,U005516,09-02-2024,08:28:56,72.72
O00003469,U003106,18-03-2024,21:28:26,72.71
O00004021,U003178,24-01-2024,17:32:29,72.71
O00013240,U001200,28-06-2025,10:39:47,72.71
O00006735,U008422,21-04-2024,02:19:46,72.69
O00007694,U009577,29-03-2024,11:08:49,72.69
O00017757,U001101,21-06-2025,02:23:11,72.69
O00019098,U009419,07-09-2025,01:00:10,72.66
O00010690,U002080,21-05-2025,18:56:20,72.64
O00010838,U007345,10-06-2025,23:26:37,72.64
O00018168,U005955,07-05-2025,08:06:23,72.57
O00002819,U000858,08-01-2024,13:36:54,72.51
O00009863,U006960,07-07-2025,03:42:24,72.50
O00003063,U004027,07-10-2025,09:10:56,72.49
O00003867,U009314,14-04-2025,09:38:35,72.49
O00004709,U001513,30-05-2025,13:11:46,72.49
O00011857,U001139,22-10-2024,23:30:46,72.49
O00000739,U007956,06-04-2024,04:10:32,72.45
O00003204,U002955,09-06-2025,17:57:57,72.40
O00007386,U000011,16-06-2024,20:22:36,72.40
O00017360,U009497,07-01-2025,19:56:34,72.40
O00017741,U007814,09-11-2025,01:35:09,72.40
O00017773,U001525,04-03-2025,14:08:11,72.40
O00012161,U000803,06-05-2024,22:54:26,72.33
O00018034,U007442,05-11-2025,18:39:46,72.33
O00011274,U003904,12-08-2024,19:29:49,72.32
O00004719,U008336,24-06-2024,04:32:21,72.21
O00011467,U006299,16-12-2024,18:12:20,72.21
O00013828,U000120,08-01-2025,17:41:34,72.21
O00013433,U000056,02-10-2024,07:54:35,72.18
O00018684,U008484,30-12-2024,17:32:36,72.16
O00002523,U000181,12-10-2025,08:34:20,72.08
O00016427,U005761,17-07-2025,04:10:53,72.04
O00004916,U005923,26-10-2025,18:31:35,72.00
O00010164,U005058,18-06-2025,00:23:35,72.00
O00011539,U009754,30-04-2024,23:48:45,71.97
O00000439,U004476,19-03-2025,18:33:25,71.91
O00012362,U005506,24-09-2024,05:08:01,71.91
O00015127,U004744,22-02-2025,01:19:28,71.91
O00005397,U009114,29-06-2024,19:13:43,71.90
O00004491,U000642,10-05-2025,19:43:28,71.86
O00002299,U009174,08-11-2024,16:12:54,71.85
O00011470,U003552,30-07-2025,20:05:55,71.76
O00001922,U000106,19-01-2024,15:32:41,71.72
O00009737,U000159,02-02-2025,02:28:32,71.72
O00014565,U008792,12-11-2025,18:33:54,71.72
O00019361,U004297,19-02-2024,20:15:57,71.72
O00004180,U002418,25-05-2024,08:33:51,71.65
O00000133,U007445,07-09-2025,02:01:23,71.59
O00006643,U004876,09-02-2024,23:04:44,71.59
O00009109,U001991,03-02-2025,13:42:08,71.59
O00009760,U000879,21-09-2024,19:25:27,71.59
O00017733,U006854,24-11-2024,22:54:59,71.59
O00016405,U004953,11-02-2025,19:09:29,71.55
O00000144,U006302,20-01-2024,03:08:17,71.52
O00001539,U000389,29-07-2024,18:09:46,71.52
O00002762,U006302,13-06-2024,23:19:47,71.52
O00004622,U000954,24-09-2024,12:23:04,71.52
O00016142,U007289,31-07-2024,00:12:58,71.52
O00017436,U009447,07-03-2025,14:32:20,71.52
O00010583,U006662,14-05-2024,23:13:33,71.51
O00007436,U002271,15-03-2025,12:05:14,71.41
O00011116,U004152,28-05-2025,03:59:29,71.41
O00013133,U004061,19-04-2025,05:17:57,71.41
O00016279,U009715,23-10-2025,06:43:02,71.41
O00000113,U001974,30-11-2024,03:52:58,71.40
O00012163,U004320,31-08-2025,14:20:38,71.40
O00013138,U009641,25-09-2024,23:27:55,71.40
O00016859,U002110,08-08-2024,00:24:50,71.40
O00019369,U001050,10-07-2025,12:18:20,71.34
O00001853,U005751,06-02-2025,00:57:47,71.29
O00002583,U005758,02-10-2024,07:43:56,71.29
O00003317,U005860,08-07-2024,02:35:20,71.29
O00007423,U004531,12-11-2024,12:41:57,71.29
O00012200,U000200,08-07-2024,00:26:38,71.29
O00014580,U008052,30-04-2025,03:14:44,71.29
O00015933,U005546,04-10-2024,01:00:32,71.29
O00018377,U005660,09-03-2024,01:53:46,71.29
O00001397,U000976,18-03-2024,00:18:14,71.15
O00004488,U004657,29-07-2024,02:06:22,71.13
O00018905,U004351,08-11-2025,22:25:56,71.13
O00009964,U000684,27-01-2025,06:57:33,71.12
O00000119,U009061,25-06-2025,12:56:53,71.07
O00004745,U000227,09-01-2024,18:11:34,71.07
O00011476,U003587,01-11-2024,22:53:20,71.07
O00011173,U007231,27-01-2025,08:46:30,71.04
O00009525,U007100,29-04-2024,22:34:12,71.01
O00012702,U008559,12-08-2024,02:35:23,71.01
O00015946,U007556,11-01-2024,18:05:25,71.01
O00016005,U005013,02-09-2024,03:24:44,71.01
O00015112,U000927,05-06-2024,12:00:42,70.84
O00015346,U008588,23-05-2025,15:11:53,70.82
O00003205,U006200,16-09-2025,14:38:27,70.80
O00015631,U005386,22-06-2025,14:10:34,70.76
O00007487,U000442,04-11-2024,22:14:00,70.72
O00003585,U006958,07-08-2024,09:03:33,70.70
O00007666,U001983,28-08-2024,14:00:48,70.70
O00006231,U007164,24-08-2025,20:02:39,70.69
O00003766,U007841,14-11-2025,21:51:57,70.68
O00008996,U000215,27-03-2025,14:04:11,70.68
O00009443,U007683,17-05-2025,11:29:39,70.68
O00010135,U008219,24-08-2025,04:31:02,70.68
O00014091,U009960,13-09-2024,07:38:32,70.68
O00017725,U009615,09-12-2024,04:40:12,70.67
O00011642,U006414,06-03-2024,02:15:50,70.56
O00013588,U008295,05-10-2025,08:45:35,70.56
O00016146,U001296,02-09-2024,05:33:15,70.56
O00004265,U004104,13-07-2024,16:04:40,70.49
O00017077,U008694,11-02-2024,17:49:31,70.49
O00011242,U007566,19-01-2025,06:58:24,70.48
O00006114,U003623,29-12-2024,21:32:20,70.46
O00000684,U002419,12-02-2025,00:22:25,70.44
O00001951,U005827,18-05-2025,04:04:35,70.39
O00008590,U006000,21-07-2024,19:17:02,70.39
O00008868,U004719,31-01-2025,17:02:20,70.39
O00011483,U009069,03-04-2024,23:11:19,70.39
O00014656,U004637,19-08-2025,01:31:58,70.39
O00015964,U001660,06-01-2025,16:22:36,70.39
O00018750,U007750,30-04-2025,09:47:52,70.39
O00001204,U006607,30-07-2024,03:32:42,70.34
O00007634,U008886,19-07-2025,18:08:09,70.34
O00012622,U009448,21-05-2025,07:31:08,70.34
O00019631,U008470,27-01-2024,07:29:22,70.34
O00001186,U008123,23-07-2024,09:14:38,70.33
O00010248,U004258,21-11-2024,01:52:38,70.33
O00011884,U001733,31-08-2025,05:58:19,70.33
O00013380,U000026,16-06-2024,00:18:44,70.33
O00015138,U000925,01-07-2025,21:24:45,70.33
O00016521,U005902,24-04-2025,09:51:15,70.33
O00001026,U006008,24-08-2025,08:11:11,70.32
O00011434,U008906,04-06-2025,06:46:29,70.32
O00013193,U009883,08-09-2024,17:26:52,70.32
O00013648,U007792,21-07-2024,15:11:54,70.32
O00019512,U004954,29-05-2025,14:21:08,70.32
O00000474,U005682,03-11-2024,19:22:41,70.28
O00002662,U008133,10-06-2025,12:34:17,70.23
O00007146,U003638,11-06-2025,05:35:11,70.23
O00011695,U005364,20-03-2024,13:58:25,70.23
O00019285,U000406,06-03-2024,02:28:53,70.23
O00006901,U000263,14-07-2025,13:55:17,70.20
O00009840,U003840,23-11-2024,01:26:35,70.20
O00003544,U006621,05-05-2025,00:37:46,70.16
O00013594,U005033,14-08-2025,09:33:53,70.16
O00003979,U007668,09-05-2024,15:51:44,70.13
O00009643,U007710,20-02-2025,18:10:52,70.13
O00015218,U002912,19-05-2025,22:17:04,70.10
O00008765,U009695,27-09-2024,11:01:52,70.05
O00011091,U002021,02-11-2024,03:55:37,70.05
O00002986,U006805,06-01-2024,18:44:29,70.04
O00010854,U006422,27-12-2024,23:24:53,69.95
O00004326,U000371,23-12-2024,00:29:21,69.92
O00017945,U004160,16-07-2024,13:25:00,69.92
O00007785,U006988,06-10-2024,04:44:41,69.88
O00018146,U005930,13-04-2025,04:00:53,69.88
O00012320,U006790,13-10-2025,14:04:04,69.85
O00018720,U005265,25-07-2024,21:33:36,69.84
O00004206,U005602,04-08-2024,12:29:28,69.68
O00008436,U002768,24-08-2024,14:29:41,69.68
O00005117,U005295,07-10-2024,00:48:47,69.66
O00012577,U005502,07-03-2025,16:18:57,69.64
O00016401,U000758,26-09-2025,04:39:33,69.64
O00010418,U001139,24-09-2024,01:26:54,69.59
O00003787,U005584,15-07-2025,04:38:04,69.57
O00006873,U000815,07-05-2025,02:56:44,69.57
O00008586,U003246,09-04-2024,08:22:16,69.57
O00019353,U003254,24-01-2025,15:01:52,69.54
O00000803,U006069,21-06-2025,03:13:30,69.50
O00001976,U006267,02-04-2024,06:55:20,69.50
O00003409,U001654,09-11-2025,13:25:59,69.50
O00007449,U004201,29-12-2024,03:35:32,69.50
O00008043,U008421,25-09-2025,14:50:35,69.50
O00013658,U007947,11-04-2024,20:46:54,69.50
O00000695,U001735,05-05-2024,10:17:43,69.46
O00013276,U007222,03-10-2025,01:48:04,69.46
O00000937,U008218,17-03-2025,10:14:45,69.43
O00006576,U006532,24-03-2025,18:25:05,69.43
O00019394,U003045,15-06-2025,09:13:16,69.43
O00019477,U004105,02-04-2024,09:43:27,69.43
O00009196,U003847,22-08-2025,16:33:15,69.42
O00002235,U000962,09-01-2024,05:53:55,69.34
O00013535,U001670,19-06-2024,03:29:49,69.34
O00014883,U007313,02-03-2024,16:26:23,69.34
O00016022,U007764,21-05-2024,13:11:00,69.34
O00004157,U006628,01-04-2024,22:41:07,69.29
O00008154,U002135,26-07-2025,23:49:56,69.29
O00009174,U006168,23-05-2024,08:28:28,69.29
O00012671,U002202,06-04-2024,00:46:24,69.29
O00017493,U007055,02-03-2024,09:17:27,69.29
O00019212,U008719,15-08-2025,02:49:29,69.23
O00008829,U009843,08-06-2025,03:51:42,69.22
O00017280,U004201,11-08-2025,16:36:26,69.22
O00018975,U008252,12-11-2024,03:09:44,69.22
O00018400,U008060,21-03-2024,06:41:36,69.19
O00002457,U002203,26-01-2025,07:01:52,69.15
O00004647,U004751,02-07-2025,03:09:41,69.10
O00013393,U000604,01-03-2025,06:44:47,69.10
O00018465,U003028,04-05-2025,09:03:27,69.10
O00006015,U004577,07-01-2024,14:07:45,69.07
O00007896,U005226,17-05-2024,13:14:01,69.07
O00002745,U007840,02-07-2025,18:12:22,68.81
O00005900,U003760,01-05-2025,14:43:33,68.81
O00004561,U005231,24-06-2025,23:13:33,68.77
O00019306,U009327,18-08-2025,20:05:38,68.72
O00002611,U005680,27-06-2024,23:04:10,68.69
O00012238,U001724,28-10-2024,06:23:49,68.67
O00014524,U000079,26-09-2025,06:56:35,68.64
O00004869,U004091,30-08-2025,09:11:42,68.60
O00013738,U001421,24-10-2024,22:14:03,68.60
O00017578,U002057,22-06-2025,00:50:40,68.60
O00015977,U000472,29-03-2024,04:36:47,68.56
O00013596,U002684,25-05-2024,10:35:47,68.51
O00008001,U009812,23-06-2024,18:58:22,68.49
O00007301,U003076,31-05-2025,04:58:10,68.43
O00013244,U009679,12-01-2024,14:25:13,68.43
O00006886,U005168,14-02-2024,20:58:11,68.39
O00008864,U005511,20-07-2024,07:33:56,68.39
O00003006,U004043,23-10-2024,09:28:34,68.37
O00003779,U002466,12-01-2025,22:36:36,68.37
O00004350,U009799,22-11-2024,09:17:31,68.37
O00005356,U004840,06-06-2024,06:53:56,68.37
O00006662,U005394,09-10-2025,05:39:30,68.37
O00008723,U000172,28-08-2025,22:23:52,68.37
O00017449,U000157,19-02-2024,20:29:43,68.37
O00017798,U003467,30-03-2024,10:17:18,68.34
O00013558,U005617,28-06-2024,10:55:56,68.33
O00013659,U007201,05-01-2024,22:49:43,68.33
O00011810,U001876,10-10-2025,09:27:36,68.20
O00015315,U007872,12-02-2024,19:53:57,68.20
O00013784,U002774,23-02-2025,05:49:40,68.15
O00000735,U005485,01-04-2024,19:27:53,68.12
O00006623,U007787,05-04-2024,17:34:53,68.12
O00007405,U005936,01-11-2024,01:02:20,68.12
O00011234,U000435,03-06-2024,11:48:14,68.12
O00011349,U009894,31-03-2024,23:17:18,68.12
O00012684,U002042,21-07-2024,21:55:06,68.12
O00019261,U008573,07-07-2025,12:47:56,68.12
O00000703,U009414,10-05-2025,11:23:32,68.00
O00017206,U008634,30-07-2024,04:57:27,67.94
O00000933,U003341,27-08-2024,17:31:32,67.93
O00011159,U003456,09-05-2024,10:44:20,67.86
O00009063,U007346,02-07-2024,09:12:28,67.59
O00011099,U008466,09-10-2025,19:31:00,67.59
O00004897,U002669,08-02-2024,11:11:25,67.57
O00006203,U008083,06-11-2025,04:21:18,67.57
O00006683,U004708,24-11-2024,16:25:22,67.54
O00011586,U004853,28-09-2025,18:01:48,67.54
O00011636,U007427,07-01-2025,00:40:17,67.54
O00011807,U000975,02-10-2025,20:07:08,67.54
O00013439,U006749,02-07-2024,12:45:59,67.54
O00016138,U000357,26-05-2025,17:51:42,67.54
O00002121,U002852,13-10-2024,23:04:47,67.52
O00002733,U003310,13-11-2025,19:07:22,67.52
O00007459,U000219,23-02-2025,22:06:29,67.52
O00000609,U007850,02-04-2025,02:28:07,67.51
O00007163,U000738,03-02-2024,13:07:40,67.51
O00008032,U005311,10-12-2024,08:06:07,67.51
O00015739,U000066,14-12-2024,17:07:12,67.51
O00018173,U009513,09-05-2024,01:17:57,67.51
O00000769,U008892,17-09-2025,11:55:48,67.44
O00017190,U007251,12-05-2025,19:01:26,67.42
O00009083,U005533,20-07-2024,04:46:02,67.41
O00015204,U007888,19-11-2024,23:28:18,67.41
O00007134,U000170,09-01-2025,13:30:40,67.34
O00006164,U008646,09-08-2024,21:59:40,67.32
O00016545,U007422,02-10-2025,18:28:30,67.32
O00003380,U008982,26-06-2025,13:39:18,67.28
O00000287,U007587,11-06-2024,22:58:05,67.27
O00013983,U004133,26-09-2024,12:54:35,67.22
O00014872,U007196,29-07-2024,02:13:24,67.19
O00009277,U008185,25-04-2025,06:31:47,67.11
O00000041,U000891,12-02-2024,19:23:24,67.10
O00019865,U009128,04-02-2024,16:51:25,67.10
O00005711,U009941,23-04-2024,00:06:02,67.08
O00008681,U001802,09-01-2024,21:16:42,67.08
O00016129,U007553,06-11-2025,02:32:47,67.08
O00001128,U000936,26-06-2025,18:02:58,66.98
O00006432,U008810,29-04-2024,18:55:23,66.98
O00019581,U007432,26-02-2024,09:20:04,66.98
O00017282,U003407,29-04-2025,17:27:38,66.97
O00017889,U002593,27-10-2024,00:02:27,66.97
O00019849,U009174,02-05-2025,13:06:28,66.97
O00002005,U002489,26-07-2025,01:45:34,66.93
O00003850,U004671,18-06-2025,19:10:52,66.88
O00004031,U009063,19-02-2024,18:14:14,66.88
O00005234,U006268,16-08-2025,07:29:36,66.82
O00013582,U009808,09-06-2024,18:23:19,66.78
O00015856,U005481,20-11-2024,11:43:44,66.75
O00017992,U003672,23-06-2024,12:55:17,66.75
O00013540,U008629,27-07-2025,17:33:32,66.74
O00003182,U000682,13-04-2024,19:53:48,66.70
O00016094,U005686,29-06-2025,14:27:27,66.70
O00008234,U008204,09-05-2024,00:09:35,66.68
O00004933,U008886,03-02-2025,19:46:49,66.67
O00010054,U005554,14-04-2025,12:46:01,66.56
O00004490,U008011,01-04-2025,15:51:31,66.54
O00001657,U004859,28-02-2025,10:09:21,66.52
O00011779,U003686,09-07-2025,08:47:47,66.52
O00012141,U002613,14-06-2024,22:20:15,66.52
O00007233,U006830,12-11-2024,01:05:53,66.50
O00012723,U005819,17-10-2025,05:25:04,66.48
O00005844,U002203,09-08-2025,07:36:58,66.46
O00010159,U006134,25-09-2024,01:13:33,66.45
O00005252,U008466,03-08-2025,12:53:36,66.43
O00006696,U008714,31-05-2024,00:56:01,66.33
O00009078,U009482,17-07-2024,14:24:19,66.33
O00012133,U007602,21-06-2024,17:29:28,66.33
O00014608,U003878,05-12-2024,06:13:08,66.33
O00016978,U007327,29-09-2024,21:25:45,66.33
O00019887,U005332,19-08-2025,01:05:19,66.24
O00008857,U008555,25-06-2024,12:49:27,66.22
O00004945,U007788,05-01-2025,13:13:25,66.11
O00013839,U000401,06-03-2025,01:41:23,66.11
O00019515,U003164,30-01-2025,10:21:37,66.11
O00001821,U004916,11-11-2024,06:43:11,66.10
O00005393,U005793,19-09-2025,08:10:54,66.09
O00006227,U006222,19-01-2024,04:40:47,66.03
O00009476,U000458,14-08-2024,13:03:29,66.03
O00013817,U007860,24-08-2024,09:44:12,66.03
O00015543,U006685,01-05-2025,11:53:32,66.03
O00004970,U004578,05-04-2024,04:06:28,65.95
O00005894,U007434,27-04-2024,15:01:22,65.95
O00009097,U001702,13-11-2024,09:52:18,65.95
O00019924,U006941,22-09-2025,03:54:02,65.95
O00011650,U001666,06-05-2024,01:38:34,65.92
O00014148,U001840,01-08-2025,18:45:17,65.91
O00009818,U000693,07-06-2024,13:04:45,65.83
O00005115,U006987,18-06-2024,09:05:53,65.78
O00018627,U004015,15-08-2024,09:14:48,65.73
O00013958,U004558,28-03-2024,14:48:46,65.69
O00002772,U008978,11-08-2025,22:04:20,65.61
O00002586,U000127,05-08-2025,08:42:25,65.60
O00008547,U009110,28-07-2024,05:45:45,65.60
O00008896,U000863,01-06-2025,00:33:30,65.60
O00013542,U006668,07-03-2024,10:54:20,65.60
O00014164,U009323,24-10-2024,23:38:53,65.60
O00002529,U006550,29-09-2025,19:36:19,65.56
O00015210,U002690,10-05-2024,08:16:44,65.56
O00018992,U006440,25-10-2024,09:38:27,65.55
O00019318,U005942,18-01-2024,21:52:42,65.46
O00005089,U006313,30-01-2025,17:10:53,65.38
O00008427,U005499,21-07-2025,12:49:17,65.37
O00000375,U005524,11-08-2025,01:52:09,65.31
O00005183,U009662,23-08-2024,14:18:43,65.31
O00005431,U000425,18-04-2025,19:24:06,65.31
O00013206,U001417,28-01-2024,13:03:14,65.30
O00018043,U009576,10-02-2025,07:43:42,65.26
O00004940,U006678,26-03-2025,04:02:30,65.24
O00008976,U005499,03-11-2025,21:00:37,65.24
O00010571,U008852,13-04-2024,01:23:46,65.24
O00001085,U009771,30-09-2024,16:27:09,65.21
O00003088,U002888,17-01-2025,17:50:52,65.21
O00007104,U005557,22-04-2024,06:27:17,65.21
O00012914,U009996,27-02-2024,23:02:15,65.21
O00014600,U002210,07-04-2025,21:36:41,65.21
O00015332,U006211,13-02-2025,00:33:53,65.21
O00005573,U001336,27-04-2025,19:26:56,65.19
O00006152,U008010,07-10-2024,06:08:33,65.13
O00009085,U001379,30-05-2024,03:24:59,65.07
O00005868,U008341,28-04-2025,03:10:00,65.06
O00009142,U002906,09-11-2025,13:57:41,65.06
O00018656,U007781,06-01-2024,09:35:09,65.06
O00006882,U001611,15-04-2024,05:04:30,65.02
O00000333,U001355,11-07-2024,03:42:53,65.00
O00004981,U007356,11-10-2025,06:00:04,65.00
O00006295,U008678,28-06-2024,10:50:59,65.00
O00012089,U004308,31-03-2025,09:35:42,65.00
O00014520,U006156,12-05-2025,03:46:58,65.00
O00000552,U000544,02-07-2024,01:48:15,64.95
O00007811,U004579,31-10-2024,05:48:00,64.95
O00012417,U006550,08-10-2024,22:28:23,64.95
O00017941,U003532,25-07-2024,07:13:13,64.95
O00004784,U007314,20-08-2025,14:19:47,64.86
O00007995,U004485,10-05-2025,11:57:39,64.86
O00006431,U002730,24-11-2024,04:28:57,64.84
O00004002,U002461,28-04-2024,16:12:24,64.82
O00005217,U006567,18-11-2024,05:03:51,64.82
O00006427,U009449,10-11-2024,12:38:32,64.82
O00017025,U008025,25-02-2024,18:51:29,64.82
O00018613,U004042,16-04-2025,15:56:13,64.82
O00010373,U009621,05-09-2025,11:14:41,64.76
O00018765,U003297,23-08-2024,02:51:29,64.76
O00011689,U007557,28-06-2024,09:40:33,64.74
O00015983,U008258,02-12-2024,22:06:00,64.70
O00019464,U004626,01-05-2025,13:10:02,64.68
O00005419,U003223,13-01-2025,15:35:13,64.67
O00019402,U004231,25-10-2024,11:30:21,64.65
O00003062,U004444,14-01-2024,00:07:47,64.63
O00014428,U002099,19-05-2024,05:51:04,64.63
O00006719,U002796,02-02-2025,22:36:19,64.56
O00001993,U008163,07-08-2024,03:55:25,64.52
O00007331,U003277,03-11-2024,18:28:21,64.51
O00011780,U001690,22-02-2024,16:09:06,64.51
O00004732,U000788,18-12-2024,13:15:36,64.49
O00018592,U009489,19-07-2025,09:42:28,64.49
O00008854,U004147,14-12-2024,15:12:45,64.46
O00010514,U002337,29-02-2024,17:55:01,64.46
O00002519,U004130,29-01-2025,11:47:03,64.45
O00010294,U000820,19-01-2025,20:33:43,64.45
O00012413,U000021,26-10-2025,16:00:15,64.45
O00008271,U009321,19-07-2025,19:33:57,64.39
O00014471,U003700,12-04-2024,14:20:59,64.38
O00005515,U005448,02-06-2025,22:30:09,64.30
O00009173,U000825,30-01-2025,19:28:57,64.30
O00002577,U005242,12-02-2025,17:16:20,64.27
O00012473,U005373,19-01-2025,12:17:22,64.27
O00005255,U006879,29-05-2024,19:01:32,64.26
O00000708,U008339,27-05-2025,08:30:28,64.23
O00017047,U000597,04-10-2025,08:50:19,64.23
O00002307,U006193,20-04-2024,07:19:22,64.22
O00006221,U003998,24-05-2025,20:49:09,64.22
O00010097,U002776,13-03-2024,14:33:26,64.22
O00008443,U003691,29-09-2025,21:54:26,64.18
O00007438,U004215,17-04-2025,04:06:21,64.16
O00000644,U001626,26-02-2024,01:58:25,64.12
O00013490,U007146,17-06-2024,10:01:15,64.12
O00004133,U000785,25-07-2025,00:10:06,64.11
O00009491,U009388,02-10-2024,06:51:41,64.11
O00015501,U003337,31-01-2024,22:13:47,64.11
O00017350,U009924,29-07-2025,13:12:37,64.11
O00007498,U002288,16-10-2024,01:31:24,63.98
O00010972,U007639,11-02-2025,18:54:45,63.98
O00011307,U008471,29-07-2024,00:56:34,63.98
O00014050,U002921,27-07-2024,13:22:23,63.98
O00015644,U005944,07-05-2025,17:30:24,63.98
O00018507,U004553,25-09-2024,14:16:26,63.98
O00001731,U000362,09-11-2025,08:04:46,63.96
O00002513,U001928,07-03-2025,12:55:39,63.96
O00004414,U004306,17-09-2024,01:03:55,63.96
O00010168,U002721,20-07-2024,23:56:33,63.96
O00015224,U005855,02-04-2024,03:15:31,63.96
O00019970,U006003,18-07-2025,01:24:50,63.96
O00018057,U003888,15-11-2024,01:57:36,63.90
O00004755,U005667,23-08-2024,10:12:34,63.88
O00018908,U000978,13-08-2025,15:45:39,63.87
O00019724,U005966,26-01-2025,15:26:04,63.75
O00001234,U007512,12-08-2024,06:15:22,63.71
O00011487,U000297,27-08-2024,19:35:42,63.71
O00012508,U002541,16-02-2025,21:59:23,63.71
O00012733,U000560,21-02-2024,08:30:10,63.65
O00004233,U001757,10-06-2024,15:42:14,63.50
O00010619,U009799,28-06-2024,15:58:54,63.50
O00013812,U009754,23-05-2024,11:55:57,63.50
O00015418,U004469,30-11-2024,22:34:29,63.50
O00016116,U006887,06-12-2024,11:04:13,63.50
O00018192,U009398,27-03-2025,18:28:20,63.50
O00003025,U001405,03-08-2024,13:56:31,63.48
O00012923,U005808,27-07-2025,22:57:15,63.48
O00019688,U005285,02-01-2025,03:36:22,63.48
O00003166,U005923,22-02-2025,08:40:21,63.45
O00014801,U003142,19-04-2024,16:50:10,63.45
O00000728,U000892,26-07-2024,22:16:09,63.44
O00003294,U009806,24-07-2024,06:14:51,63.40
O00011863,U000931,17-02-2025,17:17:45,63.40
O00009977,U009668,22-06-2024,00:43:53,63.38
O00012818,U002729,10-09-2024,00:08:11,63.38
O00013203,U007479,23-03-2025,05:13:14,63.38
O00016269,U005446,10-05-2024,06:35:36,63.38
O00007250,U006116,06-10-2025,11:17:06,63.35
O00018640,U003321,21-07-2025,15:23:57,63.34
O00000472,U008860,29-05-2024,19:22:03,63.33
O00000843,U005213,05-01-2024,13:10:57,63.33
O00003027,U003939,27-12-2024,02:08:05,63.33
O00004349,U004359,02-04-2024,10:30:02,63.33
O00006335,U009266,22-10-2025,14:43:22,63.33
O00001000,U001142,24-02-2025,12:14:45,63.31
O00003008,U003285,16-04-2024,14:34:23,63.31
O00007042,U001198,21-09-2024,05:46:40,63.31
O00007481,U004674,06-06-2024,03:01:08,63.31
O00011113,U006927,21-09-2025,13:11:11,63.31
O00018780,U006759,02-11-2025,23:27:44,63.21
O00019618,U009378,17-03-2025,08:21:50,63.21
O00004577,U001765,01-09-2025,21:28:16,63.14
O00013344,U002666,29-04-2024,13:52:33,63.14
O00011139,U006287,07-08-2024,01:08:08,63.09
O00003796,U006892,23-04-2024,06:57:40,63.08
O00014048,U005284,15-04-2025,16:02:03,63.08
O00019773,U006530,16-06-2024,08:49:04,63.08
O00005591,U003487,17-01-2025,08:38:30,62.99
O00003154,U000902,08-03-2024,07:17:46,62.97
O00001761,U005765,21-10-2025,08:46:46,62.96
O00005608,U002845,27-04-2025,17:25:53,62.96
O00012883,U002207,29-08-2025,04:11:55,62.88
O00015367,U006872,08-03-2025,18:54:53,62.76
O00003350,U003907,18-07-2024,13:06:22,62.75
O00019859,U007521,24-07-2025,15:45:04,62.75
O00000997,U004799,23-09-2025,17:13:40,62.62
O00006788,U002843,24-07-2024,22:56:00,62.62
O00007714,U006676,21-09-2024,21:06:12,62.62
O00014092,U008565,21-07-2024,03:56:44,62.62
O00005257,U004275,13-03-2024,02:25:38,62.58
O00006543,U001131,15-08-2024,19:55:27,62.58
O00018615,U007716,31-07-2025,02:34:48,62.58
O00016393,U005682,14-03-2024,06:50:41,62.56
O00008281,U008171,05-08-2025,07:02:34,62.52
O00018010,U000162,15-03-2025,11:23:43,62.52
O00019472,U006422,05-03-2024,04:47:32,62.52
O00000243,U004073,26-05-2024,06:32:52,62.47
O00001162,U006979,08-01-2025,13:06:28,62.47
O00004223,U001685,03-02-2024,12:10:16,62.47
O00011723,U009926,11-01-2024,09:58:11,62.47
O00007779,U008549,25-06-2024,10:15:09,62.45
O00008435,U002255,08-05-2025,20:18:55,62.42
O00005921,U001105,17-01-2025,07:46:35,62.40
O00016519,U005751,14-09-2025,04:14:47,62.40
O00019955,U007501,11-02-2025,06:30:09,62.40
O00017643,U006152,09-11-2025,03:39:22,62.37
O00011667,U001427,09-01-2025,00:40:46,62.34
O00017183,U004898,24-02-2025,23:24:27,62.34
O00007113,U006005,03-01-2024,18:42:18,62.19
O00008647,U009908,03-05-2024,08:35:25,62.17
O00019289,U004873,23-03-2024,02:24:25,62.16
O00013854,U005531,29-04-2025,09:24:12,62.10
O00003962,U007206,24-01-2025,09:04:42,62.08
O00014410,U004234,20-09-2025,00:58:05,62.08
O00009141,U008608,08-05-2025,23:54:15,62.05
O00011381,U001665,25-04-2025,18:21:13,62.05
O00014827,U006999,15-08-2025,06:50:37,62.05
O00016438,U005369,10-04-2024,02:14:07,62.04
O00005809,U007123,19-05-2024,17:44:47,61.99
O00015581,U008780,05-02-2024,13:53:30,61.95
O00004433,U006894,30-09-2024,12:42:19,61.90
O00007183,U008884,12-01-2025,01:42:03,61.90
O00010956,U003607,16-06-2024,03:50:10,61.90
O00012716,U004430,19-08-2025,03:39:11,61.90
O00017621,U000204,08-04-2024,08:15:44,61.90
O00010827,U003819,04-09-2025,06:35:40,61.89
O00008677,U000008,01-02-2025,02:15:15,61.88
O00003227,U007887,31-07-2025,15:16:10,61.86
O00006439,U006813,04-02-2024,00:54:46,61.86
O00006554,U007316,20-04-2024,23:38:30,61.86
O00009652,U001775,15-02-2025,18:53:10,61.86
O00010247,U003917,24-04-2024,07:20:30,61.86
O00011146,U006753,13-12-2024,23:07:31,61.86
O00014680,U002237,16-09-2025,14:40:22,61.86
O00014125,U002373,21-01-2024,02:42:57,61.82
O00010427,U008692,09-11-2024,07:18:25,61.81
O00005629,U005331,09-08-2024,01:31:48,61.62
O00001431,U002796,11-10-2024,12:11:19,61.60
O00004880,U000299,27-07-2025,19:21:03,61.60
O00011020,U000644,05-03-2024,14:55:35,61.59
O00011934,U002791,04-02-2024,19:04:46,61.59
O00017078,U009959,19-03-2024,23:20:09,61.59
O00004171,U007964,27-06-2025,21:48:50,61.57
O00005932,U006299,04-10-2024,21:18:22,61.57
O00019085,U004767,25-07-2024,23:46:14,61.54
O00003291,U002939,12-09-2024,17:55:14,61.52
O00005064,U002782,13-06-2025,16:54:58,61.52
O00007153,U005366,08-10-2024,05:10:14,61.49
O00005696,U007394,15-08-2024,05:59:41,61.39
O00011171,U001473,26-10-2024,16:54:30,61.39
O00011967,U006591,08-10-2025,16:58:22,61.39
O00016503,U003518,22-07-2024,23:48:30,61.39
O00002664,U000712,21-02-2024,11:47:39,61.35
O00003540,U005643,03-05-2024,21:03:29,61.35
O00004513,U004535,30-04-2025,05:07:05,61.35
O00010200,U005255,05-01-2024,11:58:47,61.35
O00004421,U007044,06-07-2024,02:39:07,61.32
O00016037,U009152,25-07-2024,00:38:56,61.21
O00007179,U000461,02-07-2024,04:29:06,61.20
O00007939,U007781,18-08-2024,12:39:21,61.15
O00009530,U003319,04-09-2025,12:09:42,61.15
O00011452,U008777,20-09-2025,17:51:13,61.15
O00012608,U007232,13-07-2024,18:15:20,61.15
O00018073,U008552,22-08-2025,07:40:38,61.15
O00002058,U000757,09-02-2024,09:58:18,61.14
O00012406,U005458,15-10-2025,18:13:46,61.14
O00006913,U009780,15-03-2025,23:02:03,61.12
O00007268,U003100,10-11-2024,18:53:03,61.11
O00014725,U006610,05-07-2024,03:11:30,61.06
O00015323,U006598,07-11-2024,18:04:02,61.06
O00001646,U004464,24-01-2024,09:16:18,61.02
O00017953,U002309,03-06-2024,16:08:20,60.91
O00007592,U008229,19-06-2025,00:02:37,60.85
O00016472,U001526,26-07-2024,02:55:03,60.85
O00017576,U006694,20-09-2024,02:28:18,60.85
O00003843,U007982,03-03-2025,09:06:25,60.83
O00006199,U001452,10-05-2025,20:47:40,60.83
O00015986,U002955,29-03-2025,03:14:17,60.83
O00003230,U000773,04-08-2025,18:00:42,60.78
O00009855,U008967,01-11-2024,06:54:05,60.78
O00006047,U000391,14-07-2024,10:02:55,60.70
O00012302,U009544,04-01-2025,20:05:35,60.70
O00019914,U002017,11-11-2024,19:31:33,60.68
O00014435,U003675,13-03-2025,14:11:53,60.66
O00002125,U004664,04-10-2024,06:18:58,60.63
O00012602,U003991,12-08-2025,15:56:53,60.61
O00004222,U003694,05-09-2025,11:26:37,60.58
O00004371,U007001,21-01-2025,12:33:49,60.55
O00016877,U006310,29-04-2025,06:04:30,60.55
O00019541,U004238,10-07-2025,16:55:12,60.54
O00018234,U004785,28-06-2025,15:53:39,60.53
O00006642,U000471,19-03-2025,18:05:42,60.52
O00014897,U002128,21-06-2024,13:53:35,60.52
O00016478,U000825,21-11-2024,04:20:45,60.43
O00019529,U009143,31-08-2025,00:19:49,60.39
O00005316,U002127,03-11-2024,14:11:14,60.37
O00006674,U009653,19-03-2024,21:55:17,60.33
O00015176,U004657,18-03-2025,20:25:57,60.33
O00015710,U000327,13-07-2025,18:47:30,60.33
O00016032,U006240,14-05-2025,22:04:28,60.33
O00016976,U004244,20-06-2024,15:11:48,60.29
O00017765,U003577,29-04-2024,12:26:40,60.29
O00018529,U006575,27-04-2024,17:39:12,60.28
O00002797,U004182,23-03-2025,12:21:26,60.18
O00011853,U008999,26-12-2024,06:29:57,60.18
O00001901,U002663,01-10-2025,12:21:51,60.14
O00010962,U008251,12-03-2024,04:07:10,60.11
O00012662,U002019,04-10-2024,05:39:37,60.11
O00011529,U003972,14-05-2024,21:28:46,60.00
O00000817,U009931,08-10-2024,01:42:58,59.97
O00002985,U003387,25-01-2024,14:06:41,59.97
O00003985,U004638,07-10-2024,18:35:10,59.97
O00009838,U008767,24-02-2025,12:09:35,59.97
O00013282,U001205,19-05-2025,19:50:05,59.97
O00018411,U008090,26-11-2024,20:14:57,59.97
O00019221,U007744,10-07-2025,04:10:50,59.97
O00002445,U007679,31-01-2025,19:18:26,59.96
O00003260,U008883,08-10-2024,00:33:29,59.96
O00005241,U005566,15-08-2024,14:18:24,59.96
O00012780,U007591,11-06-2025,18:04:29,59.96
O00001203,U009666,03-10-2024,12:15:27,59.93
O00013382,U002287,31-03-2024,19:26:43,59.93
O00017838,U006143,23-07-2025,17:35:27,59.93
O00018868,U009778,05-11-2025,12:23:22,59.93
O00001107,U007977,06-05-2025,00:57:37,59.91
O00004165,U003576,21-10-2024,21:41:04,59.91
O00008924,U002968,18-03-2025,15:16:54,59.91
O00017368,U002787,11-10-2025,10:59:56,59.91
O00018200,U001858,13-05-2025,06:09:16,59.91
O00012463,U000378,10-03-2025,15:37:20,59.90
O00015478,U003290,23-09-2025,09:07:28,59.90
O00018072,U009382,03-10-2024,18:37:31,59.90
O00006133,U001966,30-11-2024,08:15:54,59.65
O00016103,U008363,24-08-2025,21:20:49,59.55
O00016905,U006999,19-08-2025,16:52:39,59.55
O00008340,U009656,16-01-2024,09:26:28,59.51
O00018782,U004495,10-05-2024,14:53:32,59.46
O00005298,U006604,02-01-2024,10:35:17,59.38
O00015459,U008460,31-01-2025,19:43:10,59.34
O00017884,U000168,07-04-2025,02:30:51,59.31
O00008526,U009919,27-07-2024,07:26:54,59.25
O00012514,U006490,20-07-2024,12:43:51,59.25
O00016436,U001424,29-07-2024,09:54:48,59.25
O00009802,U003515,12-08-2024,15:52:52,59.20
O00012366,U000778,24-06-2025,04:33:01,59.19
O00017164,U007277,10-03-2024,07:54:55,59.17
O00010016,U004245,02-04-2024,23:04:18,59.15
O00011031,U000663,01-01-2024,11:25:09,59.15
O00017296,U006366,23-11-2024,10:07:11,59.15
O00000878,U009823,15-03-2024,14:48:18,59.13
O00019554,U001178,25-07-2024,11:34:21,59.13
O00017398,U007383,15-09-2025,15:48:26,59.06
O00011097,U004287,11-06-2024,02:39:51,59.04
O00001561,U009334,27-03-2024,00:24:50,59.00
O00014344,U003648,23-01-2024,04:07:53,59.00
O00016181,U009910,28-09-2025,10:34:50,59.00
O00004437,U004572,16-06-2024,01:45:00,58.95
O00011890,U005505,23-04-2024,10:50:29,58.95
O00015026,U008853,30-06-2025,21:32:26,58.95
O00017438,U006280,13-06-2025,21:24:15,58.95
O00002018,U001182,11-06-2025,05:46:27,58.83
O00014110,U000868,03-03-2024,07:43:32,58.83
O00015411,U005307,24-08-2024,19:54:13,58.83
O00001380,U003969,15-09-2024,09:05:37,58.76
O00007036,U004327,09-08-2025,15:22:15,58.73
O00009735,U004151,19-01-2025,12:42:57,58.73
O00013743,U001312,01-07-2025,04:56:27,58.73
O00015177,U002104,02-03-2024,23:44:20,58.73
O00002619,U001686,25-10-2024,10:57:15,58.68
O00000372,U006358,09-09-2024,14:23:21,58.53
O00019362,U004073,26-09-2024,14:59:04,58.53
O00013489,U003324,27-03-2024,04:30:13,58.52
O00007607,U000641,18-06-2024,03:09:14,58.50
O00014540,U005021,27-02-2024,17:06:07,58.48
O00008960,U006633,19-02-2024,22:57:34,58.46
O00013396,U000669,06-12-2024,09:49:15,58.46
O00019762,U007923,25-01-2025,17:30:58,58.46
O00010734,U005726,07-07-2024,00:12:29,58.41
O00016338,U009807,12-08-2024,01:56:15,58.41
O00011003,U009025,23-01-2025,11:04:58,58.35
O00017781,U009919,06-10-2024,15:38:54,58.28
O00003893,U006037,06-02-2025,11:19:19,58.23
O00013243,U003797,18-05-2024,02:36:29,58.20
O00013361,U003398,03-03-2024,10:31:18,58.20
O00019200,U008561,27-10-2024,20:36:48,58.20
O00000723,U007891,25-08-2025,06:44:15,58.15
O00003663,U008119,08-04-2025,18:10:39,58.15
O00001453,U003382,26-06-2025,18:33:56,58.11
O00005335,U006262,20-06-2024,04:27:19,58.10
O00007244,U005838,29-06-2024,03:38:15,58.10
O00010205,U006680,04-02-2025,02:00:57,58.10
O00019728,U006351,03-02-2024,20:29:28,58.10
O00001709,U004633,15-11-2024,11:50:34,58.02
O00003080,U001311,01-10-2025,13:35:02,58.02
O00009683,U003491,25-06-2025,08:55:01,57.98
O00018619,U007252,09-10-2024,19:26:23,57.98
O00002559,U006853,22-06-2025,10:26:34,57.87
O00005661,U001525,16-04-2025,06:33:39,57.87
O00009471,U006777,21-08-2025,15:13:48,57.70
O00004725,U008542,09-06-2025,06:06:36,57.65
O00015926,U004450,21-03-2025,00:31:50,57.65
O00017813,U003666,04-09-2025,13:15:49,57.65
O00008580,U003234,03-03-2024,11:02:15,57.60
O00010107,U009945,08-04-2024,19:32:00,57.60
O00009781,U002398,28-06-2024,11:25:38,57.54
O00006938,U007693,09-01-2024,12:30:55,57.52
O00010856,U006922,25-08-2025,04:15:12,57.52
O00013632,U008302,23-10-2024,20:58:05,57.52
O00010913,U001182,28-05-2025,18:12:44,57.51
O00003947,U005901,14-04-2024,21:34:36,57.47
O00007285,U004454,03-04-2025,07:12:23,57.46
O00007492,U009665,15-03-2025,18:14:08,57.46
O00009747,U008106,13-06-2025,04:59:40,57.46
O00013182,U002947,11-06-2024,21:50:09,57.46
O00017392,U004663,19-03-2025,12:15:53,57.46
O00008047,U006503,20-02-2025,22:04:31,57.45
O00006264,U000235,08-04-2025,23:37:53,57.43
O00002867,U006568,18-03-2024,12:19:41,57.42
O00003143,U004361,16-01-2024,23:04:33,57.36
O00009796,U002095,06-09-2024,00:44:02,57.32
O00007904,U001836,22-05-2025,02:57:44,57.27
O00001579,U002911,24-05-2025,20:25:26,57.18
O00002971,U007256,01-11-2025,18:27:37,57.18
O00006157,U005686,29-10-2024,14:32:50,57.18
O00006253,U009757,13-01-2024,21:47:10,57.18
O00006492,U002603,23-09-2025,09:44:40,57.18
O00008641,U009890,12-09-2025,19:17:02,57.18
O00008879,U002154,11-10-2025,12:56:28,57.18
O00002077,U001286,07-03-2025,14:32:57,57.13
O00000090,U003655,13-09-2025,09:02:16,57.10
O00015357,U002502,11-10-2024,14:05:21,57.04
O00001110,U003779,29-04-2025,02:40:05,56.96
O00019283,U000665,17-01-2024,03:56:24,56.96
O00018492,U005632,15-07-2025,01:13:16,56.94
O00018185,U000332,30-06-2025,04:49:06,56.92
O00018703,U007833,05-09-2025,12:53:40,56.88
O00001157,U003502,27-08-2025,05:59:22,56.87
O00005469,U000694,19-07-2025,15:14:28,56.87
O00006542,U002874,25-06-2025,12:12:09,56.87
O00008616,U005437,09-06-2025,18:38:04,56.87
O00012042,U003734,21-04-2025,07:08:45,56.87
O00012940,U000701,18-10-2024,14:36:32,56.87
O00016369,U008053,12-07-2025,07:38:25,56.87
O00019230,U007601,20-01-2025,15:19:05,56.86
O00015028,U007425,05-06-2024,14:44:41,56.80
O00016475,U003742,16-03-2024,05:06:31,56.80
O00014862,U007656,18-06-2024,04:51:30,56.79
O00004614,U006765,30-05-2024,06:24:25,56.77
O00008867,U004934,13-09-2025,20:14:53,56.77
O00012485,U000817,09-08-2024,18:10:43,56.76
O00002657,U003603,08-09-2024,00:21:36,56.75
O00015948,U003402,19-02-2025,17:59:18,56.74
O00017880,U002360,29-05-2024,01:29:19,56.74
O00012958,U000597,19-06-2025,21:55:14,56.65
O00003468,U000858,25-11-2024,18:59:09,56.60
O00019592,U003593,01-09-2024,07:47:18,56.58
O00015870,U001954,01-01-2024,12:16:43,56.57
O00013793,U009959,04-09-2025,21:36:59,56.45
O00010718,U000492,16-03-2025,13:13:53,56.44
O00013453,U007244,18-11-2024,17:23:34,56.44
O00006371,U000684,14-04-2024,13:00:10,56.37
O00012264,U008222,10-08-2025,03:34:18,56.37
O00018889,U007257,19-04-2024,14:28:47,56.37
O00009634,U000068,24-12-2024,18:38:24,56.34
O00013150,U007089,31-10-2025,11:21:34,56.32
O00019783,U007005,21-06-2024,16:09:04,56.31
O00018555,U002237,03-01-2025,08:31:38,56.28
O00001216,U002372,16-08-2025,07:40:20,56.26
O00006050,U003009,15-02-2025,23:16:10,56.26
O00000729,U001878,26-02-2024,13:10:17,56.21
O00003371,U000002,24-12-2024,02:13:38,56.18
O00005265,U004008,13-08-2025,13:15:52,56.18
O00006950,U000632,03-12-2024,06:55:14,56.18
O00007106,U003647,02-01-2025,14:30:48,56.18
O00014593,U005579,25-09-2025,21:14:49,56.18
O00015568,U003676,21-04-2025,00:35:38,56.18
O00016132,U001248,19-08-2024,07:35:41,56.18
O00017737,U004373,23-05-2025,19:07:55,56.18
O00011843,U002221,30-12-2024,17:57:31,56.11
O00019930,U009134,12-02-2025,20:24:08,56.11
O00017315,U005336,26-04-2025,03:34:50,56.10
O00000613,U006524,21-08-2025,16:04:40,56.08
O00014192,U007982,18-04-2024,16:12:49,56.08
O00014376,U009564,29-08-2025,15:51:44,56.08
O00016822,U009364,22-11-2024,10:50:53,56.08
O00018075,U009175,10-08-2024,03:38:43,56.08
O00019443,U002460,01-01-2025,20:07:51,56.08
O00003429,U003602,14-11-2024,10:59:15,56.05
O00011185,U008512,28-04-2024,04:39:52,56.05
O00001088,U009208,15-10-2024,09:45:45,56.04
O00004289,U007745,02-09-2025,12:39:06,56.04
O00008695,U001078,13-10-2024,03:11:10,56.04
O00012145,U006406,08-02-2025,05:53:17,56.04
O00013714,U000347,22-12-2024,00:41:26,56.04
O00000841,U003130,22-03-2025,07:21:32,56.03
O00011372,U007599,18-07-2025,02:26:22,56.03
O00002461,U002258,29-07-2024,16:19:35,55.82
O00002996,U008424,07-10-2025,03:30:46,55.76
O00003443,U000926,14-02-2025,06:52:35,55.76
O00018539,U000608,23-07-2024,02:41:48,55.76
O00019502,U000095,05-09-2025,12:43:11,55.76
O00019623,U007282,07-06-2024,01:01:51,55.76
O00013792,U002644,19-04-2024,12:52:00,55.66
O00005148,U009567,16-05-2024,21:17:59,55.59
O00016316,U002913,20-04-2025,14:33:00,55.59
O00013381,U002888,31-10-2025,09:45:46,55.53
O00004328,U003239,29-03-2025,01:19:26,55.52
O00016416,U008492,08-01-2025,03:40:47,55.49
O00000035,U007158,19-02-2024,10:35:26,55.44
O00006504,U002881,02-07-2025,04:35:56,55.44
O00010179,U003055,11-01-2024,02:51:52,55.44
O00007613,U009221,04-06-2024,03:11:00,55.42
O00004548,U008282,20-03-2025,05:24:29,55.35
O00008471,U002723,19-09-2024,16:58:21,55.35
O00011809,U006018,18-08-2025,17:58:45,55.35
O00019684,U000486,04-02-2024,05:45:56,55.30
O00003042,U007385,22-10-2025,17:00:55,55.28
O00002726,U006293,18-02-2024,14:13:55,55.25
O00004788,U007401,13-06-2024,00:02:49,55.25
O00005769,U006696,24-08-2024,20:05:52,55.25
O00016670,U006382,20-10-2024,11:12:27,55.25
O00001833,U007142,30-11-2024,18:48:15,55.21
O00002382,U009618,05-06-2024,00:38:38,55.21
O00003563,U009868,18-06-2024,07:37:28,55.21
O00004582,U001545,11-10-2025,23:59:55,55.21
O00012032,U006649,03-05-2025,15:17:07,55.21
O00002721,U000493,06-08-2024,02:59:00,55.19
O00009935,U002662,14-03-2025,07:52:01,55.15
O00001562,U001764,10-07-2024,00:41:24,55.14
O00004957,U000691,30-07-2024,02:04:48,55.14
O00010556,U005476,15-03-2025,13:24:54,55.14
O00015583,U003568,26-04-2024,07:31:19,55.14
O00017092,U000313,28-02-2024,17:26:25,55.14
O00001480,U003826,08-04-2025,20:56:48,55.11
O00005688,U004334,14-08-2025,01:19:25,55.11
O00010086,U000147,04-10-2025,16:22:51,55.11
O00018895,U002872,02-05-2024,12:25:21,55.11
O00007279,U000328,23-01-2025,12:22:06,54.96
O00002993,U007771,07-02-2024,18:29:48,54.93
O00005544,U007566,27-07-2024,05:20:18,54.93
O00009179,U002530,01-07-2024,05:30:26,54.93
O00015602,U005877,08-02-2024,03:13:12,54.93
O00004682,U009695,12-02-2025,12:55:49,54.92
O00001147,U001354,01-02-2025,01:15:33,54.91
O00006743,U001973,06-05-2025,06:28:33,54.86
O00009355,U005936,04-10-2024,17:17:58,54.86
O00011149,U004009,25-01-2025,17:51:09,54.86
O00013835,U008721,13-05-2025,01:04:20,54.86
O00017030,U000536,15-06-2025,23:33:19,54.86
O00000314,U005797,19-02-2025,10:11:15,54.83
O00002034,U004843,19-02-2025,02:39:24,54.77
O00004795,U009673,16-05-2025,03:05:58,54.74
O00012027,U008184,24-06-2024,12:28:01,54.74
O00019419,U008015,03-10-2024,16:42:44,54.74
O00010490,U002279,15-02-2024,10:33:18,54.65
O00015709,U007429,05-05-2024,20:23:31,54.65
O00005957,U001712,14-01-2024,13:47:26,54.64
O00010290,U006272,01-11-2025,18:25:57,54.64
O00001532,U000818,01-03-2024,09:26:16,54.61
O00017118,U005833,30-06-2025,16:54:50,54.61
O00017367,U009330,23-05-2024,15:21:25,54.61
O00004478,U000043,20-10-2025,07:18:55,54.55
O00007440,U003595,19-09-2024,16:19:43,54.55
O00012591,U001368,21-11-2024,05:53:42,54.55
O00016061,U007028,17-05-2024,10:45:09,54.55
O00003434,U001826,13-08-2024,18:37:47,54.48
O00006352,U007907,06-03-2025,01:49:33,54.48
O00018646,U003696,04-01-2024,20:46:38,54.48
O00001535,U007627,23-04-2025,00:13:21,54.46
O00002038,U000042,31-05-2024,18:25:46,54.46
O00004941,U006770,03-01-2025,05:04:39,54.46
O00014978,U007302,07-05-2024,20:49:25,54.46
O00015187,U002998,27-01-2024,06:06:27,54.46
O00019045,U006276,04-08-2025,13:14:21,54.46
O00002178,U002166,26-06-2024,20:45:57,54.45
O00003695,U008215,01-08-2024,02:21:09,54.42
O00004704,U001469,29-03-2025,22:24:02,54.42
O00005525,U008276,30-06-2025,03:42:20,54.42
O00013327,U006260,19-02-2024,22:27:00,54.42
O00008853,U000565,21-05-2024,07:33:11,54.41
O00016237,U008584,02-04-2025,21:10:01,54.41
O00009236,U001803,24-11-2024,09:34:23,54.36
O00014965,U004814,04-08-2025,04:16:29,54.36
O00006567,U004950,16-08-2025,11:20:14,54.34
O00012128,U000772,16-07-2024,00:28:53,54.34
O00001623,U005584,15-12-2024,11:14:41,54.28
O00002293,U002190,22-03-2025,03:56:48,54.28
O00013725,U006708,01-11-2024,08:52:01,54.22
O00015044,U007890,29-03-2024,17:28:14,54.22
O00003113,U002170,22-02-2025,02:11:58,54.17
O00000741,U002415,03-05-2025,12:50:35,54.16
O00010911,U009560,25-09-2025,01:13:16,54.16
O00012589,U002334,11-03-2025,12:25:10,54.16
O00000026,U000638,24-06-2025,23:57:31,54.13
O00000712,U007195,09-09-2025,04:06:42,54.01
O00008027,U007238,10-11-2024,07:56:41,54.01
O00011431,U004295,02-05-2025,03:18:17,54.01
O00016272,U004508,06-06-2024,21:12:58,54.01
O00017362,U002013,07-09-2025,12:57:03,54.01
O00004688,U009016,05-08-2024,08:47:59,53.88
O00008311,U002769,10-02-2024,07:20:39,53.88
O00008949,U005191,19-03-2025,16:33:16,53.88
O00009912,U005881,27-12-2024,12:40:27,53.87
O00002742,U004502,27-10-2024,21:53:12,53.80
O00006678,U001544,26-06-2024,20:57:20,53.80
O00013742,U007536,19-01-2024,10:47:35,53.80
O00013994,U005266,21-09-2024,04:52:43,53.80
O00014903,U008137,02-05-2025,14:03:07,53.80
O00017342,U004087,29-10-2024,13:37:58,53.80
O00016452,U007785,19-02-2025,11:00:52,53.76
O00019421,U000207,02-11-2025,00:29:41,53.76
O00001601,U003110,02-12-2024,05:30:12,53.75
O00016330,U005160,21-11-2024,23:29:38,53.73
O00009259,U007660,11-05-2024,08:16:06,53.71
O00014065,U009406,09-09-2025,15:05:28,53.68
O00012911,U007545,05-10-2024,14:58:35,53.58
O00000526,U002359,12-01-2025,18:50:40,53.57
O00007517,U007598,10-01-2024,18:53:01,53.52
O00001920,U009786,15-06-2025,18:26:31,53.51
O00008709,U006257,25-07-2024,09:38:49,53.51
O00011534,U006708,24-04-2025,19:50:25,53.51
O00015661,U005156,11-03-2024,11:26:38,53.51
O00018591,U001795,28-08-2025,01:55:09,53.50
O00006680,U002540,04-01-2025,18:54:01,53.48
O00011711,U008209,14-07-2024,16:13:47,53.48
O00015752,U004910,08-01-2024,16:52:24,53.48
O00015907,U009467,03-09-2025,06:33:31,53.41
O00007966,U002382,08-02-2024,01:29:55,53.39
O00018742,U007552,24-01-2025,11:23:01,53.29
O00001544,U008912,25-03-2024,10:59:59,53.26
O00004902,U001991,25-10-2024,01:23:12,53.26
O00011451,U002015,09-09-2024,21:03:05,53.26
O00013332,U004445,14-07-2024,16:23:25,53.26
O00018845,U003331,03-01-2024,18:34:10,53.26
O00001379,U004383,15-07-2025,15:22:44,53.24
O00006598,U000427,01-10-2025,20:09:48,53.24
O00009465,U007584,14-02-2024,12:55:36,53.24
O00015190,U003577,21-09-2025,07:35:00,53.23
O00001078,U007301,28-02-2024,18:25:41,53.19
O00004627,U004262,27-01-2024,21:33:54,53.19
O00010755,U008924,14-09-2025,13:22:14,53.19
O00016696,U002441,31-01-2024,09:54:10,53.19
O00017728,U004191,24-03-2024,21:23:34,53.19
O00004214,U007856,10-07-2025,21:06:27,53.18
O00000806,U006185,05-09-2024,01:51:13,53.16
O00009726,U008320,26-02-2024,21:47:05,53.16
O00011575,U001225,06-01-2025,23:48:32,53.16
O00015849,U002275,23-03-2025,11:08:13,53.16
O00016602,U003326,23-02-2025,22:00:02,53.16
O00008687,U000772,27-03-2024,02:47:50,53.08
O00013722,U004423,26-09-2024,21:05:53,52.99
O00001158,U006169,13-10-2025,02:50:19,52.95
O00008941,U007414,19-11-2024,03:04:50,52.95
O00009334,U004264,03-02-2025,03:33:56,52.95
O00012333,U002657,25-01-2024,18:18:35,52.95
O00012379,U005398,30-07-2025,12:22:31,52.95
O00019131,U006807,10-07-2024,18:31:05,52.95
O00000074,U001053,10-10-2024,10:10:23,52.93
O00003147,U006772,15-02-2025,07:12:11,52.93
O00006550,U004803,23-02-2024,21:16:54,52.93
O00012390,U004078,17-06-2025,08:21:54,52.93
O00019365,U004219,09-11-2024,11:02:43,52.93
O00001734,U008198,09-02-2025,10:15:09,52.92
O00006395,U002152,28-07-2025,22:30:42,52.92
O00019026,U007947,16-06-2024,15:21:01,52.92
O00012884,U009593,03-01-2025,12:26:08,52.89
O00000095,U002227,24-10-2025,13:48:19,52.87
O00006055,U009834,07-06-2024,17:36:31,52.87
O00014282,U008836,22-09-2025,15:45:23,52.87
O00017446,U006807,03-11-2025,01:21:36,52.87
O00018543,U003910,03-02-2024,10:03:26,52.87
O00008226,U004125,24-10-2025,12:21:10,52.83
O00005414,U004657,24-09-2024,16:04:36,52.78
O00007965,U009409,14-03-2024,01:54:34,52.78
O00000188,U005931,31-10-2024,21:12:13,52.77
O00002820,U008018,21-03-2024,06:05:25,52.77
O00005713,U007097,08-02-2024,02:41:24,52.77
O00016508,U000035,29-12-2024,23:04:08,52.77
O00010121,U001257,18-06-2024,23:48:17,52.71
O00014119,U002668,01-02-2025,20:56:14,52.71
O00012975,U002152,18-06-2025,12:02:16,52.66
O00013957,U008927,16-06-2024,01:42:10,52.62
O00011333,U007682,23-08-2024,23:06:58,52.54
O00013921,U002070,31-08-2025,00:05:25,52.54
O00016685,U006582,05-05-2025,14:55:44,52.54
O00019479,U006259,07-09-2025,07:29:58,52.54
O00000641,U001191,23-06-2024,11:43:28,52.53
O00009665,U001035,25-07-2025,21:06:01,52.53
O00011102,U001224,01-07-2025,11:54:44,52.53
O00012073,U003030,14-06-2025,18:10:17,52.53
O00018901,U000555,04-01-2025,02:42:23,52.53
O00003953,U002255,11-09-2024,23:22:41,52.47
O00015093,U001491,29-06-2025,18:21:24,52.44
O00011239,U005425,06-03-2025,06:49:08,52.41
O00003772,U008082,24-09-2025,03:28:35,52.35
O00001805,U004669,17-07-2025,13:21:17,52.33
O00003272,U008907,10-07-2025,02:41:49,52.33
O00006070,U006351,24-11-2024,04:31:33,52.33
O00014106,U004296,01-07-2025,06:52:20,52.33
O00019629,U000985,25-03-2025,05:04:04,52.33
O00006587,U000377,30-05-2025,12:50:50,52.29
O00007814,U007512,22-07-2025,20:00:43,52.29
O00005879,U004572,07-09-2025,19:13:21,52.26
O00004974,U005007,12-04-2025,09:02:07,52.25
O00007342,U003480,29-04-2024,11:28:33,52.25
O00010975,U006841,20-10-2025,23:09:12,52.25
O00012121,U003330,20-05-2025,19:06:27,52.25
O00017754,U006999,01-12-2024,17:49:55,52.25
O00011269,U006078,02-01-2025,10:37:07,52.18
O00013351,U008496,14-02-2025,23:02:31,52.18
O00016264,U002432,24-05-2025,13:23:03,52.18
O00016300,U007260,12-10-2024,11:19:57,52.18
O00003116,U003447,10-07-2025,03:00:34,52.14
O00004973,U005091,20-04-2024,18:44:06,52.14
O00013006,U005350,28-10-2025,21:55:19,52.14
O00013367,U005123,11-05-2025,07:31:00,52.14
O00012179,U008203,27-03-2025,17:36:21,52.12
O00001260,U008727,30-10-2024,06:37:57,52.10
O00007549,U001283,01-04-2024,07:01:56,52.10
O00016769,U006168,27-06-2024,00:54:53,52.10
O00011618,U004599,13-07-2024,15:59:53,52.09
O00012030,U007801,06-10-2025,09:48:28,52.06
O00013166,U009315,26-06-2024,22:58:24,52.05
O00003120,U007077,08-10-2024,03:46:18,52.00
O00017581,U004219,08-02-2025,07:24:43,51.98
O00013264,U002843,16-06-2024,19:53:44,51.97
O00019193,U000858,19-12-2024,19:56:25,51.97
O00009180,U002855,18-06-2025,01:44:11,51.96
O00006969,U009598,15-02-2025,20:19:51,51.95
O00002275,U008174,16-02-2025,18:54:38,51.94
O00003266,U008053,18-09-2024,22:40:47,51.94
O00004920,U003895,10-10-2024,07:56:05,51.94
O00009014,U005414,31-05-2024,20:23:03,51.94
O00010631,U002545,10-04-2024,21:42:22,51.94
O00011432,U008211,14-07-2024,13:45:46,51.94
O00013788,U004406,07-06-2025,02:12:01,51.90
O00016086,U007109,31-07-2025,00:48:11,51.90
O00006292,U009777,15-01-2025,18:05:14,51.84
O00010142,U007455,20-08-2025,01:04:57,51.80
O00014058,U008690,12-06-2025,20:45:42,51.80
O00003638,U000131,04-07-2025,07:05:11,51.78
O00012761,U008606,08-05-2025,10:02:14,51.78
O00016059,U008672,20-08-2025,09:28:00,51.78
O00007035,U001512,15-07-2024,02:26:41,51.75
O00010128,U005277,08-08-2024,00:17:55,51.75
O00019332,U007152,20-01-2025,00:35:02,51.75
O00018575,U006036,25-03-2025,22:21:36,51.73
O00004863,U003883,14-02-2025,17:29:41,51.65
O00005361,U006616,19-01-2024,00:05:03,51.65
O00009336,U007482,29-07-2024,18:37:50,51.65
O00018714,U000858,05-08-2025,05:16:54,51.64
O00009266,U004470,18-10-2025,21:59:21,51.61
O00018987,U001541,22-07-2024,07:58:47,51.61
O00013103,U006086,20-01-2025,09:31:25,51.57
O00011127,U002964,29-04-2025,05:43:35,51.52
O00014652,U003992,24-03-2025,18:24:21,51.52
O00016577,U002372,16-09-2024,07:36:45,51.52
O00002332,U008005,03-07-2024,16:03:16,51.51
O00011591,U008233,03-09-2024,01:30:49,51.46
O00011923,U008394,18-06-2025,03:18:42,51.46
O00003974,U002227,02-07-2025,10:23:58,51.45
O00004645,U006466,22-03-2025,08:11:46,51.45
O00007809,U008802,10-01-2025,03:39:46,51.45
O00009870,U004112,17-06-2025,14:07:18,51.45
O00012596,U006100,29-10-2025,16:11:14,51.45
O00019839,U006499,06-06-2024,08:09:17,51.45
O00006511,U001733,02-09-2024,22:28:01,51.34
O00009244,U008472,03-04-2024,11:59:13,51.34
O00003667,U008548,23-07-2024,03:51:15,51.33
O00008303,U003068,03-09-2024,21:26:33,51.33
O00009022,U006391,06-10-2024,09:07:45,51.33
O00013159,U005530,03-01-2024,10:48:35,51.33
O00014219,U005830,16-03-2025,00:19:35,51.33
O00019456,U001026,22-03-2024,22:43:49,51.25
O00013891,U009712,18-08-2024,07:32:36,51.18
O00010213,U004298,04-05-2024,03:41:35,51.14
O00007160,U009808,11-07-2025,17:13:20,51.10
O00001009,U004751,22-01-2024,15:44:10,51.05
O00016560,U002076,09-09-2024,04:47:07,51.05
O00018863,U008268,10-11-2024,11:48:53,51.05
O00007248,U000088,09-01-2024,11:26:12,51.04
O00007741,U008538,13-04-2024,08:50:41,51.04
O00012658,U004996,26-02-2025,22:17:24,51.04
O00015118,U009360,19-06-2025,02:30:19,51.04
O00002458,U007548,25-06-2025,09:32:54,50.96
O00003134,U009391,05-09-2024,23:54:26,50.96
O00005538,U009959,13-03-2024,00:41:11,50.96
O00014484,U002549,29-04-2025,00:01:10,50.96
O00014887,U009840,30-10-2025,20:18:22,50.96
O00017486,U005330,08-02-2025,08:55:21,50.96
O00010222,U000482,15-08-2024,00:07:13,50.88
O00016360,U007797,30-10-2025,09:11:47,50.83
O00004230,U000752,09-04-2024,23:13:18,50.81
O00008216,U007226,01-09-2024,06:19:12,50.81
O00008451,U000634,18-07-2024,23:13:54,50.81
O00018031,U006280,11-07-2024,03:49:11,50.81
O00001947,U004338,21-05-2024,21:58:10,50.66
O00011727,U006682,24-11-2024,10:00:29,50.66
O00009104,U006604,18-02-2025,05:22:10,50.64
O00013073,U002904,18-09-2024,02:14:25,50.58
O00016589,U008809,21-01-2025,21:47:12,50.58
O00001160,U005155,20-09-2025,10:35:05,50.52
O00001227,U003902,17-07-2025,16:31:43,50.52
O00011925,U005292,27-03-2025,08:44:08,50.47
O00011904,U003010,17-01-2025,20:49:30,50.42
O00004713,U001658,17-12-2024,14:41:08,50.37
O00000827,U007763,24-06-2025,00:40:58,50.30
O00014701,U002175,09-07-2025,04:33:53,50.30
O00015738,U000985,11-06-2024,21:31:08,50.30
O00018685,U006312,21-08-2024,18:16:13,50.30
O00010077,U000385,24-01-2024,15:01:04,50.20
O00007551,U000875,19-09-2024,01:31:04,50.17
O00008129,U000271,04-02-2024,05:55:06,50.17
O00009313,U006038,28-09-2024,07:51:37,50.17
O00010371,U005250,11-03-2024,20:22:30,50.17
O00012196,U001170,08-06-2024,13:18:15,50.17
O00014009,U003486,26-02-2025,11:44:04,50.17
O00016440,U009405,24-09-2024,12:47:10,50.17
O00005289,U008068,23-11-2024,03:18:04,50.15
O00014366,U000390,27-03-2025,14:54:36,50.15
O00014630,U003128,02-05-2025,19:21:34,50.15
O00012509,U001862,02-11-2025,17:52:23,50.14
O00018285,U000921,08-10-2025,05:13:53,50.13
O00013129,U003006,20-04-2025,17:20:55,50.12
O00002694,U009794,25-04-2024,15:39:19,50.01
O00010719,U007085,24-05-2024,18:54:34,50.01
O00017159,U008562,23-01-2024,17:20:49,50.01
O00018505,U004748,16-10-2024,12:52:51,50.01
O00019733,U003234,24-06-2025,10:39:49,50.01
O00006234,U009916,30-03-2025,03:53:03,49.98
O00012571,U000645,23-02-2025,20:21:16,49.97
O00000168,U005863,27-11-2024,13:40:24,49.91
O00016854,U004602,14-06-2024,14:54:34,49.88
O00006558,U008359,31-01-2025,05:47:29,49.87
O00009945,U002666,15-12-2024,00:26:34,49.87
O00000848,U009941,19-08-2024,01:41:39,49.84
O00001463,U003432,31-07-2024,05:41:40,49.84
O00005437,U007292,04-08-2025,16:00:10,49.84
O00007119,U003931,03-02-2025,09:43:55,49.84
O00015371,U006630,08-08-2024,02:21:07,49.84
O00001523,U000202,17-04-2024,04:39:09,49.77
O00005471,U006965,17-10-2024,02:51:43,49.77
O00018754,U006908,29-01-2024,11:29:12,49.76
O00002845,U009856,01-03-2025,13:17:23,49.73
O00014190,U003599,28-10-2024,17:13:13,49.73
O00006209,U004699,21-04-2024,20:27:11,49.70
O00006562,U002130,14-06-2024,12:02:32,49.70
O00009474,U009183,05-02-2025,12:40:31,49.70
O00018292,U004632,22-01-2025,11:12:01,49.70
O00001192,U002169,07-09-2024,14:40:10,49.66
O00001394,U007214,16-08-2024,15:37:43,49.66
O00012511,U009567,04-11-2024,02:58:49,49.66
O00008865,U004819,14-09-2025,16:24:19,49.62
O00009364,U006294,16-09-2024,02:07:42,49.62
O00011902,U007021,06-03-2024,13:07:08,49.62
O00013633,U006230,15-06-2024,05:46:41,49.62
O00000051,U001487,24-03-2025,09:25:52,49.59
O00002844,U008765,14-10-2024,01:24:45,49.59
O00006294,U004876,09-12-2024,14:42:52,49.59
O00006397,U006275,13-11-2024,16:12:16,49.59
O00007520,U001041,15-01-2025,17:23:29,49.59
O00011986,U005511,27-07-2025,22:56:24,49.59
O00015781,U000732,22-06-2025,03:30:31,49.59
O00019279,U004148,15-01-2024,13:35:59,49.59
O00002915,U004014,05-10-2024,04:39:36,49.48
O00001652,U000083,27-08-2025,01:01:39,49.41
O00006032,U004733,30-03-2024,23:07:31,49.41
O00006725,U002422,27-11-2024,04:40:15,49.32
O00002849,U003576,21-09-2024,04:36:30,49.21
O00001194,U001402,17-01-2025,05:54:55,49.15
O00004866,U005750,05-11-2024,20:35:48,49.15
O00010875,U004078,25-01-2024,08:42:31,49.15
O00011466,U009069,22-01-2025,09:57:43,49.15
O00015654,U000344,18-07-2025,16:18:24,49.15
O00003315,U007584,18-09-2025,14:33:59,49.09
O00009438,U009918,19-09-2024,11:27:23,49.09
O00012137,U003298,09-12-2024,17:02:23,49.09
O00013560,U006409,26-04-2025,13:32:30,49.08
O00014893,U004051,12-05-2025,16:21:11,49.04
O00019473,U007410,09-03-2025,00:29:27,49.01
O00005599,U007860,13-05-2025,09:24:52,48.94
O00004874,U005850,17-06-2024,06:28:34,48.92
O00012664,U001529,01-08-2025,07:33:20,48.87
O00002766,U002890,05-04-2024,07:34:20,48.77
O00005287,U001893,22-09-2025,17:18:30,48.74
O00007522,U008962,16-11-2024,06:08:49,48.72
O00008541,U003197,06-01-2024,02:21:21,48.72
O00011760,U008114,29-05-2025,17:49:46,48.72
O00013884,U007592,09-10-2024,07:24:00,48.66
O00002734,U002617,28-08-2025,13:50:21,48.64
O00007126,U008174,05-10-2025,09:52:26,48.64
O00013025,U009521,13-04-2025,06:27:16,48.64
O00005664,U007605,04-04-2024,08:39:47,48.58
O00001823,U001054,11-08-2025,20:24:15,48.42
O00003310,U009146,16-03-2025,02:16:32,48.42
O00017514,U007261,10-01-2024,15:46:18,48.42
O00002349,U007891,10-02-2025,23:26:17,48.40
O00011002,U004716,26-03-2024,04:43:25,48.35
O00010909,U007499,07-11-2024,19:31:41,48.34
O00001007,U009529,19-09-2024,11:40:08,48.22
O00004743,U009627,28-11-2024,10:31:48,48.22
O00005253,U002464,10-06-2025,15:08:09,48.22
O00005305,U006637,23-02-2025,07:57:08,48.22
O00013574,U000786,02-05-2025,01:59:12,48.22
O00019476,U005341,12-11-2025,11:48:56,48.22
O00000815,U006975,20-02-2024,23:42:00,48.20
O00001059,U000322,30-04-2024,01:30:04,48.20
O00007404,U003024,19-06-2025,06:13:52,48.20
O00004967,U003597,20-10-2024,03:04:20,48.18
O00005328,U002333,18-07-2025,17:48:20,48.15
O00012357,U009429,25-12-2024,23:37:08,48.15
O00015223,U002315,21-06-2024,06:12:00,48.15
O00018211,U001581,02-11-2025,07:22:19,48.15
O00000073,U000383,18-01-2025,01:09:43,48.09
O00003671,U001906,12-05-2024,16:12:48,48.09
O00017031,U000917,15-05-2024,14:18:15,48.09
O00017597,U005838,12-09-2025,16:40:45,48.09
O00002202,U002821,06-07-2024,03:35:06,47.96
O00007692,U000804,31-07-2025,12:10:37,47.96
O00009279,U008600,11-06-2025,02:38:55,47.96
O00016100,U001919,27-08-2024,02:15:16,47.96
O00015294,U007141,06-03-2024,03:12:07,47.91
O00005496,U003838,01-11-2024,10:35:25,47.88
O00016497,U003767,06-03-2024,01:07:42,47.88
O00019721,U004357,13-12-2024,06:56:23,47.88
O00001485,U006899,26-06-2025,13:33:18,47.82
O00018820,U008979,25-08-2024,05:05:36,47.75
O00012853,U000921,04-04-2024,04:28:02,47.74
O00017396,U002202,10-08-2024,07:32:01,47.73
O00019493,U001742,30-09-2025,11:15:36,47.73
O00010113,U008659,08-08-2025,06:30:12,47.55
O00001335,U006594,09-09-2025,03:14:35,47.54
O00005281,U004215,25-06-2024,11:32:20,47.52
O00001032,U000255,26-10-2024,18:22:31,47.35
O00003708,U006918,13-03-2024,17:46:26,47.35
O00005094,U009553,10-08-2024,18:13:02,47.35
O00014384,U001555,03-04-2024,19:44:16,47.35
O00015763,U000492,12-11-2025,12:33:55,47.35
O00019398,U003237,26-01-2024,03:47:03,47.33
O00017005,U004980,28-05-2024,01:15:14,47.24
O00002290,U007434,15-11-2024,10:27:18,47.18
O00004354,U007379,24-05-2024,11:30:13,47.18
O00005237,U004628,18-12-2024,09:02:47,47.18
O00007933,U004302,19-08-2024,12:41:24,47.18
O00008566,U002361,11-03-2025,13:48:40,47.18
O00011287,U009514,25-04-2025,09:45:48,47.18
O00001978,U005530,17-11-2024,13:46:41,47.16
O00009755,U003256,21-10-2025,08:36:46,47.16
O00009879,U000741,07-09-2024,21:06:28,47.16
O00014955,U006419,24-04-2025,02:26:29,47.16
O00005475,U005346,05-12-2024,05:25:29,47.14
O00010166,U000881,06-03-2024,16:13:54,47.14
O00004926,U005323,28-10-2025,23:33:44,47.08
O00005647,U007050,13-09-2025,19:46:07,47.08
O00016110,U006637,28-07-2025,20:23:22,47.08
O00000864,U003330,10-12-2024,03:34:08,47.07
O00007617,U000624,29-07-2025,15:26:46,47.06
O00002932,U005770,22-06-2024,11:44:21,47.03
O00006361,U006645,17-10-2024,14:04:22,47.03
O00007298,U002949,29-06-2025,13:09:05,47.03
O00018288,U008732,25-01-2025,20:03:03,47.03
O00004120,U005042,29-08-2025,06:02:58,47.02
O00007718,U002114,16-10-2024,03:06:13,47.02
O00011105,U001248,15-12-2024,00:10:52,47.02
O00011459,U002722,22-08-2024,21:20:11,47.02
O00003354,U002323,17-02-2025,18:11:31,47.01
O00012138,U004608,02-12-2024,03:29:02,46.97
O00012957,U009176,13-07-2024,00:30:56,46.93
O00001361,U005138,10-07-2024,13:54:29,46.89
O00006783,U000545,03-03-2024,20:51:54,46.89
O00007856,U005628,13-05-2025,03:03:30,46.89
O00008886,U005539,17-06-2025,07:15:27,46.89
O00012102,U004420,04-08-2025,13:45:28,46.89
O00012587,U000021,06-01-2025,12:30:49,46.89
O00019599,U004996,17-11-2024,05:02:45,46.89
O00005609,U000532,08-02-2024,07:09:14,46.87
O00009061,U008797,19-12-2024,17:00:52,46.81
O00013388,U006304,22-10-2024,19:22:16,46.81
O00016722,U001178,05-07-2025,07:29:28,46.81
O00007534,U001787,22-02-2025,11:29:53,46.77
O00012779,U008552,01-10-2025,01:37:02,46.77
O00001977,U003095,22-05-2024,17:35:22,46.64
O00009893,U000844,09-11-2024,05:33:19,46.64
O00013863,U004210,08-06-2025,04:44:11,46.64
O00014967,U007913,27-08-2024,02:54:18,46.64
O00014991,U001697,19-02-2024,10:48:04,46.64
O00018956,U007240,29-04-2024,10:28:23,46.64
O00000763,U008985,13-10-2025,19:13:46,46.59
O00005011,U004964,27-11-2024,10:23:45,46.59
O00014253,U002956,24-11-2024,00:29:06,46.59
O00016327,U004359,13-08-2025,20:02:57,46.59
O00017332,U006144,14-05-2025,08:43:13,46.59
O00017659,U008976,13-03-2025,23:52:08,46.59
O00018454,U006811,05-05-2024,14:07:29,46.59
O00018792,U005254,25-08-2024,04:08:25,46.59
O00018876,U007782,21-04-2024,13:24:13,46.57
O00004011,U009133,16-08-2025,14:20:26,46.56
O00011920,U007728,25-03-2024,22:49:09,46.56
O00018417,U001117,28-01-2024,14:00:17,46.55
O00004248,U004762,06-04-2025,04:58:31,46.50
O00010250,U009003,18-05-2024,17:42:13,46.50
O00010928,U001552,19-03-2024,11:33:59,46.50
O00005143,U004017,09-05-2025,11:40:21,46.40
O00008163,U009801,17-09-2024,01:46:50,46.40
O00001674,U004063,11-04-2024,02:14:24,46.36
O00007679,U005066,27-09-2025,02:37:43,46.36
O00010650,U005728,09-04-2025,14:09:48,46.36
O00015271,U001057,06-04-2024,14:20:24,46.36
O00003872,U004495,14-08-2024,23:17:30,46.21
O00003167,U009133,31-03-2025,16:59:57,46.12
O00018632,U006011,05-08-2025,12:40:50,46.12
O00017354,U008181,28-10-2025,08:46:36,46.05
O00007804,U004150,13-02-2025,07:38:44,46.00
O00008108,U003983,16-07-2024,14:07:57,46.00
O00010608,U009789,21-05-2024,02:01:16,46.00
O00010918,U007482,04-12-2024,13:03:59,46.00
O00017834,U004267,19-06-2025,11:20:26,46.00
O00002348,U006681,01-06-2025,16:39:57,45.96
O00012536,U003086,16-09-2024,11:39:57,45.93
O00003364,U009592,05-09-2025,12:56:02,45.87
O00002478,U007067,02-08-2024,22:08:30,45.74
O00003183,U002102,10-08-2024,02:20:09,45.74
O00011657,U002215,20-11-2024,21:24:36,45.74
O00014966,U004028,16-01-2025,10:29:02,45.74
O00018184,U009900,05-12-2024,16:16:21,45.74
O00005353,U001470,04-01-2025,02:56:36,45.72
O00018020,U006658,28-09-2025,06:19:05,45.72
O00000328,U007930,12-01-2025,00:01:34,45.67
O00011087,U004569,13-07-2025,06:50:39,45.66
O00013797,U005125,20-06-2024,00:43:17,45.66
O00015134,U001690,02-02-2024,12:08:37,45.66
O00015305,U005221,26-12-2024,02:42:16,45.66
O00016671,U004358,23-10-2025,00:13:06,45.66
O00018659,U001951,11-04-2024,04:31:36,45.66
O00016802,U001846,16-10-2025,05:59:01,45.56
O00000768,U009004,07-08-2024,21:43:23,45.55
O00002380,U009170,07-05-2024,14:43:16,45.55
O00003616,U000273,28-05-2025,23:31:52,45.55
O00009611,U006237,14-05-2025,09:58:09,45.55
O00012802,U005490,30-06-2025,13:39:20,45.55
O00002625,U000182,07-09-2025,16:38:42,45.43
O00004298,U001132,23-04-2024,17:52:20,45.42
O00012640,U008728,17-08-2024,14:09:02,45.35
O00014879,U002040,27-07-2024,10:20:04,45.35
O00001155,U008937,15-01-2025,22:47:54,45.33
O00009907,U009000,09-06-2025,07:27:01,45.32
O00012502,U007561,30-12-2024,10:55:17,45.32
O00016210,U006782,18-03-2024,09:11:07,45.32
O00010585,U003906,08-12-2024,19:40:23,45.30
O00003012,U002439,03-03-2025,12:27:31,45.28
O00019843,U007253,07-02-2025,08:54:27,45.28
O00014776,U002105,30-09-2025,08:28:33,45.24
O00003236,U001934,31-03-2024,14:53:48,45.18
O00019641,U003988,05-10-2025,15:18:35,45.18
O00009814,U007243,18-11-2024,00:54:05,45.16
O00019149,U001342,05-01-2025,20:06:57,45.14
O00014343,U008315,13-03-2025,08:25:52,45.11
O00000485,U005342,12-08-2024,17:37:48,45.10
O00011371,U009323,08-07-2025,09:19:01,45.10
O00015772,U003050,17-10-2024,15:54:44,45.10
O00005013,U004098,11-06-2025,01:36:11,45.09
O00000359,U004576,04-10-2025,06:49:00,45.07
O00019441,U009598,14-12-2024,15:44:42,45.01
O00004756,U006764,15-12-2024,15:46:23,44.94
O00018247,U006369,12-06-2025,18:59:29,44.94
O00011132,U009187,16-10-2025,22:35:06,44.89
O00004773,U008326,30-07-2025,23:53:46,44.88
O00005866,U002082,11-09-2024,08:14:31,44.88
O00004330,U009290,21-10-2024,12:42:43,44.83
O00003569,U003877,17-12-2024,02:01:29,44.73
O00006694,U005916,27-06-2024,04:50:16,44.71
O00009306,U007688,03-04-2025,22:41:55,44.71
O00014911,U001982,22-02-2024,05:55:42,44.71
O00015334,U008980,04-01-2025,13:45:02,44.71
O00011027,U006525,04-07-2025,04:14:21,44.59
O00011370,U006877,22-01-2025,17:16:27,44.59
O00016987,U003508,22-10-2025,12:45:36,44.59
O00018422,U008735,26-08-2025,14:35:53,44.59
O00004956,U007970,26-06-2024,17:49:26,44.57
O00011625,U003711,20-08-2025,13:25:40,44.57
O00019083,U004486,26-03-2024,13:45:07,44.57
O00004244,U006543,28-05-2024,16:19:42,44.55
O00007747,U000488,27-06-2025,22:31:07,44.55
O00011414,U001498,23-01-2025,07:17:30,44.55
O00004818,U005910,22-05-2025,02:51:00,44.54
O00017351,U004468,10-01-2025,02:10:27,44.54
O00001899,U004169,16-04-2024,16:18:23,44.53
O00004804,U004082,07-08-2024,17:58:26,44.51
O00011794,U006806,20-05-2024,17:54:28,44.51
O00007266,U002484,03-05-2024,18:29:18,44.48
O00014402,U006086,03-06-2024,04:25:53,44.48
O00003254,U001775,17-04-2024,03:15:02,44.46
O00016897,U005288,29-04-2025,18:58:22,44.46
O00008825,U007867,11-05-2024,21:59:18,44.43
O00017644,U006983,02-05-2025,02:15:17,44.42
O00007972,U007265,08-10-2024,19:36:14,44.40
O00010885,U009492,26-05-2025,02:50:27,44.40
O00012583,U005367,27-10-2024,20:02:25,44.40
O00004119,U007874,18-03-2025,17:41:45,44.38
O00005166,U006710,24-07-2025,18:23:12,44.38
O00007094,U006736,11-09-2024,10:42:36,44.38
O00014785,U006125,18-03-2024,21:18:08,44.38
O00001946,U001081,28-02-2025,00:50:25,44.33
O00011550,U003298,18-01-2024,14:42:37,44.33
O00019661,U007583,20-08-2024,00:50:05,44.33
O00006459,U002404,23-07-2025,16:46:03,44.30
O00000846,U007151,22-01-2025,21:55:20,44.29
O00003091,U004238,03-08-2025,03:49:48,44.29
O00006933,U005677,09-06-2024,14:45:41,44.29
O00008907,U008140,22-02-2024,08:34:15,44.29
O00013694,U004880,22-02-2024,21:16:16,44.29
O00009382,U005632,07-08-2024,09:31:38,44.23
O00016970,U005132,29-04-2025,03:00:50,44.23
O00018160,U003870,18-08-2025,08:48:04,44.23
O00015584,U008281,26-01-2025,09:57:16,44.22
O00017967,U002913,17-06-2025,11:31:08,44.22
O00004411,U007747,09-06-2024,19:43:10,44.14
O00008528,U006079,01-09-2024,02:05:19,44.14
O00016002,U002999,18-02-2024,09:01:47,44.14
O00006493,U003356,04-11-2024,08:37:39,44.10
O00011744,U000627,25-09-2025,15:47:46,44.10
O00014206,U007208,02-06-2025,18:34:05,44.10
O00012011,U005128,30-10-2025,20:41:02,44.03
O00001803,U007677,30-10-2024,21:29:10,44.02
O00014772,U000271,23-12-2024,15:37:47,44.02
O00007631,U004174,22-07-2024,17:12:08,43.98
O00012927,U002438,12-02-2024,18:34:57,43.95
O00001640,U000503,29-09-2025,13:28:05,43.85
O00006973,U007142,08-07-2024,22:40:01,43.85
O00014424,U008767,17-02-2024,01:39:30,43.85
O00019245,U000595,08-02-2024,18:38:07,43.84
O00003887,U003643,15-08-2024,18:59:09,43.83
O00019497,U005940,20-03-2024,13:33:59,43.82
O00014408,U007836,19-05-2025,11:58:42,43.77
O00000625,U001010,15-09-2025,16:51:02,43.70
O00005320,U005803,13-04-2025,17:27:09,43.70
O00011842,U004723,12-03-2025,07:03:20,43.70
O00017587,U008637,17-12-2024,07:39:28,43.70
O00017998,U009758,14-07-2024,09:44:05,43.70
O00001563,U006754,14-08-2025,19:45:32,43.64
O00008363,U009043,20-06-2024,10:23:38,43.64
O00008564,U009521,13-08-2025,08:43:28,43.64
O00016439,U003675,30-08-2024,06:51:33,43.64
O00004032,U000755,11-06-2024,12:11:00,43.57
O00016125,U005577,04-02-2024,20:26:18,43.57
O00013781,U005383,20-03-2025,07:26:34,43.47
O00000265,U007023,25-04-2024,16:31:20,43.46
O00011881,U001449,19-09-2025,04:24:25,43.43
O00003834,U001883,27-10-2025,22:35:21,43.42
O00004905,U001967,07-09-2025,09:07:30,43.40
O00012910,U005211,05-08-2025,17:36:34,43.40
O00014662,U003565,22-09-2025,06:21:34,43.40
O00000650,U002065,06-04-2024,18:44:24,43.39
O00013816,U009022,02-06-2025,15:47:59,43.39
O00019842,U005008,25-09-2025,22:48:32,43.39
O00001387,U008924,13-02-2024,23:03:07,43.35
O00001406,U004871,04-02-2025,08:35:00,43.35
O00006971,U005660,22-08-2024,18:36:44,43.35
O00006995,U008017,28-04-2024,15:44:19,43.35
O00010156,U000090,23-09-2025,05:44:43,43.35
O00016202,U008230,13-05-2024,03:11:01,43.35
O00016654,U001872,08-04-2024,00:25:45,43.35
O00019006,U002795,30-10-2024,01:20:03,43.35
O00019748,U000180,21-03-2025,09:31:39,43.35
O00004461,U004779,14-06-2025,01:52:13,43.24
O00006899,U001204,24-06-2024,21:45:40,43.24
O00008004,U009411,22-08-2025,19:13:13,43.24
O00016717,U004151,13-12-2024,01:41:49,43.24
O00003806,U001196,01-09-2024,02:10:53,43.13
O00006134,U003165,30-10-2024,00:15:17,43.13
O00010177,U004933,10-03-2024,22:35:19,43.13
O00011903,U006633,08-07-2024,02:01:12,43.13
O00012781,U006426,25-10-2024,07:21:56,43.13
O00018803,U005779,13-09-2024,01:59:43,43.13
O00018860,U006948,26-08-2024,01:03:08,43.13
O00013019,U001856,28-07-2024,20:12:28,43.11
O00015113,U002249,23-08-2025,20:55:41,43.04
O00013237,U001829,25-11-2024,10:07:54,43.01
O00008766,U008352,05-06-2025,17:17:14,42.92
O00011478,U003563,05-04-2024,07:30:41,42.92
O00004797,U000494,09-04-2025,16:59:48,42.91
O00013147,U003626,25-02-2024,14:34:22,42.91
O00015237,U002150,25-08-2024,19:27:41,42.91
O00016491,U004830,09-07-2025,08:40:45,42.91
O00016952,U008674,05-02-2025,05:59:54,42.91
O00006084,U000819,26-02-2024,07:04:57,42.78
O00004145,U007802,29-05-2025,16:39:39,42.76
O00008611,U007035,14-06-2024,21:52:13,42.76
O00015324,U005977,16-06-2024,13:47:43,42.76
O00019277,U007792,18-05-2025,16:51:26,42.76
O00006023,U003290,23-08-2025,19:50:58,42.74
O00009324,U004790,31-05-2025,23:12:19,42.74
O00011844,U002660,05-11-2025,08:11:18,42.69
O00014909,U000021,18-04-2024,08:55:55,42.64
O00002194,U002026,23-08-2024,06:41:11,42.63
O00019255,U005576,23-03-2024,23:33:30,42.60
O00009227,U004386,20-05-2024,06:13:14,42.57
O00015783,U007898,02-06-2024,04:08:47,42.57
O00017182,U001818,15-10-2025,07:48:48,42.57
O00015296,U003645,24-10-2025,06:41:04,42.55
O00003465,U001806,18-01-2024,06:34:41,42.50
O00013507,U000754,07-01-2025,04:21:14,42.50
O00018548,U001611,01-08-2024,05:41:44,42.50
O00008459,U001202,24-09-2025,00:50:45,42.48
O00017724,U009338,21-01-2024,19:37:43,42.48
O00019161,U005660,11-07-2025,11:12:19,42.48
O00001758,U009708,03-06-2025,08:42:16,42.47
O00010013,U001360,23-11-2024,11:15:08,42.47
O00010519,U004598,14-06-2024,15:08:41,42.47
O00014837,U000368,09-09-2025,04:16:46,42.47
O00016185,U009065,11-02-2024,05:47:35,42.47
O00008899,U000107,17-07-2025,13:52:00,42.45
O00009670,U003307,01-04-2025,02:53:51,42.45
O00015373,U008955,07-09-2025,18:58:26,42.45
O00010681,U008559,17-02-2025,11:31:56,42.40
O00019164,U009184,15-05-2025,08:49:28,42.40
O00006089,U000023,18-11-2024,17:52:45,42.37
O00000317,U003924,05-08-2025,18:32:11,42.36
O00005749,U002395,02-08-2024,16:49:13,42.35
O00014073,U007881,27-10-2025,03:02:05,42.31
O00002614,U001425,14-11-2025,15:38:10,42.30
O00006601,U008727,14-03-2024,19:44:38,42.25
O00017120,U005913,27-03-2024,13:43:04,42.24
O00001289,U002276,17-08-2024,22:54:34,42.19
O00004660,U004335,06-10-2024,05:52:04,42.19
O00005366,U000437,07-05-2025,01:36:50,42.19
O00015559,U000082,28-02-2025,02:56:22,42.19
O00016664,U003034,10-02-2024,17:55:11,42.19
O00016855,U006457,19-04-2025,02:05:56,42.19
O00017393,U003981,10-08-2025,17:58:33,42.16
O00003600,U000261,06-02-2024,06:28:14,42.15
O00005612,U007561,18-06-2024,05:46:55,42.15
O00011442,U001107,21-06-2024,15:00:41,42.15
O00016063,U006569,10-03-2025,03:11:09,42.15
O00018432,U004614,27-09-2025,10:55:37,42.15
O00019816,U001440,16-06-2025,19:27:35,42.15
O00002323,U001177,23-06-2024,03:11:23,42.04
O00017128,U000751,30-05-2025,23:09:21,42.00
O00018506,U002650,09-03-2025,08:45:23,42.00
O00019498,U005357,09-06-2025,10:18:31,41.84
O00000783,U001481,09-06-2025,22:58:43,41.75
O00007688,U007731,09-07-2024,02:11:53,41.68
O00019210,U006367,24-10-2025,03:37:45,41.66
O00008680,U009313,03-06-2024,18:38:52,41.58
O00004084,U003798,09-05-2024,07:45:39,41.57
O00013319,U008550,24-02-2024,16:31:55,41.57
O00014111,U000156,22-01-2025,02:37:29,41.57
O00009876,U009913,09-07-2024,00:45:32,41.55
O00015530,U002312,29-07-2025,14:45:18,41.55
O00007008,U002383,26-01-2024,05:58:44,41.54
O00012262,U005151,26-10-2025,00:00:32,41.54
O00001996,U005217,01-09-2025,18:20:54,41.51
O00009210,U000950,07-03-2025,05:21:44,41.51
O00015203,U001056,27-03-2024,00:44:49,41.51
O00015542,U003100,27-04-2025,02:39:28,41.51
O00004264,U000329,16-11-2024,18:40:38,41.49
O00011978,U001361,19-03-2024,09:30:26,41.49
O00017558,U009826,16-02-2024,11:52:39,41.49
O00000951,U006020,21-02-2024,17:35:02,41.48
O00019937,U006556,10-06-2024,10:10:22,41.48
O00001288,U000265,09-05-2025,06:32:48,41.44
O00008755,U001010,22-12-2024,22:32:15,41.44
O00010404,U008042,02-09-2025,09:43:55,41.44
O00012805,U005618,28-06-2025,15:51:02,41.44
O00014644,U007701,27-03-2025,01:06:06,41.44
O00015173,U002103,26-12-2024,05:44:39,41.44
O00016479,U008013,03-12-2024,22:45:33,41.44
O00017011,U000330,20-04-2025,05:46:58,41.44
O00016128,U004042,16-01-2025,18:09:20,41.42
O00013201,U009679,11-01-2024,11:18:57,41.36
O00002963,U007315,17-04-2024,22:22:12,41.30
O00013324,U007512,12-08-2024,12:24:39,41.27
O00011140,U003357,19-08-2024,15:13:28,41.23
O00013668,U005623,29-09-2024,18:53:56,41.19
O00001834,U004172,26-07-2024,14:46:00,41.15
O00006517,U003166,03-04-2024,11:10:20,41.15
O00014387,U001351,23-08-2025,14:19:49,41.12
O00004111,U001777,28-09-2024,20:51:55,40.92
O00014544,U008747,22-04-2025,02:40:14,40.92
O00018674,U004889,15-09-2025,10:39:42,40.92
O00019011,U005952,06-04-2024,13:25:46,40.92
O00019917,U004778,11-11-2025,21:02:56,40.92
O00010238,U002669,02-02-2024,10:23:00,40.84
O00010724,U001266,08-08-2024,15:53:12,40.84
O00017029,U003999,16-06-2024,00:52:40,40.84
O00003594,U008694,25-02-2025,01:26:54,40.82
O00007620,U004734,24-08-2024,03:16:53,40.82
O00008336,U003353,24-06-2025,02:46:46,40.80
O00012311,U006415,16-01-2025,15:07:37,40.80
O00015148,U006306,09-08-2025,22:03:01,40.80
O00016277,U001813,08-04-2025,22:42:56,40.80
O00018371,U007057,13-09-2024,18:11:57,40.80
O00019726,U001263,02-06-2025,05:07:16,40.80
O00005313,U005516,16-10-2025,20:21:30,40.79
O00005835,U006220,30-05-2025,11:31:32,40.79
O00012713,U007974,31-01-2024,16:19:50,40.79
O00019713,U003277,23-01-2024,21:04:10,40.79
O00004798,U007753,06-07-2025,06:50:27,40.77
O00005702,U004570,22-01-2024,02:29:21,40.77
O00008517,U002730,14-04-2024,18:10:34,40.72
O00010830,U005340,06-05-2025,15:22:02,40.72
O00010886,U007980,28-10-2025,13:00:26,40.72
O00017023,U002747,23-08-2025,19:24:26,40.72
O00005774,U000707,12-08-2025,15:05:01,40.71
O00010052,U005243,29-08-2025,13:39:28,40.71
O00013247,U006926,24-04-2024,09:30:52,40.71
O00015702,U000306,24-06-2025,17:28:03,40.71
O00000920,U006869,31-08-2024,18:52:21,40.70
O00005149,U000780,20-05-2025,02:53:48,40.70
O00007569,U000977,14-05-2025,23:47:19,40.70
O00016579,U000463,24-05-2024,16:31:08,40.70
O00018696,U005936,01-05-2025,10:55:04,40.70
O00018804,U003931,08-02-2025,22:44:28,40.70
O00004695,U008209,24-10-2024,03:31:12,40.64
O00006514,U007798,27-03-2025,22:32:37,40.64
O00013194,U003688,18-01-2025,12:05:14,40.64
O00007479,U001297,10-07-2024,16:40:33,40.62
O00004640,U009140,16-06-2025,23:21:25,40.60
O00016312,U004950,15-10-2024,03:24:48,40.60
O00018140,U007554,31-01-2025,23:48:27,40.58
O00006461,U001216,15-12-2024,19:28:59,40.57
O00000977,U004853,02-02-2025,10:38:19,40.54
O00002292,U002725,19-08-2024,08:22:18,40.54
O00007577,U003750,15-02-2024,19:40:33,40.54
O00009675,U003109,25-06-2025,23:42:16,40.54
O00014592,U002936,03-08-2024,19:15:50,40.54
O00017966,U002245,05-01-2025,23:54:53,40.54
O00002024,U003707,22-03-2025,03:24:58,40.51
O00015604,U007144,25-07-2025,10:25:53,40.47
O00006471,U004439,06-03-2024,09:41:41,40.46
O00006506,U001303,17-07-2024,08:34:11,40.46
O00016227,U001354,29-01-2025,18:45:58,40.46
O00004381,U006445,17-02-2024,22:04:34,40.38
O00008202,U001560,25-12-2024,08:14:36,40.38
O00011028,U006814,28-04-2025,04:20:11,40.38
O00016718,U004990,16-02-2025,15:22:22,40.38
O00017499,U007510,25-02-2025,19:06:29,40.38
O00019514,U006660,17-06-2024,08:59:54,40.36
O00019534,U003281,11-04-2025,07:13:03,40.36
O00019635,U005328,10-01-2025,04:18:26,40.36
O00003383,U007276,04-01-2025,09:45:22,40.30
O00007278,U005585,10-08-2024,00:35:10,40.28
O00018227,U008884,20-02-2024,07:31:17,40.28
O00008151,U007754,06-08-2025,17:16:47,40.26
O00001239,U004346,31-07-2025,07:25:39,40.24
O00002220,U009088,07-01-2025,13:13:41,40.24
O00004050,U006414,06-05-2025,10:49:30,40.24
O00007865,U003413,30-01-2025,22:42:24,40.24
O00015462,U003622,30-03-2024,15:25:28,40.24
O00017679,U002272,20-12-2024,08:05:24,40.24
O00002663,U005310,26-03-2025,00:24:40,40.14
O00017691,U005329,28-10-2024,01:10:11,40.14
O00000890,U003349,03-09-2024,16:59:19,40.12
O00006972,U002260,17-07-2025,08:15:27,40.03
O00007392,U006146,27-01-2025,04:25:52,40.03
O00011165,U001881,30-01-2025,05:17:13,40.03
O00013801,U005449,21-07-2025,05:16:37,40.03
O00018239,U007308,06-07-2024,12:48:51,40.03
O00018709,U006066,29-08-2025,18:38:01,40.03
O00012394,U004649,26-04-2025,11:05:49,40.02
O00015814,U009380,07-04-2024,05:30:27,40.02
O00001066,U000927,09-03-2025,02:51:52,40.00
O00005128,U009205,12-09-2024,06:50:34,40.00
O00008347,U008827,02-05-2025,22:37:19,40.00
O00012944,U009732,09-06-2025,11:06:18,40.00
O00018318,U009462,28-09-2024,07:43:54,39.99
O00013458,U006091,10-05-2024,09:09:38,39.98
O00003242,U004656,26-09-2025,03:16:58,39.96
O00017141,U003906,14-08-2025,01:04:37,39.96
O00019431,U005529,30-07-2025,10:01:49,39.96
O00013907,U007573,21-08-2025,04:16:46,39.87
O00006597,U005600,13-12-2024,01:58:23,39.84
O00018062,U000881,09-05-2025,18:26:53,39.79
O00004494,U004990,10-10-2025,11:22:56,39.60
O00019491,U009478,06-09-2025,08:25:23,39.60
O00019793,U004783,12-01-2024,07:51:40,39.60
O00015486,U004030,18-05-2024,18:49:29,39.59
O00006753,U003750,11-02-2025,13:23:13,39.52
O00002902,U006569,04-10-2024,23:15:31,39.42
O00016630,U005641,27-05-2025,20:28:35,39.39
O00000363,U000296,27-10-2025,21:44:05,39.34
O00003574,U003351,11-07-2025,04:53:47,39.34
O00009742,U003928,21-08-2025,07:47:52,39.34
O00017980,U004187,26-05-2025,23:30:22,39.34
O00015032,U006682,06-07-2025,02:44:55,39.32
O00004679,U000491,27-11-2024,10:54:02,39.15
O00016686,U001652,30-06-2024,11:44:04,39.15
O00018897,U008519,20-06-2025,13:37:49,39.15
O00009291,U006788,16-02-2024,19:37:53,39.12
O00008429,U001435,04-02-2025,06:36:21,39.07
O00000402,U006071,08-06-2024,01:00:52,39.02
O00004345,U004894,17-05-2024,20:53:31,39.02
O00007315,U006436,20-08-2024,00:48:40,39.02
O00009108,U002188,01-08-2025,09:14:41,39.02
O00010573,U006865,15-04-2024,06:57:28,39.02
O00015328,U000212,02-03-2025,06:49:26,39.02
O00000128,U000975,09-04-2024,03:14:13,39.00
O00000654,U000745,29-07-2024,17:05:20,39.00
O00003830,U001052,03-05-2025,23:58:37,39.00
O00019589,U000869,02-08-2024,12:45:29,39.00
O00013162,U003147,05-02-2024,10:32:05,38.92
O00009549,U006162,13-05-2025,19:39:18,38.84
O00000235,U008662,29-12-2024,00:52:40,38.82
O00007578,U006020,30-12-2024,19:21:50,38.80
O00007079,U008230,23-10-2025,03:09:25,38.79
O00012751,U000795,26-11-2024,07:23:36,38.79
O00004597,U007046,14-04-2024,13:53:10,38.70
O00014481,U000656,23-02-2024,10:59:54,38.70
O00018365,U007827,12-06-2025,08:10:07,38.70
O00000181,U006833,19-06-2024,01:56:31,38.58
O00001495,U003871,09-05-2025,04:01:21,38.54
O00001809,U009712,07-09-2024,01:50:44,38.54
O00005398,U009799,11-11-2025,02:13:44,38.54
O00006536,U001580,09-09-2024,09:51:51,38.54
O00012105,U008649,22-11-2024,05:47:09,38.54
O00018123,U000856,03-08-2025,18:26:09,38.54
O00011081,U000573,09-06-2024,09:04:08,38.53
O00019767,U008873,25-06-2025,01:02:32,38.53
O00006198,U001990,21-01-2024,21:22:38,38.44
O00012076,U009553,14-09-2024,15:34:05,38.43
O00004152,U000689,06-07-2024,23:59:19,38.42
O00016099,U001040,27-11-2024,19:45:57,38.39
O00016184,U006672,28-03-2024,03:40:15,38.38
O00017268,U002465,19-05-2024,19:34:29,38.34
O00002174,U006492,04-07-2024,13:17:59,38.32
O00008489,U003983,01-08-2024,19:34:13,38.32
O00009478,U004522,15-10-2025,13:43:42,38.32
O00013397,U007563,05-06-2025,16:58:38,38.31
O00016297,U003262,07-05-2025,02:22:46,38.31
O00018501,U002304,24-09-2024,13:28:35,38.30
O00008761,U009459,04-01-2024,06:58:51,38.28
O00015115,U005667,31-07-2025,16:21:18,38.21
O00019841,U005152,26-12-2024,17:43:52,38.21
O00002511,U007593,27-07-2024,08:15:07,38.18
O00008570,U007872,22-04-2025,13:52:07,38.18
O00015920,U004999,05-01-2024,07:22:31,38.18
O00018727,U007396,26-10-2025,06:28:58,38.18
O00019383,U006857,27-07-2025,08:44:49,38.18
O00017864,U004281,18-08-2024,14:06:08,38.16
O00004386,U005727,16-01-2024,03:11:14,38.14
O00007468,U009486,05-05-2024,07:28:07,38.11
O00012849,U001834,22-11-2024,18:56:00,38.11
O00019608,U000645,22-07-2025,20:08:51,38.11
O00010001,U005540,27-03-2024,13:14:20,38.10
O00007864,U000691,06-10-2024,23:36:12,38.06
O00006398,U003202,29-07-2024,21:54:59,37.95
O00009181,U000065,12-08-2024,08:13:51,37.90
O00015312,U005512,09-04-2024,17:06:02,37.90
O00019183,U002116,24-01-2025,12:25:29,37.90
O00017426,U004227,30-01-2025,13:49:14,37.84
O00017476,U006386,11-08-2025,19:31:47,37.84
O00005604,U000019,01-01-2024,17:17:11,37.80
O00007875,U000818,10-04-2024,05:06:57,37.80
O00014450,U006577,29-06-2025,17:21:32,37.80
O00005904,U000654,04-07-2024,18:14:39,37.78
O00002166,U004751,27-11-2024,21:42:59,37.71
O00015987,U000401,23-05-2024,04:15:31,37.71
O00016474,U002518,06-02-2024,21:37:48,37.69
O00019521,U004211,28-03-2024,00:52:02,37.69
O00002707,U000613,15-02-2024,06:59:10,37.59
O00003356,U009085,25-09-2025,23:31:24,37.59
O00015549,U003198,16-03-2025,05:11:50,37.59
O00016233,U004548,23-01-2024,09:13:17,37.58
O00017102,U005063,03-01-2024,14:44:25,37.58
O00003460,U007222,10-09-2025,06:30:10,37.56
O00007001,U001666,23-08-2024,23:27:00,37.56
O00012593,U004487,23-10-2025,12:43:19,37.56
O00011939,U007392,25-06-2024,15:01:54,37.54
O00014840,U000206,03-10-2024,07:57:46,37.54
O00004090,U009794,07-09-2024,02:43:54,37.40
O00006049,U005840,04-08-2025,08:25:11,37.40
O00008636,U004959,22-01-2025,01:45:18,37.40
O00009676,U007596,14-01-2024,10:21:27,37.33
O00018235,U004576,11-11-2024,08:46:46,37.30
O00009419,U002721,18-01-2024,05:51:50,37.23
O00009510,U001005,22-05-2025,17:01:27,37.23
O00012134,U002919,15-07-2025,03:27:50,37.23
O00016529,U003905,28-01-2024,03:32:20,37.23
O00019027,U004139,13-02-2024,14:31:47,37.23
O00009651,U003268,18-09-2024,20:00:41,37.22
O00018112,U002646,17-08-2025,22:01:57,37.22
O00004839,U004329,26-01-2024,18:49:48,37.20
O00006907,U006437,07-06-2024,02:03:54,37.14
O00018110,U000824,12-10-2025,11:45:55,37.03
O00009081,U004273,17-08-2025,01:51:34,37.02
O00009799,U001170,30-11-2024,17:26:18,37.02
O00016886,U002540,07-04-2025,02:20:48,37.02
O00012691,U005338,17-03-2025,05:46:55,37.01
O00015232,U006954,28-11-2024,23:03:00,37.01
O00001324,U002917,31-07-2024,15:07:03,36.97
O00016390,U000672,29-10-2024,03:13:07,36.95
O00018597,U002002,05-03-2025,03:55:40,36.95
O00007491,U006057,22-05-2025,05:42:34,36.94
O00011739,U004208,02-04-2025,09:05:49,36.94
O00015078,U003289,19-04-2025,05:12:32,36.94
O00000537,U003223,12-12-2024,20:52:13,36.92
O00000855,U004723,13-04-2025,05:50:07,36.92
O00001968,U002436,20-04-2025,05:27:19,36.92
O00001517,U009160,11-05-2024,16:34:44,36.90
O00004025,U005431,19-04-2025,04:00:26,36.72
O00009910,U000193,27-01-2024,21:01:25,36.64
O00000131,U000130,24-01-2025,23:34:39,36.54
O00003335,U004471,29-01-2024,02:53:07,36.54
O00002998,U002882,28-05-2024,13:13:57,36.53
O00007667,U006199,02-01-2024,09:13:07,36.53
O00013638,U005252,05-10-2025,01:02:08,36.53
O00002399,U000677,14-01-2024,03:38:11,36.52
O00009195,U008530,07-07-2025,14:12:57,36.52
O00011601,U005406,21-08-2025,13:43:09,36.52
O00013092,U005859,29-12-2024,15:40:18,36.52
O00014243,U007634,20-07-2025,07:30:14,36.52
O00018811,U003686,29-04-2024,23:55:42,36.52
O00006436,U002438,31-10-2024,13:20:23,36.51
O00003711,U004177,09-10-2025,14:32:15,36.47
O00017688,U000974,12-08-2024,16:13:05,36.46
O00001798,U005975,16-05-2025,13:21:14,36.42
O00001938,U008359,22-08-2025,13:36:09,36.42
O00004789,U003543,23-09-2024,03:38:29,36.42
O00008349,U008333,15-06-2024,20:00:26,36.42
O00008885,U009526,25-05-2025,11:40:15,36.42
O00009723,U007453,27-01-2025,19:37:05,36.42
O00019015,U008204,09-01-2025,17:30:23,36.42
O00007243,U003523,09-03-2025,05:38:07,36.40
O00018386,U005844,01-03-2024,17:17:15,36.40
O00009373,U000928,22-05-2025,06:38:29,36.36
O00014705,U006459,20-09-2025,07:31:35,36.36
O00003592,U006643,11-08-2025,02:15:25,36.34
O00006175,U003344,01-02-2025,02:16:34,36.34
O00006296,U003274,09-01-2025,03:32:39,36.34
O00009354,U002688,30-10-2024,18:01:15,36.34
O00017938,U008465,22-02-2025,14:05:29,36.34
O00019470,U008270,19-07-2024,19:37:50,36.34
O00015019,U005955,09-03-2025,05:24:08,36.33
O00010289,U006947,30-07-2025,17:59:51,36.32
O00013070,U005732,02-01-2024,14:35:56,36.32
O00019062,U002070,01-02-2024,14:19:34,36.30
O00012316,U003971,24-09-2024,00:42:11,36.27
O00006287,U002913,24-08-2024,21:57:15,36.26
O00009917,U005190,06-03-2025,04:32:49,36.20
O00012928,U007500,22-01-2024,05:01:54,36.20
O00016922,U007496,18-10-2025,13:57:10,36.20
O00017488,U001644,18-06-2025,16:53:22,36.20
O00005512,U009495,24-07-2024,23:59:42,36.16
O00009129,U004558,11-05-2024,18:35:12,36.16
O00013889,U005076,16-06-2025,09:16:56,36.16
O00003966,U005538,16-05-2025,06:16:49,36.08
O00014734,U008699,02-11-2025,16:09:18,36.00
O00006639,U006358,31-01-2024,23:54:12,35.82
O00009165,U002157,24-08-2024,14:59:03,35.82
O00010032,U002917,27-04-2025,14:56:08,35.82
O00010497,U009194,26-02-2025,11:43:59,35.82
O00017803,U009453,05-11-2025,01:16:34,35.82
O00007483,U002824,05-10-2024,04:26:35,35.77
O00003861,U007368,06-06-2024,12:19:49,35.75
O00000384,U007191,11-07-2024,18:27:10,35.56
O00007924,U008721,31-07-2025,05:42:15,35.56
O00010560,U006100,18-06-2025,02:02:02,35.56
O00018718,U009960,21-08-2024,13:17:50,35.56
O00000196,U008992,27-04-2025,10:05:34,35.46
O00004823,U005078,03-02-2025,20:50:19,35.41
O00008206,U001529,15-01-2024,03:45:58,35.41
O00008704,U008357,23-07-2025,00:13:47,35.41
O00010400,U003650,11-03-2025,14:18:19,35.41
O00012607,U003032,30-03-2025,14:32:58,35.41
O00006073,U004684,24-02-2024,04:35:12,35.40
O00015989,U002763,27-11-2024,15:12:08,35.34
O00017940,U000989,04-05-2024,03:05:43,35.34
O00012099,U006132,26-03-2024,13:51:19,35.30
O00001136,U006949,08-03-2024,21:50:43,35.24
O00008109,U009243,01-08-2025,05:57:21,35.24
O00010090,U004757,24-09-2025,04:26:55,35.24
O00011588,U005884,03-09-2025,03:36:30,35.24
O00000134,U004675,04-09-2024,21:21:10,35.22
O00005893,U002377,28-08-2024,16:38:46,35.20
O00019938,U004854,08-11-2024,12:27:52,35.20
O00000853,U000117,16-09-2024,19:29:29,35.14
O00011226,U005334,07-01-2024,01:51:44,35.10
O00008500,U006860,27-10-2025,21:06:17,35.02
O00018777,U007499,19-02-2024,01:29:05,35.00
O00001547,U000484,20-07-2024,21:47:03,34.96
O00016879,U006818,07-01-2024,10:14:55,34.96
O00001123,U008188,08-10-2025,14:01:06,34.94
O00003179,U008516,24-09-2025,16:48:27,34.94
O00008403,U007879,19-12-2024,09:21:02,34.78
O00005218,U000565,07-09-2024,07:46:43,34.77
O00005278,U005082,09-11-2025,20:08:12,34.71
O00009990,U009680,23-03-2025,07:56:43,34.71
O00008643,U001517,08-08-2024,22:31:35,34.69
O00001810,U000624,29-01-2025,19:11:29,34.59
O00016341,U009763,08-04-2024,00:15:21,34.59
O00018531,U007866,03-08-2024,18:15:35,34.59
O00002805,U006100,08-02-2025,05:20:32,34.58
O00005933,U002309,03-06-2025,05:40:26,34.58
O00015939,U001178,03-05-2025,09:16:50,34.58
O00012255,U004033,19-07-2025,04:51:38,34.56
O00001102,U000183,05-02-2025,22:25:33,34.44
O00019019,U002189,12-03-2024,00:29:15,34.40
O00008246,U001557,16-10-2024,05:24:10,34.32
O00010867,U008986,08-10-2024,05:16:36,34.32
O00016530,U006462,06-09-2025,01:20:51,34.32
O00017603,U006972,12-11-2025,04:09:44,34.32
O00015578,U008600,10-01-2025,01:50:02,34.28
O00018052,U009594,05-12-2024,08:15:31,34.28
O00018902,U002399,14-09-2025,08:43:03,34.28
O00019016,U008006,08-06-2025,17:19:28,34.28
O00019487,U008691,17-04-2024,21:14:08,34.28
O00012627,U003009,02-09-2025,15:57:38,34.26
O00003133,U006380,30-04-2025,14:24:02,34.17
O00018733,U003105,01-05-2025,17:26:04,34.17
O00005751,U009689,29-10-2025,00:22:47,34.13
O00007557,U001695,04-10-2025,00:18:02,34.13
O00016463,U004936,28-03-2024,17:28:56,34.13
O00003288,U006394,12-03-2024,20:53:52,34.12
O00009744,U005466,15-10-2024,16:36:46,34.12
O00013928,U002516,11-05-2024,00:19:31,34.12
O00005944,U005958,27-08-2024,22:43:15,34.11
O00017067,U003699,14-01-2025,07:03:47,34.10
O00019103,U002773,24-06-2025,08:10:24,34.06
O00007089,U001318,18-01-2025,02:30:28,34.02
O00011460,U008287,15-08-2025,01:48:18,34.00
O00014493,U001401,02-06-2024,17:02:59,34.00
O00008781,U004487,01-09-2025,13:59:58,33.99
O00010326,U006247,21-08-2024,23:44:55,33.99
O00011065,U003837,25-11-2024,23:56:16,33.99
O00011137,U001841,10-09-2024,08:53:28,33.99
O00013739,U003228,03-11-2025,22:40:11,33.99
O00018153,U006126,20-01-2024,22:25:22,33.93
O00018301,U001855,09-11-2024,04:58:04,33.93
O00007535,U002619,25-11-2024,20:24:51,33.86
O00016827,U003471,01-11-2024,22:00:28,33.86
O00017972,U002771,17-02-2024,12:34:19,33.84
O00016841,U009811,14-04-2024,12:17:12,33.83
O00014322,U000217,15-12-2024,14:23:19,33.80
O00006616,U002785,27-06-2025,03:40:20,33.76
O00011455,U004198,16-06-2025,00:34:58,33.76
O00002956,U001754,12-04-2024,08:55:36,33.72
O00002216,U006820,23-03-2025,16:53:55,33.58
O00011491,U000891,11-08-2024,22:59:36,33.58
O00009843,U002130,29-05-2024,15:52:24,33.49
O00003508,U006144,24-03-2024,14:53:18,33.41
O00012151,U001802,09-01-2024,04:58:13,33.41
O00013009,U004375,08-08-2025,00:20:31,33.29
O00007157,U001279,19-12-2024,12:28:44,33.22
O00003762,U002449,27-08-2024,16:19:49,33.17
O00014184,U000303,17-10-2025,15:09:53,33.17
O00006185,U000618,30-08-2024,19:53:41,33.16
O00008061,U001522,21-06-2024,22:39:28,33.16
O00000897,U001264,18-06-2024,19:30:07,33.11
O00012936,U008412,30-09-2025,15:51:03,33.11
O00014687,U006333,21-05-2024,02:37:45,33.11
O00016608,U006346,07-07-2024,18:40:10,33.11
O00006780,U008859,01-10-2024,11:24:48,33.10
O00003841,U000342,01-01-2025,13:16:46,33.06
O00014225,U005241,11-06-2024,14:09:51,33.06
O00005042,U003514,19-02-2025,12:24:06,33.05
O00006996,U007046,29-07-2025,01:27:17,33.05
O00006856,U008202,29-07-2025,13:04:24,33.04
O00003564,U005058,05-11-2025,01:14:27,33.02
O00004598,U002676,26-06-2025,03:33:24,33.02
O00008813,U009051,18-09-2025,01:12:41,33.02
O00013576,U005855,12-01-2024,12:25:16,33.02
O00017389,U004961,28-07-2024,18:18:48,33.02
O00000696,U007447,19-06-2024,16:51:04,33.00
O00001229,U003629,24-06-2025,21:27:15,33.00
O00008447,U000379,23-10-2024,00:29:58,33.00
O00011405,U000545,16-05-2024,18:55:40,33.00
O00011969,U001321,18-09-2024,19:10:26,33.00
O00012023,U007591,05-06-2024,21:28:08,32.96
O00013428,U000312,06-03-2024,16:28:16,32.96
O00013272,U001042,15-03-2025,13:00:12,32.90
O00015274,U001852,01-01-2024,04:54:30,32.90
O00009428,U003890,10-04-2024,10:30:21,32.88
O00010100,U007954,22-02-2024,18:57:27,32.85
O00001118,U001249,30-10-2024,20:31:01,32.78
O00003214,U006225,13-10-2025,20:51:07,32.78
O00009748,U000977,24-06-2024,05:15:04,32.78
O00015879,U004159,17-06-2025,08:31:12,32.78
O00016176,U005165,10-12-2024,13:32:49,32.78
O00002115,U007783,08-05-2025,10:03:40,32.73
O00003651,U004105,11-02-2024,05:33:22,32.73
O00010871,U006490,24-06-2024,04:13:44,32.73
O00001267,U002948,01-02-2024,07:57:29,32.70
O00014027,U004825,13-09-2025,17:52:40,32.69
O00016542,U004973,04-10-2025,18:03:26,32.69
O00007970,U000342,17-12-2024,05:12:47,32.63
O00008223,U009367,03-10-2025,15:18:28,32.63
O00000156,U004571,08-07-2024,17:17:05,32.48
O00002804,U000401,13-03-2024,21:14:48,32.46
O00004195,U004975,09-03-2024,22:03:59,32.46
O00006167,U002267,08-10-2024,08:36:02,32.46
O00012409,U009006,06-02-2025,23:48:12,32.46
O00005463,U003665,18-06-2024,16:44:17,32.43
O00008018,U004944,03-06-2025,20:40:51,32.43
O00013263,U004477,19-03-2024,14:44:16,32.43
O00001737,U006071,01-05-2024,11:14:45,32.42
O00014613,U003908,29-09-2025,20:37:06,32.42
O00014591,U004322,16-03-2024,05:40:02,32.33
O00001816,U007206,08-09-2024,14:23:20,32.31
O00011553,U006496,07-12-2024,05:14:57,32.25
O00001703,U009504,14-02-2025,04:37:05,32.16
O00006689,U003178,09-05-2025,01:26:02,32.16
O00009881,U008354,10-03-2024,08:03:21,32.16
O00012856,U002469,28-01-2024,08:12:09,32.16
O00015544,U007443,02-01-2025,10:40:08,32.16
O00006154,U007097,29-11-2024,21:41:15,32.15
O00017348,U008624,13-04-2024,09:52:12,32.15
O00000880,U001224,14-09-2025,11:30:40,32.13
O00016807,U007977,24-01-2025,08:46:19,32.13
O00001813,U005155,07-07-2025,18:51:02,32.11
O00002229,U006480,16-07-2024,08:25:26,32.11
O00006565,U003523,13-10-2024,22:13:02,32.11
O00007830,U003528,01-07-2025,10:00:38,32.11
O00011743,U004672,30-07-2024,11:50:54,32.11
O00019217,U008916,30-04-2024,23:06:26,32.11
O00006777,U006934,23-09-2024,18:45:07,32.10
O00011869,U006708,27-09-2024,10:16:11,32.09
O00019933,U005987,10-03-2025,16:54:03,32.09
O00018467,U003371,02-03-2024,04:20:12,32.08
O00007526,U007409,18-03-2024,22:25:31,32.07
O00015021,U002252,30-05-2025,15:12:37,32.07
O00016868,U004400,22-06-2025,05:51:54,32.07
O00006822,U008731,25-10-2025,18:34:35,32.06
O00011439,U007685,10-02-2024,03:36:29,32.06
O00013328,U009653,20-06-2025,01:14:49,32.06
O00013795,U003614,15-06-2025,14:19:05,32.06
O00009582,U008061,12-02-2025,11:50:41,32.02
O00010363,U003240,27-09-2025,10:51:07,32.02
O00018461,U005560,04-02-2024,06:42:34,32.02
O00019328,U005121,19-03-2025,22:13:39,32.02
O00019662,U008562,14-05-2024,13:10:45,32.02
O00005795,U009711,11-05-2024,00:56:34,31.98
O00006481,U006195,28-01-2024,03:29:56,31.98
O00012061,U007229,21-10-2025,01:09:48,31.98
O00017866,U003280,27-07-2024,04:23:17,31.98
O00003823,U009243,29-04-2025,09:06:53,31.95
O00000549,U001936,10-08-2025,11:16:17,31.94
O00009089,U004592,07-12-2024,03:53:47,31.94
O00003567,U009543,22-09-2025,23:10:11,31.87
O00009887,U000598,21-03-2024,07:24:27,31.74
O00000171,U001678,03-02-2024,11:25:21,31.72
O00001209,U006994,18-05-2025,14:34:20,31.72
O00007383,U002088,27-04-2024,05:27:33,31.70
O00012517,U001620,03-05-2025,05:12:32,31.70
O00017106,U007834,07-03-2025,04:23:37,31.70
O00017522,U001525,16-02-2024,01:53:51,31.70
O00019746,U006918,12-04-2024,06:26:10,31.70
O00006728,U006811,21-08-2025,04:27:15,31.57
O00008165,U004393,17-03-2024,07:13:54,31.57
O00018206,U005610,29-07-2025,07:56:25,31.57
O00005213,U002177,18-07-2024,12:56:57,31.47
O00015505,U004255,23-04-2025,06:41:11,31.44
O00019218,U002431,12-10-2024,04:55:59,31.44
O00000355,U008572,20-06-2025,06:12:16,31.43
O00004975,U005372,13-02-2025,09:37:13,31.43
O00000058,U002279,16-09-2024,16:27:35,31.39
O00005037,U006564,04-02-2025,06:30:05,31.39
O00006239,U007012,07-07-2025,15:24:19,31.39
O00009469,U004658,07-10-2025,17:09:11,31.39
O00013432,U005278,24-07-2024,13:14:24,31.39
O00003658,U000115,08-05-2024,22:34:34,31.35
O00010430,U000588,02-01-2024,04:34:17,31.35
O00013960,U006861,30-09-2024,15:26:56,31.35
O00015504,U001938,22-11-2024,21:41:49,31.35
O00010155,U008029,14-06-2024,01:51:48,31.32
O00011845,U000642,14-01-2025,08:24:39,31.32
O00000996,U009560,17-01-2025,04:26:42,31.28
O00004331,U006177,11-09-2025,16:28:34,31.28
O00006116,U009904,11-11-2025,02:07:57,31.28
O00010866,U007735,14-05-2024,14:41:46,31.28
O00014668,U006845,13-01-2025,02:09:33,31.28
O00002795,U005744,04-03-2025,03:34:33,31.26
O00015957,U009368,26-02-2025,01:36:18,31.26
O00010172,U009094,04-05-2025,19:50:50,31.24
O00003570,U002697,18-01-2025,16:32:12,31.17
O00005495,U009690,27-10-2024,06:12:30,31.17
O00011305,U000280,21-06-2024,15:46:48,31.17
O00015913,U006328,09-06-2025,10:12:00,31.08
O00012918,U009552,14-10-2025,07:36:26,31.05
O00004813,U006526,11-12-2024,19:01:14,31.04
O00013029,U004360,20-01-2024,21:46:14,31.04
O00014162,U006820,21-02-2025,16:50:04,31.04
O00017019,U003874,23-08-2024,10:25:03,31.04
O00017720,U002696,23-07-2025,23:49:24,31.04
O00019376,U003175,15-04-2024,19:58:37,31.04
O00018815,U008565,07-08-2025,21:28:05,30.87
O00013690,U008303,14-05-2025,17:56:14,30.82
O00007374,U006760,21-06-2024,11:58:49,30.81
O00007460,U003005,07-04-2024,00:20:57,30.81
O00011108,U003150,11-07-2024,08:56:47,30.81
O00011916,U000375,11-12-2024,02:51:31,30.81
O00012185,U008685,04-02-2024,05:35:24,30.81
O00014270,U000086,09-07-2025,13:38:22,30.81
O00019067,U003497,01-04-2024,09:14:36,30.81
O00001233,U008347,15-12-2024,21:29:38,30.77
O00006332,U002004,21-03-2025,18:33:48,30.77
O00008707,U001686,27-05-2024,00:42:34,30.77
O00014726,U001074,03-06-2024,01:41:59,30.77
O00015512,U005392,17-05-2025,07:55:58,30.77
O00017857,U006603,27-01-2024,23:34:30,30.77
O00008795,U005575,12-09-2025,09:43:28,30.76
O00010974,U009262,28-10-2024,21:30:59,30.76
O00011734,U004830,18-02-2025,19:33:14,30.76
O00012245,U000368,20-02-2024,20:37:20,30.72
O00000364,U002058,14-05-2025,20:52:45,30.66
O00001874,U002838,19-02-2024,19:59:42,30.59
O00008982,U004638,24-01-2025,05:04:02,30.59
O00012777,U006519,20-07-2024,22:28:03,30.59
O00018952,U003182,27-06-2025,00:15:01,30.59
O00019503,U002438,06-02-2025,14:30:31,30.59
O00019706,U005114,02-05-2025,11:13:19,30.59
O00002545,U002910,14-04-2025,12:38:46,30.52
O00001236,U001281,07-07-2024,07:39:43,30.50
O00000496,U008484,10-05-2025,12:33:12,30.32
O00001759,U007319,26-01-2024,11:35:41,30.26
O00003094,U008850,01-03-2024,23:43:11,30.26
O00018453,U004204,11-07-2025,08:53:39,30.24
O00017167,U006425,22-05-2025,04:09:21,30.12
O00011141,U002897,15-05-2025,18:21:09,30.10
O00002251,U007087,27-08-2024,21:41:27,30.09
O00006370,U007228,13-10-2025,15:20:39,30.09
O00006599,U000630,19-03-2024,20:09:03,30.06
O00003052,U002318,11-08-2025,22:26:31,30.01
O00004550,U005987,30-10-2025,07:34:44,30.01
O00015159,U005042,29-03-2025,04:41:26,30.01
O00014997,U000364,11-01-2024,05:53:05,29.96
O00000666,U009213,23-10-2024,01:58:23,29.94
O00007302,U001008,24-04-2024,13:36:51,29.94
O00005557,U001581,22-10-2024,20:15:27,29.92
O00016234,U008038,11-08-2025,15:40:29,29.92
O00018824,U007160,14-11-2025,14:02:56,29.92
O00003978,U001429,27-11-2024,08:32:56,29.91
O00000652,U004162,08-08-2025,00:42:43,29.90
O00000874,U006038,21-10-2024,05:01:13,29.90
O00009318,U007666,29-10-2025,10:47:31,29.90
O00014861,U009561,19-01-2025,02:37:09,29.90
O00007981,U002882,01-03-2025,17:26:23,29.87
O00016646,U004662,23-02-2024,12:22:07,29.83
O00002945,U008834,06-02-2024,21:22:04,29.76
O00015082,U008105,22-04-2024,12:29:45,29.76
O00015533,U006901,12-03-2024,03:26:54,29.76
O00001882,U008282,13-11-2024,06:23:48,29.68
O00006178,U005656,09-05-2025,05:49:27,29.68
O00009662,U000525,06-03-2025,03:23:27,29.68
O00001763,U001778,19-12-2024,20:35:58,29.67
O00007416,U005406,29-04-2025,21:55:35,29.67
O00014733,U007910,30-12-2024,07:16:36,29.67
O00012313,U008541,25-10-2024,20:05:13,29.62
O00005843,U004275,28-08-2025,03:58:54,29.55
O00000689,U003399,27-01-2024,07:37:48,29.53
O00007678,U004473,06-10-2024,14:02:45,29.53
O00015456,U009653,09-05-2025,04:39:14,29.53
O00015616,U007909,04-02-2025,13:28:10,29.53
O00003636,U008639,24-08-2024,12:22:42,29.52
O00014053,U000621,17-06-2024,23:35:17,29.52
O00017910,U001577,07-01-2024,14:10:41,29.52
O00001792,U001309,05-01-2025,19:22:04,29.50
O00005050,U002950,09-08-2025,20:04:48,29.50
O00002010,U002315,14-10-2024,16:57:03,29.43
O00002744,U001101,15-07-2025,07:11:44,29.43
O00008713,U005828,31-08-2025,18:37:59,29.43
O00010917,U002144,02-10-2024,20:25:13,29.43
O00015821,U000293,19-11-2024,01:42:17,29.43
O00000186,U004708,14-09-2025,07:45:42,29.41
O00005818,U005391,27-06-2024,06:30:29,29.34
O00014315,U001626,28-08-2024,22:10:50,29.34
O00014439,U005387,18-09-2025,14:22:21,29.34
O00017043,U008706,25-11-2024,10:10:10,29.34
O00011840,U003572,25-06-2024,20:20:12,29.30
O00014369,U000837,13-03-2025,13:04:10,29.30
O00010745,U000203,17-03-2024,16:56:01,29.24
O00012253,U009946,31-10-2024,06:44:53,29.24
O00001357,U000219,19-11-2024,11:43:29,29.15
O00004723,U009102,05-03-2025,12:30:19,29.15
O00006423,U004179,06-06-2025,19:45:20,29.15
O00007973,U001709,27-07-2025,14:22:24,29.15
O00002075,U000384,05-01-2024,20:53:45,29.10
O00008802,U006938,11-11-2025,15:50:22,29.10
O00014707,U001081,28-07-2025,11:50:04,29.10
O00003805,U003911,04-10-2024,17:02:45,29.08
O00012126,U003690,03-02-2024,05:38:33,29.08
O00018297,U008504,06-08-2024,10:43:42,29.08
O00010921,U009810,29-04-2024,14:10:13,28.99
O00008774,U008326,11-10-2024,06:15:41,28.92
O00011952,U002983,24-11-2024,03:06:10,28.92
O00014020,U007269,29-01-2025,20:55:40,28.92
O00004258,U009517,09-06-2025,20:01:14,28.88
O00010538,U005253,16-02-2024,10:34:53,28.77
O00011045,U007700,20-01-2024,20:59:36,28.77
O00013023,U003508,02-08-2025,12:39:23,28.77
O00015314,U002893,03-07-2025,16:05:56,28.77
O00015460,U003238,27-04-2024,03:35:48,28.77
O00003527,U003794,21-12-2024,14:12:30,28.66
O00005899,U000454,20-12-2024,11:34:30,28.60
O00019921,U006819,09-10-2025,10:12:56,28.59
O00003897,U005442,24-02-2025,22:09:41,28.52
O00014981,U002334,09-08-2025,17:05:42,28.52
O00015280,U000755,29-09-2024,05:13:56,28.52
O00002607,U000707,13-07-2025,01:28:35,28.51
O00004618,U000931,18-04-2025,10:24:39,28.51
O00009053,U006904,27-04-2025,20:44:42,28.51
O00009681,U000321,26-01-2025,16:53:47,28.51
O00005248,U006243,29-01-2024,00:18:19,28.49
O00007365,U009813,24-06-2025,06:21:37,28.49
O00013849,U009453,16-11-2024,19:01:31,28.49
O00010454,U002107,14-02-2025,16:20:10,28.47
O00016736,U008242,18-02-2025,23:36:45,28.43
O00013389,U008825,04-01-2025,23:27:40,28.41
O00006778,U003932,17-08-2024,13:23:14,28.38
O00014352,U008913,02-04-2025,06:38:21,28.38
O00006035,U009465,09-11-2025,04:24:40,28.37
O00017477,U005281,22-01-2024,04:29:55,28.37
O00007873,U007227,13-07-2025,14:44:38,28.20
O00016779,U001498,24-07-2024,04:16:12,28.18
O00019803,U008883,02-01-2025,04:52:33,28.12
O00008045,U001718,25-09-2024,23:28:11,28.05
O00009532,U003558,05-11-2025,13:45:39,28.05
O00011679,U007982,07-09-2025,18:58:57,28.05
O00015809,U007977,20-01-2024,19:09:15,28.05
O00017289,U002834,18-05-2024,23:47:03,28.05
O00014457,U003499,20-06-2025,17:32:55,28.04
O00015073,U004630,14-02-2025,05:18:46,28.04
O00016060,U007525,12-12-2024,07:00:50,28.04
O00015659,U003944,28-02-2024,06:52:35,27.97
O00008833,U000714,22-01-2025,05:03:39,27.91
O00009051,U001986,15-02-2025,16:19:55,27.91
O00009424,U003051,18-08-2025,21:33:09,27.91
O00017455,U009680,04-09-2024,17:20:19,27.91
O00002426,U006151,29-06-2025,23:58:19,27.84
O00004071,U000651,08-03-2025,13:40:24,27.81
O00015397,U002783,18-12-2024,19:05:29,27.75
O00008184,U003424,30-09-2025,07:01:20,27.69
O00010815,U005948,12-02-2025,10:24:45,27.69
O00006526,U009642,23-02-2024,11:07:20,27.65
O00009147,U004109,11-03-2024,16:25:36,27.65
O00013456,U001357,06-05-2025,10:23:29,27.47
O00004300,U005376,18-02-2024,10:59:13,27.46
O00012388,U004364,28-01-2025,16:11:47,27.46
O00009522,U008831,12-04-2024,09:14:46,27.40
O00003665,U003784,10-08-2025,01:31:47,27.33
O00019597,U001692,03-09-2025,08:44:42,27.30
O00002595,U008322,16-03-2025,04:18:30,27.24
O00006932,U000038,06-01-2025,17:05:43,27.24
O00012666,U000724,28-06-2024,10:26:39,27.24
O00006469,U004888,24-07-2024,21:10:49,27.23
O00006592,U004136,02-01-2025,09:08:11,27.23
O00008685,U006725,07-01-2025,12:05:58,27.23
O00003577,U006490,11-08-2025,04:55:34,27.21
O00005223,U006900,07-09-2025,03:00:00,27.21
O00014517,U006630,25-07-2024,09:57:17,27.21
O00014761,U003074,01-04-2024,02:46:55,27.21
O00018402,U007307,08-12-2024,17:09:05,27.21
O00002980,U001173,06-10-2024,05:05:08,27.19
O00006322,U002496,08-11-2024,06:57:14,27.19
O00008870,U004014,11-05-2024,10:09:34,27.19
O00018054,U000295,02-07-2024,02:51:50,27.19
O00008238,U009817,15-03-2025,07:47:32,27.14
O00012715,U009556,21-04-2025,18:26:09,27.14
O00014858,U006550,21-08-2025,17:49:00,27.14
O00019858,U005192,26-08-2025,19:24:17,27.14
O00001793,U007522,17-04-2025,18:23:51,27.08
O00004140,U009313,29-10-2024,07:13:29,27.08
O00005857,U000018,01-11-2025,19:34:37,27.08
O00011773,U008198,17-07-2025,14:39:58,27.08
O00001129,U002111,11-08-2024,23:25:33,27.07
O00005450,U009083,04-02-2024,00:30:08,27.00
O00019425,U000926,20-07-2025,19:12:26,27.00
O00000513,U003081,12-05-2024,23:16:58,26.88
O00002835,U007518,21-07-2024,06:16:12,26.79
O00003357,U009555,19-02-2025,14:32:41,26.79
O00017227,U003251,04-06-2025,18:38:14,26.79
O00000339,U009267,05-08-2025,08:37:58,26.76
O00010932,U000886,05-04-2024,17:26:28,26.76
O00018131,U009069,29-03-2024,00:39:20,26.76
O00000200,U007622,09-04-2025,04:47:34,26.74
O00008020,U000879,09-08-2024,20:58:59,26.74
O00009138,U001174,26-03-2024,06:20:57,26.74
O00012182,U008302,05-04-2025,06:45:40,26.74
O00012286,U005080,30-07-2024,03:41:39,26.74
O00012687,U008255,06-04-2025,04:19:00,26.74
O00015880,U003307,20-01-2025,21:41:24,26.74
O00019756,U007777,27-08-2024,17:54:53,26.74
O00006045,U002220,15-09-2025,23:49:53,26.68
O00006802,U000815,24-08-2025,00:09:25,26.68
O00009656,U005197,02-08-2024,10:07:40,26.68
O00000194,U006411,02-08-2025,13:02:52,26.54
O00000197,U002348,26-09-2024,19:01:30,26.54
O00003521,U003675,07-11-2024,15:13:01,26.54
O00000154,U007064,06-07-2025,18:48:05,26.49
O00000787,U002255,25-07-2024,03:54:18,26.49
O00003581,U000238,13-03-2024,12:04:14,26.49
O00004958,U000151,20-03-2024,09:05:54,26.49
O00003430,U000707,28-07-2024,16:18:51,26.48
O00002042,U005663,08-07-2025,03:15:56,26.39
O00004435,U008251,21-10-2025,10:57:11,26.39
O00007727,U008848,28-07-2025,22:10:06,26.39
O00014124,U003770,28-05-2025,19:01:24,26.39
O00018762,U008613,02-03-2025,04:11:27,26.38
O00001206,U008119,01-03-2025,09:16:38,26.34
O00008133,U009859,17-06-2025,09:22:01,26.34
O00018315,U004470,31-08-2024,18:56:57,26.34
O00003520,U004810,05-06-2025,02:09:33,26.31
O00012597,U003563,15-03-2025,04:54:38,26.31
O00002381,U004282,31-12-2024,05:44:09,26.28
O00006930,U007293,12-01-2024,05:12:11,26.28
O00007956,U006415,28-02-2025,01:41:22,26.28
O00010807,U000003,07-10-2024,21:13:48,26.28
O00000877,U001379,12-12-2024,11:44:47,26.27
O00011222,U005912,10-01-2025,22:23:39,26.26
O00006586,U002898,04-09-2025,14:50:55,26.24
O00004083,U006054,09-04-2024,21:42:27,26.21
O00003914,U001080,12-11-2024,00:12:21,26.15
O00005881,U007761,05-06-2024,21:21:54,26.15
O00007273,U004921,22-07-2025,08:42:31,26.15
O00005139,U004632,18-03-2024,07:53:45,26.13
O00012819,U003513,24-05-2024,07:54:28,26.13
O00015965,U000653,08-08-2024,07:48:43,26.13
O00017130,U005466,07-07-2025,07:11:49,26.13
O00004475,U003946,14-09-2025,18:34:10,26.10
O00011980,U005101,21-05-2025,06:29:32,26.10
O00010041,U005158,26-01-2025,12:26:41,26.08
O00013178,U001353,21-01-2024,10:39:56,26.08
O00003265,U007877,22-08-2025,03:40:10,26.07
O00016757,U006159,07-11-2025,09:01:52,26.07
O00000730,U004063,22-01-2025,05:55:47,26.06
O00003999,U001502,22-12-2024,11:08:17,26.06
O00009449,U000572,20-10-2025,14:20:47,26.06
O00009854,U004446,23-02-2025,04:18:55,26.06
O00003045,U002494,15-06-2025,08:02:28,26.05
O00004144,U002013,21-08-2025,05:33:18,26.05
O00009396,U000089,20-09-2024,15:43:42,26.05
O00008316,U005542,08-06-2025,14:42:10,26.00
O00014176,U000643,13-10-2024,06:45:40,26.00
O00013008,U006710,14-08-2025,21:11:53,25.99
O00002223,U006043,25-01-2025,00:23:33,25.97
O00002243,U002696,11-02-2025,16:28:17,25.97
O00005073,U009597,17-09-2025,03:47:58,25.97
O00007369,U000126,04-06-2024,13:45:12,25.97
O00014346,U006256,26-05-2025,14:57:17,25.97
O00017694,U007800,27-07-2025,01:08:23,25.97
O00013749,U009089,20-08-2025,20:05:34,25.96
O00014569,U006936,22-05-2024,12:20:49,25.96
O00017234,U008054,13-08-2024,16:10:43,25.96
O00003939,U000728,11-10-2024,13:14:34,25.95
O00008871,U006630,09-05-2025,16:44:24,25.95
O00013653,U002028,27-01-2025,17:43:46,25.95
O00017419,U009589,20-06-2024,12:56:25,25.95
O00017445,U000214,07-02-2025,12:29:49,25.94
O00019804,U007682,13-11-2024,10:42:40,25.89
O00009124,U008408,11-11-2024,13:35:05,25.87
O00002218,U004031,19-08-2024,09:56:52,25.77
O00000665,U006546,25-03-2024,06:14:29,25.73
O00016456,U007715,02-06-2025,10:53:44,25.73
O00010767,U009529,23-04-2025,16:04:40,25.66
O00000343,U004252,25-04-2024,05:13:32,25.58
O00001908,U005436,29-02-2024,08:19:19,25.57
O00006523,U009512,14-09-2024,22:47:23,25.57
O00013829,U005957,18-07-2024,01:22:41,25.57
O00017084,U004296,13-04-2025,04:09:32,25.57
O00019195,U006940,11-06-2025,23:55:28,25.57
O00000083,U004873,10-10-2024,03:29:57,25.52
O00017986,U007410,21-10-2024,21:06:48,25.49
O00005459,U005692,01-04-2025,21:37:39,25.48
O00009115,U007067,08-11-2025,18:54:06,25.48
O00016231,U005931,01-11-2024,15:54:28,25.48
O00009188,U003329,26-04-2024,05:48:32,25.41
O00008211,U001568,18-03-2025,04:06:34,25.32
O00003997,U000417,14-07-2025,21:50:37,25.10
O00016771,U007762,05-07-2024,23:27:51,25.10
O00017032,U006754,26-12-2024,13:26:17,25.06
O00019095,U006410,10-03-2025,22:14:43,25.05
O00008654,U008768,04-09-2025,19:52:12,24.99
O00014924,U003943,27-08-2024,02:56:53,24.99
O00013625,U006614,09-04-2024,11:36:54,24.98
O00018264,U003168,06-06-2024,16:45:39,24.98
O00019082,U006072,29-08-2024,08:01:19,24.98
O00012579,U000222,30-10-2025,01:38:19,24.97
O00014817,U004345,21-04-2024,18:15:48,24.97
O00005055,U006699,20-04-2025,06:06:40,24.94
O00004631,U005423,03-09-2024,17:38:40,24.92
O00007393,U006196,28-02-2025,13:22:55,24.92
O00016280,U009566,20-02-2025,16:59:53,24.92
O00016971,U000650,07-03-2025,08:18:44,24.92
O00009164,U003777,01-10-2024,19:47:18,24.80
O00003198,U001982,19-02-2024,01:01:35,24.72
O00009757,U000506,03-12-2024,11:44:38,24.66
O00007795,U003453,21-08-2024,03:20:44,24.62
O00001755,U004079,07-06-2024,23:48:12,24.61
O00010273,U005455,05-03-2024,21:09:53,24.61
O00016343,U009406,21-05-2024,09:34:30,24.61
O00011915,U001990,13-08-2025,14:08:34,24.60
O00014348,U001293,16-06-2025,20:11:06,24.60
O00018637,U004022,03-08-2025,02:23:36,24.60
O00001470,U004583,13-04-2024,12:22:28,24.52
O00006738,U006659,27-09-2025,20:26:30,24.52
O00012505,U003408,20-08-2024,01:20:36,24.52
O00000682,U004291,08-07-2024,01:30:31,24.37
O00017226,U004732,07-03-2025,14:19:54,24.37
O00018458,U003193,31-07-2025,08:52:20,24.37
O00000060,U004239,18-05-2025,12:26:50,24.35
O00010699,U002806,24-09-2025,06:46:01,24.35
O00019052,U005151,20-01-2024,16:17:06,24.35
O00006338,U009018,13-02-2024,20:36:37,24.34
O00017811,U005085,30-09-2024,17:10:33,24.34
O00006466,U009092,14-06-2025,22:19:08,24.22
O00014506,U008051,05-05-2024,02:41:02,24.22
O00016288,U001606,27-01-2025,10:18:27,24.22
O00017508,U006160,09-11-2024,04:36:24,24.22
O00008008,U002461,04-03-2025,19:43:19,24.21
O00000725,U001943,25-01-2024,21:47:27,24.20
O00000883,U008014,16-09-2024,06:43:09,24.20
O00001292,U003672,12-01-2025,12:57:50,24.11
O00000542,U008014,29-09-2025,12:25:30,24.10
O00008378,U006513,13-02-2025,01:57:08,24.10
O00017156,U002364,30-03-2024,17:32:08,24.10
O00017585,U004964,31-10-2025,13:53:09,24.10
O00002947,U005955,03-05-2024,02:33:29,23.92
O00003252,U001914,11-12-2024,05:54:07,23.92
O00005576,U007251,16-08-2024,21:15:09,23.92
O00014341,U002986,26-11-2024,00:16:17,23.92
O00018704,U003326,10-04-2025,16:57:49,23.92
O00010651,U008684,10-07-2024,21:14:28,23.87
O00013152,U006928,25-12-2024,03:51:30,23.87
O00008504,U001539,20-09-2024,18:31:17,23.86
O00011929,U009726,02-02-2024,21:53:25,23.86
O00018579,U006411,12-06-2025,07:25:04,23.83
O00003648,U006716,01-06-2025,01:28:03,23.80
O00008673,U006075,11-08-2025,01:04:32,23.79
O00016434,U002789,24-01-2025,21:48:24,23.79
O00002302,U003739,16-06-2025,00:38:18,23.76
O00004235,U004453,10-11-2024,03:27:23,23.76
O00014186,U004613,12-04-2024,06:05:53,23.76
O00008729,U008747,06-01-2025,08:12:01,23.71
O00009207,U008276,29-08-2025,19:52:11,23.71
O00011041,U005539,05-02-2024,20:33:23,23.71
O00012562,U005403,27-01-2024,04:26:00,23.60
O00015800,U004095,03-07-2024,08:45:51,23.60
O00019360,U005811,17-08-2024,01:24:47,23.58
O00000300,U001813,15-04-2025,23:27:29,23.54
O00009421,U005636,08-10-2024,01:54:38,23.52
O00011630,U006045,29-09-2024,05:28:04,23.42
O00005434,U006457,25-09-2024,19:20:57,23.41
O00016349,U005383,13-06-2025,11:04:01,23.41
O00009869,U001378,20-02-2025,00:22:09,23.38
O00018942,U007903,18-11-2024,17:51:01,23.38
O00001688,U000848,11-04-2024,17:17:10,23.37
O00008335,U000914,08-12-2024,01:30:56,23.37
O00016983,U006343,09-09-2024,10:38:14,23.37
O00018096,U003276,13-08-2025,11:40:42,23.34
O00002338,U007033,16-03-2025,20:16:32,23.33
O00003852,U004996,20-12-2024,17:15:40,23.33
O00014070,U002407,30-06-2025,20:29:32,23.33
O00009290,U001184,04-09-2024,04:11:46,23.32
O00018353,U001861,19-10-2024,08:31:50,23.32
O00003588,U002792,19-09-2024,05:26:28,23.28
O00004949,U004890,07-02-2025,09:37:19,23.28
O00006204,U002737,19-08-2025,01:45:58,23.28
O00017960,U003409,23-10-2025,14:30:20,23.28
O00018541,U007260,13-02-2024,07:27:52,23.28
O00018665,U007706,28-09-2024,23:57:50,23.28
O00019657,U001043,25-02-2024,09:42:58,23.28
O00007339,U009897,05-03-2025,11:59:08,23.24
O00019469,U002710,30-03-2024,16:09:26,23.14
O00000505,U003344,29-04-2025,01:38:25,22.62
O00004628,U000413,07-05-2024,07:22:28,22.62
O00010488,U000056,22-08-2024,20:12:34,22.62
O00017124,U002623,14-10-2024,17:23:43,22.62
O00008479,U009674,13-08-2025,11:36:54,22.59
O00016675,U007422,12-10-2025,14:18:13,22.59
O00003728,U002414,23-07-2024,23:13:31,22.55
O00005104,U000544,25-04-2024,06:23:08,22.55
O00006920,U009390,14-07-2024,14:45:18,22.55
O00008087,U000935,01-05-2024,01:40:17,22.55
O00011142,U009540,31-12-2024,00:02:12,22.55
O00011637,U001161,31-05-2024,14:14:30,22.55
O00017430,U000802,11-05-2025,14:28:36,22.55
O00018389,U009222,12-07-2024,23:57:00,22.55
O00019340,U007311,23-02-2025,21:10:19,22.55
O00019945,U003458,06-11-2025,20:38:49,22.55
O00000583,U003993,05-03-2025,11:36:39,22.53
O00007407,U006585,17-03-2024,03:20:35,22.53
O00008144,U005327,05-08-2024,15:51:50,22.53
O00008851,U003949,27-05-2024,16:14:06,22.53
O00009286,U005992,12-11-2025,16:38:34,22.53
O00013088,U006173,09-11-2025,07:59:10,22.53
O00018681,U008859,19-05-2025,17:27:40,22.53
O00013586,U003879,21-09-2024,15:02:30,22.48
O00015049,U008480,20-02-2025,07:56:06,22.48
O00017478,U000146,17-08-2024,17:25:45,22.48
O00005043,U000358,21-04-2025,05:35:09,22.47
O00008270,U004591,31-01-2024,20:28:04,22.47
O00011154,U001946,08-11-2024,21:20:31,22.47
O00012384,U001821,20-04-2024,09:58:41,22.47
O00019344,U000841,30-10-2024,23:32:18,22.47
O00019628,U002910,28-10-2024,00:29:47,22.47
O00010513,U007406,28-09-2025,10:17:06,22.44
O00010819,U009481,28-03-2025,15:54:54,22.44
O00018012,U001928,22-05-2025,20:25:53,22.44
O00004039,U002013,16-06-2024,18:30:16,22.40
O00000117,U001913,13-11-2024,00:43:02,22.38
O00016127,U005141,10-01-2024,01:53:37,22.36
O00016430,U004020,11-12-2024,19:57:05,22.36
O00017623,U002753,11-03-2024,14:49:34,22.36
O00017779,U000959,30-12-2024,08:17:19,22.36
O00017925,U006504,20-01-2025,16:04:39,22.28
O00007161,U002187,22-10-2025,08:13:13,22.26
O00012552,U002699,23-04-2024,12:01:59,22.26
O00001339,U005874,08-08-2024,02:35:33,22.25
O00008053,U000099,27-07-2024,16:59:11,22.25
O00010228,U009760,13-03-2024,10:48:33,22.25
O00017571,U003654,12-04-2024,16:58:24,22.25
O00006195,U007977,22-07-2024,23:05:00,22.24
O00005923,U001126,14-08-2024,01:17:54,22.21
O00016648,U001492,14-07-2025,03:59:43,22.21
O00018698,U003867,22-08-2025,02:22:47,22.21
O00009463,U007311,01-10-2025,08:49:17,22.16
O00005575,U000766,21-03-2025,22:24:44,22.15
O00011128,U009950,22-01-2024,06:25:37,22.15
O00013101,U006438,24-02-2025,02:05:05,22.15
O00006259,U009798,16-03-2024,19:17:00,22.11
O00007674,U006533,21-05-2024,22:59:29,22.11
O00009349,U009816,22-02-2025,12:06:55,22.11
O00009949,U005164,12-04-2024,16:26:34,22.11
O00012012,U008754,29-09-2024,13:16:31,22.11
O00013726,U009024,14-01-2024,12:38:20,22.11
O00014443,U003705,30-01-2025,11:09:17,22.11
O00015690,U000654,02-07-2025,15:35:41,22.11
O00013326,U005888,19-06-2024,13:27:49,22.01
O00016247,U003307,07-02-2025,16:43:07,22.01
O00000822,U004158,22-09-2024,13:19:49,21.92
O00001029,U002431,07-02-2025,13:21:09,21.92
O00016067,U005131,19-10-2024,21:07:31,21.92
O00002236,U007855,23-03-2024,23:55:56,21.91
O00002388,U000203,01-09-2024,08:32:08,21.91
O00003055,U002794,25-12-2024,19:57:14,21.91
O00003126,U002953,06-08-2025,17:44:27,21.91
O00009524,U009885,03-04-2024,11:38:38,21.91
O00013016,U004124,23-04-2025,14:03:40,21.91
O00001389,U001947,05-06-2024,14:41:21,21.89
O00010890,U001095,08-02-2025,18:01:41,21.74
O00011400,U000636,14-01-2025,14:43:17,21.74
O00013708,U002730,03-10-2024,15:15:54,21.73
O00014012,U001367,08-05-2025,21:52:09,21.73
O00014291,U002353,12-02-2024,06:13:29,21.73
O00019363,U005900,07-02-2025,14:24:48,21.73
O00007128,U000168,13-07-2025,18:28:41,21.71
O00008417,U009009,12-02-2025,05:01:58,21.71
O00007640,U004115,12-03-2024,05:54:42,21.56
O00010666,U005517,03-11-2025,22:33:15,21.56
O00012046,U009737,28-07-2025,04:27:39,21.56
O00001250,U008869,12-01-2025,15:59:50,21.52
O00004134,U008239,01-07-2025,11:31:58,21.52
O00004215,U009149,15-09-2025,17:08:54,21.52
O00009269,U009568,27-11-2024,12:57:07,21.52
O00009581,U008668,11-04-2024,14:19:35,21.52
O00012483,U002516,01-01-2024,00:37:30,21.52
O00000784,U003041,03-04-2025,21:21:21,21.46
O00005229,U004776,29-07-2025,09:31:22,21.46
O00015209,U007111,14-08-2025,21:21:05,21.46
O00001673,U007047,13-02-2024,11:58:57,21.41
O00003130,U002403,07-12-2024,21:42:08,21.38
O00003223,U003456,02-06-2025,13:10:30,21.38
O00010310,U005025,23-09-2025,01:01:29,21.38
O00017954,U004915,05-03-2025,00:54:46,21.38
O00010591,U008627,26-08-2024,23:17:27,21.36
O00001104,U000170,07-07-2024,04:29:35,21.30
O00002119,U009677,21-11-2024,12:30:09,21.30
O00015876,U003187,15-02-2025,20:46:42,21.30
O00019998,U009525,04-04-2024,21:42:23,21.30
O00004538,U004162,27-09-2025,05:08:02,21.20
O00014128,U009131,27-02-2025,03:42:52,21.20
O00015593,U002808,24-11-2024,20:28:52,21.20
O00016465,U000769,06-09-2025,05:00:58,21.20
O00000280,U003514,28-09-2025,04:56:20,21.18
O00008880,U008119,03-08-2025,19:42:03,21.18
O00012590,U001038,24-07-2024,19:43:56,21.18
O00000619,U000397,24-01-2024,22:09:12,21.15
O00001589,U007307,27-12-2024,07:55:49,21.15
O00006846,U002445,30-09-2024,00:23:47,21.15
O00018919,U001411,13-05-2025,12:21:56,21.15
O00003343,U000770,15-04-2024,10:25:53,21.12
O00005901,U008913,27-05-2024,22:22:24,21.11
O00011954,U002669,06-03-2024,23:36:24,21.11
O00005733,U000889,19-05-2025,20:19:41,21.10
O00007159,U001745,10-06-2024,12:12:49,21.10
O00008434,U009316,18-10-2024,13:08:23,21.10
O00011247,U007457,26-06-2025,03:29:13,21.10
O00019044,U004964,17-01-2024,10:12:06,21.10
O00007229,U002009,25-12-2024,13:53:54,21.06
O00009999,U002539,05-02-2024,06:52:24,21.06
O00005191,U006066,25-02-2025,01:39:12,21.02
O00007077,U000188,25-10-2024,16:07:07,21.02
O00009606,U005269,03-12-2024,09:43:06,21.02
O00018796,U009244,25-07-2025,03:59:21,21.02
O00018825,U000354,09-06-2025,04:07:52,20.98
O00013253,U000767,10-03-2025,17:12:06,20.94
O00000225,U007753,28-02-2024,05:02:18,20.93
O00000845,U002033,09-04-2024,14:36:02,20.93
O00005878,U004652,20-02-2025,11:38:26,20.93
O00009034,U006904,31-01-2025,23:48:53,20.93
O00016398,U001751,30-06-2024,02:32:53,20.93
O00017236,U005776,27-04-2025,20:27:30,20.93
O00019468,U000645,18-02-2025,06:20:02,20.93
O00002475,U009692,20-09-2024,21:01:05,20.92
O00003913,U003781,21-07-2024,17:08:17,20.92
O00007510,U001824,10-05-2024,03:19:29,20.84
O00010598,U008406,22-09-2025,02:49:53,20.84
O00010833,U006621,21-02-2025,06:33:19,20.84
O00011767,U007522,10-10-2024,10:05:41,20.84
O00013200,U005464,09-01-2025,09:24:57,20.84
O00015636,U006853,20-05-2024,14:49:43,20.84
O00016029,U009311,12-07-2025,11:44:51,20.84
O00019420,U006313,30-03-2024,10:39:35,20.84
O00017254,U007711,18-07-2025,12:27:09,20.80
O00018737,U000201,23-04-2025,09:19:45,20.80
O00000263,U009534,12-10-2024,17:40:35,20.77
O00011125,U003431,17-09-2025,21:17:26,20.77
O00016262,U006519,08-11-2024,16:22:24,20.77
O00004060,U001471,17-10-2025,03:51:57,20.74
O00005101,U004273,12-02-2024,02:35:06,20.74
O00005338,U009624,27-01-2024,07:07:29,20.74
O00005886,U005185,28-09-2025,10:37:09,20.74
O00005997,U009487,01-04-2025,21:11:27,20.74
O00010759,U004908,16-09-2024,05:51:29,20.74
O00013062,U007110,15-11-2024,09:54:53,20.74
O00016303,U001620,02-07-2024,12:00:05,20.74
O00018313,U009854,27-03-2024,09:54:50,20.74
O00019532,U004018,20-07-2024,01:47:06,20.74
O00010012,U008313,15-09-2024,00:41:00,20.71
O00010716,U002397,17-08-2024,04:38:02,20.70
O00003620,U007317,13-03-2025,15:40:04,20.68
O00016513,U008656,11-04-2024,09:28:27,20.68
O00001543,U000095,06-09-2024,12:19:12,20.65
O00009829,U009028,02-06-2024,16:46:24,20.58
O00019866,U003604,19-02-2024,02:07:29,20.58
O00000631,U008628,28-09-2024,10:15:06,20.54
O00009501,U006414,29-10-2024,13:39:36,20.48
O00000851,U006826,17-10-2025,07:32:30,20.41
O00007070,U000602,28-04-2024,05:00:30,20.41
O00007866,U001321,26-09-2025,00:39:02,20.41
O00010521,U008360,05-02-2025,00:16:58,20.41
O00015503,U003554,09-08-2024,05:54:22,20.41
O00005046,U007745,29-05-2024,13:50:47,20.40
O00005518,U009184,23-01-2025,03:27:57,20.40
O00006174,U004212,21-06-2024,06:12:51,20.40
O00010127,U004460,20-02-2025,20:38:27,20.40
O00010736,U005695,16-09-2024,22:05:29,20.40
O00016115,U003866,04-10-2025,07:28:01,20.40
O00005993,U002885,18-09-2025,05:06:04,20.37
O00010808,U008087,24-06-2024,23:22:38,20.37
O00013522,U009005,19-08-2025,22:41:26,20.32
O00001351,U003273,18-10-2024,17:35:35,20.31
O00004683,U005304,17-03-2025,11:31:20,20.31
O00010148,U008048,22-08-2025,13:56:41,20.31
O00011208,U000214,18-10-2024,13:11:08,20.31
O00014063,U002360,08-11-2024,15:03:41,20.31
O00010467,U007520,01-02-2025,16:51:23,20.26
O00009710,U006515,07-11-2024,14:54:55,20.25
O00002195,U000371,22-03-2024,18:52:09,20.23
O00008565,U009398,12-05-2024,15:08:51,20.23
O00010358,U001064,02-04-2025,22:17:59,20.23
O00018500,U009437,02-07-2024,08:39:22,20.23
O00018635,U009790,28-05-2025,11:21:25,20.23
O00019445,U004371,08-05-2024,14:09:37,20.23
O00000978,U001984,01-03-2025,08:32:23,20.19
O00015005,U004187,27-06-2025,08:18:02,20.19
O00015757,U009670,11-02-2025,17:02:10,20.19
O00003951,U008171,08-03-2024,20:01:15,20.18
O00009264,U009714,20-12-2024,09:00:52,20.18
O00012541,U005093,04-07-2025,09:56:15,20.18
O00018869,U006899,14-03-2025,11:08:43,20.18
O00002247,U005828,21-07-2025,04:51:02,20.15
O00013228,U000687,17-08-2025,21:04:44,20.15
O00017596,U009698,04-06-2024,09:26:24,20.15
O00005620,U006281,24-08-2025,11:15:50,20.14
O00006422,U008113,26-05-2025,01:48:21,20.14
O00012857,U008151,29-07-2024,20:22:12,20.14
O00015756,U008596,01-03-2025,11:01:17,20.14
O00013565,U004582,17-07-2024,08:08:45,20.09
O00003842,U000232,27-02-2025,13:08:43,20.06
O00006315,U008927,20-06-2024,15:08:13,20.06
O00008051,U001109,05-09-2025,20:52:50,20.06
O00013413,U005745,23-06-2024,14:48:23,20.06
O00013654,U007135,23-01-2024,17:07:58,20.06
O00014636,U008044,08-12-2024,16:12:23,20.06
O00017177,U001060,25-03-2024,10:35:00,20.06
O00017370,U008109,03-01-2024,14:49:37,20.06
O00006993,U008750,29-05-2024,11:14:41,19.99
O00017852,U006545,22-09-2024,19:15:58,19.99
O00018266,U008678,23-10-2025,17:02:21,19.97
O00018441,U002699,27-05-2024,22:42:52,19.97
O00018878,U001692,27-08-2025,07:07:26,19.97
O00007239,U006451,15-04-2024,23:04:47,19.96
O00007730,U008148,22-06-2025,04:54:28,19.96
O00009267,U009961,25-02-2025,19:41:12,19.96
O00015851,U006599,02-03-2025,08:23:08,19.96
O00000037,U002635,03-11-2025,23:18:23,19.77
O00004931,U009705,10-11-2024,22:34:56,19.77
O00006774,U007878,08-04-2025,16:37:43,19.77
O00011429,U000362,27-09-2024,23:22:42,19.77
O00016284,U006258,04-05-2025,02:48:00,19.77
O00002353,U002448,17-01-2024,14:33:48,19.76
O00004150,U008941,26-08-2024,03:47:50,19.76
O00013130,U001945,20-09-2024,06:44:38,19.76
O00014472,U006446,02-06-2025,08:34:01,19.76
O00015205,U001605,03-09-2024,19:35:29,19.68
O00005254,U001865,29-11-2024,22:17:44,19.62
O00014646,U007436,11-11-2024,13:21:43,19.62
O00001818,U008784,28-12-2024,09:38:17,19.60
O00012065,U003961,17-05-2025,19:24:05,19.60
O00001047,U008892,21-05-2024,07:37:58,19.56
O00000692,U003305,04-01-2024,11:48:02,19.55
O00004564,U003586,30-05-2025,03:40:49,19.55
O00005323,U007952,08-12-2024,07:52:10,19.55
O00007455,U003048,04-04-2024,14:32:26,19.55
O00014360,U002446,11-03-2024,05:55:36,19.54
O00001892,U000714,10-07-2025,04:17:54,19.51
O00007046,U004097,08-06-2025,12:21:19,19.51
O00014254,U009440,07-12-2024,17:36:44,19.48
O00005779,U006610,05-11-2025,02:18:09,19.41
O00019041,U002008,07-04-2024,04:30:17,19.41
O00015233,U003868,06-05-2024,16:22:54,19.40
O00002813,U006750,05-06-2024,13:44:19,19.35
O00004139,U009034,22-11-2024,15:49:12,19.35
O00005668,U006308,04-07-2024,02:03:11,19.35
O00013518,U007404,01-04-2024,11:57:10,19.35
O00014297,U009787,22-02-2024,18:37:16,19.35
O00014535,U004273,06-06-2024,04:11:56,19.35
O00015322,U008979,26-11-2024,09:57:04,19.35
O00016311,U007019,10-11-2025,15:09:12,19.35
O00016520,U006734,02-07-2025,22:13:10,19.35
O00019117,U000035,11-12-2024,17:20:09,19.29
O00015729,U004117,02-06-2024,04:38:18,19.24
O00016161,U007896,02-04-2024,16:15:25,19.24
O00018170,U004553,25-03-2025,11:06:07,19.24
O00003876,U007813,21-08-2025,03:26:16,19.22
O00010669,U005615,18-09-2024,00:29:57,19.22
O00015169,U002227,13-04-2025,04:51:15,19.22
O00019699,U004463,10-09-2025,11:59:35,19.19
O00001497,U003429,26-05-2025,02:13:49,19.17
O00011609,U006409,06-03-2024,01:17:21,19.17
O00019305,U006639,13-06-2025,06:54:27,19.17
O00002748,U005410,26-01-2024,02:35:35,19.14
O00009920,U009425,25-05-2024,23:08:32,19.14
O00016013,U003081,19-10-2025,20:35:01,19.14
O00019689,U005385,20-02-2025,21:10:46,19.14
O00001280,U008110,14-03-2025,11:18:01,19.09
O00004118,U007307,16-09-2025,17:20:10,19.09
O00004909,U006230,28-09-2024,18:25:15,19.09
O00006464,U003026,04-05-2024,00:23:33,19.09
O00007917,U006465,31-05-2024,12:57:00,19.09
O00007982,U009057,16-05-2025,13:25:40,19.09
O00009759,U009620,08-03-2025,22:23:59,19.09
O00011280,U008145,16-04-2024,21:26:48,19.09
O00012859,U001743,14-08-2025,07:49:31,19.09
O00012992,U000403,03-08-2024,20:33:30,19.09
O00014210,U006038,26-01-2025,14:06:31,19.09
O00014564,U008462,18-11-2024,15:53:40,19.09
O00018671,U003678,16-11-2024,06:30:29,19.09
O00003821,U009177,08-02-2025,19:09:22,19.08
O00005549,U006682,11-08-2024,07:28:57,19.08
O00011265,U001276,13-04-2025,10:49:54,19.08
O00013735,U008444,27-03-2024,18:14:20,19.08
O00005240,U007125,16-10-2025,12:53:59,19.06
O00009844,U004041,16-12-2024,21:54:12,19.06
O00015433,U006358,05-09-2024,23:29:02,19.06
O00017075,U003017,22-08-2025,21:12:37,19.06
O00017631,U007899,09-10-2024,16:10:10,19.06
O00018448,U000892,11-02-2024,19:20:37,19.06
O00019602,U004736,11-01-2025,04:04:56,19.06
O00004812,U003986,21-08-2025,04:56:57,18.98
O00005301,U006780,13-11-2024,19:53:43,18.98
O00014290,U007394,11-04-2025,22:03:06,18.98
O00012140,U003404,19-02-2024,05:44:59,18.89
O00015758,U005089,11-10-2024,09:47:03,18.89
O00016749,U006110,29-05-2025,09:15:01,18.89
O00010927,U006577,09-12-2024,06:13:20,18.84
O00015630,U006247,06-02-2025,15:30:41,18.84
O00019533,U007697,19-07-2024,12:44:39,18.84
O00004786,U008671,16-06-2025,17:07:34,18.79
O00007609,U000336,28-02-2024,12:20:16,18.79
O00010258,U007309,01-08-2024,20:44:32,18.79
O00018368,U000574,10-02-2025,16:56:45,18.79
O00002328,U004530,10-06-2024,15:49:00,18.77
O00010821,U007946,17-04-2024,11:06:54,18.77
O00001471,U001381,12-05-2024,16:40:45,18.76
O00013020,U003263,14-10-2025,08:07:22,18.76
O00015714,U007773,25-03-2024,07:24:05,18.76
O00019488,U001255,18-07-2024,03:54:43,18.76
O00002995,U001997,19-05-2024,06:35:07,18.65
O00004529,U005682,04-02-2025,09:45:09,18.65
O00011302,U003160,26-06-2024,03:37:48,18.65
O00013045,U006517,10-02-2025,19:22:19,18.65
O00014261,U009003,13-10-2025,04:09:06,18.65
O00016515,U001562,17-03-2024,21:30:00,18.65
O00016966,U001753,20-10-2025,19:39:38,18.65
O00000057,U003939,08-04-2024,22:25:04,18.64
O00001481,U004157,28-11-2024,22:07:59,18.64
O00013910,U009449,15-05-2025,18:05:33,18.64
O00016826,U008504,20-08-2024,04:08:48,18.62
O00002019,U002908,02-11-2024,00:44:39,18.61
O00009401,U004529,15-02-2025,20:19:44,18.51
O00009436,U001274,13-01-2024,19:19:01,18.51
O00012385,U002626,20-03-2024,20:03:26,18.51
O00001264,U004388,10-08-2024,17:22:55,18.50
O00007225,U007102,10-03-2024,02:36:02,18.50
O00012943,U006755,06-08-2024,00:07:08,18.50
O00016347,U003665,11-06-2024,06:47:09,18.50
O00009316,U002089,04-11-2025,17:21:20,18.47
O00015339,U001364,01-06-2024,11:29:47,18.47
O00011120,U001469,27-03-2024,16:24:02,18.45
O00012215,U005201,24-07-2024,04:50:43,18.45
O00019642,U005637,12-01-2025,15:07:01,18.40
O00002812,U005969,18-10-2024,02:33:30,18.38
O00008167,U003556,14-11-2024,13:43:24,18.38
O00010283,U005933,30-06-2024,04:27:43,18.38
O00012727,U007072,30-11-2024,17:46:15,18.38
O00003129,U003105,03-01-2024,10:59:00,18.37
O00003395,U001454,19-12-2024,04:14:20,18.37
O00003548,U002551,09-06-2025,08:38:38,18.37
O00017977,U006498,29-05-2024,18:52:43,18.37
O00019333,U000747,09-06-2024,04:16:08,18.31
O00001040,U003610,16-05-2025,15:02:34,18.26
O00001730,U005317,26-06-2024,18:42:10,18.26
O00012315,U000837,11-04-2024,20:27:35,18.26
O00014269,U005071,06-02-2024,01:24:18,18.24
O00001105,U005724,16-10-2024,16:35:54,18.20
O00002084,U001058,26-04-2024,23:37:33,18.20
O00013334,U009782,03-07-2025,20:03:28,18.20
O00003560,U004740,18-06-2025,06:13:51,18.15
O00018752,U009491,23-07-2024,11:26:56,18.15
O00017347,U008135,23-06-2025,01:41:33,18.00
O00002162,U000718,04-05-2025,06:48:43,17.96
O00007764,U007102,19-03-2025,14:35:23,17.96
O00011012,U003306,16-03-2025,21:10:13,17.96
O00015562,U003630,21-10-2024,04:02:28,17.94
O00003684,U008819,13-06-2025,05:38:33,17.93
O00015245,U003046,29-09-2025,15:31:32,17.75
O00010757,U006842,24-02-2025,08:36:29,17.73
O00000238,U009131,01-03-2024,00:28:55,17.65
O00002623,U005346,11-08-2025,18:17:50,17.60
O00005938,U004692,03-12-2024,19:22:09,17.60
O00009925,U008431,02-11-2025,19:03:56,17.60
O00014173,U003113,01-06-2024,06:40:12,17.60
O00015398,U008267,11-04-2024,01:28:55,17.60
O00018359,U006456,01-09-2025,21:08:09,17.60
O00002175,U008319,14-10-2024,08:06:04,17.57
O00009928,U003498,05-01-2024,03:13:55,17.57
O00015893,U007014,30-06-2024,20:49:53,17.57
O00004267,U007878,29-08-2025,21:43:14,17.50
O00008102,U007528,15-12-2024,01:41:44,17.50
O00008818,U000618,31-10-2025,05:21:17,17.50
O00018309,U004857,11-03-2024,20:50:26,17.50
O00004374,U004502,26-07-2024,16:01:36,17.35
O00007832,U006125,25-07-2025,04:25:52,17.35
O00012865,U007628,15-08-2024,13:40:56,17.35
O00015770,U008759,21-06-2025,21:12:03,17.35
O00016963,U005513,08-03-2024,17:58:01,17.35
O00005280,U007771,28-09-2025,15:02:56,17.28
O00009674,U006699,13-12-2024,13:48:30,17.06
O00017323,U000842,07-10-2025,11:19:37,17.06
O00004075,U003566,28-09-2024,07:41:21,17.03
O00011092,U001879,13-01-2025,12:29:14,17.03
O00001469,U006333,04-04-2025,19:56:39,16.94
O00014234,U009649,28-10-2024,23:11:16,16.94
O00019459,U000700,14-09-2025,03:04:53,16.88
O00001708,U009989,15-03-2025,02:32:01,16.86
O00003473,U005870,13-03-2024,13:23:56,16.86
O00006522,U005401,26-02-2025,18:13:33,16.79
O00010960,U005813,19-04-2025,16:46:20,16.79
O00014030,U009094,06-07-2024,01:10:36,16.79
O00007312,U004225,08-05-2025,06:10:41,16.78
O00010225,U001608,04-02-2024,16:58:39,16.78
O00005333,U005052,18-08-2025,05:24:27,16.74
O00007152,U001789,05-02-2025,08:17:33,16.74
O00016720,U005969,31-01-2025,21:49:58,16.74
O00005569,U001091,10-04-2024,21:03:52,16.71
O00017674,U002677,04-10-2025,22:05:20,16.71
O00012016,U001617,11-02-2024,12:52:38,16.65
O00012600,U005932,30-10-2024,04:50:08,16.62
O00017170,U004116,03-01-2024,21:45:11,16.59
O00006012,U008742,21-11-2024,15:27:58,16.58
O00014340,U008052,26-06-2024,05:02:59,16.58
O00009231,U001416,08-01-2024,06:55:28,16.48
O00017904,U006989,06-01-2025,07:01:51,16.48
O00018888,U000754,24-10-2024,01:42:51,16.45
O00009054,U009855,26-07-2024,09:41:42,16.35
O00009566,U001871,18-05-2024,08:10:09,16.35
O00013672,U004347,06-07-2024,08:38:53,16.35
O00014359,U008870,01-10-2025,09:41:23,16.35
O00009379,U004498,15-07-2025,11:15:29,16.22
O00001725,U003019,19-11-2024,14:06:11,16.14
O00012768,U004596,08-03-2025,02:24:12,16.14
O00016909,U007292,29-05-2024,22:40:44,16.14
O00019780,U008971,26-09-2025,14:16:06,16.14
O00004241,U001565,26-11-2024,18:02:42,16.13
O00019975,U002960,10-12-2024,02:51:01,16.13
O00004596,U004045,04-09-2024,14:47:04,16.12
O00007775,U001048,10-09-2024,16:31:46,16.12
O00003299,U001949,14-11-2024,06:34:12,16.10
O00005842,U006431,25-06-2025,10:54:02,16.10
O00016625,U007583,04-07-2024,02:40:35,16.10
O00004690,U004634,17-06-2025,18:48:03,15.99
O00014268,U003250,11-04-2025,01:51:56,15.88
O00000013,U003631,03-01-2025,18:04:29,15.87
O00001564,U001366,29-02-2024,09:02:23,15.87
O00003875,U002586,12-02-2024,14:15:59,15.87
O00006792,U006294,28-03-2025,01:22:24,15.87
O00007725,U002613,26-11-2024,21:54:58,15.87
O00015682,U003286,10-02-2025,23:46:51,15.87
O00004141,U008768,16-08-2024,09:05:28,15.85
O00009588,U007457,09-07-2024,12:42:21,15.85
O00007439,U004366,17-09-2025,21:24:18,15.79
O00009574,U004674,26-05-2024,08:06:50,15.79
O00011498,U004067,23-04-2024,05:57:00,15.79
O00012162,U003127,22-07-2025,22:46:44,15.79
O00016294,U003752,20-10-2024,21:44:07,15.79
O00016743,U000032,03-03-2024,13:47:47,15.79
O00018314,U004376,01-09-2024,03:03:01,15.79
O00018129,U001987,23-01-2024,07:28:49,15.66
O00019128,U005654,13-05-2025,12:28:31,15.66
O00006267,U009681,14-05-2024,22:51:20,15.64
O00011887,U009243,19-02-2024,15:49:44,15.64
O00018497,U009053,13-08-2025,14:30:23,15.64
O00003900,U007748,05-02-2024,10:02:56,15.62
O00005403,U008045,27-01-2024,07:06:18,15.62
O00017192,U003825,10-06-2024,13:52:40,15.62
O00010516,U002981,01-07-2024,19:30:29,15.60
O00006632,U009335,05-10-2024,06:51:33,15.52
O00015150,U004018,18-07-2024,05:17:52,15.52
O00017922,U008586,01-02-2025,15:25:03,15.52
O00001244,U002862,31-07-2024,05:57:13,15.41
O00013618,U006242,09-01-2025,20:51:25,15.41
O00016400,U002828,06-02-2024,00:19:29,15.41
O00019777,U001257,12-05-2025,09:37:41,15.41
O00019807,U006007,25-07-2024,11:46:49,15.41
O00010233,U009136,17-06-2025,20:14:36,15.33
O00009447,U009247,02-05-2025,06:47:44,15.29
O00011090,U009071,04-03-2024,07:54:05,15.29
O00017632,U000108,02-03-2024,20:05:31,15.29
O00019710,U009563,16-02-2025,00:36:54,15.29
O00000888,U008093,27-10-2024,01:16:47,15.26
O00006101,U008958,10-07-2024,08:28:10,15.26
O00012180,U009074,01-08-2024,13:23:24,15.26
O00006878,U003688,13-02-2025,09:25:49,15.22
O00008798,U007799,11-07-2024,00:12:25,15.22
O00009338,U009943,06-08-2024,13:38:07,15.22
O00017559,U000341,03-04-2024,22:29:48,15.22
O00018638,U008074,07-09-2024,21:33:44,15.22
O00000008,U007661,03-03-2024,23:33:23,15.21
O00004375,U003890,10-11-2024,19:11:23,15.21
O00013177,U000989,19-04-2024,03:58:50,15.21
O00013601,U007208,09-02-2025,09:42:20,15.21
O00010405,U006951,20-08-2024,04:32:53,15.11
O00014549,U006457,07-11-2025,17:29:20,15.11
O00014583,U004149,22-08-2025,15:32:28,15.11
O00001797,U002220,04-12-2024,00:41:08,15.04
O00010271,U005884,23-07-2024,01:27:36,15.04
O00014864,U003999,31-10-2025,16:58:32,15.03
O00000094,U008738,02-05-2025,01:53:35,14.99
O00000645,U002200,30-06-2025,21:32:04,14.99
O00015937,U004528,07-05-2024,03:45:11,14.99
O00005195,U009826,24-05-2025,17:51:54,14.96
O00011166,U009987,27-06-2024,07:22:11,14.96
O00014158,U002865,13-02-2024,16:42:51,14.84
O00011306,U006587,10-02-2024,15:20:41,14.81
O00015391,U006182,06-09-2024,15:58:20,14.81
O00011342,U005540,11-11-2025,02:30:59,14.74
O00000780,U007373,13-10-2025,12:07:37,14.70
O00014796,U004008,29-04-2025,18:33:38,14.70
O00019146,U000480,10-03-2024,07:01:32,14.61
O00001656,U006743,08-03-2025,02:31:47,14.59
O00006948,U002707,07-08-2024,02:05:05,14.59
O00010942,U009574,08-03-2024,06:57:50,14.59
O00013607,U006739,02-03-2025,13:36:47,14.59
O00017976,U000865,11-11-2024,20:08:08,14.58
O00003929,U008144,10-04-2025,12:47:10,14.44
O00009815,U002707,11-04-2024,16:03:01,14.44
O00015196,U007223,25-01-2025,12:13:28,14.44
O00015509,U001630,01-09-2025,20:54:32,14.44
O00018677,U003850,20-08-2025,20:20:14,14.44
O00012850,U001839,01-10-2025,00:18:09,14.33
O00013988,U004469,06-05-2024,00:10:54,14.33
O00010006,U008478,19-03-2025,10:48:41,14.30
O00014635,U004453,12-09-2025,23:40:52,14.30
O00015660,U004043,18-09-2025,00:42:44,14.30
O00004754,U007397,07-03-2025,14:51:02,14.26
O00019381,U003756,20-09-2024,23:30:17,14.26
O00000860,U001470,11-05-2024,12:26:18,14.09
O00004799,U003711,22-08-2025,06:16:39,14.09
O00012531,U008345,29-08-2024,02:35:40,14.09
O00016557,U000618,16-04-2025,04:37:03,14.09
O00019382,U008906,14-09-2025,15:30:01,14.09
O00002571,U009891,09-11-2025,04:59:33,14.04
O00008784,U001021,26-07-2024,14:54:36,13.85
O00012160,U004243,09-05-2024,15:48:59,13.85
O00014631,U005314,25-10-2025,11:48:16,13.85
O00003323,U003264,27-09-2024,11:41:47,13.83
O00009659,U006750,03-05-2025,07:06:39,13.83
O00010339,U000981,09-04-2024,07:04:30,13.83
O00016710,U000175,11-08-2025,06:43:43,13.83
O00018022,U002248,31-07-2024,09:18:10,13.83
O00012246,U000306,20-12-2024,09:53:12,13.77
O00019920,U007625,09-04-2024,11:12:17,13.77
O00005686,U001209,04-09-2024,07:24:49,13.72
O00007088,U001045,14-07-2025,22:11:36,13.72
O00013384,U007943,10-04-2024,10:17:51,13.60
O00016151,U004606,16-07-2024,10:02:15,13.60
O00019601,U000103,12-04-2025,00:44:58,13.58
O00002277,U000141,18-06-2024,05:30:57,13.54
O00009131,U009141,06-01-2025,21:53:35,13.54
O00017687,U009760,20-05-2025,17:30:08,13.54
O00012476,U003530,24-01-2025,21:45:56,13.49
O00019334,U006602,01-06-2024,17:05:30,13.49
O00001341,U004818,29-06-2024,11:47:41,13.38
O00008158,U009780,28-12-2024,19:28:41,13.34
O00014121,U002107,08-10-2024,06:04:57,13.34
O00016030,U003989,06-07-2025,19:24:21,13.34
O00017822,U003550,08-06-2024,08:01:42,13.34
O00018236,U002847,26-06-2025,15:16:13,13.34
O00018918,U008284,12-05-2025,00:09:29,13.34
O00011471,U000823,20-07-2025,10:15:03,13.29
O00001407,U002874,01-10-2025,03:07:15,13.24
O00002919,U008943,28-06-2024,07:55:28,13.24
O00011293,U001598,07-09-2024,06:01:02,13.24
O00019563,U004968,10-07-2024,01:38:49,13.20
O00001933,U003549,03-08-2025,23:09:38,13.13
O00003731,U002204,11-08-2025,19:20:46,13.13
O00011462,U002724,29-10-2025,13:13:39,13.13
O00004831,U008766,03-07-2024,14:48:52,13.12
O00007205,U003774,13-05-2024,19:08:37,13.12
O00001856,U007956,15-10-2024,11:33:20,13.04
O00005624,U009060,18-10-2024,13:36:39,13.04
O00006336,U001784,24-10-2025,17:58:20,13.04
O00007010,U005544,09-09-2025,10:17:47,13.04
O00018837,U001142,08-07-2025,10:41:48,13.01
O00003847,U002075,15-03-2025,20:14:11,12.97
O00004551,U008884,04-10-2025,05:02:23,12.97
O00006460,U002522,21-09-2025,17:30:41,12.97
O00018021,U005003,12-05-2024,10:54:44,12.97
O00014821,U000188,26-05-2025,04:43:56,12.81
O00015320,U002298,31-12-2024,11:31:51,12.81
O00016306,U002778,30-08-2024,00:19:01,12.81
O00019272,U002381,28-09-2024,23:58:16,12.81
O00002587,U008569,26-01-2025,16:19:25,12.76
O00002840,U002716,20-08-2025,23:46:43,12.76
O00010820,U008628,07-09-2024,07:41:27,12.76
O00014293,U007690,06-09-2024,01:35:34,12.76
O00016263,U005507,24-11-2024,01:05:41,12.76
O00011671,U009955,25-06-2024,20:38:11,12.72
O00011945,U001632,25-05-2024,00:16:37,12.72
O00016941,U000811,17-07-2025,22:18:29,12.72
O00001957,U002109,06-06-2024,04:59:01,12.66
O00003851,U000005,19-01-2025,10:19:04,12.66
O00009703,U004059,10-05-2025,11:53:39,12.66
O00011703,U005751,07-05-2025,01:10:29,12.66
O00016259,U008705,14-09-2025,14:28:40,12.66
O00016851,U009717,15-08-2025,09:44:31,12.65
O00004126,U002491,29-04-2024,11:33:31,12.57
O00015366,U000417,06-04-2024,11:40:24,12.47
O00016426,U009548,24-10-2025,10:35:56,12.47
O00001878,U004889,26-06-2024,05:06:56,12.46
O00007223,U001896,21-06-2025,04:11:38,12.46
O00016996,U004821,27-08-2025,19:23:44,12.46
O00002097,U005347,16-04-2024,17:21:54,12.42
O00005427,U004519,17-05-2025,18:47:37,12.42
O00009337,U005778,09-12-2024,08:14:08,12.42
O00010202,U008312,30-09-2024,01:09:26,12.42
O00010799,U009673,30-03-2025,16:04:39,12.42
O00019196,U000510,05-11-2025,15:23:45,12.42
O00004348,U004178,05-04-2025,04:12:10,12.40
O00005535,U007996,04-09-2024,13:38:25,12.40
O00008259,U001117,29-09-2024,10:17:13,12.40
O00010578,U009128,26-10-2024,22:54:01,12.40
O00011519,U001782,05-10-2025,22:14:24,12.40
O00009390,U005320,15-03-2025,03:14:27,12.34
O00010756,U008091,18-10-2025,20:17:36,12.34
O00010941,U002136,19-03-2024,06:44:00,12.34
O00019513,U000328,12-05-2024,15:24:42,12.34
O00001642,U005225,24-06-2024,20:14:54,12.32
O00016313,U000499,03-03-2025,17:54:21,12.31
O00008617,U000700,13-09-2025,14:46:03,12.17
O00003169,U007765,12-06-2025,13:17:18,12.14
O00007181,U009474,23-07-2024,05:15:50,12.14
O00013410,U005982,23-07-2025,06:54:41,11.96
O00016410,U001568,02-07-2024,01:58:30,11.95
O00005293,U001322,01-08-2024,09:25:16,11.93
O00019269,U003137,30-01-2024,04:11:35,11.93
O00012738,U000619,06-07-2024,02:39:13,11.89
O00014557,U000429,15-06-2024,04:03:26,11.88
O00005836,U005920,02-02-2024,05:59:46,11.83
O00009136,U007283,03-02-2024,22:56:33,11.83
O00018589,U007846,02-07-2024,14:47:25,11.83
O00007323,U006952,18-09-2024,15:04:15,11.80
O00014578,U006057,14-11-2025,05:50:16,11.80
O00000486,U008797,15-08-2025,21:12:55,11.71
O00011521,U006777,15-01-2025,12:56:05,11.71
O00011532,U005426,01-04-2024,07:25:52,11.71
O00006635,U009516,25-11-2024,11:15:16,11.67
O00013375,U007663,06-04-2025,00:26:29,11.67
O00019560,U003142,08-11-2025,05:14:28,11.67
O00007916,U005060,24-02-2024,14:33:59,11.62
O00016476,U007334,14-09-2025,03:25:24,11.62
O00002779,U003571,15-06-2025,17:41:08,11.58
O00012755,U003018,27-09-2024,11:54:09,11.57
O00017143,U005627,22-04-2025,05:37:04,11.57
O00009745,U003899,13-09-2024,03:48:11,11.44
O00010887,U004024,19-05-2025,08:04:46,11.44
O00015001,U005079,02-08-2024,17:21:21,11.44
O00016380,U000823,11-07-2025,19:58:09,11.44
O00016442,U007294,29-08-2024,03:10:32,11.44
O00019207,U002147,16-03-2025,22:21:55,11.44
O00004124,U005109,25-02-2024,22:28:14,11.41
O00011668,U001692,02-01-2024,06:57:58,11.41
O00019852,U000989,30-03-2024,00:31:57,11.41
O00001988,U006384,11-03-2024,19:27:28,11.40
O00009514,U007494,03-07-2025,06:08:39,11.40
O00010217,U004267,20-02-2024,23:55:05,11.40
O00018717,U009049,14-06-2025,19:27:15,11.40
O00007269,U000516,26-03-2025,01:42:36,11.37
O00008696,U006705,27-10-2025,03:04:34,11.37
O00012864,U007510,31-01-2025,15:59:44,11.34
O00004294,U006388,05-06-2024,17:33:41,11.31
O00013871,U003220,02-01-2025,09:12:35,11.31
O00016759,U007293,15-03-2025,18:10:23,11.31
O00018259,U009232,27-12-2024,16:01:11,11.31
O00009348,U003701,19-07-2024,04:18:41,11.16
O00006052,U007915,25-08-2024,11:21:44,11.15
O00019813,U009242,11-09-2025,17:42:04,11.15
O00014397,U008365,16-05-2025,15:47:08,11.14
O00012932,U001873,26-05-2024,19:07:42,11.10
O00006894,U004441,24-05-2024,01:29:59,11.08
O00017443,U000361,19-01-2024,19:37:08,11.08
O00011358,U009766,03-08-2025,11:52:59,11.05
O00016169,U004684,05-10-2024,05:28:03,11.05
O00009873,U007610,16-12-2024,11:59:35,10.96
O00019577,U005566,25-03-2024,11:21:54,10.87
O00008491,U001380,12-06-2024,12:52:45,10.83
O00001191,U005598,16-02-2025,09:11:36,10.78
O00007533,U004247,08-07-2024,05:48:34,10.78
O00015105,U008835,21-07-2024,19:13:56,10.78
O00017565,U000747,15-01-2024,05:35:08,10.78
O00019357,U004595,20-02-2025,15:55:17,10.78
O00011632,U000323,13-08-2024,04:03:33,10.71
O00013709,U001285,07-03-2025,19:27:56,10.71
O00008298,U004541,24-04-2025,22:27:21,10.70
O00009594,U000967,21-03-2025,11:26:22,10.70
O00013991,U008733,09-11-2024,18:58:58,10.70
O00017735,U000355,04-01-2024,13:26:29,10.70
O00000770,U006096,08-10-2024,01:22:49,10.62
O00012945,U007518,29-04-2024,23:52:32,10.62
O00016747,U003509,10-07-2024,11:28:36,10.62
O00017642,U009447,06-07-2025,19:33:36,10.62
O00009361,U006675,23-01-2024,09:22:13,10.61
O00003525,U007210,25-11-2024,16:47:06,10.58
O00018120,U004863,25-10-2025,12:42:02,10.56
O00001149,U008256,11-12-2024,19:24:23,10.52
O00002041,U003303,10-06-2025,19:30:13,10.52
O00014913,U001956,16-10-2024,02:29:41,10.52
O00005698,U003265,06-11-2024,16:05:52,10.49
O00015018,U006250,02-02-2025,02:45:30,10.49
O00010381,U006660,25-08-2024,14:33:47,10.47
O00013776,U004963,18-09-2025,12:59:10,10.47
O00015394,U000621,02-08-2025,06:17:48,10.47
O00016366,U005076,30-06-2025,20:26:01,10.47
O00006235,U005680,24-01-2025,09:08:37,10.45
O00008718,U005724,04-03-2025,15:17:56,10.45
O00016064,U004259,02-03-2025,12:19:17,10.42
O00002660,U009204,06-10-2024,03:13:17,10.39
O00007756,U000967,22-11-2024,06:47:34,10.39
O00011775,U002706,10-11-2025,01:24:37,10.39
O00008553,U004809,05-09-2024,19:29:04,10.35
O00011858,U007663,24-04-2025,18:02:04,10.35
O00012908,U007532,27-03-2024,18:22:25,10.35
O00015353,U004697,12-05-2025,01:03:50,10.35
O00015831,U007745,25-10-2024,12:38:54,10.35
O00017468,U004729,18-09-2025,10:57:23,10.35
O00018691,U000955,08-06-2024,21:02:37,10.35
O00018939,U001314,25-09-2024,04:57:00,10.35
O00002476,U005164,20-03-2025,11:01:22,10.29
O00013048,U001814,01-04-2025,11:16:13,10.29
O00013861,U008523,17-06-2025,21:50:27,10.29
O00017217,U009461,06-06-2024,12:43:26,10.29
O00017777,U002038,21-09-2024,22:11:08,10.22
O00003024,U007016,11-09-2024,08:20:43,10.20
O00006379,U000388,25-05-2024,05:31:22,10.20
O00009170,U004419,04-02-2024,19:46:51,10.20
O00011706,U004629,17-10-2024,11:05:27,10.20
O00018599,U007607,16-10-2025,04:37:36,10.20
O00000694,U006903,14-09-2024,16:16:41,9.98
O00005590,U009220,23-05-2024,09:21:41,9.98
O00006595,U007481,03-07-2024,18:41:32,9.98
O00009561,U006328,13-09-2024,09:28:11,9.98
O00011740,U006393,13-06-2025,17:15:01,9.98
O00012031,U001936,09-07-2025,10:00:44,9.98
O00002107,U000157,12-04-2025,05:31:06,9.97
O00002439,U009614,25-09-2025,09:18:12,9.97
O00003369,U007369,16-11-2024,05:06:49,9.97
O00007424,U000441,18-03-2024,15:20:10,9.97
O00015395,U002949,24-11-2024,06:18:59,9.97
O00013779,U002456,18-10-2024,22:35:16,9.96
O00012811,U006105,04-01-2025,04:14:42,9.92
O00002286,U009987,07-01-2024,21:33:44,9.81
O00006261,U007287,23-10-2024,19:47:07,9.81
O00010515,U008239,25-11-2024,08:32:56,9.81
O00014133,U000303,28-04-2025,17:44:50,9.81
O00009764,U008523,09-03-2025,19:01:11,9.80
O00013627,U009508,29-08-2024,19:58:13,9.80
O00000572,U009178,12-07-2024,07:07:22,9.74
O00007412,U005371,06-02-2024,11:49:33,9.74
O00007935,U008329,11-07-2024,16:59:14,9.74
O00015884,U008324,04-02-2024,11:45:59,9.74
O00019696,U006701,06-01-2025,20:37:41,9.74
O00002287,U006149,08-01-2024,01:03:40,9.58
O00002598,U000496,09-04-2024,05:05:34,9.58
O00002723,U005560,02-02-2025,15:53:15,9.58
O00005930,U008813,29-06-2025,10:33:58,9.58
O00007432,U008024,13-03-2024,03:33:17,9.53
O00008242,U001977,06-10-2025,09:39:03,9.53
O00010390,U007855,17-08-2025,00:02:11,9.53
O00014491,U002965,21-05-2024,16:09:55,9.53
O00014657,U008949,21-05-2025,05:16:10,9.53
O00015178,U005598,02-11-2025,08:09:01,9.53
O00018440,U006667,10-08-2024,03:35:58,9.53
O00003587,U007437,08-08-2025,18:18:20,9.49
O00003098,U004619,06-11-2024,18:20:12,9.32
O00017198,U003372,12-04-2025,20:31:37,9.32
O00018527,U006869,13-02-2025,18:46:55,9.32
O00007086,U001759,26-03-2025,00:24:33,9.31
O00011524,U003607,21-06-2024,04:52:06,9.31
O00017555,U000914,20-09-2024,07:11:14,9.31
O00018291,U007195,01-04-2024,12:09:25,9.31
O00019782,U009602,20-09-2024,23:14:09,9.31
O00000988,U004546,04-02-2025,05:21:51,9.28
O00001002,U009034,25-11-2024,11:23:28,9.28
O00001073,U001416,08-02-2024,08:14:10,9.28
O00008433,U003249,13-10-2024,22:21:13,9.28
O00016819,U000189,18-02-2025,10:02:17,9.28
O00001225,U005968,26-01-2025,19:52:51,9.27
O00003387,U009514,22-09-2024,15:47:02,9.27
O00007721,U006686,29-11-2024,12:36:09,9.27
O00015762,U009011,01-08-2025,20:56:38,9.27
O00004592,U004056,12-11-2025,13:49:19,9.25
O00006029,U000597,01-01-2025,12:54:31,9.25
O00009408,U009868,30-05-2025,12:34:24,9.25
O00014926,U009236,20-05-2025,12:01:29,9.25
O00017970,U007712,25-07-2025,12:34:07,9.25
O00018594,U007298,20-03-2024,12:38:44,9.25
O00019616,U004731,30-08-2024,10:41:42,9.25
O00000325,U009808,29-05-2024,15:33:19,9.10
O00005707,U008506,11-03-2024,22:33:58,9.10
O00012037,U003008,28-07-2025,13:06:44,9.10
O00015083,U005455,09-11-2024,00:57:55,9.10
O00010129,U000887,08-07-2025,16:59:10,9.00
O00019912,U002142,22-03-2024,02:52:17,9.00
O00000633,U009796,30-06-2024,14:18:22,8.99
O00003598,U008168,06-09-2024,12:16:15,8.99
O00012553,U001744,21-04-2025,04:06:43,8.99
O00018856,U002217,02-03-2024,19:01:28,8.99
O00002808,U002924,15-03-2024,00:38:07,8.97
O00003808,U003819,13-02-2024,21:33:44,8.89
O00004946,U008889,26-10-2025,12:22:54,8.89
O00007993,U001500,25-10-2024,23:17:53,8.74
O00012189,U009761,19-07-2025,15:29:50,8.74
O00013893,U004770,08-06-2025,14:56:31,8.74
O00016551,U009934,10-10-2025,16:08:17,8.74
O00017996,U003738,16-12-2024,17:00:20,8.74
O00015529,U008629,17-02-2024,01:59:20,8.60
O00013067,U001975,08-02-2025,04:09:04,8.47
O00013108,U009121,18-10-2024,11:20:58,8.47
O00018628,U000419,07-09-2024,15:29:34,8.47
O00007722,U001129,05-04-2024,11:08:46,8.44
O00002868,U000286,14-12-2024,03:36:00,8.25
O00010394,U006159,24-01-2025,22:54:12,8.25
O00005754,U004737,14-08-2024,23:06:02,8.24
O00005903,U006017,20-08-2024,23:12:13,8.24
O00006217,U001475,06-02-2025,13:45:45,8.24
O00007335,U005792,25-11-2024,18:19:12,8.24
O00007366,U005419,08-01-2025,00:38:57,8.24
O00016524,U007284,02-11-2024,02:21:07,8.24
O00002528,U000377,07-01-2025,21:33:41,8.20
O00006076,U009298,01-07-2024,10:03:36,8.20
O00017810,U000420,04-02-2025,19:30:25,8.20
O00004720,U006562,31-01-2025,14:53:13,8.07
O00007087,U005288,08-02-2025,15:46:42,8.07
O00010068,U009598,01-03-2024,11:58:02,8.07
O00001468,U001935,28-05-2025,08:24:14,8.06
O00001645,U002264,03-12-2024,00:01:46,8.06
O00003749,U008024,04-03-2024,07:03:02,8.05
O00003857,U008558,17-04-2024,20:24:32,8.05
O00002548,U009863,07-10-2024,02:44:55,7.92
O00003368,U007341,25-02-2024,07:51:01,7.92
O00007141,U009078,10-10-2025,04:00:10,7.92
O00011296,U004856,28-07-2024,11:27:45,7.92
O00013261,U006451,10-07-2024,10:14:47,7.92
O00015416,U009088,14-06-2025,19:01:15,7.92
O00000405,U008444,03-10-2025,23:01:12,7.85
O00010008,U008608,09-10-2025,02:16:04,7.85
O00014703,U007583,03-02-2025,13:32:17,7.85
O00019546,U004314,06-11-2025,19:17:15,7.85
O00000945,U000623,31-07-2024,13:31:07,7.76
O00002834,U002497,16-07-2024,12:26:17,7.76
O00005561,U004203,13-09-2025,12:39:24,7.76
O00010088,U001408,23-06-2024,01:20:44,7.76
O00015054,U000477,16-10-2025,08:14:22,7.76
O00015079,U007528,18-01-2024,18:09:37,7.76
O00018470,U008405,19-10-2024,19:32:56,7.76
O00018773,U005936,03-05-2025,14:11:03,7.76
O00005026,U004023,16-08-2024,13:27:06,7.56
O00007608,U009932,01-08-2024,17:18:47,7.56
O00013148,U006181,28-11-2024,07:07:07,7.56
O00016575,U002660,28-09-2025,13:19:21,7.56
O00002825,U009909,09-01-2024,17:35:49,7.42
O00010850,U009043,24-06-2025,21:15:28,7.41
O00013675,U000390,06-03-2025,23:02:48,7.41
O00019561,U004625,12-02-2025,21:16:02,7.41
O00005645,U007902,07-04-2024,17:10:21,7.38
O00002966,U007827,22-06-2024,02:03:10,7.37
O00007734,U001018,14-08-2025,03:21:43,7.37
O00007828,U001123,24-05-2025,14:29:26,7.37
O00006903,U006784,30-08-2024,16:11:31,6.95
O00011096,U002075,01-11-2025,19:04:03,6.95
O00014126,U003859,31-10-2025,21:00:40,6.95
O00009642,U006119,09-10-2024,10:19:30,6.90
O00010990,U004431,15-05-2024,16:07:07,6.90
O00012499,U001401,21-03-2024,09:05:10,6.85
O00014433,U007924,01-02-2025,16:57:05,6.85
O00002255,U002317,02-08-2024,00:46:55,6.79
O00008632,U000841,30-07-2024,08:08:52,6.79
O00015090,U006749,18-08-2025,20:27:00,6.79
O00016915,U002259,22-10-2024,10:26:35,6.79
O00001986,U007865,12-04-2025,05:48:18,6.75
O00003896,U000918,25-08-2024,05:30:33,6.75
O00009473,U008088,05-07-2024,04:32:29,6.75
O00016667,U001071,02-07-2025,13:17:38,6.75
O00008861,U003120,10-11-2025,00:34:54,6.69
O00016496,U005324,02-01-2024,19:05:21,6.69
O00009132,U008025,04-06-2025,03:37:50,6.64
O00017364,U002893,24-08-2024,06:36:33,6.64
O00013604,U002956,12-08-2025,09:19:53,6.60
O00001521,U006527,29-03-2024,19:00:41,6.58
O00009172,U002500,21-05-2024,05:04:00,6.58
O00016268,U001064,12-09-2025,15:31:53,6.58
O00017646,U006089,13-04-2025,04:17:50,6.58
O00004079,U003329,27-01-2024,17:08:54,6.52
O00010563,U009187,20-10-2025,18:44:52,6.52
O00011502,U006581,12-10-2025,16:33:57,6.52
O00015369,U008776,07-04-2025,03:40:27,6.52
O00018226,U003326,06-05-2024,04:01:48,6.52
O00004761,U004682,04-06-2025,03:10:00,6.16
O00004999,U007829,19-01-2025,21:31:34,6.16
O00008925,U003017,27-12-2024,21:36:30,6.16
O00006911,U008743,19-04-2025,07:51:12,6.08
O00007051,U003809,27-07-2025,23:08:16,5.98
O00009531,U000985,25-05-2024,22:18:35,5.98
O00012229,U006579,24-06-2024,22:02:01,5.98
O00013554,U002059,08-08-2025,17:35:47,5.98
O00000720,U006219,05-03-2025,08:59:03,5.84
O00003785,U004204,20-06-2024,22:14:53,5.79
O00004832,U007926,30-09-2025,02:56:12,5.79
O00008955,U000535,03-08-2024,11:14:55,5.79
O00012304,U004757,26-07-2024,03:15:25,5.79
O00017473,U004766,13-06-2025,05:13:37,5.79
O00008183,U008313,02-08-2024,03:39:27,5.74
O00011456,U009254,17-03-2025,00:14:27,5.74
O00013673,U001413,17-03-2025,15:50:46,5.74
O00016723,U005651,13-02-2025,09:23:29,5.74
O00010728,U001618,08-08-2025,02:24:09,5.67
O00011540,U007298,23-06-2024,15:02:50,5.67
O00013160,U005301,21-06-2025,03:27:17,5.67
O00017413,U001186,27-08-2024,04:26:38,5.67
O00005771,U005529,29-01-2024,23:03:23,5.66
O00006926,U002336,05-09-2024,00:40:59,5.66
O00012260,U005021,14-10-2025,22:55:54,5.66
O00014280,U007142,25-03-2024,09:19:09,5.66
O00017230,U005173,16-10-2024,21:22:24,5.66
O00002435,U006067,14-01-2024,15:29:12,5.58
O00006959,U006625,30-08-2024,08:32:53,5.55
O00013516,U002777,01-07-2025,15:08:05,5.55
O00016217,U009097,05-11-2024,12:18:34,5.55
O00004369,U006128,23-10-2025,06:01:11,5.54
O00010424,U001753,27-04-2024,05:30:51,5.53
O00014880,U004872,09-10-2025,06:13:33,5.53
O00018172,U005914,16-02-2025,16:47:07,5.53
O00014717,U000503,24-04-2024,11:53:03,5.50
O00008534,U002367,07-05-2025,00:42:17,5.44
O00008823,U001054,25-11-2024,01:33:47,5.44
O00000236,U000687,19-03-2024,13:36:10,5.35
O00000390,U006881,17-07-2025,13:46:25,5.35
O00001012,U000801,08-09-2025,17:33:08,5.35
O00014779,U006527,15-10-2025,13:41:31,5.35
O00002897,U006722,14-12-2024,15:26:52,5.28
O00004646,U004866,02-07-2025,15:19:54,5.28
O00006390,U008752,29-06-2025,12:14:41,5.28
O00019399,U009046,09-03-2025,04:13:36,5.28
O00011894,U005500,03-03-2024,11:03:21,5.20
O00017081,U006597,28-05-2025,14:00:28,5.20
O00019287,U000734,18-12-2024,10:18:01,5.20
O00001787,U007055,01-02-2024,08:37:36,5.11
O00002880,U000761,29-01-2025,17:31:02,5.11
O00013254,U002388,28-08-2025,09:04:45,5.11
O00014078,U001890,08-07-2025,15:27:54,4.94
O00011501,U000152,15-07-2025,18:14:07,4.87
O00003441,U004375,20-09-2025,08:20:16,4.68
O00011768,U009034,04-07-2024,17:55:37,4.68
O00014570,U000963,17-10-2025,15:03:38,4.68
O00001223,U004951,29-01-2024,10:32:04,4.51
O00005507,U003125,13-01-2024,20:03:21,4.51
O00007434,U001578,27-02-2025,21:36:37,4.51
O00010839,U006698,12-07-2025,11:12:25,4.51
O00011169,U009842,30-09-2024,00:38:34,4.51
O00011545,U006908,11-06-2025,02:42:15,4.51
O00017660,U009538,07-03-2025,21:47:52,4.47
O00004483,U007994,17-03-2024,02:55:23,4.19
O00013913,U001962,18-08-2025,18:07:07,4.19
O00014660,U003916,04-01-2024,16:05:55,4.19
O00009031,U000684,30-08-2025,10:18:54,3.96
O00009497,U004677,09-09-2024,02:43:34,3.96
O00014218,U004620,28-12-2024,23:05:55,3.96
O00017955,U004831,18-04-2024,04:56:20,3.96
O00002846,U001854,21-05-2025,23:00:51,3.69
O00005331,U002709,09-02-2024,09:49:44,3.69
O00005729,U002809,13-09-2024,18:43:09,3.69
O00007353,U000406,22-02-2024,02:21:21,3.69
O00010338,U000042,11-12-2024,03:34:10,3.69
O00011646,U002743,07-01-2024,06:43:56,3.69
O00012612,U005274,07-07-2024,18:05:42,3.69
O00017313,U001341,04-12-2024,23:18:57,3.69
O00018408,U002665,21-02-2024,08:51:00,3.69
O00019847,U005872,07-10-2024,18:07:01,3.69
O00004307,U001189,03-05-2025,15:41:54,3.61
O00012036,U009714,26-07-2025,12:47:36,3.61
O00012712,U007094,25-05-2024,01:34:56,3.61
O00013111,U006968,22-08-2024,04:31:42,3.61
O00000308,U006604,03-10-2024,05:35:54,3.57
O00009762,U008294,31-01-2025,18:11:08,3.57
O00015417,U009670,30-05-2024,00:00:50,3.56
O00000875,U008290,17-08-2024,11:53:18,3.45
O00013116,U001859,13-02-2024,11:12:46,3.45
O00014780,U005305,08-05-2025,07:24:06,3.45
O00016435,U003095,29-08-2025,12:08:01,3.44
O00014006,U007190,16-08-2024,16:02:20,3.42
O00016383,U008478,19-07-2024,14:10:45,3.42
O00017349,U006759,30-12-2024,13:01:23,3.42
O00012739,U003583,20-06-2025,06:24:36,3.37
O00017971,U007327,08-11-2025,06:12:03,3.37
O00005986,U007576,20-02-2025,16:02:14,3.33
O00004805,U007683,10-05-2024,10:32:19,3.32
O00012350,U008335,25-04-2024,17:10:51,3.32
O00019576,U006868,20-05-2025,20:28:15,3.32
O00003788,U001988,12-11-2024,17:03:00,3.13
O00000796,U002110,07-03-2025,23:54:23,2.99
O00012848,U006482,28-02-2025,07:03:22,2.99
O00019225,U008927,29-01-2025,23:02:36,2.99
O00019423,U005146,31-07-2024,22:24:38,2.99
O00007919,U002162,19-10-2025,08:07:23,2.92
O00011713,U005128,09-02-2025,06:50:55,2.92
O00001529,U006242,29-04-2024,06:29:24,2.83
O00002164,U006609,12-01-2025,11:35:59,2.83
O00002841,U005915,15-01-2024,20:03:55,2.83
O00007616,U007723,04-03-2024,16:03:06,2.83
O00009105,U008321,15-08-2024,06:48:36,2.83
O00019031,U002234,02-12-2024,15:33:38,2.83
O00000576,U002128,22-08-2025,09:45:33,2.75
O00005815,U007416,04-06-2025,04:07:47,2.75
O00006424,U002998,12-12-2024,04:38:57,2.75
O00008295,U006889,01-09-2024,08:02:20,2.75
O00012038,U001806,11-02-2024,14:59:55,2.75
O00016792,U000388,24-07-2025,23:22:46,2.75
O00013591,U004985,18-11-2024,22:53:41,2.72
O00014927,U008692,21-03-2024,01:52:04,2.72
O00018735,U009292,10-06-2025,05:03:05,2.72
O00019375,U006915,22-12-2024,16:58:10,2.72
O00000561,U009940,13-10-2024,05:51:10,2.48
O00002948,U006435,18-06-2024,06:14:01,2.48
O00005003,U006100,10-10-2024,06:05:36,2.48
O00005137,U003234,13-09-2025,17:13:39,2.48
O00006690,U000573,29-06-2025,13:35:45,2.48
O00007915,U005694,14-10-2025,05:58:32,2.47
O00008599,U006165,30-01-2025,20:11:54,2.41
O00015219,U008600,06-04-2025,12:23:57,2.41
O00001995,U008136,11-01-2025,06:08:09,2.22
O00012569,U007297,12-04-2025,21:31:35,2.22
O00002630,U005486,30-04-2025,01:27:56,1.78
O00009120,U006806,07-05-2024,04:00:16,1.78
O00012969,U001180,24-06-2025,20:44:47,1.78
O00014516,U004653,01-12-2024,23:35:03,1.78
O00017386,U005643,01-06-2024,03:30:11,1.78
O00016821,U005538,01-12-2024,13:35:12,1.72
O00010149,U000795,01-11-2024,13:08:54,1.49
O00003816,U009169,12-02-2025,03:53:38,1.21
O00016661,U002199,08-01-2025,03:18:40,1.21
O00019620,U004227,26-05-2025,22:14:34,1.21
O00002443,U003792,01-02-2025,23:10:30,1.11
