user_id,user_name,email,gender,city,signup_date
U000001,Angel Hill,donaldgarcia@example.net,Other,New Roberttown,13-03-2025
U000002,Jesse Guzman,jennifermiles@example.com,Male,South Bridget,05-03-2024
U000003,Adam Shaffer,jpeterson@example.org,Male,Curtisfurt,07-07-2025
U000004,Melanie Munoz,blairamanda@example.com,Other,New Kellystad,07-03-2024
U000005,Janet Williams,kendragalloway@example.org,Female,South Joshuastad,29-01-2025
U000006,Michael Santiago,lynchgeorge@example.net,Male,East Steven,21-04-2024
U000007,Sara Watts,gabriellecameron@example.org,Male,Port Antonio,03-07-2024
U000008,Joseph Clark,jason76@example.net,Male,Thomasberg,03-08-2024
U000009,Anna Baker,zhurst@example.com,Other,East William,17-06-2024
U000010,Brandon Rodriguez,laurahenderson@example.org,Male,Jamesmouth,03-03-2024
U000011,Tasha Valencia,frazierdanny@example.net,Other,Kaylamouth,27-12-2024
U000012,Ryan Chavez,teresa28@example.org,Other,Meaganhaven,17-03-2024
U000013,Eric Farmer,georgetracy@example.org,Other,Natashaport,20-02-2025
U000014,John Bradley,millertodd@example.org,Male,East Donna,12-06-2024
U000015,Frederick Rose,ibrandt@example.net,Other,Lake Larry,09-10-2025
U000016,Debra Kim,omartinez@example.org,Female,Andrewside,11-11-2025
U000017,Jeffrey Jones,perezrebecca@example.com,Male,New Johnfort,06-06-2024
U000018,David Walls,esanchez@example.com,Male,North Collin,26-05-2024
U000019,Rodney Owens,nuneztracey@example.org,Male,South Jessicaville,21-10-2024
U000020,James West,dwhite@example.org,Male,South Lindseyside,19-06-2024
U000021,Denise Fernandez,novaksara@example.org,Male,South Todd,07-03-2024
U000022,Richard Brown,ysmith@example.com,Other,Mitchellside,26-05-2024
U000023,Tommy Lee,tanyariley@example.net,Other,Lake Leeton,28-03-2025
U000024,Wesley Farrell,brianromero@example.org,Male,New Carlosbury,03-02-2025
U000025,Shelly Hudson,harveyrobert@example.net,Other,Sarahborough,03-10-2024
U000026,Leon Baker,emilyevans@example.com,Male,North Stephenshire,03-04-2025
U000027,Charles Lewis,david51@example.org,Other,Justinmouth,12-11-2025
U000028,Jade Carr,contrerasangela@example.net,Other,East Josephville,24-07-2025
U000029,Eric Campbell,jenniferharris@example.net,Other,Williamview,22-05-2025
U000030,Meghan Davis,ccalderon@example.org,Other,Kellieview,11-09-2025
U000031,Scott Thornton,rodriguezsierra@example.net,Female,New Barry,20-04-2024
U000032,Angela Jordan,parkerrachel@example.org,Male,Jasonbury,09-09-2024
U000033,Michael Castro,vdickson@example.org,Female,Port Francisco,01-04-2025
U000034,Gregory Gutierrez,jillcook@example.com,Other,West Erik,01-07-2025
U000035,Patrick Williams,dwalker@example.com,Female,Loribury,24-04-2025
U000036,Donna Ross,michelle45@example.net,Male,Frazierside,01-06-2024
U000037,Anthony Wiley,gregory40@example.org,Male,Reedmouth,14-08-2024
U000038,Tracey Wilson,jonathanfletcher@example.org,Other,West Ryan,25-10-2024
U000039,Samantha Hanson,cortezkevin@example.com,Female,Nguyenport,11-10-2025
U000040,James Ortega,lbyrd@example.net,Female,Richardtown,14-01-2025
U000041,Jason Floyd,steven73@example.net,Female,Leonburgh,26-07-2024
U000042,Justin Beck,clarence34@example.org,Male,East Andrew,26-03-2025
U000043,Thomas Atkinson,gibsonolivia@example.net,Male,Lake Heather,16-06-2024
U000044,John Douglas,staffordmichelle@example.org,Female,Robinsonhaven,04-12-2024
U000045,Angela Lowery,bryantlaurie@example.net,Male,Stephaniemouth,13-11-2024
U000046,Jennifer Wagner,vmerritt@example.com,Male,Greenbury,23-02-2025
U000047,Joshua Strickland,rsims@example.com,Female,Lake Justinview,28-07-2025
U000048,Patricia Miller,jessebenson@example.net,Male,North Robert,17-08-2024
U000049,Steven Brown,xprice@example.net,Female,Port Nicoleshire,14-08-2024
U000050,Adam Bell,acastaneda@example.net,Female,South Jeffrey,17-09-2024
U000051,Anthony Rogers,dramsey@example.org,Other,South Brittanytown,25-10-2024
U000052,Roy Camacho,brentgray@example.org,Female,Murphyfurt,27-02-2024
U000053,Stephanie Fisher,ruizkaitlyn@example.org,Male,Jeffreyland,09-07-2024
U000054,Denise Webster,jamessmith@example.org,Other,East Thomas,18-06-2025
U000055,Stacie Marshall,katie29@example.net,Female,Port Loriport,19-03-2024
U000056,Anthony Collins,tsanders@example.org,Other,New Hannahbury,14-03-2024
U000057,Kendra Jefferson,hoganashlee@example.org,Male,Amandastad,10-03-2024
U000058,Deborah Smith,gshort@example.com,Female,Cynthiamouth,17-02-2024
U000059,Ryan Gross,christina87@example.com,Male,Petersenshire,28-04-2025
U000060,Melissa Rivas,ramirezshannon@example.com,Other,Rogersfort,02-07-2024
U000061,Hunter Lewis,matthew94@example.net,Female,New Stacyland,05-08-2025
U000062,Richard Peters,hannahbrewer@example.com,Other,Mcguireland,14-06-2024
U000063,Richard Sanchez,thomas85@example.com,Other,Michaelmouth,20-07-2024
U000064,John Martinez,leslienewton@example.net,Female,East Javier,04-07-2024
U000065,Jenny Bray,tina34@example.org,Other,Harrytown,27-11-2024
U000066,David Williams,tranheidi@example.org,Male,Garciatown,29-04-2025
U000067,Taylor Alexander,tammyking@example.com,Other,Port Cameronfort,27-01-2025
U000068,Crystal Brown,lisaavery@example.org,Male,North Angela,20-02-2024
U000069,Caitlin Montgomery,chayes@example.com,Male,Torreston,11-10-2024
U000070,Jody Meza,colleenbaker@example.org,Other,East Glenn,20-02-2025
U000071,Aaron Hayes,ocarter@example.com,Male,Jacquelinemouth,21-02-2024
U000072,Jesus Baker,ronaldstephens@example.net,Female,West Margaret,18-02-2024
U000073,Gabriel Parker,scott74@example.net,Male,Benderhaven,18-02-2024
U000074,Samuel George,mnavarro@example.com,Male,North Jeremyshire,04-01-2025
U000075,Andrew Hubbard,barbara27@example.net,Male,Moonburgh,05-02-2025
U000076,Ryan Olsen,harrisonricky@example.com,Female,Port Eugenechester,12-11-2025
U000077,Keith Landry,gibsonleonard@example.com,Female,Port Richardhaven,19-04-2025
U000078,Aaron Booth,mgutierrez@example.net,Female,Cindyfort,18-07-2025
U000079,Kathleen Harris,sarakim@example.net,Other,Martinezbury,03-03-2025
U000080,Lance Smith,hdavis@example.com,Female,Lake Marilynfort,30-04-2025
U000081,Kelly Thornton,edavenport@example.org,Male,Arnoldfurt,29-09-2025
U000082,Carol Francis,michellehill@example.com,Female,Sarahhaven,10-05-2024
U000083,Aaron Barber,cgrimes@example.net,Female,Reedside,01-07-2024
U000084,Nicholas Cantu,tinaallen@example.com,Male,Port Kimberly,05-06-2025
U000085,Julie Thornton,qhughes@example.net,Other,South Tammie,30-01-2024
U000086,Tammy Rivera,sawyerscott@example.net,Female,Smithberg,27-03-2024
U000087,Diana Moore,qharrington@example.com,Other,Santosmouth,07-10-2024
U000088,Michele James,courtney78@example.org,Other,East Crystalport,06-08-2025
U000089,Julie Hamilton,hodgesjane@example.org,Other,Jacksonport,13-11-2025
U000090,Brandon Flynn,michael62@example.org,Male,Knightburgh,09-09-2025
U000091,Christian Pitts,tyleraguilar@example.org,Other,Littlemouth,26-04-2024
U000092,Albert Ballard,erica21@example.com,Other,Vanessaport,23-06-2024
U000093,Roger Wright,james67@example.org,Male,South Ashley,13-03-2025
U000094,Victoria Phillips,khill@example.net,Other,New Julieport,28-01-2025
U000095,Jerry Pham,danaoliver@example.net,Other,Lake Colton,14-06-2025
U000096,Benjamin Kramer,rileyjessica@example.org,Male,Markchester,05-03-2025
U000097,David Ryan,alyssa42@example.com,Male,Coffeyport,30-04-2024
U000098,Matthew Wilson,taylortammy@example.net,Female,Coffeyside,25-05-2025
U000099,Krystal Smith,gibsonemily@example.net,Female,Brendastad,07-09-2024
U000100,Jesus Johnson,rose31@example.net,Female,Blankenshipport,15-03-2024
U000101,Darryl Williams,torrestravis@example.org,Other,New Derek,20-03-2025
U000102,Ellen Paul,umatthews@example.org,Other,Penafort,06-11-2024
U000103,Sheila Ramirez,jeff73@example.com,Other,Lake Michaelstad,25-02-2025
U000104,Joshua Donaldson,ndavis@example.net,Male,North Kristinbury,11-02-2024
U000105,Kristin Harris,brendali@example.org,Other,Kimtown,07-11-2025
U000106,Tracey Huerta,lauren10@example.org,Female,West Kristybury,08-07-2024
U000107,Alfred Baker,judyfox@example.net,Male,South Shanestad,06-02-2025
U000108,Daniel Gordon,acostaregina@example.net,Male,Stephentown,17-12-2024
U000109,Timothy Morales,henryrenee@example.org,Male,West Charleneland,11-02-2024
U000110,Claudia Richards,oscar98@example.com,Female,Wagnerchester,27-03-2024
U000111,Jacqueline Farrell,russellbeasley@example.com,Female,Mariafurt,08-03-2024
U000112,Cody Simmons,nicholas27@example.org,Female,Port Christopherchester,11-10-2024
U000113,Joanne Cain,willisanna@example.com,Male,South Michaelchester,07-03-2024
U000114,Jennifer Schmitt,michael98@example.org,Male,Lake Timothy,16-08-2025
U000115,Michael Hawkins,farmeraudrey@example.com,Other,New Sarahview,02-08-2025
U000116,Joshua Farmer,michael22@example.net,Other,Jonestown,20-01-2024
U000117,Alyssa Bennett,xpeterson@example.com,Female,Kimberlyshire,03-03-2024
U000118,Nicole Moore,craigjoseph@example.net,Male,Tuckermouth,11-02-2025
U000119,Jason Hunt,russell49@example.com,Other,Brandonfurt,10-10-2024
U000120,Brian Harris,katrinaduran@example.com,Female,Davidfort,04-11-2025
U000121,Gregory James,vincentwhitaker@example.com,Female,South Michelleton,25-05-2025
U000122,Steve Miller,barbara96@example.net,Other,Robertsfurt,25-10-2024
U000123,Mark Solis,xcollier@example.org,Female,Richardbury,15-01-2024
U000124,Richard Miller,julie35@example.org,Male,New Cynthiahaven,25-10-2024
U000125,Rebecca Bailey,joelthomas@example.org,Female,New Eric,14-12-2024
U000126,Charles Bean,kmarshall@example.net,Male,Maldonadoshire,03-06-2025
U000127,Valerie Morris,edward17@example.com,Male,Laurashire,15-03-2025
U000128,William Collins,xjohnson@example.com,Other,Lake Michelleland,08-02-2024
U000129,William Ford,colelisa@example.net,Other,West Cassidy,24-02-2025
U000130,Susan Hayes,toni18@example.net,Other,North John,08-12-2024
U000131,Scott Mills,michaelhardin@example.com,Female,Schroederton,26-10-2024
U000132,Deborah Jones,grantpaul@example.com,Other,West Christopher,23-06-2025
U000133,Sabrina Collins,tanderson@example.org,Other,Angelicamouth,29-03-2025
U000134,Elizabeth Calderon,lucasrodney@example.com,Female,West Kyleborough,10-07-2025
U000135,Katie Lee,ericphillips@example.org,Other,Lake Matthewberg,21-08-2024
U000136,Eric White,jenniferwilliams@example.com,Female,South Cheryl,12-02-2025
U000137,Kristen Young,kylestokes@example.com,Female,West Erika,29-05-2025
U000138,Scott Hammond,ashaw@example.org,Male,Port Cassandra,25-01-2025
U000139,Brett Castillo,angela18@example.org,Male,Christopherburgh,20-08-2025
U000140,Rebecca Hernandez,odavis@example.com,Other,Sarahchester,05-07-2024
U000141,Wayne Young,brooksanthony@example.org,Female,Laceyberg,06-02-2024
U000142,Samantha Kennedy,katherineharrison@example.net,Male,North Andrewborough,27-01-2024
U000143,Ana Acosta,srodriguez@example.org,Male,Davidbury,25-07-2025
U000144,Laura Bryant,copelandvincent@example.net,Male,Lake Zacharybury,14-10-2024
U000145,Kelly Smith,john62@example.net,Male,New Theresaland,06-05-2025
U000146,Amy Hartman,myerstheodore@example.net,Other,Zavalaview,14-10-2025
U000147,Michael Jones,jessicafuller@example.net,Male,Dennisstad,26-05-2025
U000148,Lisa Thompson,epollard@example.net,Other,Port Dennis,08-01-2025
U000149,Sherry Johnson,bradleygonzalez@example.org,Female,Sarahhaven,04-05-2025
U000150,Lisa Kennedy,mullinsjames@example.com,Other,Port Dianaview,29-09-2024
U000151,Micheal Preston,ykline@example.com,Male,South Heather,26-03-2024
U000152,Laura Adams,acostachristian@example.net,Female,New Kelly,08-09-2024
U000153,Mark Phillips,bmorrison@example.org,Female,Bellton,11-03-2024
U000154,Rhonda Mendez,yhill@example.org,Other,Lake Danastad,12-05-2025
U000155,Kara Moore,thomascathy@example.com,Female,East Carlosstad,16-12-2024
U000156,Stacy Johnson,erikarush@example.com,Other,Hinesshire,04-09-2024
U000157,Michael Edwards,john10@example.net,Female,South April,04-04-2024
U000158,David Hampton,nlewis@example.com,Other,Gonzalezberg,16-09-2025
U000159,Shannon Roach,zosborn@example.net,Male,Elizabethland,06-08-2025
U000160,Kelly Evans,jenniferho@example.net,Other,Port Michael,11-01-2025
U000161,Tracie Conner,kristyjohnson@example.net,Other,Tannerside,02-06-2024
U000162,Nicole Jones,ukey@example.com,Male,Hammondshire,29-03-2024
U000163,Teresa Day,howens@example.com,Other,Port Kimberly,20-02-2024
U000164,Hunter Burch,dshaw@example.org,Other,West Fred,13-03-2025
U000165,Jenna Reed,meghan43@example.net,Female,Davidport,08-08-2024
U000166,Clarence Davidson,georgeweber@example.net,Other,Meganshire,24-02-2025
U000167,Michelle Miller,debra96@example.net,Female,South Pamelaside,29-01-2024
U000168,Sue Webb,eevans@example.net,Male,East Scottfort,17-07-2024
U000169,Matthew Thomas,jessica56@example.org,Female,Zacharyville,13-11-2024
U000170,Steven Adams,donaldwilliams@example.com,Female,Wrightburgh,06-08-2024
U000171,Sarah Griffith,kathrynjimenez@example.net,Male,Jimenezport,10-07-2025
U000172,Christopher Long,nlevy@example.net,Female,Brandonport,06-12-2024
U000173,Nicole Pena,amitchell@example.org,Male,Andersonview,04-12-2024
U000174,Kathryn Diaz,jwilliams@example.org,Other,Angelaland,12-05-2025
U000175,Shannon Pierce,andersoncolin@example.com,Other,Angelastad,21-09-2024
U000176,James Hicks,williamsderrick@example.com,Female,Stoneberg,31-05-2025
U000177,Zachary Murphy,francisco94@example.net,Other,Williamhaven,18-02-2025
U000178,Jeanne Evans,richardsonemily@example.com,Male,Lauratown,30-12-2024
U000179,Joseph Rios,jennifersilva@example.org,Other,Hernandezbury,12-02-2025
U000180,Stacy Rodriguez,alexanderrobert@example.com,Male,South Warren,22-01-2024
U000181,Thomas Charles,thorntonapril@example.net,Other,Whitneyfort,22-02-2025
U000182,Lee Thompson,amy49@example.com,Female,East Joshua,25-12-2024
U000183,Shelly Hendrix,janet75@example.com,Other,Annview,23-07-2024
U000184,Ashley Daniels,xcardenas@example.org,Other,Bobbyland,15-07-2024
U000185,Scott Scott,ilewis@example.com,Other,Derrickshire,24-08-2024
U000186,Brent Stein,danawilliams@example.com,Male,Jenniferville,12-06-2024
U000187,Derrick Oconnell,richarddonovan@example.com,Male,Santosport,10-04-2025
U000188,Debbie Velez,pearsonjesse@example.net,Female,East Robertburgh,07-08-2024
U000189,Benjamin Huff,vlopez@example.com,Male,North Kennethville,30-09-2025
U000190,Matthew Gibson,ismall@example.net,Other,Nelsonville,27-09-2025
U000191,Jessica Wong,alexisrogers@example.com,Other,East Cheryl,14-08-2024
U000192,Richard Patterson,christopher12@example.org,Male,Morrisbury,12-03-2025
U000193,Patrick Griffin,stephanie49@example.net,Other,West Desireebury,05-01-2024
U000194,David Parker,tparks@example.com,Female,Lake Sabrinaport,12-02-2024
U000195,Jeffrey Bernard,vhernandez@example.net,Female,Robertside,08-09-2024
U000196,Katherine Pham,kathleenbecker@example.net,Male,New Seanstad,16-09-2025
U000197,Anne Brown,ashleyhernandez@example.com,Male,Wilsonborough,23-02-2024
U000198,Tracy Nolan,dstokes@example.org,Female,Bryantton,05-05-2025
U000199,Emily Parker,fosterlisa@example.net,Female,New Charles,17-01-2025
U000200,Isabella Weaver,michaelcesar@example.com,Male,West Robertberg,16-10-2024
U000201,Tiffany Brewer,ybrooks@example.com,Male,Bennettside,07-06-2025
U000202,Michelle Wilson,urice@example.org,Male,Port Andrewport,31-03-2024
U000203,Jennifer Coleman,pmorrow@example.com,Other,Ericborough,12-11-2024
U000204,Jessica Rodriguez,bmendez@example.org,Male,North Craig,03-10-2025
U000205,Carla Warner,sanchezbradley@example.com,Male,New Jeff,23-01-2024
U000206,Brian Gordon,jim95@example.net,Other,Joelberg,13-08-2025
U000207,Adriana Gutierrez,bruce92@example.net,Female,Peterston,05-11-2025
U000208,Shelly Powers,heather62@example.com,Male,Whiteside,27-10-2025
U000209,Melissa Turner,lindamelendez@example.net,Other,Faulknerside,19-11-2024
U000210,Paul Scott,deborah75@example.org,Male,North Joseph,28-12-2024
U000211,Carrie Russo,lindamatthews@example.net,Male,South Jason,05-04-2025
U000212,Kevin Stout,sharonhayden@example.org,Other,Rochaborough,12-09-2025
U000213,John Morris,oscar85@example.com,Female,Michaelfort,28-09-2024
U000214,Leah Bowen,robin55@example.com,Other,New Michelleberg,14-11-2024
U000215,Angela Silva,mphillips@example.com,Male,South Ashley,12-01-2024
U000216,Andrea Harding,jonathan77@example.com,Female,Lake Laura,17-06-2024
U000217,Jennifer Freeman,warrenmary@example.org,Other,Port Adamberg,25-04-2024
U000218,Jesse Mann,robinsonstephen@example.org,Other,Hopkinstown,30-07-2025
U000219,Andrea Smith,amanda40@example.net,Female,Drakeburgh,05-01-2024
U000220,Cole Hernandez,christineking@example.com,Male,Lauraland,14-03-2024
U000221,Richard Cunningham,kevinclayton@example.org,Other,North Richardfurt,12-09-2024
U000222,Brian Smith,christopherbruce@example.net,Other,Arielville,13-01-2025
U000223,Samantha Hall,enelson@example.net,Other,Rachelshire,04-09-2025
U000224,Harry Jefferson,alibrenda@example.net,Male,Hickmanport,26-03-2025
U000225,John Davenport,irhodes@example.com,Other,Camposberg,21-04-2024
U000226,Hannah Miller,brian63@example.org,Female,Cassiefurt,24-06-2025
U000227,Mark Walters,whenry@example.net,Female,Reynoldsshire,24-10-2025
U000228,Christopher Montgomery,jennifermiller@example.org,Other,Dawsonberg,27-03-2025
U000229,Levi Rodriguez,hahnsean@example.com,Other,East Christopherchester,20-05-2025
U000230,Angela Russell,davisangela@example.net,Female,Michelletown,03-11-2024
U000231,Paul Miller,ashleyjackson@example.com,Female,East Joseph,18-07-2024
U000232,Dustin Jackson,robert71@example.com,Other,Sherylfort,02-07-2024
U000233,James Rodriguez,adam65@example.net,Female,Brockmouth,10-02-2025
U000234,Ryan Colon,kevinmorrison@example.net,Male,South Leon,28-10-2024
U000235,Tanya Carter,yfaulkner@example.org,Male,Nicholasfurt,21-10-2025
U000236,Sarah Gonzalez,erinpierce@example.net,Male,Hahnborough,06-09-2024
U000237,Kelly Schwartz,ichambers@example.net,Male,Johnberg,26-10-2024
U000238,Kristina Jones,iaguilar@example.net,Female,Stephensstad,04-05-2025
U000239,Lisa Wheeler,rodriguezjohn@example.net,Male,Gabrielton,24-04-2025
U000240,Deanna Lucas,tammy61@example.org,Other,West Jeffreyhaven,20-01-2025
U000241,Gwendolyn Walker,peter98@example.org,Other,Whitneyfort,16-01-2025
U000242,Robert Nixon,guerrajessica@example.com,Male,Matthewborough,12-03-2024
U000243,Michael Davis,tflores@example.org,Other,North Melindaville,22-12-2024
U000244,Frank Riggs,zacharyarnold@example.com,Male,Mullenbury,08-04-2025
U000245,Crystal Lopez,vfoster@example.net,Male,South Brittany,29-06-2025
U000246,Janet Harris,raylauren@example.net,Male,West Mark,22-09-2024
U000247,Jose Huffman,candice96@example.net,Other,West Michaelmouth,08-11-2024
U000248,Lisa Mccarthy,samantha91@example.net,Other,West David,26-02-2025
U000249,Isaac Steele,ibarnes@example.net,Male,Hendersonfort,27-07-2024
U000250,Heather Brewer,angelaburns@example.org,Male,West Megan,10-03-2025
U000251,Michelle Crane,ytaylor@example.net,Male,Ortizfort,27-02-2025
U000252,Mary Burns,cunninghamlaura@example.org,Male,Antoniobury,11-10-2024
U000253,Gary Ellis,hdunn@example.net,Female,West Kimberlystad,02-01-2025
U000254,Katherine Wolf,bpayne@example.org,Male,West Nancy,05-01-2025
U000255,Jose Atkins,gonzalesvictoria@example.org,Other,Port Joan,23-01-2024
U000256,Michelle Bishop,imartin@example.org,Male,Port Brian,16-04-2025
U000257,Juan Ryan,tiffany44@example.net,Female,Stephaniehaven,27-08-2024
U000258,Erin Davis,rsellers@example.net,Other,Lake Michelle,05-11-2025
U000259,Jennifer Poole,kburns@example.net,Female,Courtneyfurt,19-06-2024
U000260,Cynthia Beard,powellkara@example.net,Male,Shawnfort,05-11-2024
U000261,Aaron Schroeder,simonstephen@example.net,Other,Melissaside,11-08-2024
U000262,Tammy Summers,sadams@example.com,Male,New Melissa,29-09-2024
U000263,Patricia Farmer,garciakristen@example.com,Other,North Sarahburgh,23-06-2025
U000264,Aaron Rubio,wendyblankenship@example.net,Other,Erikview,28-10-2024
U000265,Michael Miller,brettgarrett@example.net,Other,South Diana,04-03-2024
U000266,Aaron Woods,brittneystone@example.com,Female,North Heatherville,26-04-2025
U000267,Robert Anderson,perezchristopher@example.org,Male,West Michaelport,06-11-2025
U000268,Kiara Mullins,darlenebyrd@example.org,Female,New Debramouth,03-04-2024
U000269,Jason Goodman,cjensen@example.org,Female,North Donaldville,28-08-2024
U000270,Patrick Richmond,kylie34@example.net,Male,East Angelaport,07-02-2025
U000271,Hannah Abbott,jamie98@example.org,Male,Phillipston,16-06-2025
U000272,Laura Allen,frodriguez@example.net,Male,New Pamelatown,20-06-2025
U000273,Sarah Anderson,rdiaz@example.org,Other,Bestland,06-11-2025
U000274,Carlos Baker,livingstonstacy@example.com,Female,Courtneyhaven,12-01-2024
U000275,Rodney Morales,joshuacollins@example.net,Female,Port Eric,08-06-2025
U000276,Brenda Hines,collinssamuel@example.org,Female,East Christopherchester,11-08-2024
U000277,Cheryl Brown,davidzimmerman@example.net,Female,East Tylerstad,20-03-2024
U000278,Krista Le,nathanbrady@example.com,Female,Port Rachelmouth,23-12-2024
U000279,Joseph Brown,crawfordwilliam@example.org,Other,Villarrealburgh,06-07-2025
U000280,Jonathan Garcia,perezwilliam@example.org,Male,East Brandonstad,08-09-2024
U000281,Edward Velazquez,tranrobin@example.net,Other,Walkerbury,18-09-2024
U000282,Jennifer Nelson,duncandavid@example.net,Other,East Jeffreyhaven,11-10-2024
U000283,Stephanie Jones,xcline@example.com,Other,Christophermouth,02-11-2025
U000284,James Elliott,jodi37@example.com,Male,Cuevasborough,06-01-2024
U000285,Amy Flynn,adamortiz@example.org,Male,Cynthiatown,16-05-2025
U000286,Aaron Sandoval,dalton83@example.com,Female,Woodwardberg,12-10-2025
U000287,Christopher Morse,xhaynes@example.com,Other,New Codyberg,01-05-2025
U000288,Preston Vargas,grahamtamara@example.org,Female,Josemouth,11-03-2025
U000289,Phillip Decker,louis43@example.org,Male,East Kimberly,25-09-2025
U000290,Eric Martin,hedwards@example.net,Male,Tamiborough,03-02-2025
U000291,Steven Phelps,mooregina@example.net,Male,East Marymouth,05-11-2024
U000292,Jennifer Schmitt,rpalmer@example.com,Male,Loriburgh,11-04-2024
U000293,Richard Chavez,codygarcia@example.org,Other,North Bryanbury,22-01-2024
U000294,Madison Watson,aguilarjonathan@example.org,Female,North Jamesmouth,30-03-2024
U000295,Christopher Boone,david70@example.org,Male,Underwoodfurt,07-07-2025
U000296,Patrick Simmons,jason24@example.com,Female,Stephensonton,05-12-2024
U000297,Christina Holland,jjenkins@example.com,Male,North Joshuaberg,24-02-2025
U000298,Dawn Robles,crystalpham@example.org,Female,Caseystad,13-10-2024
U000299,Kimberly Cooper,paul20@example.com,Female,North Paula,24-11-2024
U000300,Brian Frey,katie32@example.org,Male,Lake John,16-06-2025
U000301,Kylie Mclaughlin,barbaramcgrath@example.com,Male,Savannahburgh,31-12-2024
U000302,Brittany Drake,robin05@example.net,Female,New Stacy,30-04-2024
U000303,Lisa Waller,gregory01@example.org,Other,New Jeffery,26-07-2025
U000304,Aaron Hardin,lindsaypeterson@example.org,Male,Brianberg,26-12-2024
U000305,Samantha Schroeder,susan56@example.net,Male,West Kevinberg,05-02-2025
U000306,Jessica Kim,lbanks@example.net,Other,Jeffreyshire,29-10-2025
U000307,Nicholas Gross,david09@example.com,Other,East Carriebury,11-07-2025
U000308,Dalton Crawford,julie35@example.com,Male,Lake Nicole,13-03-2025
U000309,Jenna Fowler,sean43@example.org,Male,West Jonathanville,01-03-2024
U000310,Brandon Kim,acosta@example.com,Male,Bellfurt,07-05-2025
U000311,Timothy Shields,franciscojones@example.org,Male,Andrewview,10-03-2024
U000312,Charles Jackson,emartin@example.net,Female,West Brookefort,12-10-2025
U000313,Ryan Valdez,gmoore@example.com,Female,East Robert,26-04-2025
U000314,Sara Fernandez,kenneth10@example.com,Female,Hernandezstad,14-01-2025
U000315,Christopher Colon,bgonzalez@example.org,Male,Lake Kelly,03-01-2024
U000316,Megan Parker,qruiz@example.com,Female,Lake Amyburgh,26-02-2024
U000317,Patrick Lopez,bakersteven@example.org,Male,Anneberg,10-09-2024
U000318,Elizabeth Miller,lindsey69@example.org,Male,Port Paulhaven,29-05-2025
U000319,Amanda Camacho,parmstrong@example.com,Female,Christianton,13-10-2024
U000320,Rachel Mcbride,davidtodd@example.org,Male,East Lindsey,09-12-2024
U000321,Rodney Mcneil,oharris@example.org,Female,Luisland,27-03-2024
U000322,Angela Arnold,april09@example.net,Female,Rodriguezberg,29-02-2024
U000323,Brianna Chang,buckleyanna@example.org,Female,Mikaylastad,11-04-2024
U000324,Joseph Pena,rjohnson@example.com,Female,New Charlotte,23-08-2025
U000325,Benjamin Preston,hannah07@example.com,Female,Andrewport,19-04-2025
U000326,Megan Garrison,comptonjeremy@example.com,Other,Schroedermouth,31-07-2024
U000327,Robert Brewer,scottmcintyre@example.com,Other,Malonestad,03-07-2024
U000328,Zachary Moore,jenna62@example.net,Other,East Jamesborough,15-07-2025
U000329,John Bryant,janet45@example.com,Other,Reidville,26-07-2025
U000330,John Burns,ethompson@example.net,Other,Maxview,10-04-2025
U000331,Haley Mitchell,kwilliams@example.org,Female,Lake Jeffrey,27-05-2025
U000332,Denise Palmer,wellsdavid@example.org,Male,East Johnnyport,21-05-2024
U000333,Jenna Hill,dyork@example.com,Male,South Kevin,02-05-2025
U000334,Cindy Silva,hunteileen@example.com,Female,Kennethville,22-12-2024
U000335,Matthew Hill,michelle44@example.org,Male,New Kathy,25-11-2024
U000336,Linda Lang,rguerrero@example.org,Male,Lake Tylerport,07-09-2025
U000337,Robert Price,aguilarwanda@example.org,Other,Jessicabury,26-06-2024
U000338,Danielle Alvarez,william28@example.org,Other,Connorberg,14-04-2025
U000339,Jessica Hansen,staceylam@example.net,Other,East Michaelport,21-05-2025
U000340,Olivia Watson,steven17@example.org,Male,South Pamelahaven,14-10-2024
U000341,Erin Moreno,jbrown@example.org,Other,West Robert,22-03-2024
U000342,Rebecca Ellis,michelle21@example.com,Female,Crystalburgh,24-01-2025
U000343,Brian Hayes,kathleenjackson@example.org,Male,Gloverland,02-08-2024
U000344,Ryan Jordan,ysanford@example.org,Male,New Jamesstad,29-03-2024
U000345,Patricia Sherman,andrewsmith@example.net,Other,East Heather,11-10-2025
U000346,David Reyes,gary04@example.com,Female,Lunahaven,23-08-2024
U000347,Pamela Cowan,wendy75@example.org,Other,Port Richard,19-08-2024
U000348,Jessica Anderson,lawrencegary@example.com,Other,South Nancyview,05-06-2024
U000349,Cindy Wheeler,stanleydesiree@example.org,Male,Lake Darrellmouth,11-06-2025
U000350,Amy Wells,jamiejennings@example.org,Male,Robertville,17-09-2024
U000351,Joseph Obrien,robertroach@example.net,Other,West Danielville,29-03-2025
U000352,Chelsea Strickland,michaelortiz@example.org,Male,New Tylerborough,06-12-2024
U000353,Timothy Young,powersrebecca@example.net,Male,Hernandezland,15-04-2025
U000354,Charles Cummings,dawn74@example.com,Male,Williamsburgh,17-06-2025
U000355,Melissa Ward,ronald11@example.org,Other,Port Devonburgh,20-08-2025
U000356,Patricia Friedman,natalie15@example.com,Male,North Richard,12-08-2024
U000357,Joseph Cruz,pmarsh@example.org,Other,East Heatherton,20-10-2025
U000358,Megan Garcia,rpham@example.com,Male,New Noah,02-11-2025
U000359,Anthony Cohen,timothyfreeman@example.com,Female,Williamsview,02-09-2024
U000360,Alexander Oneill,tiffanysantiago@example.com,Male,South Dorothybury,24-03-2025
U000361,Elizabeth Davidson,marygrant@example.net,Other,North Dawnburgh,25-11-2024
U000362,Taylor Simpson,charlesvasquez@example.org,Male,Taraton,11-12-2024
U000363,Andrea Gray,christianwallace@example.net,Other,Millerfort,12-12-2024
U000364,David Jimenez,garciarobert@example.net,Other,Port Christopherport,01-11-2024
U000365,Anna Pena,xclements@example.org,Male,Port Shawn,31-08-2025
U000366,Christine Kennedy,jennifer11@example.net,Other,North Matthew,18-01-2025
U000367,Tamara Carter,jacqueline02@example.com,Male,Port Jennifer,21-07-2025
U000368,Daniel Carr,davidphelps@example.org,Female,Summersborough,08-05-2025
U000369,Daniel Perry,bartonshannon@example.net,Other,South Adam,05-05-2025
U000370,Angela Reynolds,xglass@example.org,Other,Lake Lisa,18-05-2025
U000371,Diane Obrien,william66@example.net,Other,West Raymond,11-03-2024
U000372,Kelly Ballard,robertgraves@example.net,Other,Meganside,22-08-2024
U000373,Jennifer Walls,jamesweber@example.com,Female,Samanthaberg,11-08-2025
U000374,Debra Mullen,jennifer58@example.com,Female,Craigside,02-11-2025
U000375,Melanie Stokes,johnsondustin@example.net,Male,East Josephburgh,14-07-2024
U000376,Frances Thomas,vaughnkenneth@example.net,Other,West Lisaville,03-11-2025
U000377,Emma Hoffman,juliahoffman@example.org,Other,Heatherton,25-02-2025
U000378,Paul Frye,tammy00@example.net,Female,Jamesmouth,25-09-2025
U000379,Rhonda Bush,kari89@example.org,Male,West Shane,21-07-2025
U000380,Charles Rivers,bennettroy@example.net,Female,Davidshire,03-11-2025
U000381,Adam Owens,billmcfarland@example.net,Female,Port Sarahport,01-08-2025
U000382,Ashley Howard,alicia28@example.org,Male,South Amy,01-12-2024
U000383,Michael Ware,mark43@example.net,Other,Barajastown,02-10-2024
U000384,Michael Allen,susanfleming@example.com,Other,Moonville,19-03-2024
U000385,Amber Campbell,willie87@example.com,Female,West Rachelborough,20-09-2024
U000386,Christopher Davis,simsjason@example.net,Female,Port Gina,07-08-2024
U000387,Jamie Poole,elucas@example.net,Female,North Stephen,25-07-2025
U000388,Christopher Brown,angela93@example.com,Male,Hughesfurt,14-08-2024
U000389,Andre Nunez,maychristine@example.net,Male,Lake Melaniestad,23-10-2024
U000390,Daniel Buchanan,catherine47@example.com,Female,Shorttown,26-09-2025
U000391,Amanda Taylor,irobles@example.com,Other,West Erica,20-11-2024
U000392,Laura Daniel,susan08@example.net,Other,North Bobby,17-09-2025
U000393,Phillip Kelley,torreskaitlin@example.net,Male,Jasonhaven,26-01-2025
U000394,Jack Jensen,james29@example.org,Male,Newmanland,07-04-2024
U000395,Carlos Garcia,wlynn@example.org,Other,North Justin,17-07-2024
U000396,James Tucker,christina49@example.org,Male,Lindseychester,17-02-2024
U000397,Lawrence Floyd,xhill@example.org,Other,Nataliemouth,25-04-2024
U000398,Kim Tucker,thompsoncatherine@example.com,Female,New James,31-10-2024
U000399,Courtney Luna,atkinsoncrystal@example.net,Male,Hammondborough,16-05-2025
U000400,Andrea Stephens,jvaldez@example.com,Female,Walkershire,11-09-2025
U000401,Kelly Marshall,sanderswayne@example.net,Male,Port Tamara,16-05-2025
U000402,Gabrielle Todd,seanwhite@example.net,Male,Lake Jessica,02-11-2025
U000403,Billy Juarez,bryanwood@example.org,Female,New Rebecca,04-10-2025
U000404,Terry Gibson,williamsdeborah@example.org,Female,Maryview,04-09-2024
U000405,Ashley Bennett,pdiaz@example.org,Male,Nicholasbury,30-01-2025
U000406,Michael Parrish,msparks@example.org,Female,South Gabriel,19-12-2024
U000407,Dawn Lewis,ericguzman@example.org,Other,South Lisa,22-02-2024
U000408,Timothy Mendoza,brittanyholland@example.com,Other,East Bradleyshire,07-05-2025
U000409,Dennis Hunt,brianscott@example.org,Female,Greeneshire,09-02-2025
U000410,Natalie Luna,stacey37@example.net,Other,Dillonburgh,12-03-2025
U000411,Robert Thomas,cindydixon@example.org,Other,Sandrashire,30-05-2024
U000412,Nicholas Anderson,harrismichele@example.net,Other,Serranoville,17-02-2024
U000413,Rachel Greene,davisdonna@example.net,Male,Port Erikachester,01-05-2024
U000414,Mitchell Williams,zperez@example.com,Other,Bellshire,23-12-2024
U000415,Dennis Woods,reneemiller@example.net,Other,Scotttown,07-03-2024
U000416,Kristine Lane,meyernicholas@example.org,Female,Robertville,30-04-2025
U000417,Denise King,ncunningham@example.com,Other,Fischerchester,15-04-2024
U000418,Angela White,tking@example.net,Male,Kimfurt,12-01-2025
U000419,Melissa Hopkins,seanlyons@example.org,Male,East Williammouth,18-05-2025
U000420,Christina Cohen,martintamara@example.org,Female,Port Dustinchester,01-07-2025
U000421,Jose Wood,ramseysarah@example.com,Male,Jenniferton,01-03-2024
U000422,Lori Bowman,qsmith@example.net,Male,Jameshaven,08-10-2025
U000423,Jesse Jackson,warddiana@example.org,Other,West Kimberlystad,18-12-2024
U000424,Richard Gonzalez,mclaughlincasey@example.org,Other,Jessicaside,03-04-2025
U000425,Michael Richmond,jeremy37@example.com,Male,West Gregoryhaven,17-09-2025
U000426,Charles Phillips,prattsue@example.net,Female,Heatherfurt,13-03-2024
U000427,Kayla Todd,lmaldonado@example.org,Female,Wilsonland,20-01-2025
U000428,Kristina Robinson,laurengutierrez@example.com,Other,Lake Marilynbury,18-09-2024
U000429,Raymond Goodman,charles27@example.com,Male,Jefferyshire,15-07-2024
U000430,Stacey Vega,victorgonzalez@example.net,Other,Port Joseph,03-07-2024
U000431,Mary Huff,eric11@example.org,Female,Austinside,05-06-2024
U000432,Melanie Watson,travis94@example.com,Male,Port Sabrina,17-10-2025
U000433,Jeffrey Ray,foxrodney@example.net,Other,New Michaelburgh,10-07-2024
U000434,David Holmes,hannah03@example.com,Other,West Michaelview,08-11-2024
U000435,Jose Adams,michael76@example.org,Female,Haynesstad,08-05-2024
U000436,Richard Hayes,tiffanyparks@example.org,Other,Lindaside,06-09-2024
U000437,Oscar Thomas,thomassmith@example.com,Female,Taylorhaven,22-10-2024
U000438,Leslie Tucker,anna90@example.com,Female,Lake Frankborough,31-12-2024
U000439,Thomas Soto,qgarner@example.com,Male,Annview,10-07-2025
U000440,Robert Bell,barbarasantos@example.net,Male,Port Justin,23-08-2024
U000441,William Hampton,ypreston@example.net,Other,Stevenberg,10-08-2024
U000442,Danielle Mcfarland,kwelch@example.com,Female,North Fernandobury,16-08-2025
U000443,Denise Page,cnelson@example.com,Female,Gutierrezburgh,02-08-2024
U000444,David Young,shelby13@example.org,Male,Garcialand,07-08-2025
U000445,Thomas Brown,fwarren@example.org,Male,Christineland,02-10-2025
U000446,Nicole Parker,joanramos@example.org,Female,New Mary,23-03-2025
U000447,Elizabeth Dalton,michelle78@example.com,Male,Taylorside,20-01-2024
U000448,Carla Welch,omills@example.net,Other,Reginafort,01-05-2024
U000449,Linda Ramos,robert24@example.org,Female,New Lisaberg,04-01-2025
U000450,Taylor Smith,earroyo@example.com,Male,Port Russellport,23-08-2024
U000451,Laura Kelley,robertcastro@example.com,Other,East Jennifer,12-02-2025
U000452,Maria Walker,hendersonjohn@example.net,Female,Justinside,17-03-2025
U000453,Robert Castaneda,derrickrodriguez@example.com,Other,Nelsonfort,07-07-2025
U000454,Andrew Williams,lopezcurtis@example.com,Other,Lake Samuel,08-05-2024
U000455,Christopher Smith,matthewcollins@example.com,Female,Steventon,06-01-2024
U000456,Megan Lynn,adamsphilip@example.net,Other,Whiteview,13-08-2024
U000457,Maria Martinez,paulproctor@example.org,Male,East Stevenville,12-07-2025
U000458,Tina Kennedy,sharon20@example.net,Male,West Timothyport,22-12-2024
U000459,Paige Boyer,teresayoung@example.com,Male,Alexisview,15-05-2024
U000460,Randy Sanchez,perkinshannah@example.net,Other,West Kelli,03-02-2025
U000461,Vincent Parks,sarah00@example.com,Male,Lake Amanda,19-06-2024
U000462,Tony Stewart,linda73@example.org,Other,Howardberg,14-03-2024
U000463,Benjamin Mann,amy73@example.net,Male,New Michael,20-06-2024
U000464,Joshua Guerra,caseymoore@example.com,Female,Ambermouth,15-05-2025
U000465,Dana Gray,nicoleharvey@example.com,Other,West Jennifer,01-01-2024
U000466,Amber Hughes,jcannon@example.net,Other,Marcusmouth,26-03-2025
U000467,Alexandra Jones,gregoryjohnson@example.org,Male,Leeton,16-03-2024
U000468,Mary Barrett,brandon39@example.net,Female,North Sarahborough,25-01-2025
U000469,Sarah Collier,dowen@example.com,Male,Shortton,24-03-2025
U000470,Joseph Williams,davenportchristian@example.org,Male,North Jessicaside,17-07-2025
U000471,James Sandoval,angelagrant@example.net,Female,Port Daniellestad,20-09-2024
U000472,Jacqueline Simmons,jacksonhenry@example.com,Female,Dianeside,06-04-2025
U000473,Scott Gomez,andrea55@example.com,Male,Mckenziemouth,13-11-2025
U000474,Anna Lewis,michael77@example.com,Female,Lake Austinport,20-02-2025
U000475,Zachary Holder,adam33@example.com,Male,Port Lynnview,11-02-2025
U000476,William Duncan,clintonstevens@example.org,Other,West Michael,20-09-2025
U000477,Jesse Shepherd,duncanashley@example.org,Male,Lake Markfort,02-02-2025
U000478,Margaret Norris,larsonkevin@example.net,Other,Millerton,28-04-2024
U000479,Matthew Hobbs,hbutler@example.org,Male,Lake Kimberlyfurt,22-09-2025
U000480,Alice Flores,markwolfe@example.org,Female,Lake Jessicafurt,07-02-2024
U000481,Karen Johnston,walkerkeith@example.com,Other,East Matthew,26-10-2025
U000482,Julie Kelley,christopher86@example.net,Female,Port Dennis,21-11-2024
U000483,Tony Pearson,annshea@example.net,Other,East Charles,17-01-2025
U000484,Marcus Glass,rodriguezrobert@example.com,Other,Jamesstad,15-06-2025
U000485,Andrew Torres,christina79@example.org,Male,Williamsbury,10-02-2025
U000486,Nathaniel Todd,rodriguezbrian@example.net,Male,Port Marissa,16-05-2024
U000487,Matthew Brock,shannon05@example.org,Male,East Amy,15-07-2024
U000488,Ana Dean,heatherbarnett@example.com,Male,West Georgeport,28-05-2025
U000489,Heather Nelson,apena@example.org,Female,Guerrerostad,17-05-2024
U000490,Andrew Dillon,yhall@example.net,Male,West Toddside,14-08-2025
U000491,James Rasmussen,williamssandra@example.com,Male,Tracyburgh,01-03-2024
U000492,Gabrielle Kelly,joel84@example.org,Other,Natashatown,13-01-2024
U000493,Stacy Perez,penny21@example.net,Female,Meyerbury,07-10-2025
U000494,Ashley Simmons,renee57@example.net,Female,East Denise,12-10-2024
U000495,Gabriella Harris,kylethornton@example.net,Other,South Wendy,01-02-2025
U000496,Dustin Fitzpatrick,lonniegrant@example.net,Other,East Lonnieberg,29-10-2025
U000497,Kathy Beard,tali@example.com,Male,Edwinborough,12-05-2025
U000498,Jack Farmer,catherine93@example.net,Female,East Grace,14-03-2024
U000499,Hailey Woods,xjoseph@example.org,Male,Henryberg,02-09-2024
U000500,Jeremy Ortiz,schaeferstephanie@example.org,Other,Port James,22-04-2024
U000501,Stephanie Gonzales,dwatts@example.org,Male,Sullivanton,01-05-2024
U000502,Madison Cortez,vcarr@example.net,Female,New Danielmouth,19-02-2025
U000503,Bobby Forbes,cterrell@example.net,Male,Blackton,19-07-2025
U000504,Scott Wilkerson,steven64@example.net,Female,Lake Zacharyberg,09-05-2024
U000505,Debbie Davis,whitebrenda@example.net,Male,South Robert,13-11-2024
U000506,Harold Garza,nicoledavis@example.com,Male,Lake Jessica,04-11-2024
U000507,Jasmin Walters,millspatrick@example.net,Female,South Andrea,03-03-2024
U000508,George Rogers,fernandothomas@example.net,Female,South Kylemouth,31-01-2024
U000509,Henry Roach,adamcannon@example.org,Female,Jimenezfort,16-07-2024
U000510,Adam Andrade,jaykeller@example.com,Male,Ramostown,06-01-2025
U000511,Amy Harvey,brandonhernandez@example.net,Male,Benjaminton,16-06-2024
U000512,Mary Evans,williamsrobert@example.org,Male,Lake Justin,01-04-2025
U000513,Holly Armstrong,tammycurry@example.com,Other,North Kaylamouth,28-03-2025
U000514,Nicholas Jones,ebridges@example.com,Male,Taylorview,09-09-2024
U000515,Robert Clark,cherylrodriguez@example.net,Female,South Jenniferport,13-08-2024
U000516,Melanie Green,sara99@example.com,Female,Vasquezburgh,19-10-2024
U000517,Jesse Roberts,aaronjohnson@example.net,Female,Lake Melaniechester,27-08-2025
U000518,Matthew Castro,alexharris@example.com,Male,Kristyport,10-10-2024
U000519,Andrea Wang,jenningsmatthew@example.net,Female,Port Gregorymouth,24-07-2024
U000520,Sandra Mendoza,probles@example.org,Female,Mooremouth,24-07-2025
U000521,Amanda Rogers,dreilly@example.net,Other,Annettemouth,02-09-2025
U000522,Andrew Ray,lauren51@example.org,Other,Marymouth,14-01-2025
U000523,Courtney Kirby,hlopez@example.com,Female,Jenniferview,03-11-2025
U000524,Tyler Young,tgallegos@example.org,Other,Gregorystad,10-10-2024
U000525,Kimberly Gentry,zhunter@example.com,Other,East Matthew,20-06-2025
U000526,Morgan Collins,douglas18@example.net,Female,East Jenny,26-11-2024
U000527,Jennifer Boyd,collinsbradley@example.net,Male,West Steventon,10-11-2024
U000528,Katie Reese,lanelarry@example.org,Male,Jamesport,11-03-2024
U000529,Luis Alexander,nelsoneric@example.org,Female,New Anitaville,08-07-2024
U000530,Michael Flores,sherrybrock@example.net,Male,East Charles,21-05-2024
U000531,Matthew Wallace,anthonyberger@example.org,Other,South Brianchester,23-02-2025
U000532,Janet Vance,tjensen@example.com,Female,Lake Katherine,25-09-2024
U000533,Christian Livingston,fbradley@example.net,Male,Davisport,07-07-2025
U000534,Jennifer Marshall,staceythomas@example.net,Male,Robertafurt,13-04-2025
U000535,Samantha Rivera,shawn01@example.com,Other,West Timothyburgh,05-05-2024
U000536,Michael Andrews,sullivanjennifer@example.org,Female,Angelaland,12-07-2024
U000537,Amanda Morales,pallen@example.net,Female,South Patrick,26-06-2025
U000538,Lisa Garza,vbradley@example.net,Other,East Elaine,21-08-2024
U000539,Sarah Andrews,mwilson@example.com,Female,Angelamouth,23-02-2024
U000540,Stephanie Jones,jenningscandace@example.com,Female,Troyton,30-04-2024
U000541,Lisa Clay,shermandonna@example.com,Other,Petershire,02-03-2024
U000542,Jamie Rich,ashley46@example.net,Other,Veronicashire,01-11-2024
U000543,Valerie Powell,melissabrown@example.net,Male,North Jacquelinestad,06-01-2024
U000544,Julian Johnson,zpark@example.net,Female,Jenniferfurt,16-03-2024
U000545,Amy Bates,jtaylor@example.com,Other,Maryberg,17-09-2024
U000546,Monique Martinez,jonesalfred@example.net,Male,Barrettberg,16-07-2024
U000547,Dawn Perry,senglish@example.net,Female,Hansonmouth,27-02-2024
U000548,Andrea Cole,jeremiah69@example.org,Male,Bradfordbury,14-12-2024
U000549,Joseph House,arthur09@example.com,Other,Danielfort,02-05-2025
U000550,Christopher Cross,steven18@example.net,Female,East Thomasland,19-10-2025
U000551,Amber Riley,bergeramanda@example.org,Male,Gibsonfort,12-04-2025
U000552,Martin Gomez,keith09@example.net,Other,Jessicashire,27-01-2025
U000553,Crystal Lane,douglaskelly@example.net,Other,West Toddberg,27-06-2024
U000554,Melissa Ramirez,christinahill@example.com,Other,Lake Danielburgh,11-12-2024
U000555,Joanne Hopkins,lindsey43@example.com,Other,Port Alison,14-09-2025
U000556,Tracey Coffey,marymullins@example.com,Other,Youngmouth,23-01-2024
U000557,Gary Lane,brian41@example.org,Other,South Raymond,11-05-2025
U000558,Julie Goodwin,noahthornton@example.com,Other,Dustinchester,25-07-2024
U000559,Sara Cole,suzanne01@example.net,Male,Stephaniechester,09-01-2024
U000560,Denise Nelson,joseph14@example.net,Female,Murraybury,21-02-2025
U000561,Brianna Lee,erica25@example.net,Female,Lake Alanland,17-05-2025
U000562,Connor Garcia,ubell@example.com,Male,Jamestown,09-01-2024
U000563,Brian Wheeler,stephanielittle@example.net,Other,North Melissaberg,27-02-2025
U000564,Kathryn Wong,pauladominguez@example.com,Female,Stevenland,14-09-2024
U000565,Sandra Hill,qschwartz@example.com,Other,Fernandoland,12-03-2025
U000566,Bryan Price,scottlisa@example.org,Female,Jonesborough,08-07-2024
U000567,Gregory Vasquez,amberreynolds@example.net,Other,South Jenniferville,21-02-2025
U000568,Chad Luna,fsmith@example.org,Male,North Elizabethview,24-01-2024
U000569,Mark Myers,robertsonshelby@example.com,Other,Grahamland,13-04-2024
U000570,Aaron Finley,imartinez@example.com,Female,Evelynfurt,04-01-2025
U000571,Wendy Holland,amanda51@example.com,Other,Deborahburgh,07-02-2024
U000572,Tammy Guerrero,heather15@example.com,Female,Lake Samuelborough,14-01-2025
U000573,James Cortez,tracybrown@example.net,Other,Victormouth,05-04-2024
U000574,Allen Morgan,kristin06@example.org,Female,Port Desiree,23-10-2025
U000575,Shelby Berg,joycehall@example.org,Female,Lake Donaldtown,23-12-2024
U000576,Samantha Williams,alexischen@example.com,Female,South Cherylshire,18-11-2024
U000577,Lisa Wilson,bryanharris@example.com,Other,Nguyenshire,13-02-2024
U000578,Marc Oconnell,kathrynwatkins@example.com,Female,North Joshuachester,08-01-2025
U000579,Mitchell Martin,sarawilliams@example.org,Other,Stricklandtown,24-04-2024
U000580,Christopher Smith,mannbrittney@example.com,Male,Steelefort,24-08-2025
U000581,Jamie Bowman,ljenkins@example.net,Male,New Hectorfort,18-04-2025
U000582,Christopher Serrano,michael08@example.org,Female,North Valerie,22-02-2025
U000583,Christine Huffman,stevensims@example.org,Other,Brianville,30-10-2025
U000584,Gina Schmitt,kjimenez@example.net,Female,North Deannaport,28-06-2025
U000585,John Jensen,vwilliams@example.org,Other,East Kristen,23-05-2024
U000586,Darren Jacobson,uwatkins@example.com,Other,Lake Erica,27-11-2024
U000587,Kimberly Nguyen,youngrobert@example.org,Male,Vanceland,10-08-2024
U000588,Todd Zamora,javierlynch@example.org,Other,Brooksmouth,18-11-2024
U000589,Crystal Cantrell,matthewjohnson@example.net,Other,West Derekmouth,07-05-2025
U000590,George Cooper,cassandra92@example.net,Female,North Robert,09-11-2024
U000591,Michelle Robinson,rhood@example.org,Female,Fitzgeraldbury,22-12-2024
U000592,Ryan Walker,robinvillanueva@example.com,Other,North Vickiehaven,18-06-2024
U000593,Amanda Mendoza,chavezjohn@example.net,Male,Lake Jessicaborough,23-01-2024
U000594,Kenneth Holland,smithelizabeth@example.org,Female,Hodgeshire,31-03-2024
U000595,Shawn Ingram,xlopez@example.net,Female,Padillatown,17-01-2024
U000596,Chad Barry,alyssa46@example.com,Male,Port Gail,11-08-2025
U000597,Matthew Randolph,pamela16@example.com,Female,Harveystad,28-02-2025
U000598,Deborah Bush,devonrogers@example.net,Other,Lake Timothyshire,07-09-2024
U000599,Jacqueline Mullins,lukehurst@example.net,Other,Ramirezland,18-08-2025
U000600,Shaun Mason,harrisonamanda@example.net,Other,Shannonstad,12-09-2024
U000601,Sierra Lamb,lopeznicole@example.org,Female,South Rachaelport,01-07-2025
U000602,Chase Martin,terrytyler@example.org,Female,West Robertside,17-10-2025
U000603,Thomas Fisher,carterbryan@example.org,Female,Robertmouth,29-09-2025
U000604,Kristin Tucker,kellis@example.org,Female,Georgeview,24-03-2025
U000605,Nathan Roberts,hernandezjustin@example.org,Other,Lake Amanda,04-06-2024
U000606,Gregory Erickson,evanwilson@example.com,Male,South Jorge,04-05-2024
U000607,Anna Johnson,tiffany25@example.com,Other,New Kevin,06-05-2024
U000608,Richard Porter,staciereilly@example.org,Female,Lake Amyhaven,21-09-2025
U000609,Janice Wells,tara92@example.net,Other,Morganville,14-08-2024
U000610,Rachel Taylor,parkerrichard@example.org,Male,Howardmouth,15-05-2025
U000611,Danielle Silva,kimberlywang@example.org,Other,North Amandamouth,07-02-2024
U000612,Susan Daugherty,ulee@example.net,Male,Lake Michaelberg,08-04-2025
U000613,Ronald Hughes,mitchellmichael@example.com,Female,East Jessicamouth,04-05-2025
U000614,Robert Ramos,lindawaller@example.com,Other,Taylorshire,22-05-2025
U000615,Douglas Turner,carl96@example.org,Other,South Danielleview,12-02-2025
U000616,Angela Page,jamescollier@example.com,Other,Williamsport,10-10-2024
U000617,Kevin Hansen,ywalker@example.org,Other,West Kevin,24-07-2025
U000618,Dana Martinez,robert73@example.org,Female,Port Joshualand,14-03-2025
U000619,Michael Castillo,ooneill@example.net,Male,Mccannville,13-02-2025
U000620,Jessica Smith,francisco02@example.com,Male,Johnsberg,12-09-2024
U000621,Brian Ward,brandon48@example.net,Other,New Jamesburgh,01-09-2024
U000622,Carol Jackson,monique44@example.net,Female,Codyshire,07-06-2025
U000623,Douglas Taylor,nathan76@example.com,Male,North Jeffery,28-08-2024
U000624,Marie Pope,butlersabrina@example.org,Male,North Timothy,10-12-2024
U000625,Michael Montoya,gerald40@example.net,Male,East Davidberg,01-08-2024
U000626,Kyle Clark,colemankathryn@example.org,Male,North Kimchester,15-04-2025
U000627,Daniel Mcguire,harrisonrebekah@example.org,Male,West Elizabethville,30-01-2024
U000628,Samantha Harris,jackbell@example.org,Male,Port Julie,19-06-2025
U000629,Bethany Bell,williamjones@example.net,Female,New Jayborough,08-07-2024
U000630,George Webster,beltrancorey@example.org,Other,Richardsonshire,21-10-2025
U000631,Emily Rodriguez,tina63@example.net,Male,South Daniel,06-05-2024
U000632,David Rodriguez,tylerward@example.com,Female,North Markville,04-11-2025
U000633,Stephen Fitzgerald,aperez@example.com,Female,Lopezland,20-09-2024
U000634,Leah Crosby,harry71@example.com,Other,Millsland,04-09-2025
U000635,Ralph Neal,figueroapatricia@example.org,Other,West Theresamouth,22-03-2024
U000636,Megan Powell,maryhardy@example.com,Male,Katelynfurt,16-05-2024
U000637,Elizabeth Clements,jdixon@example.com,Other,North Johnfort,31-08-2024
U000638,Sherri Johnson,greertyrone@example.org,Other,South Cassandra,06-06-2024
U000639,Kevin Hanson,guerreroapril@example.com,Female,Harrisfort,11-08-2024
U000640,Jose Cooper,cisnerosanthony@example.com,Female,South Shannonfurt,01-12-2024
U000641,Barry Thompson,nicole27@example.com,Female,West Jennifer,29-10-2024
U000642,Daniel Leonard,kalvarez@example.net,Male,South Joseshire,29-11-2024
U000643,Christina Gomez,luke09@example.org,Male,Port Michael,26-10-2025
U000644,Brandy Hubbard,oscar65@example.com,Other,Bellbury,07-07-2025
U000645,Deborah Watkins,meltondanny@example.org,Other,New Markmouth,18-06-2024
U000646,Roberto Robertson,odomnicholas@example.com,Male,Ashleyfort,25-03-2025
U000647,Emily Rogers,garrett45@example.com,Male,South Cynthia,09-03-2024
U000648,Charles Jefferson,karlwilliams@example.net,Female,Ballardland,28-10-2025
U000649,Belinda Vargas,carlos87@example.com,Male,West Laura,05-05-2025
U000650,Kevin Brock,ualvarado@example.org,Male,Moraleshaven,21-03-2025
U000651,Kathryn White,burtonzachary@example.org,Other,Lewismouth,06-11-2024
U000652,Dana Lamb,umichael@example.net,Other,New Jamesmouth,02-07-2024
U000653,Edward Jennings,megan65@example.org,Female,Port Robert,11-04-2024
U000654,Debbie Scott,richardwilson@example.org,Male,East Lauraport,17-07-2025
U000655,Anita Graham,harrisjoseph@example.org,Other,Kristineview,13-11-2024
U000656,Gregory Phelps,dcasey@example.org,Male,Carolynland,26-03-2025
U000657,Richard Cox,sandersmary@example.org,Male,North Ashley,07-09-2025
U000658,David Beck,tyler13@example.net,Female,Port Lindsaymouth,08-12-2024
U000659,Jo Shaffer,selenarobinson@example.org,Male,East Tara,23-07-2025
U000660,Jonathan Lawrence,sferguson@example.org,Female,Amyfort,27-10-2024
U000661,Sylvia Suarez,michaelbaldwin@example.com,Other,Lake Tammyton,11-04-2025
U000662,Eileen Everett,johnnycruz@example.net,Other,Rebeccaville,29-07-2025
U000663,Joel Ramos,browningphillip@example.com,Other,Christopherbury,31-12-2024
U000664,Michele Martin,zwelch@example.net,Other,Mccormickview,22-07-2024
U000665,Madeline Shepard,vmclaughlin@example.net,Female,Mcdowellville,15-08-2025
U000666,Holly Hunter,robert85@example.com,Female,Port Brettburgh,17-07-2025
U000667,Krystal Taylor,tgonzalez@example.com,Other,North Erichaven,07-03-2025
U000668,Katrina Banks,melaniejennings@example.com,Other,Mendozaberg,03-05-2025
U000669,Grace Serrano,james65@example.org,Other,Waltershire,27-06-2024
U000670,Stacy Leblanc,rebeccamccann@example.org,Female,Jacquelineburgh,02-06-2024
U000671,Christine Burke,christopherrichardson@example.net,Other,North Jenniferchester,04-02-2024
U000672,Sarah Wilcox,twilson@example.org,Female,Port Lisa,12-06-2025
U000673,Julie Reyes,mgates@example.org,Male,Jessicaborough,01-07-2024
U000674,Ricky Thomas,theresa39@example.com,Other,West Brandi,13-10-2024
U000675,Christopher Harrison,terri63@example.net,Female,Ericksonview,18-03-2025
U000676,Angela Williams,thomasgomez@example.net,Female,North Jonfurt,19-02-2024
U000677,Ralph Wood,carpenterjorge@example.net,Female,Conradmouth,25-07-2024
U000678,Logan Moreno,jorgeedwards@example.org,Male,Savageview,31-03-2024
U000679,Sara Campbell,chloe48@example.com,Other,Staffordmouth,26-05-2025
U000680,Travis Dodson,isaacharrison@example.org,Female,Grahamfort,19-05-2025
U000681,Michael Fletcher,hellis@example.net,Other,North Michael,28-01-2024
U000682,Justin Conley,anna93@example.net,Female,New Katieburgh,19-05-2024
U000683,Chase Tate,clayanthony@example.net,Other,South Nathanielville,11-10-2024
U000684,Eric Miller,rgibson@example.net,Male,West Taramouth,26-07-2025
U000685,Jessica Navarro,jasonwilliams@example.net,Female,Marcuston,10-08-2024
U000686,Amy Guzman,rossgregory@example.com,Female,North Melissaburgh,23-05-2025
U000687,Richard Holland,davidhenry@example.com,Male,Rebeccaberg,22-09-2024
U000688,Cody Richardson,tracymcclure@example.com,Other,Annachester,02-09-2024
U000689,Roberto Richardson,ryansimmons@example.org,Female,Teresabury,02-03-2024
U000690,Jennifer Arias,robertssamuel@example.com,Male,Edgarberg,18-03-2025
U000691,Kevin Wright,dphillips@example.net,Female,North Williamhaven,13-04-2025
U000692,Cody Guerrero,michael91@example.net,Female,North Joymouth,17-10-2024
U000693,Ian Long,butlerjanet@example.com,Female,Toddmouth,02-05-2024
U000694,Joseph Levy,jasonmiller@example.net,Other,Monicaville,02-03-2025
U000695,Andrew Foster,jacksonthomas@example.net,Male,Meltonfort,23-10-2024
U000696,Lisa Jensen,fballard@example.org,Male,North James,26-07-2024
U000697,Heather Lopez,clarkdeborah@example.net,Male,South Megan,12-07-2025
U000698,Amanda Miller,bhernandez@example.org,Male,East Rachelmouth,10-08-2025
U000699,Thomas Heath,jameshudson@example.com,Female,West Alanchester,21-10-2025
U000700,Melinda Mclaughlin,benjamin67@example.net,Other,Hallton,31-10-2025
U000701,Robert Stewart,adamsdeborah@example.com,Male,South Cindystad,27-12-2024
U000702,Ryan Martin,taylorkim@example.net,Other,New Regina,02-11-2024
U000703,Carrie Kirby,sanderson@example.net,Male,Moyerstad,19-08-2024
U000704,Lauren Richard,justincurry@example.net,Male,Andersonborough,28-06-2025
U000705,Travis Leon,ntorres@example.net,Female,North Michaelview,16-04-2024
U000706,Eric Clayton,romanmatthew@example.org,Female,North Anna,01-09-2024
U000707,Victoria Glover,carrilloangela@example.org,Female,Lake Brentmouth,28-11-2024
U000708,Sydney Campos,harringtonchelsea@example.org,Other,New Danielville,30-06-2025
U000709,Rhonda Moore,jean87@example.net,Female,East Deborahmouth,18-08-2025
U000710,David Harris,ahammond@example.org,Female,Petersonhaven,14-07-2025
U000711,Joseph Espinoza,qward@example.org,Male,Port Karen,27-04-2024
U000712,Jeremy Pham,dhardin@example.net,Male,Sherrymouth,15-10-2024
U000713,Alejandro Drake,millerleroy@example.org,Female,Brownton,09-04-2024
U000714,Darlene Orr,levinetina@example.net,Female,Robertside,27-03-2025
U000715,Jennifer Edwards,alan48@example.net,Other,Lake Richard,20-08-2025
U000716,Paige Weber,zterry@example.net,Other,Roweport,16-03-2025
U000717,Amanda Price,abigailfernandez@example.org,Male,New Andreahaven,27-02-2024
U000718,Cynthia Johnson,john46@example.net,Other,Lake Brianstad,21-08-2024
U000719,William Martinez,westashley@example.org,Female,Morganbury,26-06-2024
U000720,Vanessa Cunningham,michaelmitchell@example.net,Female,Lake Nicholas,04-07-2025
U000721,Daniel Black,mackenzieward@example.org,Male,Lake Ronald,19-05-2025
U000722,Christopher Coleman,thomasgriffin@example.com,Female,Chapmanhaven,08-10-2024
U000723,Monica Silva,sbarajas@example.com,Female,Colonberg,16-06-2025
U000724,Todd Ellis,bensonstanley@example.org,Female,New Mike,11-12-2024
U000725,Carolyn Ortiz,woodkeith@example.net,Female,North Nathan,13-10-2025
U000726,Kevin Tucker,douglaslawrence@example.org,Other,Pamelaborough,08-11-2025
U000727,Jodi Smith,carlos06@example.com,Other,Arielmouth,05-05-2024
U000728,Thomas Cortez,kathleenwagner@example.com,Other,Contrerasberg,18-06-2025
U000729,Mark Marsh,zhughes@example.com,Other,Lake Pamelaview,15-08-2025
U000730,Michelle Mann,ann18@example.org,Other,New Amber,17-03-2025
U000731,Susan Boyd,bshaw@example.org,Male,North Joshua,02-06-2025
U000732,Maria Combs,imiller@example.net,Female,Richardton,20-05-2024
U000733,Sarah Morgan,robertheath@example.com,Male,Scottville,02-12-2024
U000734,Amber Mitchell,jonathandavis@example.com,Female,Gregoryton,01-11-2025
U000735,Mark Johnson,evanscorey@example.org,Female,Orozcoview,24-02-2025
U000736,Maria Martinez,johnharper@example.org,Female,Romerohaven,13-09-2024
U000737,Darin Brown,etran@example.com,Male,South Cynthiatown,20-09-2024
U000738,Tabitha Leonard,kathrynpearson@example.org,Female,Ashleymouth,03-07-2024
U000739,Cynthia Harris,nathanielgalloway@example.org,Female,Aliside,27-02-2024
U000740,Aaron Marshall,denise20@example.org,Other,Nelsonview,04-11-2024
U000741,Omar Bell,brendadixon@example.org,Other,Lake Amanda,28-07-2025
U000742,Christopher Hale,jessicalutz@example.com,Female,New William,17-02-2024
U000743,Nicole Dougherty,tiffany74@example.org,Other,Matthewmouth,02-07-2025
U000744,Mark Sloan,deborahsmith@example.com,Male,North Emilychester,17-10-2025
U000745,Heather Burns,ymedina@example.net,Female,New Anthonymouth,15-01-2025
U000746,Michael Hess,paul01@example.com,Male,Sharonmouth,04-04-2025
U000747,Julia Chang,james94@example.net,Other,East Tina,07-01-2024
U000748,Benjamin Vasquez,adrianjoyce@example.net,Other,Rodriguezview,23-10-2025
U000749,Troy Arnold,cameronanderson@example.org,Male,West Sarah,24-01-2025
U000750,Nicole Daniel,james08@example.net,Female,Erinmouth,08-08-2025
U000751,Ronald Nunez,nashmarcus@example.com,Other,Davidhaven,02-01-2024
U000752,Michael Blake,brandonhull@example.net,Other,Stewartfurt,15-11-2024
U000753,Christopher Armstrong,mooneyjeremiah@example.net,Other,Rosariobury,13-05-2024
U000754,Mark Brown,johnsonryan@example.org,Male,Marybury,14-05-2024
U000755,John Peterson,underwoodapril@example.org,Male,Port Carolmouth,14-03-2024
U000756,Colleen Riley,villegassabrina@example.com,Other,Pamelaland,06-06-2025
U000757,Bryan Lang,turnerconnie@example.org,Female,Lake Brianton,19-06-2025
U000758,Patrick Davis,mhall@example.net,Male,South Patrickchester,20-07-2024
U000759,Christine Morgan,gibsonmark@example.org,Female,North Alexanderland,24-08-2025
U000760,Mary Strong,danascott@example.com,Male,Hardymouth,09-02-2025
U000761,Devin Williams,larrygraham@example.net,Male,Larryside,07-05-2024
U000762,Dylan Parker,kelly08@example.net,Female,North John,14-06-2025
U000763,Anita Brown,james33@example.org,Female,Jaimefort,14-07-2025
U000764,Tina Greene,melissa95@example.net,Female,Robertburgh,20-04-2025
U000765,Nancy Lozano,arobinson@example.net,Male,Lake Jerry,12-03-2024
U000766,John Navarro,lindsay63@example.com,Female,Port Veronica,02-03-2025
U000767,Charles Johnson,thomasscott@example.net,Female,Bradleytown,05-09-2024
U000768,Justin Robinson,jennifer58@example.org,Female,East Andrew,16-05-2024
U000769,Renee Smith,nicholascobb@example.org,Female,Sharonport,30-07-2025
U000770,Mike Watson,shelleyrowland@example.net,Female,Johnsland,08-11-2024
U000771,Nicole Anderson,jamesgray@example.com,Female,Carolbury,22-03-2024
U000772,Kathryn Matthews,kristine53@example.org,Female,Moniquehaven,21-09-2025
U000773,Norma Clark,muellerkrystal@example.net,Male,East Williamhaven,24-10-2025
U000774,April White,alicia77@example.com,Female,Biancashire,12-09-2024
U000775,Jamie Jacobson,zroy@example.org,Male,Ronaldfurt,20-03-2025
U000776,Selena Brooks,taylorchristopher@example.com,Other,Jerryton,25-01-2025
U000777,Christine Simmons,xreynolds@example.com,Other,Joshuatown,14-11-2024
U000778,Jesus Brewer,rachel48@example.net,Male,Port Joshuabury,02-05-2024
U000779,Charles Johnson,matthewleonard@example.com,Female,Julieview,08-03-2024
U000780,Cassandra Taylor,alan44@example.com,Male,Bautistashire,10-05-2024
U000781,Alexander Valdez,michelleperez@example.net,Other,South Jesus,02-06-2025
U000782,Angela Harrison,fpeterson@example.com,Male,South Kayla,05-02-2025
U000783,Jason Cole,brooksbarbara@example.org,Other,Sherrytown,22-04-2025
U000784,Donna Gomez,robertjennings@example.com,Male,Marktown,07-12-2024
U000785,Antonio Taylor,ashley99@example.net,Male,Bairdborough,23-01-2025
U000786,Bryce Hughes,krodriguez@example.com,Male,Christopherville,10-10-2025
U000787,Gregory Serrano,mjohnson@example.org,Male,Campbellbury,06-04-2025
U000788,Alice Gibson,april25@example.com,Male,Mooreville,18-07-2024
U000789,Robert Paul,nfriedman@example.org,Other,West Ryan,29-03-2024
U000790,Thomas Munoz,briana87@example.com,Male,North Vickie,30-04-2025
U000791,Makayla Jacobs,aliciakent@example.com,Male,Fordton,31-10-2024
U000792,Keith Ibarra,treed@example.com,Male,Austinburgh,19-05-2025
U000793,Hayden Williamson,qellis@example.org,Female,South Hollyton,10-10-2024
U000794,Monica Hill,elizabeth13@example.com,Other,Riddleside,12-06-2024
U000795,Miguel Campos,murraycharles@example.net,Male,Jamesfurt,23-03-2024
U000796,Randy Smith,fletcherderek@example.net,Other,Washingtonland,08-08-2025
U000797,Diane Reeves,rtaylor@example.org,Male,Port Andrew,26-02-2024
U000798,Kelly Nichols,qjackson@example.org,Female,Ericstad,09-03-2024
U000799,Jennifer Stafford,scottwilliams@example.net,Other,South Hannahmouth,01-05-2024
U000800,Adam Barton,sarahbrooks@example.org,Female,North Allen,05-02-2024
U000801,Alexis Hoover,walkernicole@example.net,Female,Lake Gary,20-01-2024
U000802,Daniel Murphy,colleenvilla@example.com,Male,Martinezborough,11-10-2024
U000803,Marcus Smith,alexander37@example.org,Other,Lake Lisastad,13-03-2024
U000804,Nicole Jenkins,gbird@example.net,Other,West Susan,31-01-2024
U000805,Tina Horton,martinreid@example.net,Other,Tiffanyfort,14-02-2025
U000806,Andres Barr,oreyes@example.net,Other,New Briana,16-02-2024
U000807,Jesse Jensen,parkerjoann@example.org,Male,North Devinfort,07-11-2025
U000808,Edward Harris,youngjessica@example.com,Male,Dennismouth,21-07-2024
U000809,Kathleen Meyer,swong@example.org,Female,Port Jessica,16-03-2025
U000810,Jamie Brown,lauriehorton@example.org,Male,Boydburgh,22-08-2024
U000811,Adam Kane,mckaybrett@example.org,Other,East Christopher,29-10-2024
U000812,Marie Frederick,williamsimmons@example.com,Male,Frankborough,09-02-2025
U000813,Gregory Wright,barbara34@example.com,Female,West Raymondburgh,16-06-2024
U000814,Roberto Lynch,ywolf@example.com,Other,Port Patrickland,17-11-2024
U000815,Sandra Larson,angelathompson@example.com,Other,Torresport,03-06-2025
U000816,Catherine Jones,jennifergonzalez@example.org,Female,North Michellestad,13-09-2024
U000817,Sara Bentley,patrick49@example.org,Female,Dyerville,02-12-2024
U000818,Ariel Lee,xkrueger@example.net,Other,Williamfort,20-09-2024
U000819,Micheal Brown,vhouse@example.org,Male,South Austin,10-03-2025
U000820,Crystal Rhodes,josegibson@example.net,Male,West John,10-07-2025
U000821,Elaine Martin,wisedawn@example.com,Other,Mccarthyland,30-01-2025
U000822,Jacob Henderson,uwillis@example.com,Other,North Daisystad,20-12-2024
U000823,Joseph Clark,ahale@example.org,Other,Smithland,10-07-2025
U000824,Robert Butler,jessica22@example.com,Male,Lake Dennis,13-06-2025
U000825,Wayne Rodriguez,jacobbrown@example.org,Male,West Tonya,28-11-2024
U000826,Scott Durham,oneillgabriel@example.com,Other,South Davidland,19-08-2025
U000827,Brenda Woods,smithjoseph@example.org,Female,North Jasontown,22-08-2024
U000828,Abigail Hayden,sarah75@example.net,Other,Rogersmouth,13-09-2024
U000829,Lisa Everett,dgray@example.com,Other,Lindatown,14-11-2025
U000830,Holly Hardy,anthonymartinez@example.net,Male,Stephaniebury,08-11-2024
U000831,Christine Hopkins,qrobertson@example.org,Other,Lake Susanmouth,09-09-2024
U000832,Michael Williams,erica39@example.com,Male,Stevensonland,12-01-2024
U000833,Sheila David,shatfield@example.org,Female,Carterborough,26-08-2024
U000834,Molly Walter,andersonlaura@example.com,Other,Jacksonmouth,01-05-2025
U000835,Timothy Fernandez,jasonmullins@example.net,Female,North Ryantown,15-10-2025
U000836,Sarah Orr,jeffrey47@example.net,Other,Lake Derekside,19-04-2024
U000837,Travis Pope,monica99@example.org,Female,Nicholasfurt,09-03-2025
U000838,Kristen Burch,ostokes@example.com,Male,West Christopherland,23-03-2025
U000839,Brittany Lopez,berrydavid@example.com,Other,Raytown,20-08-2024
U000840,Brittany Lee,uwhitney@example.com,Other,New Elizabeth,31-07-2024
U000841,Daniel Smith,sstewart@example.org,Female,Frazierberg,08-02-2025
U000842,Dustin Ortega,georgekyle@example.net,Male,West Wendyshire,15-02-2025
U000843,Maria Simpson,zbrown@example.com,Female,Port Jennifer,23-11-2024
U000844,Sarah Walker,leblanckimberly@example.com,Female,Evansburgh,03-08-2025
U000845,Amy Rogers,wmooney@example.com,Male,Jonesport,08-11-2025
U000846,Sandra Haynes,udavis@example.net,Female,Port Sarahport,12-07-2024
U000847,Frank Taylor,jcarter@example.org,Female,Port Kaitlin,08-11-2024
U000848,Albert Barber,gregoryvanessa@example.org,Other,Clementschester,17-05-2025
U000849,Gary Brown,terri20@example.org,Female,Brittneyberg,09-04-2025
U000850,Richard Johnson,randyturner@example.net,Other,Lake Julie,04-03-2025
U000851,Vickie Lambert,stricklandmichelle@example.net,Male,Hillmouth,14-06-2025
U000852,David Miller,gmay@example.org,Female,New Ashleyshire,08-09-2024
U000853,Heather Davis,patrickcooke@example.net,Male,Evansberg,23-11-2024
U000854,Bryan Stout,richardhaynes@example.com,Other,Brownshire,09-03-2024
U000855,Lori Pearson,tammymerritt@example.org,Other,North Angela,03-01-2025
U000856,David Anderson,denisemiller@example.com,Other,North Tinahaven,01-07-2025
U000857,Tammy Jackson,wrightbrandon@example.net,Female,Donnamouth,23-07-2024
U000858,Tracy Edwards,catherine83@example.net,Other,Lake Loribury,05-04-2024
U000859,Donald Chase,susanguzman@example.org,Other,Joshuachester,26-01-2024
U000860,Jonathan James,ricardomiller@example.com,Female,Bentleyberg,20-02-2024
U000861,Chad Oconnor,jenniferelliott@example.net,Female,South Lorraine,01-01-2025
U000862,Kristin Gray,chrismartinez@example.org,Female,Jonesland,04-08-2024
U000863,Matthew Nelson,joshuagarcia@example.org,Other,Lynnville,05-09-2024
U000864,Jessica Parker,wdavis@example.net,Other,Andreaville,30-04-2024
U000865,George Potts,zwhite@example.net,Female,Woodsberg,05-09-2025
U000866,Gloria Reeves,douglasbradley@example.com,Female,Lake Daniellestad,26-06-2024
U000867,John Franklin,wwhite@example.com,Male,Joshuachester,28-04-2025
U000868,Jennifer Bradshaw,kevinhodge@example.com,Male,Townsendland,22-12-2024
U000869,Chase Allen,martinbrian@example.net,Female,Angelafort,10-03-2025
U000870,Alex Vaughan,timothyrobertson@example.net,Female,South Alexanderborough,06-07-2025
U000871,Julie Klein,john89@example.org,Male,Oconnellhaven,15-09-2025
U000872,Gregory Richardson,williefarley@example.com,Female,Graystad,10-09-2025
U000873,Matthew Shelton,robertstimothy@example.com,Other,North Joann,25-10-2025
U000874,Jeff Torres,wallspatricia@example.com,Other,West Adammouth,24-01-2025
U000875,Michael Smith,richardsmith@example.com,Other,Gonzalezhaven,12-08-2024
U000876,Eric Martinez,xsmith@example.net,Female,Jeremyfurt,17-12-2024
U000877,Michael Mcclain,daniel77@example.org,Female,West Julie,13-09-2024
U000878,Nicole Fletcher,lopezbilly@example.com,Male,Mannington,04-01-2024
U000879,James Mendoza,david78@example.com,Female,West Karen,19-04-2024
U000880,Ricardo Barber,ganderson@example.org,Female,East Maurice,17-06-2025
U000881,Gabrielle Williams,russell90@example.com,Male,Robertsfort,10-01-2024
U000882,Roy Williamson,johnwang@example.com,Female,Lake Lori,26-02-2024
U000883,Jasmine Patrick,jacobbond@example.net,Male,East David,15-05-2024
U000884,Joshua Lee,ronaldjensen@example.org,Female,South Richardport,01-10-2024
U000885,Tina Walker,gmendoza@example.com,Female,West Danielstad,23-04-2025
U000886,Michael Barnes,patty20@example.org,Female,Lake Julieborough,10-07-2024
U000887,Joshua Obrien,flopez@example.com,Female,Kevinville,14-07-2024
U000888,Felicia Townsend,markfigueroa@example.com,Other,Johnview,02-04-2025
U000889,Patrick Eaton,crystalguzman@example.org,Other,East Janet,23-05-2024
U000890,Charles Payne,kevin73@example.net,Female,North David,25-09-2025
U000891,Jennifer Snow,patricia71@example.com,Other,South Roberthaven,13-10-2024
U000892,Gary Hill,keithsosa@example.org,Male,Lake Lisa,24-06-2025
U000893,Amanda Palmer,martinkaren@example.com,Other,Moralesview,04-12-2024
U000894,Adam Armstrong,suarezkrystal@example.com,Male,Kevinbury,21-05-2024
U000895,Joseph Wilson,brandonallen@example.org,Male,West Sara,21-07-2024
U000896,Krystal Day,veronicaclark@example.org,Male,Lake Michaelstad,03-07-2024
U000897,Stacey Henson,jennifer69@example.com,Other,Tracietown,10-08-2024
U000898,Jeffrey Sanford,jonathansmith@example.net,Female,Lake Juliefurt,17-07-2025
U000899,Jonathan Sims,lisawalker@example.com,Female,New Crystal,08-10-2025
U000900,Randall Griffin,erichardson@example.org,Other,Whiteburgh,10-08-2025
U000901,Gregory Hudson,deborahsmith@example.org,Male,Port Phillip,11-07-2025
U000902,Chad Jones,spencerbrewer@example.com,Other,Lake Alisontown,19-02-2025
U000903,Nicholas Smith,hinesdeanna@example.org,Female,East Kayla,16-02-2025
U000904,Sheena Greene,rosariodaniel@example.net,Other,Melissaland,02-07-2024
U000905,Timothy Hart,tochoa@example.com,Other,Mooreton,18-05-2024
U000906,Joseph Stephens,bryancurtis@example.com,Female,New Oliviachester,06-01-2025
U000907,Rhonda Johnson,wcruz@example.net,Female,Jeremiahfurt,07-04-2024
U000908,Jennifer Valenzuela,hjackson@example.org,Male,West Michaelmouth,14-04-2025
U000909,Sandra Gillespie,munozgregory@example.net,Male,Carolchester,21-03-2024
U000910,Elizabeth Turner,michael14@example.com,Female,Sarahland,12-04-2024
U000911,Michelle Spence,lukemyers@example.net,Male,Briggsville,23-06-2025
U000912,Susan Ramirez,morrisdavid@example.com,Female,Luischester,30-01-2025
U000913,Teresa Guzman,devon36@example.com,Other,Ryanfort,25-11-2024
U000914,Lori Cruz,xrose@example.net,Male,Lake Christopher,30-12-2024
U000915,James Jefferson,angela21@example.org,Female,Michaelberg,04-09-2024
U000916,Douglas Castaneda,osanchez@example.org,Other,North Suzanne,20-07-2024
U000917,Nicholas Johnson,swatson@example.org,Other,South Maryburgh,26-04-2025
U000918,Michael Miller,smithmariah@example.com,Female,Port Ian,21-01-2024
U000919,Kaitlin Hale,theodore57@example.net,Female,West Danielton,23-05-2025
U000920,Antonio Potter,alexwall@example.net,Other,Spencerview,25-08-2025
U000921,Warren Fletcher,rhuynh@example.org,Other,Spenceberg,20-09-2025
U000922,Richard Brown,vwhite@example.net,Female,Port Heatherfort,23-05-2025
U000923,Dawn Wilcox,brianwatson@example.com,Female,West Daniel,02-08-2024
U000924,Carrie Bradford,allenfrancisco@example.org,Other,East Carlaport,23-02-2024
U000925,James Hickman,josephdavila@example.net,Other,New Valeriefort,08-05-2024
U000926,Leonard Harding,hooperkaren@example.com,Female,West Karen,01-02-2024
U000927,Terri Park,riverapeggy@example.net,Female,New Lindseyberg,11-05-2025
U000928,Laura Woods,robertsedward@example.com,Other,Lake Christopherbury,17-01-2024
U000929,Lindsey Pena,victoriamason@example.net,Female,Sethberg,27-08-2025
U000930,Michael Chase,twilliams@example.net,Female,Allenland,19-08-2024
U000931,Ashley Gamble,ballarddouglas@example.com,Female,South Clintonmouth,17-10-2025
U000932,Kenneth Jones,michael12@example.net,Female,Scottfort,26-04-2024
U000933,Kathryn Ramos,shelbybonilla@example.com,Male,West Michelefurt,31-10-2025
U000934,Christine Becker,nrichardson@example.com,Male,Christopherchester,06-10-2024
U000935,Jose Hutchinson,oliverdawn@example.net,Other,Lake Lori,12-12-2024
U000936,Melissa Roberts,ashleynash@example.org,Male,Sawyerland,06-01-2024
U000937,Taylor Nichols,lrodriguez@example.net,Female,South Kaylaborough,26-08-2024
U000938,Caleb Peterson,vlewis@example.com,Male,West Shawnside,01-10-2024
U000939,Theodore Bowman,ashley96@example.org,Other,Kristinefort,16-04-2024
U000940,Jason Johnson,onelson@example.org,Other,East Chadfurt,25-05-2024
U000941,Morgan Hayes,qwarren@example.com,Other,Port Brian,25-02-2024
U000942,Roy Richmond,franklin56@example.com,Male,Nicholsburgh,04-09-2025
U000943,Samuel Gaines,jmorrow@example.net,Male,North Jennifer,22-10-2025
U000944,Duane Beck,alexis72@example.com,Male,Danielchester,30-01-2025
U000945,Jennifer Mcneil,cynthiafowler@example.net,Other,North Jefferyborough,28-06-2024
U000946,Amy Martin,nrobinson@example.org,Female,West Lisatown,14-10-2024
U000947,Kurt Fuentes,lyonsdeborah@example.com,Female,Jenkinsstad,25-07-2024
U000948,Ronald Dickson,daniel27@example.com,Other,Gregoryburgh,20-07-2025
U000949,Patrick Bruce,swalters@example.net,Other,North Lindaville,06-01-2025
U000950,Allen Randolph,crawfordkaren@example.net,Other,Lake Seanshire,02-03-2024
U000951,Elizabeth Christian,jeffreygibson@example.com,Other,East Melissaville,05-07-2025
U000952,Laura Marshall,xsmith@example.org,Female,Josephview,27-08-2024
U000953,Raven Blankenship,adamstout@example.org,Male,North Ericstad,29-07-2024
U000954,April Figueroa,matthew96@example.org,Male,Leefurt,29-07-2025
U000955,Laurie Lane,sheilamyers@example.net,Female,South Rebecca,20-07-2025
U000956,Samuel Garcia,williamwelch@example.com,Male,Maryburgh,19-12-2024
U000957,James Davis,anthonyzimmerman@example.org,Female,Johnsonberg,10-10-2025
U000958,Cynthia Strickland,johnhurst@example.com,Male,New Mary,03-11-2025
U000959,Lindsay Gray,donna41@example.org,Female,Lake Traciville,11-05-2025
U000960,Sara Martinez,justinkline@example.org,Male,South Meganborough,16-03-2024
U000961,Travis Johnson,tuckerconnie@example.org,Other,Brooksmouth,24-09-2024
U000962,Shannon Martin,alejandro29@example.net,Other,North Theresastad,09-03-2025
U000963,Christina Payne,aimeescott@example.org,Male,New Anthony,26-11-2024
U000964,William Hernandez,danny30@example.com,Female,East Christopher,16-01-2024
U000965,David Hill,stephaniebailey@example.net,Male,Stuartfort,18-04-2025
U000966,Stacey Nielsen,gerald46@example.org,Male,Gabrielborough,25-10-2024
U000967,Tony Andrade,rcarlson@example.com,Other,New Patrickborough,14-10-2025
U000968,Nathaniel Chen,colepamela@example.net,Female,Brendaport,22-01-2025
U000969,Natalie Clements,raymond12@example.com,Other,Gibbsstad,17-02-2025
U000970,Jason Watson,kimberlymartinez@example.com,Male,Lake Markmouth,16-06-2024
U000971,Marc Hall,cruzcarolyn@example.net,Other,North Ann,23-01-2025
U000972,Sophia Aguirre,berrydebbie@example.net,Female,Stewartmouth,04-05-2025
U000973,Brandon Snyder,mooneyrobert@example.org,Male,Jacksonmouth,15-05-2024
U000974,Joel Smith,schneidermelissa@example.org,Male,Mitchellfurt,08-02-2025
U000975,Amanda Rose,deanna17@example.org,Other,Cummingsview,26-01-2024
U000976,Michael Miller,troy06@example.com,Female,Snyderville,04-08-2024
U000977,Sharon Garcia,brandonsmith@example.org,Female,Michellechester,30-07-2025
U000978,Christopher Ramsey,lisa80@example.net,Female,West Nicoleton,03-06-2024
U000979,Stacey Jones,hailey64@example.net,Female,East Brandy,16-03-2024
U000980,Luis Hernandez,qwalsh@example.org,Female,New Timothy,23-03-2024
U000981,Juan Barton,qperez@example.com,Male,West Angelicabury,01-12-2024
U000982,Jill Harris,jonestroy@example.org,Male,Lake Jasonfurt,27-03-2025
U000983,Dan Clark,kathleen47@example.net,Female,Port William,08-05-2024
U000984,Jeffery Cox,gparrish@example.org,Female,Lopezview,17-09-2025
U000985,Gina Lynn,thomasnancy@example.net,Male,East Allenmouth,16-10-2024
U000986,Anthony Stanley,hbell@example.net,Male,West Ryanberg,07-05-2024
U000987,Ryan Cook,gnelson@example.org,Female,Dennischester,28-09-2024
U000988,Jaime Thompson,alyssa78@example.com,Female,Lake Brendanbury,12-05-2024
U000989,Jeffrey Brown,johnstonjohn@example.net,Male,West Jeremyfurt,17-10-2025
U000990,Craig Gross,tyler23@example.com,Other,Janiceport,25-09-2024
U000991,Clinton Gordon,sstevenson@example.org,Other,West Erin,16-05-2025
U000992,Martin Gibson,waderonnie@example.org,Other,West Nicole,23-04-2024
U000993,Kathleen Smith,tara90@example.com,Male,South Daniel,26-04-2024
U000994,Ashley Mooney,aliciajackson@example.org,Male,North Kevinmouth,14-07-2025
U000995,Jessica Fritz,elizabeth45@example.com,Male,Port Michaelmouth,05-11-2024
U000996,Kim Vincent,rrodriguez@example.net,Other,East Tiffanybury,01-09-2025
U000997,Donald Jimenez,beckydominguez@example.com,Female,Jamieland,27-03-2025
U000998,Stephanie Fowler,natalie87@example.net,Male,West Renee,12-05-2024
U000999,Mark Lawrence,kyle09@example.net,Male,Maryville,26-08-2024
U001000,Spencer Donaldson,keith07@example.net,Male,South Erin,23-10-2024
U001001,Keith Grant,kevinroberts@example.com,Other,South Blakeport,23-12-2024
U001002,David Freeman,jordandonna@example.org,Female,West Devinport,18-07-2025
U001003,Wayne Mullen,stephaniereeves@example.org,Other,South Brenda,21-06-2025
U001004,Jeffery Kennedy,john66@example.com,Other,West Samanthaport,25-02-2024
U001005,Ryan Liu,feliciagonzalez@example.org,Other,Spencerport,28-04-2024
U001006,Kenneth Ho,ygardner@example.com,Male,East Alishamouth,27-07-2024
U001007,Gina Howard,ronald66@example.com,Other,New Anthonychester,10-12-2024
U001008,Donald Meadows,bettywatson@example.net,Female,Brianfurt,01-03-2024
U001009,Elizabeth Ford,fcombs@example.org,Female,Mariaville,27-03-2024
U001010,Connor Roberts,dvaughn@example.org,Female,Lake Jamieberg,16-08-2024
U001011,Tammy Taylor,kevincollins@example.org,Female,Hansonborough,19-01-2025
U001012,Aaron Munoz,meyerjohn@example.org,Other,Johnsonhaven,19-03-2024
U001013,Brian Martinez,lwebb@example.org,Female,Lorrainemouth,30-10-2024
U001014,Christina Reynolds,lopezlori@example.net,Female,East William,10-08-2025
U001015,James Castillo,elizabeth97@example.com,Other,Peterville,23-04-2025
U001016,Lisa Hernandez,stephen96@example.org,Other,Austinmouth,13-11-2024
U001017,Rebecca Estes,dkhan@example.com,Male,East Michaelhaven,30-01-2024
U001018,Rachel Warren,thompsonedward@example.net,Other,Stephenberg,24-05-2024
U001019,Kathryn Turner,pjones@example.com,Other,Estesburgh,09-07-2024
U001020,Sara Rowe,david59@example.net,Male,Breannafurt,29-01-2025
U001021,Anthony Quinn,colinrodriguez@example.net,Male,Morrisbury,16-02-2024
U001022,Lindsey Oconnor,danielgilmore@example.net,Other,Camposchester,02-11-2025
U001023,Bryan King,bradfordcharles@example.com,Male,East Manuelmouth,22-09-2025
U001024,Vanessa Berry,jameshenry@example.net,Female,Jeremiahburgh,15-09-2024
U001025,Allison Tyler,perkinscrystal@example.net,Other,East Arthurberg,23-10-2024
U001026,Michael Russell,petersonfaith@example.net,Male,Leeborough,03-09-2025
U001027,Thomas Bell,lauriegonzales@example.net,Male,Sawyershire,25-01-2025
U001028,Kimberly Evans,jimenezbrett@example.net,Male,Andrewport,23-02-2024
U001029,John Warner,brennaneric@example.com,Male,New Barbarahaven,22-09-2025
U001030,Vincent Ross,gardnerpatricia@example.net,Other,Gilesview,29-09-2025
U001031,Antonio Fisher,matthewhubbard@example.org,Male,New Lisa,22-03-2025
U001032,Katherine Gaines,youngcharles@example.net,Male,West Tinachester,13-08-2024
U001033,Cheyenne Miller,rpotts@example.net,Male,North Austinhaven,13-02-2025
U001034,Michael Woods,andrewbrown@example.org,Female,Flemingtown,03-06-2024
U001035,Brett Cannon,russellsimmons@example.org,Female,South Davidstad,12-01-2025
U001036,Matthew Hull,jessechapman@example.org,Other,Burgessside,28-08-2024
U001037,Vicki Smith,lisajones@example.org,Other,Whiteton,23-01-2025
U001038,Carrie Zamora,david67@example.net,Female,Lake Chaseview,02-08-2024
U001039,Jamie Thornton,priscilla37@example.net,Female,Shellyside,03-10-2025
U001040,Desiree Rose,luis88@example.org,Male,West Rachelfort,19-07-2024
U001041,James Taylor,kevintran@example.org,Male,Jennyberg,10-07-2024
U001042,Joe Alexander,bbenton@example.com,Female,West Joshuafurt,25-01-2024
U001043,Tammy Brown,ysimpson@example.com,Other,Williamsborough,24-07-2024
U001044,Donna Patel,anthony50@example.net,Female,Sandraview,16-09-2024
U001045,Brittany Todd,jessica96@example.com,Other,Port Danielfurt,08-07-2025
U001046,Sarah Mitchell,ucoleman@example.net,Female,Franciscofurt,13-10-2025
U001047,Victoria Allen,campbellfelicia@example.com,Male,East Kelseyport,15-11-2024
U001048,Ralph Gilbert,joseph49@example.org,Other,West Ashleymouth,18-08-2024
U001049,Melanie Wallace,gonzalessteven@example.com,Male,Littleside,25-07-2025
U001050,Brian Mcmillan,penny85@example.org,Female,Whiteview,29-05-2024
U001051,Troy Perez,dylanwilliamson@example.org,Other,North Diamond,26-06-2024
U001052,William Alexander,bobby30@example.net,Other,Theresatown,06-05-2024
U001053,Meredith Gomez,burkemichael@example.org,Other,Wilsonland,09-04-2025
U001054,Mark Watson,bjones@example.com,Male,North Mark,11-06-2024
U001055,Matthew Russell,thomas49@example.org,Female,West Bradley,23-06-2025
U001056,Rhonda Johnson,lindseydixon@example.net,Male,Shelbyfurt,28-09-2025
U001057,Antonio Barber,pfarmer@example.org,Other,East Arianashire,22-07-2025
U001058,Jessica Ryan,abbottallison@example.org,Male,Hopkinshaven,07-03-2025
U001059,Joseph Huff,rhonda53@example.com,Other,South Leslie,28-10-2024
U001060,Heather Wallace,wcox@example.net,Male,West Denisebury,27-10-2025
U001061,Robert Hudson,sarasanchez@example.com,Female,New Jorge,03-11-2024
U001062,Lee Miller,jwagner@example.net,Male,Chenborough,15-07-2024
U001063,Nancy Smith,barneskathy@example.net,Male,Newtonberg,07-09-2025
U001064,Mary Johnson,veronicaanderson@example.net,Male,Strongstad,17-08-2025
U001065,Heidi Allen,mcknightbrandon@example.net,Male,Stephaniechester,28-03-2024
U001066,Joy Graham,ugraves@example.org,Female,East Paulashire,07-03-2025
U001067,Emily Chavez,samuel89@example.com,Other,East Kennethmouth,09-02-2025
U001068,Zachary Fox,ymitchell@example.com,Other,East Bobby,03-02-2024
U001069,Nicole Simon,kstone@example.net,Other,Coryport,08-10-2025
U001070,Keith Tucker,nicoleroberts@example.com,Female,East Elizabethberg,23-04-2024
U001071,Andrea Romero,anthonyorr@example.net,Female,North Tracy,06-03-2024
U001072,Mike Campbell,hdennis@example.org,Male,Phillipsville,16-07-2025
U001073,Samantha Wilson,fsnyder@example.org,Female,Jessicaville,04-05-2025
U001074,Linda Garner,jessicamurphy@example.net,Other,Joshuahaven,24-10-2025
U001075,Charles Watts,hamiltonsarah@example.net,Female,Jamesside,04-04-2025
U001076,Natalie Johnson,sanchezbrenda@example.org,Other,West Theodore,28-03-2025
U001077,Jacob Crawford,jamesliu@example.net,Female,North Ryan,27-11-2024
U001078,Cheryl Mckinney,barnesjose@example.com,Female,Lake Michael,01-12-2024
U001079,Stephanie Humphrey,nancycontreras@example.com,Other,Harperside,28-12-2024
U001080,Colin Rodriguez,robert75@example.org,Other,Wilsonmouth,24-11-2024
U001081,Donna Bailey,xbush@example.com,Female,Burkebury,16-10-2025
U001082,Joseph Lewis,xbrown@example.com,Female,Emilychester,20-01-2024
U001083,Scott Ross,adamsjessica@example.com,Male,West Sethbury,24-09-2024
U001084,Garrett Harris,gouldchristina@example.com,Other,New Amber,26-01-2025
U001085,Andrew Gray,rhonda81@example.net,Male,New Jasonside,11-10-2025
U001086,Eric Nichols,kellymartin@example.com,Female,Robertside,15-05-2024
U001087,Shelby Johnson,fischeralisha@example.net,Other,Moodyton,16-05-2025
U001088,Kevin Hall,arthurbrady@example.com,Female,Andersonview,17-04-2024
U001089,Charles Wagner,vsmith@example.net,Other,North Jill,12-08-2025
U001090,James Obrien,kristen68@example.net,Female,West Joshuaborough,26-06-2025
U001091,Tanya Johnston,fcarter@example.org,Male,Hoffmanfort,09-03-2024
U001092,Jacqueline Hunter,fsmith@example.net,Male,Beanside,13-07-2024
U001093,Shaun Lane,sandersjesse@example.com,Male,Hartport,03-05-2025
U001094,Lisa Daugherty,hoffmanjared@example.com,Other,North Donald,15-08-2024
U001095,Thomas Sharp,briansnyder@example.com,Other,Joyberg,25-02-2025
U001096,Hannah George,adamsjason@example.net,Other,Gardnermouth,25-01-2024
U001097,Joe Murray,vrobertson@example.net,Male,North Ronaldland,18-10-2025
U001098,Katherine Martin,martinsamuel@example.org,Other,South Tylerhaven,13-09-2024
U001099,Kaitlyn Payne,hsmith@example.com,Female,Jenniferview,29-11-2024
U001100,Christina Watson,donaldmills@example.org,Other,Aprilview,23-12-2024
U001101,Jason Rivera,frankespinoza@example.com,Male,West Robertberg,18-11-2024
U001102,Victoria Smith,jamesdavis@example.com,Male,Codymouth,17-11-2024
U001103,Carl Fields,michaelsmith@example.org,Female,Justinchester,10-02-2025
U001104,Kevin Weber,jvilla@example.net,Other,North Brittany,03-02-2025
U001105,Javier White,martinezalexa@example.net,Other,Riverashire,11-03-2024
U001106,Tammy Mclaughlin,aclark@example.org,Female,North Sarah,17-02-2025
U001107,Douglas Alvarez,morrispaula@example.org,Female,New Lindsay,24-02-2025
U001108,Thomas Turner,allenphillip@example.com,Male,Kellyhaven,17-10-2024
U001109,Christian Jacobs,stephaniedougherty@example.com,Other,Port Samuel,04-08-2024
U001110,Heather King,grantryan@example.com,Female,North Michelle,29-10-2024
U001111,Kelli Reed,jlewis@example.org,Other,Brookstown,08-08-2025
U001112,Michael Lee,mark54@example.net,Female,New Joshuaview,13-05-2024
U001113,Raymond Forbes,joshua09@example.org,Male,Osbornmouth,14-03-2025
U001114,Thomas Golden,johnsonanthony@example.net,Female,Lake Jill,01-12-2024
U001115,David Barnes,browndana@example.org,Female,Connorside,18-08-2025
U001116,Melissa Rios,cookemily@example.com,Female,New Jennifer,08-07-2024
U001117,Alexis Beck,qmonroe@example.org,Female,East Mandyhaven,07-09-2024
U001118,Joseph Thompson,hilljames@example.net,Female,Thompsontown,10-04-2024
U001119,Ann Wilson,scarroll@example.org,Other,Davisland,31-07-2024
U001120,Christopher Stewart,wangkristina@example.org,Male,Stevenbury,04-05-2024
U001121,Erin Bender,julierojas@example.com,Male,South Janiceburgh,29-07-2024
U001122,Annette Gutierrez,joshuagonzalez@example.com,Female,Heidiview,09-07-2024
U001123,Michael Cox,rgallegos@example.org,Female,Port Brendaberg,04-03-2024
U001124,Jason Park,debbie43@example.com,Other,Christopherborough,02-01-2025
U001125,Taylor Johnson,holmescrystal@example.com,Female,South Brenda,25-06-2024
U001126,Nicholas Chapman,morrisdaniel@example.com,Female,East Robertmouth,11-09-2024
U001127,Rebecca Lopez,kevin78@example.org,Other,South Lisamouth,18-08-2024
U001128,Heather Simon,qflowers@example.net,Female,Carolynfort,10-02-2025
U001129,Kevin Arellano,kathrynsantana@example.net,Other,South Ronaldview,09-04-2025
U001130,Richard Johnson,sandratanner@example.net,Male,New Karen,14-10-2025
U001131,Mason Choi,parkerkatie@example.com,Female,Fostermouth,29-03-2024
U001132,Dylan Andrade,kyle23@example.org,Male,Davisbury,01-01-2024
U001133,Angela Rowe,woodsmelvin@example.com,Female,Halefort,15-04-2024
U001134,Marie Mccarthy,hugheslucas@example.org,Female,Mejiaport,02-04-2025
U001135,Jessica Coleman,wferguson@example.com,Female,East Nicoleburgh,14-07-2025
U001136,Mike Morgan,bishopkaren@example.org,Male,East Vincent,09-06-2025
U001137,Kevin Davis,bvaldez@example.org,Female,Larryfort,31-01-2024
U001138,Susan Fisher,raymondholmes@example.org,Other,Drakestad,24-01-2024
U001139,Craig Huffman,martindavid@example.net,Male,Parkstown,14-04-2025
U001140,Susan Morales,turnerjonathan@example.net,Other,New Lindsaymouth,28-11-2024
U001141,Kimberly Joseph,daniel26@example.net,Other,Bergland,09-12-2024
U001142,Matthew Villa,james97@example.com,Female,South Juanville,12-04-2024
U001143,Steve Williams,johnny54@example.org,Female,Guystad,16-08-2025
U001144,Sean Evans,larsonmichael@example.org,Male,Wrightland,12-10-2024
U001145,David Thomas,rjordan@example.com,Male,Barkerbury,31-12-2024
U001146,Rebecca Randolph,uwilliams@example.com,Other,East Chelseaville,20-09-2025
U001147,Tina Miller,roberto02@example.net,Female,Jenniferland,18-09-2024
U001148,Ryan Wilson,ashleycooley@example.net,Other,Lake Lauren,26-07-2025
U001149,Thomas Hodges,shill@example.org,Female,Walterton,12-09-2024
U001150,Renee Gregory,adam30@example.com,Other,West Joseph,17-02-2025
U001151,Theresa Flores,jeffreyfletcher@example.org,Female,New Keithmouth,13-02-2025
U001152,Cynthia Murphy,jalvarez@example.org,Male,Matthewstad,06-02-2025
U001153,Edward Dickerson,sclark@example.org,Male,Scottton,16-07-2025
U001154,Ashley Miller,whoffman@example.org,Female,Lake Traci,27-03-2025
U001155,Kelly Stewart,njohnson@example.net,Other,New Michael,09-09-2024
U001156,Wendy Johnson,angela73@example.com,Male,South Catherine,22-10-2024
U001157,Collin Robinson,duncangregory@example.org,Female,Piercestad,04-08-2025
U001158,Robert Greene,kaylee15@example.net,Female,Perezfurt,28-05-2025
U001159,Steven Mckenzie,lmoore@example.com,Other,Aaronmouth,04-12-2024
U001160,Diana Vega,reyesdenise@example.com,Female,Lopeztown,05-06-2025
U001161,Dillon Harvey,greenejessica@example.org,Male,Chelseaburgh,27-02-2025
U001162,Thomas Davis,andrew96@example.net,Male,Port Robin,24-01-2025
U001163,Jennifer Allen,mgiles@example.com,Other,West Calvin,09-11-2024
U001164,Becky Stevens,yfritz@example.org,Other,Porterville,22-01-2024
U001165,Mary Wiggins,johnbowen@example.org,Male,Lake Antoniochester,03-07-2025
U001166,Wendy Atkins,logansusan@example.net,Other,Lake Kimberlyside,16-08-2025
U001167,Samuel Carey,carterraymond@example.net,Male,West Reginaldhaven,03-05-2025
U001168,Scott Cobb,thomasjose@example.net,Female,Lake Garychester,06-03-2025
U001169,Donald Sanchez,gclark@example.com,Other,South Rachelfort,25-03-2025
U001170,Katherine Peterson,crivera@example.net,Male,Ashleyton,29-05-2025
U001171,Earl Roberts,nicoleelliott@example.net,Other,Kristopherburgh,04-06-2025
U001172,Kevin Marquez,eric22@example.net,Female,Micheleview,23-01-2025
U001173,Anthony Lewis,eddie04@example.com,Male,Woodsburgh,11-03-2025
U001174,Dawn Matthews,alexandra67@example.net,Male,Port Alicia,27-10-2025
U001175,Penny Smith,petersonkyle@example.org,Male,West Charlotte,29-04-2024
U001176,David Gonzalez,ostevens@example.org,Female,Lake James,13-05-2025
U001177,Raymond Garcia,william48@example.net,Male,Port Brianshire,30-03-2025
U001178,John Robles,hannahcurtis@example.org,Other,Lake Jennifer,23-12-2024
U001179,Tiffany Baker,christopher31@example.org,Male,Brucebury,01-05-2024
U001180,Kathleen Woods,herrerakimberly@example.com,Female,East Timothymouth,15-06-2024
U001181,James Daniels,carmenevans@example.org,Other,Callahanville,27-02-2024
U001182,Scott Day,qgay@example.com,Female,Travisburgh,07-05-2025
U001183,Timothy Campbell,joseph83@example.com,Other,Ericahaven,12-08-2024
U001184,Scott Rowland,tonyflores@example.net,Other,Simpsonburgh,30-07-2024
U001185,Ryan Torres,rpeterson@example.net,Female,East Kimberly,14-02-2024
U001186,Jason Shaw,katie71@example.net,Female,Saraborough,05-06-2025
U001187,Eric Moore,kfloyd@example.net,Female,West Sue,25-01-2025
U001188,Desiree Kramer,jeremy47@example.com,Female,Dustinmouth,02-11-2025
U001189,Maria Stewart,ronald66@example.org,Male,Brownchester,12-05-2025
U001190,Linda Proctor,andrew33@example.net,Female,Kennethstad,29-08-2024
U001191,Ronald Reyes,laurenwilliamson@example.com,Other,Danielbury,17-01-2024
U001192,Jennifer David,ccrane@example.net,Male,Wattsfort,19-04-2024
U001193,Valerie Willis,garciadanielle@example.com,Female,Samuelport,19-06-2024
U001194,Dennis Brady,tiffany62@example.org,Male,Audreyside,16-03-2024
U001195,John Armstrong,angela40@example.org,Other,Port Kristimouth,01-03-2024
U001196,Michael Mejia,jackmcdonald@example.com,Other,Masonview,16-10-2025
U001197,Julie Johnson,mayronald@example.com,Other,Port Allisonhaven,23-06-2024
U001198,Ariel Forbes,kristy74@example.net,Male,Cynthialand,12-09-2024
U001199,Terri Norman,laurenmathis@example.org,Male,Bishopborough,21-01-2025
U001200,Katie Jordan,steven25@example.org,Female,Lake Barbara,29-05-2025
U001201,Kimberly Stevenson,zpreston@example.net,Female,Adamfurt,06-11-2024
U001202,Jeffrey Simmons,mvaldez@example.net,Female,Patriciashire,13-01-2024
U001203,Kendra Harris,craigferguson@example.org,Other,New Michael,14-04-2024
U001204,Monica Hebert,jamesmartin@example.com,Female,East Kelsey,17-02-2024
U001205,Natalie Blackburn,flowersnicholas@example.com,Male,South Brandon,19-01-2024
U001206,James Wise,davisgregory@example.net,Female,East Katherineville,26-10-2024
U001207,Joy Howard,robert31@example.net,Other,Timothyhaven,05-10-2025
U001208,Stephen Smith,gross@example.com,Female,Sonyaland,17-03-2024
U001209,Melanie Turner,santoslisa@example.com,Other,West Jessicamouth,23-10-2024
U001210,Melanie Thompson,andersoneric@example.net,Other,Farmerton,01-02-2024
U001211,Jason Singh,nathan62@example.com,Other,East Sharon,11-02-2025
U001212,Judy Patrick,michaelbuckley@example.org,Female,South Jamesfurt,22-10-2025
U001213,Regina Baker,anthony05@example.org,Male,Johnsonberg,03-03-2025
U001214,Brandon Bennett,ericsmith@example.org,Female,South Vanessaville,16-09-2025
U001215,Steven Perry,mtaylor@example.net,Other,West Thomasview,24-10-2025
U001216,Diana Diaz,woodskaitlyn@example.net,Female,East Jeffrey,28-03-2024
U001217,Sheri Perez,pauljennifer@example.com,Female,East Jeremyburgh,29-03-2024
U001218,Kevin Page,hbarnett@example.net,Female,Kathleenberg,14-05-2025
U001219,Nicholas Thomas,adkinslauren@example.net,Other,Port Jamesburgh,12-08-2024
U001220,Cynthia Conley,fernandomorris@example.net,Other,Webbstad,10-01-2024
U001221,Molly Arellano,nhayes@example.com,Female,Amyville,08-05-2024
U001222,Diana Robertson,matthew24@example.com,Female,Ingrammouth,24-05-2025
U001223,Elizabeth Peterson,bryan56@example.net,Female,New Davidbury,29-03-2025
U001224,Maria Martinez,david54@example.com,Male,Tranland,28-10-2025
U001225,Teresa White,donaldbecker@example.org,Other,Lake Julie,22-10-2025
U001226,Kimberly Hart,mcbridemichael@example.org,Male,West Erik,25-12-2024
U001227,Cynthia Trevino,meganpotter@example.org,Other,Garrisonview,10-04-2025
U001228,Tanya Morales,asantana@example.com,Female,Morrisport,03-02-2024
U001229,John Peters,jason99@example.org,Male,Port Robertberg,01-01-2024
U001230,Ethan Stanton,petermoore@example.com,Female,Vargasbury,24-11-2024
U001231,Chad Richmond,donald61@example.net,Male,East Scott,24-07-2025
U001232,Kathleen Smith,meyeralexandria@example.net,Female,Hallmouth,04-04-2025
U001233,David Paul,whernandez@example.net,Other,Nancyton,23-07-2024
U001234,Patricia Rodriguez,ksimmons@example.net,Female,Blakebury,17-09-2024
U001235,Christopher Dennis,john76@example.com,Other,Lake Danielview,23-12-2024
U001236,Jessica Conway,robert45@example.org,Female,North Jenniferfort,30-07-2025
U001237,Troy Garza,dalton78@example.net,Female,Obrienfurt,15-06-2024
U001238,Daniel Massey,johnstondavid@example.org,Other,Bettychester,29-01-2024
U001239,Jennifer Williams,kphelps@example.net,Other,South Lisachester,11-07-2025
U001240,Anthony Bradley,mccoymark@example.com,Male,Phammouth,02-04-2025
U001241,Jon Cardenas,michael34@example.com,Female,West Stephenview,04-08-2025
U001242,Ethan Hansen,joy52@example.com,Male,West Michaelside,09-06-2025
U001243,Mary Perez,craig16@example.com,Male,Fowlerfurt,21-05-2025
U001244,Melissa Washington,linda52@example.org,Other,Allenborough,18-05-2024
U001245,Regina Graves,katherine82@example.com,Other,East Clarencefurt,01-02-2025
U001246,Dustin Peterson,randy61@example.net,Female,Christinaland,05-08-2025
U001247,Jeffrey Mckenzie,amycontreras@example.com,Male,South Jeffreybury,09-08-2024
U001248,Jeremiah Wong,dustinphillips@example.org,Female,Masseychester,16-06-2024
U001249,Yesenia Lee,melaniecarpenter@example.net,Male,Francisstad,15-01-2025
U001250,Joseph Wood,lukekelly@example.net,Other,West Michelle,03-07-2025
U001251,John Medina,colinlowery@example.net,Female,Nicholsville,05-11-2025
U001252,Cassandra Cortez,stevenandrews@example.org,Male,Montgomeryfort,06-07-2025
U001253,Calvin Forbes,castroangelica@example.org,Other,Thomasberg,08-02-2025
U001254,Michael Blevins,ashley09@example.com,Male,Padillaberg,13-02-2024
U001255,Jason Hayes,mark98@example.com,Female,Port Amber,05-11-2025
U001256,Leonard Smith,josephmichael@example.org,Other,New Brycechester,11-04-2025
U001257,Jessica Wright,maryjohnson@example.com,Male,West Christopherfurt,14-05-2025
U001258,Stacy Hughes,ejames@example.org,Male,Isaacport,27-01-2025
U001259,Jasmine Koch,qdavis@example.com,Female,East Michael,30-08-2024
U001260,Christopher Hayes,warrenandrew@example.net,Female,New Brianstad,18-03-2025
U001261,Aaron Galloway,smithpaul@example.org,Female,Micheleburgh,06-03-2024
U001262,Christine White,theresadavis@example.net,Other,New Neil,08-05-2024
U001263,Scott Singleton,williamolsen@example.com,Other,New Benjaminside,01-05-2024
U001264,Laura Martinez,savannah15@example.net,Female,New April,30-08-2025
U001265,Tyler Munoz,sharon86@example.com,Other,Lake Angelamouth,07-09-2025
U001266,Donald Horne,zlopez@example.org,Male,Brianfort,17-06-2024
U001267,Renee Zimmerman,abbottchristopher@example.net,Female,Rhondashire,08-07-2025
U001268,Amanda Long,justintaylor@example.org,Other,Sherylchester,28-01-2025
U001269,Nicholas Henry,jgarcia@example.com,Other,Torresport,03-10-2024
U001270,Holly Rose,lopezchristopher@example.net,Female,Lake Lee,11-06-2025
U001271,Anthony Rasmussen,ilopez@example.org,Female,Rodgershaven,02-02-2024
U001272,William Maldonado,lozanocorey@example.org,Other,Lake Luke,03-08-2025
U001273,Tyler Duncan,williamspatrick@example.net,Other,West Adambury,03-05-2025
U001274,Rose Rivera,valerieserrano@example.com,Female,Williamsberg,27-03-2025
U001275,Christy Scott,tbecker@example.net,Other,Jamieview,13-02-2025
U001276,Alejandro Colon,mramirez@example.com,Male,Carolfurt,06-10-2024
U001277,Katie Anderson,chadwilson@example.org,Other,Jonesside,29-01-2024
U001278,Sherry Scott,smitchell@example.com,Male,Danielville,11-08-2024
U001279,Nicole Harris,peterstyler@example.org,Male,South Timothyville,27-09-2024
U001280,Marissa Lopez,allenchristina@example.com,Other,South Carla,05-06-2024
U001281,Sarah Wang,kaylahardy@example.org,Other,East Matthewview,29-01-2024
U001282,Michael Gonzalez,myerseric@example.com,Female,East Jackborough,22-09-2025
U001283,Jennifer Johnson,pjones@example.net,Male,Angelaberg,17-08-2024
U001284,Lonnie Rodriguez,ortizamanda@example.net,Other,Lake Sarah,09-01-2025
U001285,Douglas Garcia,adamsmith@example.org,Male,Mackville,10-09-2024
U001286,Kathleen Johnson,smithmadison@example.com,Female,Campbellfurt,09-08-2025
U001287,Kaitlin Vega,michael77@example.org,Male,Herrerastad,03-11-2024
U001288,Justin Simon,kkidd@example.com,Other,South Lindaberg,02-06-2024
U001289,Robert Hobbs,vanessamartinez@example.net,Other,Jaredfurt,30-01-2024
U001290,Robert Quinn,dfarley@example.com,Male,Markfurt,15-10-2024
U001291,Alyssa Sanchez,ashleygould@example.net,Female,Rachelside,01-04-2024
U001292,Laura Brooks,jason27@example.org,Male,Evanschester,12-08-2025
U001293,Jeff Arnold,donnagiles@example.com,Other,South Andrew,04-02-2024
U001294,Ashley Jackson,danielleandrews@example.org,Female,South Leslie,21-05-2024
U001295,Joanna Farmer,wstewart@example.net,Male,Lake Coltonland,17-06-2024
U001296,Alan Atkins,riverachristopher@example.com,Male,Lake Edward,28-02-2024
U001297,Mary Cox,brandy77@example.com,Female,West Kevin,25-05-2024
U001298,Ernest Gilmore,robertpatel@example.net,Male,Mooreside,02-07-2025
U001299,Holly Campbell,theresabeck@example.org,Female,Daviston,06-03-2025
U001300,Parker Gray,katiewillis@example.com,Female,Richardsburgh,02-04-2024
U001301,Andrew Vasquez,nicole15@example.org,Female,East Claire,01-11-2024
U001302,Sabrina Rodriguez,suzanneflores@example.net,Female,West Carriefort,08-04-2025
U001303,Patricia Butler,michaelking@example.net,Male,Tinatown,11-01-2024
U001304,Rebecca Williams,jackiebaker@example.com,Male,Billymouth,30-11-2024
U001305,Mason Johnson,navarroandrew@example.com,Other,South Norman,27-03-2025
U001306,Emily Terry,michael86@example.com,Female,Davidstad,25-01-2024
U001307,Andrea Burns,christopher71@example.net,Other,Michelleville,06-05-2025
U001308,David Gill,charlesbrooks@example.org,Other,Port Christopher,16-01-2024
U001309,Jennifer Doyle,molly91@example.org,Male,Welchmouth,21-02-2024
U001310,Daniel Martinez,jamesreese@example.org,Male,North Jennifer,21-06-2025
U001311,Ryan Jennings,brendanmiller@example.com,Male,South Lisa,03-03-2024
U001312,Tyler Mccarthy,rroberts@example.net,Male,South Jacksontown,29-04-2025
U001313,Terri Baker,hollywarner@example.org,Other,East Melinda,24-02-2024
U001314,Jeremy Foster,carolyn84@example.org,Female,Kingstad,01-06-2025
U001315,Alyssa Pena,juan21@example.org,Other,South Maxton,18-05-2025
U001316,Lisa Miller,floreskelsey@example.com,Other,New Josemouth,27-02-2025
U001317,Judy Castillo,fevans@example.com,Male,East Brenda,04-11-2024
U001318,Michael Marshall,ynguyen@example.com,Female,Meltonmouth,30-01-2024
U001319,Douglas Christensen,iherring@example.com,Other,Fritzberg,05-11-2024
U001320,Alexis Moody,edwardshah@example.org,Male,North Peterberg,30-09-2024
U001321,James Crawford,kevinmoses@example.net,Male,Jeremyfort,04-07-2024
U001322,Victor Graham,tonywade@example.com,Female,North Stephaniefort,19-02-2025
U001323,Donald Stone,alara@example.com,Other,West Crystalmouth,19-02-2025
U001324,Gabriella Patterson,georgealyssa@example.com,Female,Lindsayberg,07-03-2025
U001325,Tara Brown,pwood@example.org,Female,Haleymouth,09-09-2024
U001326,Rachel Alvarez,angela95@example.net,Female,East Tammy,09-03-2025
U001327,Ashley Pruitt,lisawright@example.net,Other,Zamoramouth,18-06-2025
U001328,Cody Christensen,christopher77@example.net,Male,Carlfurt,15-12-2024
U001329,Lacey Hill,michaelstrickland@example.com,Female,East Cynthia,15-06-2025
U001330,Mallory Olson,kristenfrye@example.com,Female,Cassandraside,11-08-2024
U001331,Lisa Lopez,phillipsbruce@example.org,Other,Johnfurt,16-05-2024
U001332,Lori Smith,james40@example.org,Other,Millermouth,16-10-2024
U001333,Victoria Griffin,mpeters@example.com,Male,Danielview,14-06-2025
U001334,James Obrien,frank25@example.org,Male,North Mindyside,07-11-2024
U001335,Donald Decker,opierce@example.com,Female,Randallmouth,22-11-2024
U001336,Kathleen Schneider,ariel90@example.net,Female,Lake Jenniferberg,23-02-2025
U001337,Sara Taylor,millsshelby@example.org,Other,Port Michaelstad,05-12-2024
U001338,Robert Potter,dmorales@example.net,Female,Mayfurt,19-08-2024
U001339,Amy Davis,shanewilson@example.com,Other,East Brian,20-04-2025
U001340,Andrew Day,timothywilliams@example.org,Female,Port Devin,12-04-2025
U001341,Paul Walters,wsmith@example.com,Other,Johnsonchester,06-08-2024
U001342,Billy Lawrence,jeromehenry@example.com,Female,New Nicolehaven,11-01-2025
U001343,Frank Lewis,hermanjulie@example.com,Female,Angelahaven,06-09-2025
U001344,Mary Webster,matthew54@example.com,Female,Lake Justintown,22-09-2024
U001345,Tammy Powers,hharris@example.org,Male,Ballardborough,31-10-2024
U001346,Ashley Burgess,oliviameyers@example.com,Female,Brownbury,16-05-2024
U001347,Nicole King,collinsjavier@example.org,Female,Jamiefurt,22-01-2025
U001348,Stephen Myers,samanthacastillo@example.net,Male,Laurabury,07-05-2025
U001349,Daniel Smith,harveymercedes@example.com,Male,West Seanshire,23-02-2024
U001350,Colton Richardson,tashaharmon@example.com,Female,West Roberttown,19-10-2025
U001351,Austin Wilson,joseconrad@example.org,Other,Lake Julietown,22-07-2024
U001352,Sarah Thompson,millerjimmy@example.net,Female,Josephshire,25-08-2025
U001353,Jessica Hernandez,sandersnicholas@example.org,Other,Reynoldsmouth,24-11-2024
U001354,Teresa Ray,douglassusan@example.com,Female,Jenniferborough,09-10-2024
U001355,Andrew Nelson,jimmywest@example.org,Other,Port Annachester,02-07-2025
U001356,Jacqueline Conner,mitchellchristopher@example.com,Female,Hooverside,17-01-2025
U001357,Donna Watson,malikfowler@example.com,Male,New Richard,22-04-2024
U001358,Michael Carter,alowe@example.com,Other,Millerview,15-11-2024
U001359,Marvin Howard,ihayes@example.net,Female,North Matthew,28-08-2025
U001360,Tonya Thomas,amber29@example.org,Female,Port Heather,20-09-2025
U001361,Robert Rodriguez,stonebarbara@example.com,Male,Lake Jeremy,25-02-2024
U001362,Matthew Wilson,amy68@example.net,Other,Robinsonstad,30-04-2025
U001363,Gwendolyn Travis,daniellechavez@example.net,Other,Lake Aaron,27-05-2025
U001364,William Rodriguez,ruthneal@example.com,Other,Port Richard,26-06-2025
U001365,Amber Davis,andrewjohnson@example.org,Male,East Maria,18-07-2025
U001366,Carl Chavez,hendersonmichael@example.com,Other,Lake Carlamouth,10-04-2025
U001367,Jared Patterson,lreid@example.org,Other,Rowlandfort,22-09-2024
U001368,Anthony Haynes,xmullins@example.org,Female,Barkerstad,06-08-2024
U001369,Gail Vang,fjohnson@example.org,Female,Kingland,11-10-2025
U001370,Jennifer Baldwin,gibsonkaitlyn@example.org,Male,Johnsonport,26-02-2024
U001371,Jane Hayes,rdavis@example.org,Other,New Seanhaven,12-01-2025
U001372,Joshua Cunningham,kingdavid@example.net,Female,Thompsonmouth,03-05-2024
U001373,Francisco Roberts,ronald21@example.org,Male,Tuckertown,19-07-2024
U001374,Julie Valdez,kelseywilliams@example.org,Other,West Michelle,21-09-2024
U001375,Trevor Reeves,garciadonald@example.net,Male,South Tylerchester,03-02-2025
U001376,Alicia Benson,barnesarthur@example.com,Other,Jonesland,15-01-2024
U001377,Stacy Howard,phunter@example.org,Female,North Fernandoshire,28-06-2024
U001378,James Keller,angela71@example.net,Other,New Robert,07-05-2024
U001379,Jesse Hernandez,juliemyers@example.com,Other,New Kristinville,17-01-2025
U001380,Joseph Moreno,nicole25@example.org,Other,Solisborough,24-12-2024
U001381,Timothy Lewis,paulschultz@example.net,Other,East Elizabethhaven,30-03-2025
U001382,Kathleen Woods,knightjohn@example.com,Male,Sharonview,09-04-2024
U001383,Karen Williams,kimberly03@example.net,Other,Peterbury,04-10-2024
U001384,David Mendez,wlucas@example.net,Male,East Carol,27-05-2025
U001385,Kendra Reynolds,butleranna@example.net,Other,Port Darlene,15-07-2024
U001386,Phillip Marshall,kevin89@example.com,Other,Melissafort,09-09-2024
U001387,Paul Pitts,taylordavis@example.com,Male,Amandaland,15-12-2024
U001388,Joseph Nelson,brooke35@example.com,Female,New James,21-06-2024
U001389,James Rogers,kaylazamora@example.org,Female,Jamesstad,27-10-2025
U001390,Angela Harris,lperkins@example.org,Male,Danielleborough,02-05-2025
U001391,Cynthia Rogers,zbrooks@example.com,Other,Sarahmouth,13-02-2025
U001392,Dustin Obrien,david68@example.com,Female,North Jacobview,02-01-2025
U001393,Shawn Ewing,william63@example.com,Other,South Courtneyfort,26-09-2025
U001394,Thomas Hughes,taylordavid@example.org,Male,Port Chadville,11-02-2025
U001395,Joseph Bowers,qharris@example.net,Male,North Danielview,10-01-2025
U001396,John Robinson,sarah53@example.org,Female,New Breannabury,13-07-2024
U001397,Tammy Reyes,bestchristopher@example.net,Female,Lisaville,27-04-2024
U001398,Megan Walker,llynch@example.org,Other,Danielbury,06-03-2024
U001399,Ryan Valencia,ogriffin@example.org,Female,South Jennifermouth,04-04-2025
U001400,Pamela Jefferson,wjohnson@example.com,Male,Lake Travis,12-04-2024
U001401,Alexandria Morris,yromero@example.com,Male,West Drew,24-06-2025
U001402,Mary Vega,kristinclark@example.com,Male,Richardbury,22-02-2024
U001403,Rachel Gray,ryu@example.net,Other,Lake Heidi,04-05-2025
U001404,Lauren Price,michael07@example.com,Female,Blankenshipland,05-11-2024
U001405,Michael Adams,timothy23@example.net,Other,Port Barry,26-10-2024
U001406,Brandon Perez,christopherdominguez@example.org,Other,Christianview,17-09-2024
U001407,Kelly Garrison,monica23@example.com,Female,Garrettland,05-11-2024
U001408,Christopher Williams,keithharrison@example.com,Male,East Andre,07-06-2024
U001409,Carrie Jones,adamskrista@example.net,Female,Port Stevenstad,19-10-2025
U001410,Eric Frederick,kristinnguyen@example.org,Female,Williamtown,09-05-2025
U001411,Patricia Long,brandonmoore@example.org,Female,Port Chelsea,08-12-2024
U001412,Krista Ford,hthompson@example.net,Other,East Danielle,08-09-2024
U001413,Carlos Bennett,mitchellallison@example.com,Female,Piercefurt,31-05-2025
U001414,Steven Holland,kristin96@example.com,Male,Jacksonfort,30-08-2025
U001415,Benjamin Jones,meagan19@example.com,Female,Bennettstad,27-03-2024
U001416,Tony Christensen,ryanlittle@example.org,Male,Grimesberg,17-01-2024
U001417,Kevin Sanchez,lesterrebecca@example.com,Male,Rossmouth,19-03-2025
U001418,Jamie Anderson,sanchezdustin@example.net,Male,West Nathanielstad,11-09-2024
U001419,Paul Valdez,smiller@example.com,Other,Williamsfort,14-11-2024
U001420,Mark Collins,alexgarcia@example.net,Other,Brianhaven,16-02-2024
U001421,Adriana Johnson,ncook@example.com,Other,Christyport,29-05-2024
U001422,Laurie Richards,bblake@example.net,Female,Lake Kimberlyshire,08-09-2024
U001423,Yolanda Hernandez,trivera@example.com,Other,Douglasborough,12-12-2024
U001424,Patrick Foster,williamsalexander@example.org,Female,South Ashley,04-03-2024
U001425,Margaret Hernandez,veronica30@example.org,Male,Port Benjamin,12-10-2024
U001426,Kristin Robinson,sandysnyder@example.org,Female,Cainmouth,12-05-2025
U001427,Tiffany Jefferson,barbara85@example.net,Male,Alisonshire,25-02-2025
U001428,Joshua Wheeler,jeremyjohnson@example.com,Female,Markhaven,21-12-2024
U001429,Teresa Esparza,cranekevin@example.com,Other,Port Earlbury,24-07-2024
U001430,Jeffery Blanchard,gstein@example.net,Male,Robertfurt,31-07-2025
U001431,Mark Miller,cindyfry@example.net,Female,Port Leeton,13-10-2024
U001432,Lisa Moore,vgood@example.com,Female,West Joefort,24-10-2024
U001433,Randy Lewis,satkinson@example.org,Other,West Erik,26-09-2025
U001434,Nicholas Miller,millerjoan@example.org,Other,Vasquezland,11-08-2024
U001435,Laura Terry,victoriasmith@example.org,Other,East Kellystad,01-10-2025
U001436,Samantha Graves,williamspatricia@example.com,Female,North Wendyland,09-04-2025
U001437,Christina Underwood,kristineprince@example.com,Other,West Brittneyhaven,06-11-2025
U001438,Cheyenne Taylor,qobrien@example.org,Female,South Catherineport,19-02-2024
U001439,Melissa Ortega,wpatrick@example.net,Other,Kellyfurt,22-01-2024
U001440,Sarah Bauer,elizabeth33@example.com,Female,Lake Eric,12-10-2024
U001441,Briana Wilson,boltondavid@example.net,Male,West Kayleemouth,24-02-2024
U001442,Jennifer Graham,spearselizabeth@example.net,Other,Sharonborough,31-01-2025
U001443,Diana Diaz,elee@example.org,Male,Port Melissaview,04-09-2025
U001444,Lisa Ford,ubowers@example.com,Female,Port Mark,23-09-2024
U001445,Robert Edwards,adrianlogan@example.com,Male,Davismouth,23-10-2025
U001446,Nicole Allen,mkrueger@example.net,Other,South Benjamin,11-04-2024
U001447,Michael Cooper,matthew17@example.net,Other,East Dylan,07-01-2024
U001448,Michaela Manning,alyssa89@example.net,Female,South Kayla,10-04-2025
U001449,Benjamin Maynard,amber70@example.com,Other,Andrewshire,15-05-2025
U001450,Latoya Wells,mhickman@example.net,Male,West Mary,04-03-2025
U001451,Joseph Snow,montoyaelizabeth@example.net,Other,Ralphtown,01-06-2024
U001452,Billy Crane,aallen@example.com,Male,North Leahview,29-12-2024
U001453,Rachel Case,shawstephanie@example.net,Other,Kaylaton,01-01-2025
U001454,Betty Ferguson,kimberly36@example.net,Female,Gregoryborough,05-12-2024
U001455,Ruben Murphy,staceysmith@example.org,Other,Garyport,10-01-2024
U001456,Robert Bullock,jessicaward@example.com,Female,Whitneyside,04-04-2025
U001457,Charles Moore,farrellaaron@example.org,Other,Port Kayleeview,13-03-2025
U001458,Daniel Hayes,masonmary@example.net,Female,Dixonfort,22-10-2025
U001459,Joshua Miller,gomezpaul@example.org,Male,Jessicaland,01-04-2025
U001460,Francis Peterson,timothymiddleton@example.net,Male,Anthonyfurt,09-11-2025
U001461,Ryan Aguirre,mlewis@example.net,Male,Ayalaland,26-06-2025
U001462,Julie Davenport,dgrant@example.com,Male,Dawnborough,29-10-2025
U001463,Benjamin Lopez,andre55@example.com,Female,West Michelleland,07-09-2025
U001464,Cody Meyer,watkinsthomas@example.net,Female,Davidton,01-04-2024
U001465,Danielle Sanchez,gcarter@example.org,Male,Elizabethberg,21-06-2025
U001466,Lisa Kidd,matthew61@example.net,Male,Charlesport,21-04-2025
U001467,Richard Johnson,mark12@example.net,Male,West Danielview,20-05-2025
U001468,Lucas Martinez,brandimiller@example.org,Other,Larryside,09-06-2025
U001469,Robin Miller,rebecca41@example.com,Male,West Samanthachester,31-05-2025
U001470,Mathew Figueroa,caseyrush@example.net,Female,North Patriciaton,04-03-2024
U001471,Michael Weaver,erik83@example.org,Female,Garyshire,16-11-2024
U001472,Dale Burnett,trobinson@example.org,Female,Lake Susan,24-04-2025
U001473,William Mayo,maldonadonancy@example.net,Other,South Amy,13-08-2025
U001474,Jason Estrada,mallorycarter@example.org,Other,Beltranchester,10-02-2024
U001475,Keith Wright,mannjonathan@example.net,Other,Smithville,14-09-2025
U001476,James King,barbaraolsen@example.net,Other,Lake Johnton,04-10-2024
U001477,John Williams,suttondean@example.org,Female,Susanshire,06-06-2024
U001478,Jason Rodriguez,gutierrezmatthew@example.com,Other,East Jennifer,02-01-2024
U001479,Misty Nguyen,hgray@example.net,Other,Scottborough,21-06-2025
U001480,Dustin Price,mollyhodge@example.net,Other,South Tracy,09-08-2025
U001481,Brandon Smith,ymoore@example.org,Male,Warrenborough,06-07-2024
U001482,Nicole Taylor,gregory07@example.net,Female,New Shawnport,09-10-2024
U001483,Shannon Barker,mary64@example.org,Other,Walkerberg,16-03-2025
U001484,Jimmy Tucker,valeriearnold@example.net,Male,North Joseph,12-01-2024
U001485,Jonathan Garcia,julie01@example.net,Female,East Rachelview,10-09-2024
U001486,Katherine Barnett,courtneymadden@example.org,Other,North Mark,07-07-2025
U001487,Angela Bradley,castillojacob@example.net,Female,Jenniferchester,16-04-2025
U001488,Linda Willis,msantiago@example.net,Female,Codyfort,20-06-2024
U001489,Pamela Nguyen,michael38@example.com,Male,Perezside,03-03-2025
U001490,Charles Cunningham,jessedelacruz@example.org,Other,Gutierrezland,12-01-2024
U001491,Veronica Dunn,jeffreylewis@example.com,Female,North Jonathanshire,11-03-2024
U001492,Vickie Day,forozco@example.com,Male,New David,06-10-2024
U001493,Kylie Herrera,bradleybarker@example.net,Female,Lake Katherine,04-07-2025
U001494,Sara Burns,lauraclay@example.org,Female,New Brandishire,13-05-2025
U001495,Ronald Bailey,karen82@example.org,Male,Lake Ashleyview,08-07-2024
U001496,Lynn Young,oconnorjames@example.org,Female,East Kenneth,11-05-2024
U001497,Shannon Montgomery,wilsonrhonda@example.org,Male,Courtneyport,11-02-2024
U001498,Ryan Watts,patelgabrielle@example.com,Other,North Kathyborough,24-07-2025
U001499,Robert Hamilton,josephmeyer@example.net,Female,Oliviaburgh,20-02-2024
U001500,Brooke Guerrero,stephaniecoleman@example.net,Other,Ramirezview,20-07-2025
U001501,Sara Yates,gonzalezkenneth@example.net,Other,Hoshire,18-02-2025
U001502,Heather Lester,jillianferguson@example.org,Female,Fostershire,19-03-2024
U001503,Lisa Brown,amberhall@example.org,Male,North William,02-05-2025
U001504,Nicole Allen,morganamanda@example.com,Female,Martinberg,19-02-2025
U001505,Bradley Henry,donaldtyler@example.net,Female,New Dylanmouth,20-07-2025
U001506,Jennifer Payne,steven45@example.org,Male,Port Alexandertown,18-02-2024
U001507,Hannah Roy,millerfrederick@example.net,Male,North Haileyfort,14-06-2025
U001508,Corey Bowers,brian90@example.net,Female,West Lawrence,13-10-2025
U001509,Laura Gordon,karen42@example.org,Male,New Elizabeth,04-04-2025
U001510,Justin Boyd,hernandezmadison@example.com,Other,West Nicolaston,04-01-2025
U001511,Tanner Williams,smithjose@example.org,Male,Reedmouth,12-12-2024
U001512,Jennifer Hill,richardhart@example.org,Other,Hernandezview,01-03-2024
U001513,Vicki Wood,diazlorraine@example.net,Other,Blairside,15-12-2024
U001514,Colleen Brown,johnguzman@example.net,Other,Montgomerytown,03-05-2025
U001515,Kimberly Benton,davidbrown@example.org,Male,Port Peterhaven,12-06-2025
U001516,Angela Moreno,greenjessica@example.net,Male,New Stacy,25-03-2024
U001517,Sarah Black,mrobbins@example.net,Female,South Josephberg,06-12-2024
U001518,Donald Ross,jessica89@example.net,Male,Rickeyburgh,05-04-2025
U001519,Natasha Avila,michealhardy@example.net,Male,Lewisport,15-01-2024
U001520,Johnathan Murray,shortkelly@example.net,Other,Moorestad,19-10-2025
U001521,Michelle Williams,ukramer@example.net,Male,Matthewburgh,02-06-2025
U001522,Susan Pruitt,barnettterry@example.com,Male,Connerport,19-07-2024
U001523,Susan Moreno,ingramjessica@example.com,Other,New Heidi,16-12-2024
U001524,Maria Hill,stevendecker@example.org,Male,Benjaminton,20-12-2024
U001525,Kelly Harris,jasonhubbard@example.com,Other,Port Alicia,10-11-2025
U001526,Nicole Martinez,lindsayshaffer@example.org,Male,Lake Carolhaven,05-02-2025
U001527,Natalie Martinez,obrienjames@example.net,Male,Lake Erikafort,15-11-2024
U001528,Richard Morris,benjaminrussell@example.org,Female,North Samanthahaven,28-05-2024
U001529,Suzanne Esparza,murrayvincent@example.com,Male,North Rhondaborough,05-12-2024
U001530,Wendy Johnson,cookrobert@example.net,Other,Port Carla,15-07-2025
U001531,John Bennett,fwalsh@example.com,Male,Mackenzieville,24-09-2025
U001532,Rebecca Rangel,peterlynch@example.com,Female,North Charles,18-10-2025
U001533,Lindsey Pitts,daniel43@example.org,Male,Morenomouth,16-02-2025
U001534,Brenda Avila,ulee@example.org,Male,New Carolyn,27-07-2025
U001535,John Hill,robert14@example.org,Other,Davidside,11-04-2024
U001536,Julie Gallegos,stricklandmatthew@example.com,Female,Pattersonton,05-10-2024
U001537,Cody Francis,bdeleon@example.org,Male,Port Veronica,21-12-2024
U001538,James Myers,meyerskathryn@example.com,Male,Lake Stanley,21-12-2024
U001539,Julie Garcia,katrinaking@example.com,Other,Brettchester,07-08-2024
U001540,Isaac Armstrong,fsims@example.com,Male,New Jason,14-12-2024
U001541,Joseph Brady,wilsonkevin@example.net,Male,Port Allisonmouth,24-12-2024
U001542,Matthew Young,ricklewis@example.net,Male,Christinaville,17-06-2025
U001543,Elizabeth Hayes,obrienbrandon@example.com,Female,Port Keithshire,06-02-2024
U001544,Alfred Cowan,brandi26@example.net,Male,Wangshire,04-05-2024
U001545,Molly Douglas,amandadiaz@example.com,Other,East Mark,06-07-2025
U001546,Andrew Mason,ashley32@example.org,Female,East Marybury,11-03-2024
U001547,Donald Costa,delliott@example.com,Male,New Thomasfurt,20-07-2024
U001548,Stephen Butler,maygordon@example.org,Male,Annabury,13-03-2025
U001549,Jeffrey Santiago,debra82@example.net,Female,Port Loriport,21-12-2024
U001550,Phyllis Choi,jarvisrachel@example.net,Male,Petersonside,20-07-2025
U001551,Kristen Sullivan,amy26@example.net,Male,Claytonside,04-07-2025
U001552,Nicholas Russell,mcleanjay@example.net,Other,Stokesville,18-09-2024
U001553,Gina Thomas,lindsayedwards@example.com,Female,West Meganview,04-04-2025
U001554,Edward Matthews,melissa40@example.org,Other,South Karen,29-09-2024
U001555,Elizabeth Palmer,ysolomon@example.org,Male,North Marthafurt,01-01-2024
U001556,Charles Barnett,madison00@example.org,Other,Roseview,10-12-2024
U001557,Crystal Jones,brian62@example.net,Male,Port Brandi,24-02-2024
U001558,Robert Thomas,jeffrey44@example.org,Female,Alexanderport,30-10-2024
U001559,Brian Hahn,jessicahines@example.com,Female,New Derrick,24-09-2024
U001560,Lauren Reese,ehardy@example.com,Female,East Arianaland,14-01-2024
U001561,Joseph Sanders,carlos33@example.org,Other,Hallberg,10-06-2025
U001562,Leon Espinoza,jamesmoon@example.com,Other,South Amyland,14-10-2025
U001563,Jamie Ferrell,erikamiller@example.org,Male,South Danielchester,13-11-2024
U001564,William Caldwell,taylorpayne@example.com,Female,Martinezborough,11-06-2024
U001565,Patricia Gardner,joseph02@example.net,Other,Brandonfurt,02-11-2024
U001566,Bradley Roth,dhill@example.org,Male,Harrisview,20-07-2024
U001567,Raymond Ferguson,rebeccafigueroa@example.com,Other,East Charles,23-07-2025
U001568,Danielle Humphrey,curtislee@example.net,Male,Jacksonside,24-07-2025
U001569,Maria Mueller,bhall@example.org,Other,North Melanie,20-08-2024
U001570,Erin Flores,morganashley@example.com,Other,South Kristenshire,01-05-2024
U001571,Dana Powell,chavezisabel@example.com,Other,Youngfurt,07-01-2025
U001572,Lindsey Dalton,diazaaron@example.net,Female,North Donna,20-12-2024
U001573,Jeffrey Bailey,christopherlong@example.net,Female,Alexismouth,26-04-2024
U001574,Seth Garcia,richard21@example.net,Other,North Tina,03-01-2025
U001575,Ashley Novak,grantamanda@example.net,Male,Joeside,04-04-2024
U001576,Amy Smith,davidsellers@example.com,Male,New Heatherbury,16-07-2024
U001577,Amy Proctor,william42@example.com,Female,Meghanhaven,29-03-2025
U001578,Cameron Miller,shannon88@example.com,Female,Lake Dianaland,13-01-2025
U001579,Harold Woodard,ewest@example.org,Female,North Sarah,01-09-2024
U001580,Omar Miller,ballelizabeth@example.com,Other,Bishopfort,05-11-2024
U001581,Edward Hanson,twagner@example.org,Male,West Zachary,19-09-2024
U001582,Virginia Johnson,erin06@example.net,Female,Lake Colleen,14-05-2024
U001583,Brett Adams,alvaradomindy@example.com,Other,Lunamouth,11-06-2024
U001584,Ashley Johnson,jacksonrachel@example.org,Female,Melissaview,13-04-2025
U001585,Sarah Long,wgonzalez@example.net,Male,Jacobbury,20-06-2024
U001586,Dean Patel,kristine33@example.net,Male,West Richardview,09-03-2025
U001587,Erin Murphy,jennifer72@example.com,Female,Jacksonshire,24-02-2024
U001588,Sophia Walker,matthewfranklin@example.net,Other,Curtishaven,27-04-2024
U001589,Jennifer Wood,lynntracy@example.com,Male,Herringside,13-03-2024
U001590,Chelsea Avila,mallory30@example.org,Male,Courtneyville,09-08-2024
U001591,Patricia Holloway,housedaniel@example.com,Male,Martinborough,23-08-2025
U001592,Janet Perkins,laura15@example.org,Female,Parkermouth,22-12-2024
U001593,Daniel Carey,danieldaniel@example.com,Other,Port Robert,19-07-2024
U001594,Stephanie Davis,uwest@example.org,Other,New Josephberg,12-05-2025
U001595,Dawn Rodriguez,johnsonmichael@example.com,Other,Gilbertville,21-04-2025
U001596,Alexandra Hoffman,katherinesmith@example.com,Other,East Megan,21-04-2025
U001597,Melissa Bailey,pamelamcconnell@example.net,Other,Butlermouth,26-12-2024
U001598,Brandy Perry,rryan@example.com,Female,East Trevor,13-08-2025
U001599,Matthew Yang,amber59@example.com,Female,Lauramouth,19-08-2024
U001600,Mckenzie Roberts,kevinmendez@example.org,Other,Port Heathermouth,22-06-2025
U001601,Sarah Smith,williamslaurie@example.com,Other,New Deborah,18-01-2024
U001602,Susan Anderson,lloydmiranda@example.org,Female,North Mario,07-06-2024
U001603,Aimee Schultz,lpeters@example.net,Female,West Kevinhaven,24-11-2024
U001604,Patrick Willis,sthomas@example.org,Other,Colemouth,24-12-2024
U001605,Kelly Gutierrez,andersonmeghan@example.net,Other,West Keith,07-05-2025
U001606,Chad Robinson,jasminemorton@example.org,Female,East Mary,11-10-2025
U001607,Catherine Johns,simsclaire@example.org,Male,Rodgersland,27-03-2024
U001608,Robert Burns,jenniferford@example.org,Other,Port Thomas,21-12-2024
U001609,Christopher Bryant,rachelcastillo@example.com,Male,Juliestad,20-12-2024
U001610,Joseph Taylor,michellemcmahon@example.com,Other,New Christopher,19-01-2025
U001611,Melissa Harmon,jyoder@example.org,Other,South Brianburgh,12-07-2025
U001612,Susan Brewer,bryanmcdaniel@example.org,Other,Cobbborough,06-05-2025
U001613,Diana Levy,nguyengerald@example.net,Other,Lake Robert,25-09-2025
U001614,Craig Simmons,diane91@example.net,Male,Joelside,27-04-2024
U001615,Peggy Nguyen,jacqueline39@example.net,Female,West Angela,08-04-2024
U001616,Robert Burns,fmclaughlin@example.org,Female,Port Phillip,29-07-2024
U001617,Andrew Cook,becky79@example.net,Male,East Patriciashire,18-06-2024
U001618,Jacob Thompson,martinmark@example.net,Female,Wolffort,27-10-2024
U001619,Jason Zimmerman,devon88@example.org,Female,East Anthony,06-05-2025
U001620,Teresa Taylor,randy08@example.org,Female,North Nicole,06-04-2025
U001621,Angela Obrien,gstone@example.net,Female,Baileyborough,30-06-2024
U001622,Jennifer Johns,jack86@example.org,Female,East Andreport,19-04-2025
U001623,Paul Miller,daniel15@example.org,Other,Port Jessica,10-06-2024
U001624,Mikayla Johnson,dawnjackson@example.net,Male,Elizabethland,06-09-2025
U001625,Timothy Valdez,brianmorrow@example.org,Female,Gayland,26-07-2024
U001626,Brittney Davis,thomasbrandon@example.org,Female,North Jared,23-05-2024
U001627,Gloria Graves,wortiz@example.net,Female,North Darius,21-03-2024
U001628,Emily Wilson,ipowell@example.org,Other,North Christinaton,11-06-2025
U001629,Jennifer Stanley,mrandolph@example.net,Female,North Kelly,01-11-2024
U001630,Omar Clark,guerrerostanley@example.net,Female,Kimberlyville,11-05-2024
U001631,Kristen Thompson,mitchellkristine@example.net,Male,Garrettberg,12-04-2024
U001632,Michelle Ray,tina29@example.com,Other,Andersonshire,22-09-2025
U001633,Melanie Vang,jennifer10@example.org,Female,Davidshire,12-05-2024
U001634,Andre Davis,rwilson@example.org,Male,Mcconnellside,05-12-2024
U001635,Michael Parker,jasonjohnson@example.org,Male,North Donald,11-08-2024
U001636,Brian Martinez,timothygrant@example.com,Male,East Carolton,25-11-2024
U001637,Jennifer Miller,batkins@example.com,Male,East David,30-10-2024
U001638,Debra Santana,luis20@example.org,Female,Antonioton,11-07-2024
U001639,Christina Velez,kfrye@example.net,Male,Richardsonport,26-03-2024
U001640,Nathan Lawrence,nathan62@example.org,Other,Timothyville,02-03-2025
U001641,Lisa Murray,rodriguezangela@example.org,Other,North Jaredchester,03-04-2024
U001642,Craig Ross,burnsrodney@example.org,Female,New Connorstad,13-01-2025
U001643,Eddie Johnson,mccannjanet@example.com,Male,East Williamchester,02-11-2024
U001644,John Murray,martinnovak@example.com,Other,Taraview,05-11-2024
U001645,James Morales,padillaangel@example.net,Male,Whiteside,02-12-2024
U001646,Erica Griffin,fcarlson@example.org,Other,North Anna,10-08-2025
U001647,Yvonne Lara,catherinemoore@example.com,Other,Maryfurt,16-08-2024
U001648,Eduardo Gomez,warrenmariah@example.net,Other,Smithton,25-10-2024
U001649,Richard Coleman,tammy90@example.org,Female,North Sergiofort,01-11-2025
U001650,David King,curryjose@example.org,Other,Port Jenniferview,31-03-2025
U001651,Leslie Contreras,stewartgeorge@example.com,Male,Port Brittanyfort,27-01-2025
U001652,Randall Obrien,pfowler@example.org,Female,South Brittany,27-09-2025
U001653,Lisa Reyes,curtis61@example.org,Female,South Justin,13-04-2025
U001654,Timothy Adams,mariahgill@example.com,Other,East Jillian,03-02-2024
U001655,Elizabeth Larson,forbessean@example.org,Female,Lake Lynnview,23-10-2025
U001656,Ryan Travis,anthonymcdonald@example.net,Other,Weissside,22-04-2024
U001657,Daniel Jenkins,donnahopkins@example.net,Male,Codyside,31-07-2025
U001658,Lauren Young,hlester@example.org,Female,Estesside,07-10-2025
U001659,Briana Roberts,ochoamelissa@example.net,Other,Shannonport,10-12-2024
U001660,Eugene Martinez,alejandra39@example.com,Female,Samueltown,01-01-2025
U001661,Bryan Johnson,barnesluke@example.net,Female,Port Meganborough,03-01-2025
U001662,Christopher Larson,duranelizabeth@example.org,Male,Craigshire,17-09-2024
U001663,Frederick Santiago,stevengoodwin@example.net,Other,Beckton,03-07-2024
U001664,Brianna Perez,greenkrystal@example.net,Other,Rodriguezchester,01-07-2024
U001665,Rachel May,tonycraig@example.net,Male,West Jennifer,31-01-2024
U001666,Kimberly Stevens,owhite@example.org,Male,Milesport,30-08-2024
U001667,Nicholas Payne,selena60@example.com,Other,Huntberg,25-07-2025
U001668,Alexander Hoffman,cruzernest@example.com,Female,Port Crystal,14-02-2024
U001669,Amy Smith,josephross@example.net,Male,New Blake,07-07-2024
U001670,Traci Foster,vickimullins@example.com,Male,South Andrewland,25-10-2024
U001671,Charles Lutz,williskatherine@example.net,Female,West Donna,02-03-2024
U001672,Danielle Martin,jenniferrodriguez@example.org,Other,Corteztown,06-11-2025
U001673,Tina Williams,manuel81@example.com,Female,Kimberlytown,21-08-2024
U001674,Michael Blanchard,tyler41@example.net,Male,South Louiston,14-09-2025
U001675,Heidi Hill,emorales@example.com,Female,Mosleyland,20-08-2025
U001676,David Green,paynestephanie@example.net,Other,Port Richardside,12-06-2025
U001677,Joseph Ramos,gblack@example.org,Male,Cindyfurt,09-04-2024
U001678,Stacey Gardner,hollyperkins@example.net,Female,Collinshaven,04-03-2025
U001679,Larry Stafford,murphybrianna@example.com,Other,North Davidberg,17-09-2024
U001680,Erin Brown,pvang@example.net,Other,Smallton,09-05-2025
U001681,Chad Miller,perezcaitlin@example.net,Other,Clarkmouth,28-08-2024
U001682,Theresa Holland,robertsonjordan@example.com,Other,South Toddton,19-06-2024
U001683,Diana Armstrong,kennethmata@example.com,Other,North Kelly,17-01-2024
U001684,Nicholas Grimes,areynolds@example.org,Other,Kristinaview,14-09-2024
U001685,Lori Velazquez,rodney57@example.com,Male,Amandatown,20-04-2024
U001686,Kimberly Parker,tami38@example.net,Other,South Davidstad,25-01-2025
U001687,Richard James,melissalopez@example.com,Other,Jackieton,25-06-2024
U001688,Cynthia Munoz,jeremy00@example.net,Other,Martinburgh,15-03-2024
U001689,Edwin White,epatterson@example.net,Female,Collinsberg,21-03-2024
U001690,Christina Price,millerjuan@example.org,Male,West Reneehaven,06-06-2025
U001691,John Robles,aholder@example.net,Male,North Thomashaven,11-07-2025
U001692,Timothy Simpson,jamesmiller@example.net,Female,Scotttown,02-11-2025
U001693,Joshua Taylor,ksparks@example.net,Other,Jonesville,28-09-2025
U001694,Brian Rice,jillwilkerson@example.com,Female,South Michael,20-09-2025
U001695,Paul Goodwin,murraymichael@example.net,Female,West Tonya,06-02-2025
U001696,Gregory Anderson,wesleyjohns@example.com,Female,Brandonchester,10-10-2025
U001697,Denise Mitchell,jmorgan@example.org,Male,North Donaldborough,23-06-2024
U001698,Jennifer West,nfleming@example.net,Male,South Samuelfurt,15-04-2024
U001699,John Carter,tracyjohnson@example.net,Male,Cohenland,06-06-2025
U001700,Michael Smith,soliscarlos@example.com,Other,Port Bobby,06-09-2025
U001701,Cynthia Johnson,markgardner@example.org,Other,Claudiabury,13-08-2024
U001702,Jerome Torres,hodgemichelle@example.net,Female,New Cesarfurt,14-08-2024
U001703,William Palmer,kirbymichael@example.org,Male,Jonathanstad,28-10-2024
U001704,Ronald Petersen,lorikoch@example.net,Male,South Carrieborough,27-06-2024
U001705,Kristen Rodriguez,john91@example.org,Other,Hornehaven,04-11-2024
U001706,Morgan Moss,hmcneil@example.net,Other,Port Hannah,28-03-2025
U001707,Victoria Edwards,marygarcia@example.com,Male,West Nicholas,11-02-2024
U001708,Christopher Daniel,lpage@example.com,Male,East Marie,25-01-2024
U001709,Brittany Martin,johnsparks@example.org,Other,Lake Donnafort,19-03-2025
U001710,Samantha Moore,tonyaholmes@example.net,Other,Lake Belindaborough,21-01-2024
U001711,David Velasquez,lopezgregory@example.org,Male,North Heatherfurt,24-04-2024
U001712,Nicolas Williams,romerocrystal@example.net,Female,Espinozaville,11-11-2024
U001713,Christopher Phillips,patrick14@example.org,Female,New Keith,08-01-2024
U001714,John Harding,hartmanjoshua@example.net,Female,East Leslie,06-08-2024
U001715,Toni Stewart,johnsonjames@example.org,Female,Conleyfurt,06-10-2024
U001716,Adam Roth,sherry96@example.com,Male,West Andrewton,18-09-2025
U001717,Teresa Barnett,eadams@example.org,Female,Hendricksport,25-10-2024
U001718,Jenna Padilla,valeriesmith@example.com,Female,Craigshire,16-08-2025
U001719,Christine Williams,richardsonanna@example.org,Other,Barnesborough,02-07-2024
U001720,Donald Ferguson,mmoore@example.com,Female,New Jimchester,20-07-2024
U001721,Abigail Reid,kennedywanda@example.net,Other,Harringtonland,16-01-2025
U001722,Nathan Garza,michaelanthony@example.net,Other,Mosleytown,06-09-2024
U001723,Joel Johnson,andersonnicole@example.com,Male,Sweeneyhaven,19-04-2025
U001724,Mariah Lopez,turnerchristian@example.org,Male,Sarahland,29-01-2025
U001725,Michael Dixon,murraystephen@example.net,Male,Lake Juliefort,20-06-2025
U001726,Carrie Bowers,weaverlaura@example.net,Male,West Christopher,22-07-2024
U001727,Richard Taylor,gregory29@example.com,Other,Williamland,02-05-2025
U001728,Lisa Keith,jennifer54@example.org,Male,Port Angelaport,03-11-2024
U001729,Martha Williams,ichan@example.org,Other,East Megan,12-09-2024
U001730,Maria Page,hurleybrandon@example.net,Male,Robinsonmouth,08-09-2024
U001731,Stephanie Stevens,margaretramirez@example.com,Female,New Frank,07-10-2024
U001732,Mark Griffith,adam17@example.net,Female,East Haley,18-01-2025
U001733,John Taylor,ijones@example.com,Other,South Cameronstad,05-05-2025
U001734,Darlene Mullins,davisautumn@example.org,Female,Port Steven,06-10-2025
U001735,Tina Sandoval,jacob10@example.net,Female,Jeremymouth,06-07-2025
U001736,Ashley Gonzalez,fordlisa@example.net,Other,Erintown,06-02-2024
U001737,Jonathan Haynes,wileyaudrey@example.com,Female,Hollybury,16-10-2025
U001738,Donald Bradley,jgutierrez@example.net,Female,Port Meredith,08-07-2025
U001739,Brooke Ramirez,amiranda@example.net,Female,New Laurahaven,23-08-2024
U001740,Tiffany Harris,lisa13@example.net,Male,North Jonathanton,25-09-2025
U001741,Kim Beck,lwalker@example.org,Other,Staffordborough,15-04-2024
U001742,Kristen Chandler,wscott@example.org,Male,Monicaberg,26-10-2025
U001743,Bruce Atkins,bwilliams@example.com,Female,New Amy,14-10-2024
U001744,Wendy Macdonald,amyponce@example.com,Female,South Samantha,07-11-2025
U001745,Crystal Horn,iherman@example.org,Male,Matthewmouth,29-06-2025
U001746,Sara Bush,nward@example.com,Female,Christopherfurt,12-07-2025
U001747,Anne Daniel,wheeleramber@example.com,Other,Danielfort,19-04-2024
U001748,Kyle Johnson,prestoncory@example.org,Other,South Kimberlyfurt,06-03-2025
U001749,Valerie Smith,linda76@example.org,Other,East Cynthia,05-03-2024
U001750,Christine Calhoun,lisa41@example.net,Female,North Patricia,04-10-2024
U001751,Ian Santana,monica00@example.org,Other,Maloneton,01-04-2025
U001752,Daniel Lewis,rebeccareed@example.net,Other,Scottmouth,23-02-2024
U001753,Justin Blanchard,cgarcia@example.net,Female,Port David,22-01-2024
U001754,Brandon Gomez,dawn31@example.org,Male,South Keithborough,10-02-2025
U001755,Kendra Smith,smithmichael@example.org,Male,South Brandon,25-10-2025
U001756,Teresa Mitchell,danielscourtney@example.org,Female,Lake Matthew,22-02-2025
U001757,Patricia Moyer,michael35@example.net,Other,Dwaynestad,24-02-2025
U001758,Arthur Russell,khudson@example.org,Male,South Ashleyside,22-09-2024
U001759,Amy Love,xbaker@example.net,Male,South Vincent,10-02-2024
U001760,David Preston,eileenhudson@example.com,Male,Biancastad,19-04-2025
U001761,Andrew Long,kbennett@example.com,Female,Alanburgh,12-08-2025
U001762,Maria Jones,triciaedwards@example.org,Male,Whiteville,08-03-2025
U001763,Jonathan Perkins,dorisarmstrong@example.org,Male,Port Jeffrey,10-11-2024
U001764,Cody Smith,duncandawn@example.com,Female,West Johnside,14-08-2024
U001765,Robert King,hernandezrebecca@example.org,Female,Longbury,15-01-2025
U001766,Christina Smith,susan75@example.net,Female,Morrisshire,27-06-2025
U001767,Christopher Watkins,zcollins@example.org,Male,Port John,11-08-2025
U001768,Nicole Salinas,stephengomez@example.org,Male,West Stevenmouth,03-04-2025
U001769,Heather Martinez,zwilson@example.com,Female,East Jennifer,31-08-2025
U001770,Henry Reynolds,coreypope@example.net,Other,North Michael,11-01-2025
U001771,Kristi Boyd,rsharp@example.com,Female,South Danielville,14-09-2025
U001772,Jason Watson,crossnicole@example.net,Male,Vaughnfort,10-12-2024
U001773,Hannah James,fletcherkaren@example.com,Male,South Amanda,24-04-2024
U001774,Cassandra Robinson,jfranklin@example.net,Female,Nolanhaven,06-07-2025
U001775,Suzanne Collins,sandovalwendy@example.org,Other,Lake Karen,07-07-2024
U001776,Brian Arnold,amanda32@example.net,Other,North Johnathan,21-04-2024
U001777,Tony Ramirez,jessicamiddleton@example.net,Male,North Robertstad,08-07-2024
U001778,Jennifer Haynes,jillnavarro@example.org,Other,Lake Jaredton,29-01-2025
U001779,Jennifer Hernandez,davidgonzales@example.com,Other,Lake Nancy,08-07-2024
U001780,Jennifer Williams,wesleybutler@example.org,Other,Kingborough,15-06-2024
U001781,Tracey Brown,sarahgonzales@example.com,Female,Raymondshire,02-01-2024
U001782,Amanda Anderson,suttondenise@example.net,Male,South Felicialand,06-03-2024
U001783,Nicholas Franklin,brandisosa@example.org,Female,Port Anthonybury,17-11-2024
U001784,Judy Nicholson,harveyphilip@example.org,Other,Port Mistyville,30-07-2025
U001785,Alexis Brown,xgrant@example.com,Male,Stevenston,14-10-2024
U001786,Jackie Spears,hudsonlinda@example.com,Female,Bruceshire,19-09-2024
U001787,Kathryn Scott,alexanderryan@example.org,Male,Cassandraborough,15-07-2024
U001788,Ashley Cooper,deborah62@example.com,Female,East Meghan,05-05-2025
U001789,Ryan Flowers,phillipsdylan@example.org,Male,Wademouth,20-09-2024
U001790,Angela Flores,craigrobertson@example.net,Female,New Jessicaville,05-10-2025
U001791,Sarah Hernandez,jennifersolomon@example.net,Other,Lake Carolynfurt,21-05-2025
U001792,James Morgan,paigecortez@example.com,Female,Dicksonburgh,29-06-2024
U001793,Elizabeth Diaz,jeffreygreen@example.org,Other,Port Hannahland,31-08-2025
U001794,Mary Charles,xsullivan@example.net,Female,Mitchellmouth,23-02-2024
U001795,Peter Norris,victor76@example.net,Other,Jennifermouth,16-06-2025
U001796,Michael Allen,anne46@example.com,Other,Riversland,09-10-2025
U001797,Rebecca Martinez,matthewwood@example.net,Female,New Martinport,21-10-2024
U001798,Lisa Lopez,ucarlson@example.com,Female,Sandersmouth,13-12-2024
U001799,Melissa Allen,rberg@example.org,Male,West Kimberly,04-05-2024
U001800,David White,fitzpatrickjustin@example.net,Female,Debrashire,06-02-2025
U001801,Laura Moore,tvelasquez@example.com,Male,Jasonton,13-05-2024
U001802,Robert Barrett,rperez@example.org,Female,New Debbieville,05-11-2024
U001803,Alyssa Kelly,douglasmartinez@example.com,Male,Davisside,05-12-2024
U001804,Eric Cox,jocelyn26@example.net,Other,Greenfort,11-07-2024
U001805,Tyler Day,mollypeck@example.net,Female,Lake Allisonmouth,03-02-2024
U001806,Lori Walker,iford@example.net,Other,Rossmouth,21-08-2025
U001807,James Smith,rhonda05@example.org,Female,Randolphland,05-10-2024
U001808,Sharon Nguyen,johnsonsamantha@example.com,Male,Lake David,17-01-2024
U001809,Luis Bates,davidjohnson@example.com,Female,New Heather,30-07-2024
U001810,Samantha Hines,snyderfrank@example.org,Male,North James,25-03-2024
U001811,Michael Moore,uthompson@example.org,Male,New Jessica,01-03-2025
U001812,Kristen Cooper,tammy53@example.org,Female,East Edward,08-08-2025
U001813,Lisa Perez,patriciamorrison@example.org,Other,West Michaelfort,19-04-2025
U001814,Maria Harrington,kimberlyperez@example.org,Female,Simmonshaven,17-04-2025
U001815,Austin Sanders,arnoldstephen@example.net,Other,South Catherine,27-08-2024
U001816,David Wagner,mariagonzalez@example.org,Male,North Travisberg,22-06-2025
U001817,Michael Bruce,patriciagrant@example.net,Female,Lake Christopher,28-09-2024
U001818,Elizabeth Wilkinson,wleblanc@example.com,Female,Kimberlyfort,10-08-2025
U001819,Scott Baker,jasonbooker@example.org,Other,East Stephanie,17-05-2024
U001820,William Walters,jon25@example.net,Female,Lake Lisa,21-09-2025
U001821,Crystal White,richard62@example.net,Male,Jasonton,08-11-2025
U001822,John Prince,plin@example.org,Female,New Brianfurt,07-09-2025
U001823,Travis Garcia,adamcaldwell@example.org,Male,Kelseyside,12-04-2025
U001824,Alexander Keller,kimthompson@example.net,Male,New Kristenfurt,09-08-2024
U001825,Maria Wells,paul54@example.com,Other,West Lucasshire,05-06-2024
U001826,Grant Sims,richardsonronnie@example.net,Other,Charlesshire,19-02-2024
U001827,Emily Rivera,andre19@example.net,Male,Vargasborough,08-06-2025
U001828,Shannon Crawford,brianlara@example.org,Other,West Garyburgh,08-02-2025
U001829,Charles Camacho,hernandezcharles@example.org,Other,Port Jennifer,31-03-2025
U001830,Christine Ford,ksullivan@example.net,Male,Lewisburgh,11-09-2025
U001831,Patricia Hall,davidpearson@example.net,Female,South Susanshire,18-10-2024
U001832,Amanda Alvarez,ogomez@example.org,Female,Jamesland,21-10-2025
U001833,Patrick Parker,mckayemily@example.net,Other,Hunterville,06-03-2025
U001834,Eric Willis,megan57@example.com,Other,Victoriashire,08-04-2024
U001835,Lauren Mitchell,dawsonaaron@example.com,Male,Fosterport,13-03-2025
U001836,Kathryn Crawford,ashley97@example.com,Male,South Lisafurt,07-01-2025
U001837,Ronald Ewing,michaela00@example.com,Male,West Leroy,01-09-2025
U001838,James Chapman,kproctor@example.com,Male,South Scott,30-05-2024
U001839,Cynthia Santos,ashleyjames@example.com,Female,North Heather,16-03-2024
U001840,Jennifer White,daniel82@example.com,Male,Craigchester,09-02-2025
U001841,Vanessa Castaneda,sabrina98@example.net,Male,Cherylstad,24-07-2024
U001842,Robert Hamilton,teresa44@example.net,Other,West Jenna,23-09-2025
U001843,Latoya Torres,fostersarah@example.net,Male,Port Catherine,21-06-2025
U001844,Shirley Green,kmitchell@example.com,Other,Bakerhaven,24-07-2025
U001845,Mary Lyons,dustinwilliams@example.com,Male,Andersonfort,03-06-2025
U001846,Jeffery Johnston,cory21@example.org,Male,Andersonburgh,09-05-2025
U001847,Timothy Williams,kevin85@example.org,Other,Crystalchester,19-03-2024
U001848,Thomas Richards,benjaminsmith@example.com,Female,Ashleyport,10-09-2024
U001849,Caleb Cummings,ashleymorrow@example.org,Female,Danielville,17-09-2024
U001850,Michelle Cook,hlin@example.net,Other,Leeshire,19-05-2024
U001851,Erica Ruiz,petersrussell@example.org,Other,North Jose,18-08-2024
U001852,Kenneth Green,randy31@example.org,Female,New Andrea,03-09-2024
U001853,Jamie Zamora,mariamoore@example.net,Other,North Michaela,02-02-2024
U001854,Stephen White,gclark@example.org,Other,Jessemouth,13-05-2024
U001855,Robert Figueroa,iharrington@example.org,Other,New Laceymouth,03-05-2025
U001856,Penny Carroll,patrick90@example.org,Other,Lake Elainefort,01-05-2025
U001857,Justin Owens,victoriaturner@example.com,Other,East Jeremystad,26-10-2024
U001858,Frank Briggs,robert52@example.com,Female,Jessicaburgh,09-10-2025
U001859,Dennis Mcknight,albertsmith@example.com,Other,Berryville,16-05-2024
U001860,Natalie Hall,jamesortiz@example.com,Female,Lake Heatherchester,27-05-2024
U001861,Michael Cabrera,jchase@example.com,Male,Karenmouth,19-06-2025
U001862,Kaitlyn Thompson,jason12@example.org,Female,Lisaburgh,19-06-2024
U001863,Jay Moran,brandonfernandez@example.com,Male,Port Bonnietown,09-06-2024
U001864,Jennifer Rosario,kellyibarra@example.org,Female,Olsenchester,03-03-2024
U001865,Jonathon Ware,gblair@example.com,Female,Morrisview,18-09-2025
U001866,Cindy Collier,sarawilliams@example.com,Other,New Monique,10-10-2024
U001867,Kristina Harrison,matthewbrennan@example.org,Female,East Levi,28-10-2024
U001868,Stephanie Casey,paul84@example.net,Female,Robinberg,28-01-2024
U001869,Todd Burton,eberry@example.org,Other,East Christopherton,09-10-2025
U001870,Stephen Palmer,heidihaas@example.net,Male,Aguirreton,22-03-2024
U001871,Patricia Roach,fwyatt@example.com,Female,Port Crystalbury,03-04-2025
U001872,Michael Matthews,heather29@example.com,Other,South Curtisburgh,13-02-2025
U001873,Travis Hughes,john87@example.org,Male,North Michael,07-04-2024
U001874,Drew Bennett,rshelton@example.com,Female,Hornborough,16-07-2024
U001875,Jody Smith,jamesroberts@example.com,Female,Wileytown,13-09-2025
U001876,Mary Porter,alexander70@example.org,Female,Port Neilfurt,27-07-2024
U001877,Gabrielle Jones,jake77@example.com,Male,South Ronald,07-06-2025
U001878,Ernest Rich,robert42@example.com,Male,Wellsburgh,26-03-2025
U001879,Michael Hernandez,zmiller@example.com,Female,East Lisaberg,19-04-2024
U001880,Miguel Hardy,edwardmitchell@example.org,Female,Sandrachester,19-01-2024
U001881,Edward Stewart,phall@example.com,Male,Lake Ricky,29-05-2024
U001882,Jennifer Beck,bradbennett@example.com,Other,Cindytown,19-07-2025
U001883,Andrea Davis,jenniferwalker@example.net,Male,North Josephside,18-03-2025
U001884,Jeffrey Foley,fuenteschristopher@example.org,Other,Port Geraldland,05-08-2025
U001885,Kenneth Bates,dawsonamanda@example.com,Other,Nicholsfurt,11-09-2024
U001886,Alan Gallagher,schmidtjose@example.net,Other,South Kyleport,22-07-2024
U001887,Mary Nunez,nortongregory@example.net,Female,Ramoshaven,28-05-2025
U001888,Marie Meyer,slittle@example.com,Female,Kimberlyville,24-11-2024
U001889,Jennifer Robinson,danielthomas@example.com,Other,East Charles,11-02-2025
U001890,Kevin Brown,frank48@example.org,Other,West Jessicahaven,05-05-2024
U001891,Ashley Atkins,davismichelle@example.com,Other,Port Kathleen,19-09-2025
U001892,Brooke Austin,pearsonwillie@example.org,Male,Lake Andreaton,06-02-2025
U001893,Ryan Ortiz,jasminbrown@example.com,Female,Lake Evan,30-05-2024
U001894,Amy Lopez,smithcrystal@example.com,Other,West John,18-08-2024
U001895,Jimmy Mckinney,angela26@example.net,Other,Lake Kimberly,28-12-2024
U001896,Bryan Hayes,dmartin@example.com,Male,Port Jeremy,08-06-2025
U001897,Victoria Clark,nnunez@example.org,Female,Russellland,31-07-2025
U001898,Cynthia Ware,dthompson@example.org,Other,South Andrea,11-12-2024
U001899,Daniel Dudley,ericwagner@example.org,Female,East Jennifer,22-10-2025
U001900,Emily Sweeney,michaellopez@example.net,Other,New Thomastown,14-04-2024
U001901,Paula Snyder,curtisroberto@example.net,Male,Margaretburgh,04-10-2024
U001902,Rachel Medina,chaselisa@example.org,Male,New Davidmouth,05-01-2024
U001903,Darryl Hull,gomezbrittney@example.net,Female,New Heather,16-10-2025
U001904,Tyler Navarro,ewinglynn@example.org,Male,Bennettfurt,27-08-2024
U001905,Kathryn Carr,bailey12@example.com,Female,Harrishaven,31-12-2024
U001906,Patricia Martin,jeffrey46@example.net,Other,Port Seanport,09-02-2025
U001907,Beth Franklin,thenderson@example.org,Male,Andrewsfurt,29-08-2025
U001908,Anna Tran,rparker@example.com,Other,Angieshire,27-11-2024
U001909,Joshua Mckay,leahpham@example.com,Other,South Stevenport,13-07-2024
U001910,April Soto,raymondperkins@example.net,Male,South Kellyshire,27-07-2025
U001911,Joseph Stewart,elizabethrobertson@example.com,Male,West Tammieville,31-12-2024
U001912,Valerie Martin,susanwilliams@example.com,Male,Angelaton,25-07-2025
U001913,Amy Nelson,michael13@example.org,Other,Port Elizabeth,13-01-2024
U001914,Timothy Estrada,christinedoyle@example.com,Female,New Michaelbury,29-01-2024
U001915,Sara West,rose00@example.org,Female,Lake Michaelfurt,10-01-2024
U001916,Richard Vargas,deanna05@example.com,Other,Coltonview,03-06-2025
U001917,James Gonzales,ryan90@example.net,Other,Sloantown,08-06-2025
U001918,Alyssa Martin,johnsoncrystal@example.org,Other,Watsonville,23-03-2025
U001919,Joseph Phillips,david90@example.com,Male,Hillmouth,02-02-2024
U001920,Angelica Hickman,fred06@example.org,Female,North Mario,15-10-2025
U001921,Carla Brennan,lesliecoleman@example.org,Female,Port Henry,23-08-2024
U001922,Martin Lewis,scott04@example.com,Female,Timothyfurt,20-02-2025
U001923,Keith Floyd,carla96@example.com,Female,North Melanie,26-07-2024
U001924,Amanda Edwards,irivas@example.com,Female,Jessicaborough,13-07-2025
U001925,Jacqueline Atkins,smithjohn@example.org,Female,North Sarah,10-03-2024
U001926,Jennifer Kennedy,cynthiaford@example.org,Other,Bartonside,16-02-2024
U001927,Jessica Williamson,henrybarnett@example.org,Other,Donaldmouth,15-03-2025
U001928,Darrell Shaw,frichardson@example.com,Male,North Matthewton,10-03-2024
U001929,Dana Cox,greenshawn@example.com,Other,Hallstad,27-12-2024
U001930,Michael Thomas,urusso@example.net,Other,Danielmouth,12-03-2025
U001931,Beverly Park,sgonzalez@example.net,Female,North Mathew,22-03-2024
U001932,Amanda Walker,morenorobert@example.org,Male,East Margaret,30-11-2024
U001933,Carolyn White,palmerwilliam@example.org,Female,West Laurafort,22-12-2024
U001934,James Mitchell,rwhite@example.org,Male,Huntermouth,06-01-2025
U001935,Ricky Decker,saradaniel@example.com,Other,North Williamville,17-04-2025
U001936,Gina Lopez,molly71@example.net,Other,Ramosfurt,31-08-2024
U001937,Brittany Sanders,benitezjeffrey@example.com,Female,New Cassandra,30-09-2025
U001938,Nicholas Leon,teresa50@example.net,Female,Lake Benjaminton,24-06-2024
U001939,Angela Castillo,schmidtjesus@example.net,Female,Frankland,30-12-2024
U001940,Robert Boyd,george46@example.com,Other,Christinemouth,04-01-2025
U001941,Samuel Hoffman,madison75@example.net,Other,Karenberg,02-02-2025
U001942,Judy Kirby,whitecharles@example.net,Other,Simonland,08-10-2025
U001943,Kevin Fernandez,droach@example.org,Male,Karenhaven,14-07-2025
U001944,Tammy Schaefer,tylerlaura@example.org,Female,Crawfordburgh,23-07-2024
U001945,Peter Mills,whitejeff@example.org,Male,New Wesley,23-12-2024
U001946,Melinda Wilson,lanechelsea@example.com,Other,West Sierramouth,29-05-2025
U001947,Paige Johnson,marthagriffin@example.net,Other,West Leslieside,29-01-2025
U001948,Sandy Richards,madelinebrooks@example.net,Male,Julieside,12-08-2025
U001949,Karen Marshall,mackelizabeth@example.org,Female,Lake Ralph,28-05-2025
U001950,David Johnston,smithsusan@example.net,Female,Port Ashley,25-05-2025
U001951,Dennis Cline,david60@example.net,Other,Lake Amandaside,20-11-2024
U001952,Melissa Love,campbellbruce@example.org,Other,Jasonmouth,29-06-2025
U001953,Chad Cooper,wharris@example.com,Other,South Christian,21-05-2024
U001954,William Greene,jasonallen@example.net,Female,Lake Adrianmouth,17-04-2025
U001955,Theresa Bray,fwade@example.net,Male,Michellefurt,07-01-2025
U001956,Tony Lopez,kristy11@example.com,Other,Johnton,12-06-2024
U001957,Mary Bartlett,dtucker@example.org,Other,New Brooke,27-03-2025
U001958,Debra Ortiz,robin42@example.net,Male,South Lindsayview,12-11-2025
U001959,Janet Gutierrez,barrycindy@example.net,Female,Haleymouth,16-02-2024
U001960,Jamie Nichols,robert40@example.com,Other,North Jacobside,10-03-2025
U001961,Derek Baird,bakertommy@example.org,Female,Taylorhaven,09-01-2025
U001962,Jose Green,shawn89@example.org,Other,Lauratown,19-08-2025
U001963,Barbara Williams,smorales@example.net,Female,New Glennhaven,28-01-2025
U001964,Michele Mays,uhubbard@example.com,Male,Port Jasminemouth,02-01-2025
U001965,Patricia Taylor,rmartinez@example.org,Other,Lake Tammyside,02-01-2025
U001966,Tracie Mccormick,rcombs@example.net,Other,East Kevinborough,18-10-2025
U001967,Kathleen Santana,eharris@example.com,Other,Suzannebury,08-02-2025
U001968,Jason Campbell,qcole@example.org,Other,Lake Alan,15-05-2025
U001969,Robin Mcmahon,james60@example.org,Other,South Dean,09-01-2024
U001970,Garrett Williams,carlos23@example.org,Male,Lake Denisemouth,29-06-2024
U001971,Adrian Chang,smithjasmine@example.com,Other,Coryborough,11-11-2024
U001972,Nathan Norman,browntimothy@example.net,Other,Coreyberg,19-04-2024
U001973,Joshua Crane,matthewsjill@example.com,Female,Lake Peter,08-04-2024
U001974,Sarah Russell,gregorymiller@example.com,Other,Lauraburgh,23-06-2024
U001975,Joseph Wu,geraldgarcia@example.net,Female,North Jamesfurt,17-07-2024
U001976,Cory James,wellsedward@example.com,Male,Bensonburgh,25-12-2024
U001977,Sarah Maxwell,wheelerkimberly@example.org,Female,Barrychester,08-02-2024
U001978,Chad Ward,lmullen@example.org,Female,West Stevenmouth,08-05-2025
U001979,Cody Sanchez,stephanie90@example.org,Male,Robinsonmouth,21-01-2024
U001980,Karen Johnson,fjackson@example.org,Male,New Lisa,02-03-2024
U001981,Julia Kennedy,riostyler@example.org,Female,North Lindaview,22-01-2025
U001982,Sandra Ayala,fsparks@example.org,Female,New Lindsey,04-08-2024
U001983,Thomas Smith,kirk60@example.org,Male,Port Kevin,21-10-2025
U001984,Sarah Anderson,douglas60@example.org,Male,Herbertshire,09-08-2025
U001985,Christopher Best,aguilarkevin@example.com,Male,Warefurt,03-07-2024
U001986,Jared White,leslie32@example.com,Male,Millermouth,26-02-2025
U001987,Kevin Grant,josephcooper@example.net,Male,Breannastad,16-02-2025
U001988,Benjamin Rodriguez,floressarah@example.net,Female,East Lindaside,17-03-2024
U001989,Victoria Warner,jscott@example.com,Male,Martinezmouth,25-08-2025
U001990,Brian Smith,larry40@example.net,Other,South Lori,16-09-2024
U001991,Christopher Cunningham,henrychristine@example.net,Other,North Samuel,16-01-2025
U001992,Richard Mclaughlin,philliphayden@example.net,Other,Port James,30-01-2024
U001993,Jerry Fernandez,cnelson@example.net,Other,North Jeffrey,11-08-2024
U001994,Robert Hill,earlfoley@example.org,Male,East Jamesfort,22-10-2025
U001995,Julia Cline,raven03@example.org,Other,North Andrewside,14-04-2025
U001996,John Carter,lchavez@example.org,Female,North Zacharyshire,20-12-2024
U001997,Ashley Davis,david00@example.net,Other,South Ashleyberg,09-06-2025
U001998,Dominic Simpson,lharmon@example.net,Male,Singhton,15-07-2025
U001999,Amber Quinn,amy18@example.com,Other,Cookefurt,22-09-2024
U002000,Brent Morse,gabrielle36@example.org,Female,Lake Marymouth,16-06-2024
U002001,Cody Khan,christopher98@example.net,Male,Heathermouth,26-02-2024
U002002,Katherine Mccarty,edward03@example.net,Male,Lindatown,08-12-2024
U002003,James Farmer,robert07@example.com,Male,Hardingview,16-02-2024
U002004,Pamela Nelson,jreynolds@example.net,Other,North Brianberg,12-07-2024
U002005,Dawn Smith,jasmineryan@example.org,Other,East Denise,01-07-2024
U002006,Candace Wang,hernandezpamela@example.org,Male,New Michaelland,17-12-2024
U002007,Haley Conway,wperez@example.net,Other,South Larry,05-12-2024
U002008,Jeffrey Forbes,smithchristopher@example.net,Female,Port Annberg,12-10-2025
U002009,Martin Dunn,omays@example.org,Male,Michaeltown,12-01-2025
U002010,Michelle Sanders,browncarolyn@example.org,Female,West Ronaldtown,15-07-2024
U002011,David Allen,stephenjohnson@example.net,Female,East Tonya,06-02-2024
U002012,Jessica Schaefer,fjones@example.org,Other,Lake Rebeccaside,27-03-2024
U002013,Alexander Moss,owalton@example.net,Other,Larryton,04-05-2025
U002014,Kevin Thompson,tiffanybarnes@example.org,Male,Patricktown,25-10-2025
U002015,Christopher Young,victor34@example.com,Female,West Jimmy,14-03-2024
U002016,Robert Henry,knichols@example.com,Other,Lake Erinmouth,16-01-2025
U002017,Isaac Chavez,hicksmelanie@example.net,Female,Donovanfurt,02-04-2025
U002018,Melissa Hill,huberchristine@example.com,Other,Phelpsmouth,13-10-2025
U002019,Megan Tyler,thomas12@example.net,Female,Lake Jaredtown,15-12-2024
U002020,Theresa Rodriguez,vincent74@example.org,Male,East Lawrence,25-01-2024
U002021,Jason Brown,wkoch@example.com,Other,North Edward,04-07-2024
U002022,Dana Bridges,frank49@example.org,Male,South Donnaview,18-08-2024
U002023,Dawn Miller,garciajennifer@example.com,Female,New Andrea,01-07-2025
U002024,Steven Smith,ohall@example.com,Female,Vincenthaven,29-12-2024
U002025,Jennifer Rice,brenda68@example.org,Male,Sullivantown,05-07-2025
U002026,Corey Garcia,whiteeugene@example.com,Female,Jamesview,25-08-2024
U002027,Jessica Wright,wilsonrichard@example.com,Other,Smithbury,26-02-2024
U002028,Craig Blair,dbrown@example.org,Other,North Yvonne,05-12-2024
U002029,Brooke Pierce,millerlindsey@example.org,Female,East Kennethfort,17-05-2024
U002030,John Christensen,ladkins@example.com,Female,Williamsville,10-07-2025
U002031,Katherine Henson,kathleencase@example.net,Female,Lake Williamville,28-08-2025
U002032,Justin Spence,vunderwood@example.com,Female,Lake Davidborough,01-02-2025
U002033,Matthew Morgan,jasminjohnson@example.org,Other,Millstown,17-10-2025
U002034,Kimberly George,espinozataylor@example.com,Other,South Anthonyhaven,18-11-2024
U002035,Christina Daugherty,davidharris@example.net,Female,Kingfort,16-03-2024
U002036,Amanda Washington,billyjohns@example.net,Male,North Ianport,14-06-2025
U002037,Emily Moran,kristen78@example.org,Male,East Deniseport,09-01-2025
U002038,Kayla Lewis,kmaynard@example.org,Other,Richardsfurt,12-05-2024
U002039,Kathryn Arnold,qgreen@example.com,Male,South Laurenstad,16-02-2025
U002040,Christine Wilson,heidi21@example.com,Female,Lake Darrellchester,15-02-2024
U002041,Madeline Price,castilloalec@example.org,Male,Brandonhaven,03-09-2025
U002042,Patricia Moore,jacquelineneal@example.net,Other,New Derrick,08-06-2025
U002043,Kelly Jones,smithroberta@example.net,Female,Burkeland,05-01-2025
U002044,Leslie Perez,craigbuck@example.com,Female,Cortezside,10-07-2025
U002045,Holly Powell,jerryparrish@example.net,Other,Jesseside,07-11-2025
U002046,Aaron Smith,gilmorejoshua@example.com,Male,Greenberg,03-03-2024
U002047,Lori Richards,hfoley@example.com,Other,Wrightmouth,01-12-2024
U002048,Kathy Lin,amyjones@example.com,Other,Riveraville,07-08-2024
U002049,Brittany Hubbard,vhunter@example.com,Male,Ericton,01-04-2024
U002050,Lisa Murray,jessicasmith@example.com,Female,Ryanstad,05-06-2025
U002051,Roberto Ford,benjaminbrown@example.org,Male,South Jameshaven,11-06-2025
U002052,Michael Trujillo,pschmidt@example.org,Male,Beckton,13-11-2024
U002053,Tommy Parker,alyssaparsons@example.com,Female,Loriport,28-05-2024
U002054,Mark Stevens,patrickmartin@example.org,Female,Jordanfurt,10-12-2024
U002055,Richard Hernandez,westroy@example.org,Other,South Denisefurt,13-04-2025
U002056,Douglas Dougherty,sherryclark@example.net,Male,Alvarezberg,12-04-2025
U002057,David Barry,ebowen@example.net,Female,South Paulatown,01-09-2024
U002058,Zachary Mayer,ogarza@example.org,Male,Lake Matthewstad,29-06-2025
U002059,Jordan Reed,mcdanielsherry@example.net,Male,South James,15-06-2025
U002060,Christopher Conway,qpatterson@example.org,Female,Jamesmouth,12-10-2024
U002061,Brian Wells,vporter@example.com,Female,Erikland,08-10-2024
U002062,Michelle Allen,dylan27@example.org,Male,Bradyberg,05-02-2025
U002063,Jamie Brown,gregoryschneider@example.com,Female,North Kathleenmouth,07-11-2024
U002064,Denise Henry,novakdaniel@example.org,Male,Port Kellyside,21-07-2025
U002065,Keith Hood,oray@example.org,Female,Gregoryville,11-09-2024
U002066,Stephanie Smith,jacobroach@example.net,Other,Cooleyshire,25-07-2025
U002067,Alexander Shea,jack64@example.com,Female,North Roberttown,27-06-2025
U002068,Shannon Stephenson,dorseylinda@example.org,Male,Bradshawmouth,16-08-2025
U002069,Benjamin Peterson,pughkelly@example.org,Female,East Robert,29-08-2025
U002070,Jon Ramirez,melissaroy@example.com,Male,New Joshua,09-11-2024
U002071,Tiffany Moon,fernandezsusan@example.org,Female,Avilamouth,30-10-2024
U002072,Eric Bailey,daniel93@example.net,Male,East Steven,26-06-2024
U002073,Katherine White,mooreashley@example.com,Male,West Denise,18-04-2024
U002074,Kelsey Montoya,martinezrussell@example.com,Female,Fostermouth,23-07-2024
U002075,Shawn Martin,michael39@example.com,Male,Cindyshire,17-07-2025
U002076,Shawn Smith,aturner@example.com,Other,Chaneychester,12-09-2024
U002077,Andrew Williams,ortegasandra@example.net,Other,New Brandon,01-08-2025
U002078,Christian Watson,nicole39@example.org,Female,Jonathonshire,07-05-2024
U002079,Brenda Thompson,michaellee@example.org,Male,North Susan,17-09-2025
U002080,Carlos Moore,rebecca55@example.org,Male,New Nicolebury,16-06-2024
U002081,Justin Hogan,perezrichard@example.net,Male,Heatherborough,07-11-2025
U002082,Kari Sanchez,kellysanchez@example.org,Female,Andersonside,02-03-2025
U002083,Anne Yang,daviddecker@example.com,Female,Christophershire,19-01-2024
U002084,Kimberly Potter,nedwards@example.net,Other,North David,09-02-2024
U002085,Tyler Gonzalez,lstevens@example.com,Male,Ernesttown,15-06-2024
U002086,Caitlin Camacho,knightrachel@example.com,Other,New Davidfurt,19-09-2024
U002087,Jacqueline Garcia,jesse62@example.com,Female,Thomasberg,01-11-2024
U002088,William Hardin,patrick20@example.net,Female,Martinezbury,01-04-2025
U002089,Ashley Moore,leslie24@example.org,Other,East Janet,19-01-2024
U002090,Hayley Dalton,alejandro14@example.org,Male,North Bonnie,12-02-2024
U002091,John Skinner,lwashington@example.com,Male,West Steven,12-03-2024
U002092,Nicholas Figueroa,ericdavis@example.net,Male,Lake Lori,28-10-2025
U002093,Emma Graves,garzajill@example.org,Female,Kelseyfort,05-03-2025
U002094,Ryan Walters,suzannegilmore@example.org,Male,Gomezstad,02-12-2024
U002095,Sherri Martin,qmoran@example.com,Male,Hillhaven,19-08-2025
U002096,Wesley Mueller,mariaweaver@example.com,Other,Pagefort,16-08-2024
U002097,Kristina Smith,raymond29@example.org,Other,Kevinborough,02-04-2024
U002098,Dana Flores,christopher96@example.org,Other,East Isaiah,12-08-2025
U002099,Kari Ferguson,jessica62@example.com,Other,Jacksonchester,27-08-2024
U002100,Kathleen Gilmore,davissonya@example.org,Female,West Christopher,09-05-2024
U002101,Gregory Smith,jacobsdiana@example.com,Male,Port Heather,24-01-2025
U002102,Robert Smith,maria09@example.com,Female,Leeland,28-01-2024
U002103,Justin Williams,christinawilliams@example.org,Male,East Nathan,22-11-2024
U002104,Christine Taylor,mary11@example.net,Female,South Melissa,17-05-2024
U002105,Robert Smith,stevenhopkins@example.com,Male,Campbellville,20-04-2025
U002106,Kaitlin Guerra,wellsryan@example.org,Male,Campbellhaven,23-09-2025
U002107,Michael Smith,jeremy23@example.com,Male,Davischester,02-05-2025
U002108,Meredith Nunez,tonyamercado@example.com,Female,North Dawnview,26-03-2025
U002109,Christopher Graham,sheilabaldwin@example.com,Other,Joshuaport,12-07-2024
U002110,Kaitlyn Stevens,yharrison@example.net,Other,Thomaschester,20-03-2024
U002111,Karen Henderson,kristymunoz@example.org,Female,Port Joshuachester,03-09-2025
U002112,Thomas Garrison,huntscott@example.org,Male,Harveyshire,07-07-2025
U002113,Kevin White,justinrobinson@example.com,Male,Kelseyland,09-05-2024
U002114,Gary Adams,ynorman@example.org,Female,Armstrongmouth,09-06-2025
U002115,Wendy Martin,kendra53@example.com,Other,South Anita,25-01-2025
U002116,Haley Thompson,rgross@example.org,Other,North Caitlinbury,29-01-2024
U002117,Matthew Blackwell,rharmon@example.org,Male,South Jessicabury,08-12-2024
U002118,Brittany Smith,perkinsjeffrey@example.net,Other,West Emilyton,07-08-2024
U002119,Meghan Reid,carterstanley@example.net,Other,Joshuamouth,27-07-2024
U002120,Jessica Miller,wbridges@example.com,Other,Paulamouth,05-02-2024
U002121,Natalie Fischer,ztran@example.org,Male,Donnaland,30-03-2024
U002122,Lisa Francis,maysedward@example.com,Other,New Megan,21-12-2024
U002123,Zachary Cook,jsantos@example.com,Male,West Theresastad,08-01-2024
U002124,Nicole Johnson,perezjohn@example.com,Female,Vargasbury,08-10-2024
U002125,Randy Newman,andrewsullivan@example.net,Female,New Sarahburgh,24-05-2024
U002126,Robert Barron,ppruitt@example.com,Male,New Allenhaven,17-05-2025
U002127,Deborah Jordan,waynerivera@example.net,Other,South Thomasborough,05-11-2024
U002128,James Frazier,heathersteele@example.net,Female,Archertown,26-01-2025
U002129,Leslie Gamble,melanie49@example.org,Male,Port David,22-05-2025
U002130,Jose Gates,whubbard@example.org,Other,Vegamouth,07-11-2024
U002131,Peter Lopez,farmerrichard@example.org,Female,South Jamesshire,21-01-2024
U002132,Katie Hicks,chambersashley@example.net,Male,South David,01-02-2025
U002133,Jacqueline Church,kendrahall@example.org,Other,Mclaughlintown,15-04-2024
U002134,Lynn Parker,george94@example.org,Other,East Jennifershire,31-12-2024
U002135,Stephanie Young,craigjohn@example.com,Male,Gloriatown,01-01-2025
U002136,Michael Cunningham,ycole@example.net,Other,North Christina,18-03-2024
U002137,Scott Smith,wendy82@example.com,Female,New Rita,14-07-2025
U002138,Joshua Hartman,terrykirsten@example.net,Male,South Jennyville,22-05-2025
U002139,Wayne Pennington,pwalters@example.com,Other,Lake Daniel,10-10-2024
U002140,Allison Shields,garciadebra@example.com,Other,Port Destiny,26-08-2025
U002141,Aaron Ayers,wilsonbrian@example.net,Other,South Crystal,04-03-2024
U002142,Nichole Harris,holmesrachel@example.org,Other,Mooreberg,30-01-2024
U002143,Caroline Perry,denisetownsend@example.com,Other,Karentown,27-12-2024
U002144,Andrew Thomas,stephanie27@example.net,Male,Christopherchester,27-03-2025
U002145,Rodney Vargas,ballnicole@example.com,Female,East Laurenfurt,04-01-2025
U002146,Alexis Johnson,maryallen@example.org,Female,Brownburgh,25-09-2024
U002147,Robert Chambers,juan35@example.net,Male,Mccoyburgh,11-11-2025
U002148,Matthew Boyd,fyoder@example.org,Other,Lake Julieberg,15-03-2025
U002149,Diane Brooks,lcarlson@example.org,Female,East Stephen,23-07-2024
U002150,Ian Blankenship,tsullivan@example.org,Female,New Nicholas,19-06-2024
U002151,Aaron Hull,john52@example.net,Female,Bobbystad,04-06-2025
U002152,Kathryn Scott,graveslisa@example.com,Other,Erinbury,01-06-2024
U002153,Margaret Nelson,davidsawyer@example.net,Male,Boltonbury,20-08-2025
U002154,Joshua Joseph,mhernandez@example.org,Female,South Benjamin,20-12-2024
U002155,Steven Rowe,ecampbell@example.org,Male,Bonnieshire,02-10-2024
U002156,Tammy Wyatt,denniswilliams@example.com,Female,New Alice,12-07-2025
U002157,Susan Elliott,alexbutler@example.org,Male,Fryshire,06-05-2024
U002158,Gregory Stafford,lbishop@example.net,Other,New Robin,03-02-2025
U002159,Stephanie Kelley,maliktran@example.com,Other,Hawkinsmouth,16-02-2025
U002160,Shannon Lopez,hsmith@example.org,Other,Aliciaton,30-04-2025
U002161,Michelle King,codygonzalez@example.net,Male,Port Carol,23-12-2024
U002162,David Smith,princekeith@example.org,Other,Spearsberg,15-04-2024
U002163,Jennifer Acevedo,joyce30@example.com,Other,East Kevintown,28-07-2025
U002164,Lisa Simpson,rachelbridges@example.com,Female,North Brittany,19-05-2024
U002165,Deanna Wall,vphillips@example.net,Male,West Regina,04-01-2025
U002166,Tara Banks,stonejesus@example.org,Male,New Sarahchester,13-08-2024
U002167,Sherri Garcia,angelica96@example.org,Female,Lake Vanessastad,19-10-2024
U002168,David Smith,phopkins@example.net,Other,South Christinachester,02-10-2024
U002169,Alicia Armstrong,melissa04@example.org,Female,Travisville,09-03-2024
U002170,Louis Brandt,timothymontgomery@example.com,Other,North Brettfort,01-05-2025
U002171,Dawn Jones,bryan61@example.net,Male,North Dwayne,05-12-2024
U002172,Christy Houston,garzazachary@example.org,Other,South Billy,16-08-2024
U002173,Ivan Carter,joshua74@example.net,Female,Port Josephchester,23-07-2024
U002174,Kara Nichols,kimedwards@example.org,Other,Lake Marychester,18-01-2024
U002175,Kimberly Franklin,ssoto@example.net,Female,Christopherbury,07-08-2024
U002176,Garrett Medina,christian56@example.org,Other,Benjaminland,19-10-2025
U002177,Michael Smith,amy11@example.com,Male,Greenfurt,16-01-2025
U002178,John Estrada,fwilliams@example.com,Male,North Justinshire,02-04-2025
U002179,Maria Smith,luis41@example.net,Male,Tracibury,17-06-2024
U002180,Kristina Gardner,christopherryan@example.net,Other,New Patrick,17-02-2025
U002181,Katie Rodgers,allennathan@example.net,Female,Cohenview,09-06-2025
U002182,Heather Smith,aferguson@example.org,Male,Morrismouth,05-03-2025
U002183,Rachel Campbell,nfletcher@example.org,Female,West Jennifer,02-03-2024
U002184,Brian Lee,bevans@example.net,Male,Port Kaylachester,31-03-2024
U002185,William Hanna,criddle@example.net,Male,North Tiffany,29-11-2024
U002186,Carol Gilbert,michelle11@example.org,Male,Port Peter,04-05-2025
U002187,Matthew Hill,ann52@example.com,Male,East Dominique,09-03-2024
U002188,Diana Johnson,rlindsey@example.org,Female,North Lawrence,17-03-2024
U002189,Thomas Smith,xcrane@example.net,Female,Kennethton,14-02-2025
U002190,Erika Shelton,samanthawoodard@example.org,Other,Christensenport,13-08-2025
U002191,Charles Williamson,jessica94@example.com,Female,Larachester,24-09-2024
U002192,Rick Wright,xlivingston@example.org,Other,East Kaitlynland,31-03-2024
U002193,Kevin Anderson,chess@example.org,Female,South Zachary,21-05-2025
U002194,Sarah Williams,bobfoster@example.com,Female,West Bradleyhaven,03-02-2024
U002195,Christopher Schultz,mary98@example.net,Male,North Micheleshire,29-08-2025
U002196,David Martin,daniellethomas@example.org,Other,New Joseburgh,30-01-2024
U002197,Katrina Stevens,ashley95@example.org,Male,New Debraburgh,15-04-2025
U002198,Bobby Hanson,dwilliams@example.com,Female,Michaelmouth,24-10-2025
U002199,Joshua Mccoy,bradleymitchell@example.net,Female,Heathermouth,25-06-2024
U002200,Christopher Grant,higginscaitlin@example.com,Male,Alyssaport,02-06-2024
U002201,Megan Gill,kbaird@example.org,Other,Edwardfort,29-08-2025
U002202,Brian Lyons,zsmith@example.com,Female,Port Robertberg,25-02-2025
U002203,Rodney West,shane26@example.com,Female,East Jamesland,30-07-2024
U002204,Michael Jones,erinjones@example.org,Male,South Tylerville,07-09-2024
U002205,Brian Rose,brooksharold@example.com,Female,East Johnmouth,04-08-2024
U002206,Ashley Brown,uschmitt@example.net,Female,Jasonmouth,29-07-2024
U002207,Vanessa Mcdonald,floressteve@example.net,Female,Port Dawnhaven,19-04-2025
U002208,Amanda Graham,melanie69@example.org,Other,Riveraville,11-03-2025
U002209,James Morris,qbaker@example.net,Female,Fostertown,13-01-2025
U002210,Taylor Ingram,victoriabenson@example.com,Female,New Josephtown,12-09-2024
U002211,Craig Lopez,morrisonryan@example.org,Female,East Melissa,05-07-2025
U002212,Jasmine Hale,kristianderson@example.net,Male,Robertston,08-04-2024
U002213,Ann Anderson,kathrynochoa@example.com,Female,Williamsonshire,07-05-2024
U002214,Jonathan Gonzales,christyfletcher@example.org,Other,Deniseton,22-03-2025
U002215,Gina Smith,kingvictoria@example.org,Female,Jensenbury,03-04-2024
U002216,Gregory Ramirez,jasonphillips@example.net,Female,New Brittanyberg,04-06-2025
U002217,Albert Chambers,lori15@example.com,Other,Davidfurt,31-08-2025
U002218,Sara Morris,harrissusan@example.org,Female,North Jenniferfurt,09-02-2024
U002219,Traci Lewis,jackchang@example.net,Male,East Trevor,23-06-2025
U002220,Jeffery Crosby,gtanner@example.net,Other,South Richardport,15-11-2024
U002221,Anthony Lang,clarkmichael@example.org,Female,Salinasmouth,14-05-2025
U002222,Gavin Gordon,derek41@example.net,Male,Lake Thomasport,24-02-2025
U002223,David Crawford,leonardmiranda@example.com,Female,Williamchester,12-05-2025
U002224,Devin Carroll,wilkinsonrussell@example.org,Other,Port Billyfurt,06-11-2024
U002225,William Hendrix,yware@example.com,Male,Danielport,10-05-2024
U002226,Joseph Larson,danschaefer@example.net,Other,Goodmanside,27-01-2025
U002227,Megan George,scottrobin@example.net,Female,Johnsonmouth,29-04-2025
U002228,Alexis Campbell,douglasbutler@example.com,Female,Jayberg,10-07-2025
U002229,Theresa Scott,ggarcia@example.org,Male,Lake Michelleville,24-05-2025
U002230,Keith Cantu,johnsmith@example.org,Male,Lake Shannon,13-08-2024
U002231,Vanessa Liu,reneevelasquez@example.net,Female,Sheilaport,22-05-2025
U002232,Pamela Walsh,raymond78@example.net,Other,Brownhaven,28-04-2024
U002233,Alicia Stout,jamiefox@example.net,Female,Brownside,13-06-2025
U002234,Kelly Hughes,cruzchase@example.net,Female,Lake Jennifer,27-10-2025
U002235,Mitchell Torres,peter58@example.com,Female,Hansonshire,28-01-2025
U002236,Paul Stephenson,tashachase@example.com,Other,East Randall,14-06-2025
U002237,Mary Brown,robertcruz@example.org,Other,North Robertstad,22-03-2024
U002238,Jessica Cohen,vtapia@example.com,Female,Morrisstad,08-09-2025
U002239,Michael Esparza,jonathanjordan@example.org,Male,North Paulmouth,30-08-2025
U002240,Kristin Perry,kellybrown@example.org,Other,Reyesview,18-08-2024
U002241,Eric Snow,jordan89@example.net,Female,Fitzpatricktown,10-08-2024
U002242,Melanie Harris,bbarr@example.org,Female,Port Lucas,08-04-2024
U002243,Bobby Brown,mullenricky@example.org,Female,Lisaview,17-11-2024
U002244,Jason Day,thompsonlaura@example.com,Male,New Cherylside,15-04-2024
U002245,Tonya Frank,julie34@example.net,Other,New Kaylaland,01-06-2024
U002246,Thomas Washington,rtaylor@example.com,Female,New Joseph,17-07-2025
U002247,Paul Nelson,evansrobin@example.com,Other,West Karen,23-05-2024
U002248,Hayley Evans,berrytyrone@example.net,Female,New John,15-09-2024
U002249,Matthew Clayton,taylortoni@example.org,Female,Lake Christina,13-01-2024
U002250,Debra Stokes,solistara@example.com,Other,West Abigail,03-07-2024
U002251,Monica Mcdonald,eric31@example.net,Male,Ortegafort,21-02-2025
U002252,Samuel Cox,stephanie14@example.org,Male,Rojashaven,14-07-2024
U002253,James Mason,maryflores@example.net,Other,Hortonview,08-05-2025
U002254,Robert Sanchez,garysnow@example.org,Other,Jenniferfurt,13-03-2024
U002255,Katherine Martin,sroberson@example.net,Female,North Melinda,05-05-2025
U002256,Holly Cruz,meganlewis@example.net,Female,West Christopherhaven,30-10-2024
U002257,Lauren Davis,kenneththomas@example.com,Other,Lorraineshire,23-09-2025
U002258,Cindy Wheeler,mahoneysarah@example.org,Other,South Jenny,01-08-2024
U002259,Thomas Cole,hoopernicole@example.org,Other,Sheltonshire,30-05-2024
U002260,Jeanette Hogan,rstewart@example.net,Male,Brownside,08-02-2024
U002261,Steven Griffin,jacqueline17@example.com,Male,Edwardsborough,10-07-2024
U002262,Chris Cardenas,cameronkaitlyn@example.com,Male,West Brandymouth,09-02-2025
U002263,Brian Carpenter,william96@example.org,Other,Serranoborough,03-12-2024
U002264,Andrea Ramos,aliciacallahan@example.org,Other,Rossberg,11-12-2024
U002265,Raymond Rodriguez,wallskristie@example.net,Female,Lake Melissaland,11-06-2024
U002266,Lindsay Garcia,yboone@example.org,Male,Port Lindsey,09-01-2025
U002267,Tracy Sexton,mespinoza@example.org,Male,North Shawnberg,19-03-2025
U002268,Kimberly Lawrence,paullawson@example.org,Male,West Rebecca,30-05-2024
U002269,Sarah Kim,catherine70@example.org,Male,Bradleyfort,15-12-2024
U002270,William Gutierrez,wendylee@example.com,Other,Smithfort,12-08-2024
U002271,Jodi Cannon,craigmurphy@example.net,Female,Lake Meganmouth,29-10-2024
U002272,Rebecca Howard,warrenchristine@example.net,Female,New Joshua,27-10-2024
U002273,Jose Collins,danieljones@example.org,Female,Pamton,16-07-2025
U002274,Jacqueline Goodwin,tiffanymcguire@example.org,Other,South Amanda,21-03-2025
U002275,Mark Brady,manningbrandi@example.com,Male,Williamsonside,30-10-2024
U002276,Nicole Hall,linda45@example.com,Other,Josefort,06-02-2024
U002277,Kelly Herman,lorihenderson@example.com,Male,Lisaland,27-01-2025
U002278,Sharon Austin,frobinson@example.net,Other,Port David,22-10-2024
U002279,Tyrone Chavez,carolynwarner@example.org,Female,Hallhaven,02-02-2025
U002280,Anita Paul,taylormaria@example.com,Female,Sandraport,26-09-2024
U002281,Wendy Perez,kevinbennett@example.net,Female,Caseystad,15-03-2025
U002282,Jonathan Wright,brobles@example.com,Female,West Kelly,04-03-2025
U002283,Thomas Scott,jessicareed@example.net,Male,Amyland,19-09-2024
U002284,Tony Yang,colemanscott@example.com,Other,East Priscillaland,22-09-2025
U002285,Clifford Cunningham,brewersherri@example.org,Male,Port Kathryn,17-12-2024
U002286,Elizabeth Hughes,thorntonjonathan@example.net,Other,Lake Tommy,27-07-2025
U002287,Anthony Davies,amandaroberts@example.net,Female,East Kelli,03-11-2024
U002288,Edward Nixon,tanya09@example.net,Female,Mannburgh,20-01-2024
U002289,Pamela Perry,mstevens@example.net,Female,Fritzchester,20-03-2024
U002290,Christian Taylor,julie34@example.org,Other,East Lauraberg,24-10-2024
U002291,Holly Robinson,jonesvanessa@example.net,Female,Stantonside,01-04-2024
U002292,Robert Howard,davismichelle@example.net,Male,West Edwardport,30-05-2024
U002293,Richard Hill,jensenjason@example.com,Male,South Kevinfurt,07-07-2024
U002294,Ryan Parker,hli@example.net,Male,Sanchezberg,13-09-2025
U002295,Carl Richards,jill69@example.net,Other,Michaelburgh,16-09-2024
U002296,Todd Gonzales,lisa49@example.org,Male,East Saraside,13-03-2025
U002297,Teresa Paul,matthew34@example.com,Female,Nancyfurt,09-08-2024
U002298,Henry Lozano,ashleyturner@example.org,Other,North Johnny,25-11-2024
U002299,Nicholas Stevenson,brookstimothy@example.net,Female,East Michael,04-09-2024
U002300,Heather Chapman,ulawrence@example.org,Other,East Nancytown,19-03-2024
U002301,Brandy Mitchell,bsimpson@example.com,Male,New Jameshaven,17-07-2024
U002302,Wayne Brown,fhanna@example.com,Female,New Christopher,04-07-2025
U002303,Calvin Perez,knichols@example.net,Female,Port Alexisside,03-03-2024
U002304,Stephen Williams,umccoy@example.com,Other,Davidmouth,23-02-2024
U002305,Richard Kelley,thomasronald@example.net,Female,East Sandra,27-07-2025
U002306,Nathan Baker,alexanderjohnson@example.org,Male,North Jackson,08-05-2025
U002307,Morgan Davila,renee05@example.org,Other,West Joyce,09-12-2024
U002308,Kristina Johnson,gcastillo@example.com,Female,West Luisshire,06-03-2024
U002309,Andrew Bird,pcoleman@example.org,Other,East Derek,22-01-2025
U002310,Benjamin Esparza,mistymatthews@example.org,Female,North Nathan,03-04-2024
U002311,Anthony Woodward,jeffersondaniel@example.org,Male,Amandaborough,05-04-2024
U002312,Craig Perez,michaelholmes@example.org,Male,East John,01-06-2024
U002313,Matthew Heath,mathew34@example.org,Male,Evansport,12-02-2025
U002314,Ronnie Smith,brandy66@example.org,Male,Gordonton,20-02-2025
U002315,Brandy Kelly,ochristensen@example.net,Female,Weberbury,14-05-2025
U002316,Ashley Walsh,gregory73@example.com,Male,Davenportland,08-07-2024
U002317,Gregory Reyes,vwatson@example.net,Other,West Tonyfurt,16-08-2024
U002318,Mitchell Sanchez,harveyrobert@example.com,Female,West Thomasstad,18-10-2025
U002319,Richard Perkins,erik74@example.com,Male,Cortezbury,29-05-2024
U002320,Ann Hale,omartinez@example.net,Other,Julieberg,19-08-2024
U002321,Natalie Mann,lsnyder@example.org,Female,Dakotafort,17-07-2024
U002322,Danielle Boyer,vtapia@example.net,Other,West Joseph,25-02-2024
U002323,Justin Dunn,ksanchez@example.org,Female,Gloverfurt,05-10-2025
U002324,Dylan Cunningham,christinagoodwin@example.net,Other,South Colebury,14-05-2025
U002325,Vincent Garcia,heatherdavis@example.org,Male,South Lindsayfort,05-04-2025
U002326,Brian Vazquez,hahnjoshua@example.net,Other,Olsenside,30-03-2024
U002327,Andrew Kemp,kdennis@example.org,Other,East Tiffanyport,10-09-2025
U002328,James Tate,usanders@example.net,Female,Maryshire,29-09-2024
U002329,Cynthia Price,maxwell63@example.org,Female,South Dillonshire,09-11-2025
U002330,Brianna Lam,lewislori@example.com,Male,Lake Danielchester,11-08-2025
U002331,Patrick Carter,adavis@example.com,Other,South Evelynside,25-04-2025
U002332,Mark Greene,garciapeter@example.org,Other,Kristenshire,02-06-2024
U002333,Richard Higgins,jessica01@example.org,Other,East Joseph,19-01-2024
U002334,Thomas Wade,ndouglas@example.net,Other,Amandaville,04-07-2024
U002335,Margaret Gardner,christopher01@example.com,Male,Burketon,11-07-2024
U002336,John Stephens,moralestheresa@example.net,Female,Port Angelport,20-02-2024
U002337,Sandra English,hernandezanna@example.com,Other,Frostfurt,24-03-2025
U002338,Yvette Adkins,waltercarrie@example.org,Male,Drewborough,18-09-2025
U002339,Paula Michael,angela20@example.org,Male,Jameschester,25-06-2024
U002340,Timothy Joyce,tuckersheila@example.net,Male,East Samanthafurt,11-02-2024
U002341,Mario Castillo,gibbsdarren@example.org,Male,New Evelyntown,10-02-2024
U002342,Kevin Marshall,martinsarah@example.net,Male,West Christopherberg,12-11-2025
U002343,Stephen Chen,derrick71@example.net,Female,South Thomas,28-07-2025
U002344,Travis Phillips,elopez@example.org,Male,North Samanthafort,14-12-2024
U002345,Tara Sandoval,kmartinez@example.com,Female,East Darlene,25-07-2024
U002346,Justin Williams,christopherrogers@example.com,Other,South Candicechester,22-03-2024
U002347,Jacob Jones,lisa52@example.com,Other,Port Diana,22-10-2025
U002348,Patricia Smith,justin17@example.net,Female,Abigailstad,20-05-2025
U002349,Cassandra Hunter,tinajohnson@example.org,Female,Ryanstad,18-10-2024
U002350,Sally Clark,kimberly42@example.org,Other,Littleland,04-10-2025
U002351,Peter Anderson,richard04@example.com,Male,South Andrewton,07-11-2024
U002352,Michele Valdez,daniel30@example.com,Other,Callahanview,26-02-2024
U002353,Jackie Wallace,mcdowelladam@example.net,Male,Ortizton,28-01-2024
U002354,Vanessa Brock,tuckeramanda@example.org,Male,Russellborough,04-04-2025
U002355,Daniel Bell,donaldthomas@example.org,Female,East Angela,09-12-2024
U002356,Amanda Ruiz,aliciahoward@example.net,Female,Anthonyview,13-07-2024
U002357,Jessica Spencer,hjacobs@example.org,Other,Pamelaville,04-03-2024
U002358,Sharon Reed,mckenziesonya@example.com,Other,West Tammy,26-04-2025
U002359,Sara Martin,sandrasmith@example.com,Female,Davidstad,07-10-2025
U002360,Angela Williams,bwarren@example.org,Other,Port Charlesport,16-10-2025
U002361,Keith Delacruz,john19@example.com,Female,Port Kathleen,10-03-2024
U002362,Cody Rios,terrence67@example.com,Female,New Benjamin,04-06-2025
U002363,William Peters,andrewwalker@example.com,Other,Zavalaside,28-02-2024
U002364,Tammy Nunez,stevenrichards@example.org,Male,North Jeffrey,15-03-2025
U002365,Jessica Higgins,sarah36@example.net,Male,West Lisaside,27-03-2025
U002366,Maxwell Vasquez,brittany40@example.net,Female,Jacobtown,09-08-2024
U002367,Carrie Jordan,norrismichael@example.org,Other,Smithland,24-07-2025
U002368,Paul Fisher,jesusavila@example.com,Male,Englishland,12-05-2025
U002369,Douglas Perry,taylorjeffrey@example.org,Female,Jamesfurt,29-09-2024
U002370,Eugene Salazar,tphillips@example.com,Female,Heathburgh,25-02-2025
U002371,Nancy Smith,emma32@example.com,Other,East Kevin,09-08-2024
U002372,Anthony Miller,kylecortez@example.com,Other,Port Raymond,04-01-2024
U002373,Amanda Stewart,meghan90@example.com,Female,Port Victor,14-03-2024
U002374,Alexis Ramirez,shannon33@example.org,Male,New Laura,07-07-2025
U002375,Kelly White,melindamorris@example.net,Other,New Paul,07-04-2025
U002376,Andrew Clayton,slong@example.net,Other,South Ericfort,01-02-2024
U002377,Eric Taylor,anthonymiller@example.com,Other,North Michael,21-07-2024
U002378,Gregory Sullivan,thomasmooney@example.org,Male,Walkerberg,13-06-2024
U002379,Karen Maddox,combsbrenda@example.net,Male,West Amandastad,14-07-2025
U002380,Edward Butler,rodriguezjohn@example.org,Female,West Christine,06-01-2024
U002381,Tony Munoz,brownandrew@example.net,Other,Russellfurt,30-11-2024
U002382,Meagan Bennett,holly18@example.net,Male,Michaelport,10-04-2024
U002383,Shannon Bright,jeremymitchell@example.com,Male,East Julia,02-01-2024
U002384,Paul Burton,imoon@example.org,Other,Martinport,26-02-2024
U002385,Keith Sanchez,pattondavid@example.com,Male,Jamesville,28-10-2024
U002386,Elizabeth Dickson,tcosta@example.com,Female,Brianburgh,21-09-2025
U002387,Deborah Malone,martinezkristen@example.org,Male,Port Isabellamouth,26-03-2025
U002388,Brian Bates,moorejohn@example.net,Male,South Timothyside,22-11-2024
U002389,Scott Hughes,nchen@example.com,Female,East Edward,09-04-2025
U002390,David Kelly,charlestaylor@example.net,Other,Deborahstad,12-04-2025
U002391,Rhonda Miller,megan94@example.org,Male,North Anthonybury,10-10-2024
U002392,Matthew Odonnell,morganwarner@example.org,Female,East Jordan,06-11-2024
U002393,Donna Shaw,njames@example.org,Other,Fischerside,23-08-2024
U002394,Dakota Hopkins,lauriecrawford@example.com,Female,West Paulahaven,03-05-2025
U002395,Clinton Maxwell,olsenlinda@example.org,Male,Longburgh,05-04-2024
U002396,Michelle Mcdowell,bryce27@example.org,Female,Lesliestad,21-10-2024
U002397,Lindsey Wright,emily56@example.net,Male,Maddenview,30-05-2024
U002398,William Chapman,fredolsen@example.net,Other,Jeanville,27-12-2024
U002399,Richard Taylor,benjaminbeth@example.net,Other,Murphyside,15-01-2024
U002400,Michele Thomas,clinekatie@example.com,Female,Dawsonburgh,27-09-2025
U002401,Jesse Flores,austinbreanna@example.org,Male,Gailview,12-02-2025
U002402,Charles Johnston,samuel50@example.org,Other,Port James,15-08-2025
U002403,Steven Riggs,ihodge@example.com,Female,Port Aprilton,02-09-2025
U002404,James Santos,claytonchavez@example.net,Other,Port John,09-11-2024
U002405,Jessica Moore,householly@example.com,Other,Calebfurt,31-10-2024
U002406,Katie Wallace,ogonzalez@example.org,Male,Port Michelle,29-11-2024
U002407,Abigail Gonzalez,jonesdevon@example.org,Other,Port Stacyton,01-11-2025
U002408,Jennifer Holmes,david48@example.org,Other,Port Jason,01-09-2025
U002409,Emma James,sheenavazquez@example.net,Male,Jimenezland,03-08-2025
U002410,Patrick Christian,catherine46@example.net,Other,North Anna,21-04-2025
U002411,Robert Carroll,wilsonjacob@example.com,Other,Kathrynland,10-09-2024
U002412,Sarah Brooks,jonesrachel@example.com,Male,Rodriguezstad,13-09-2025
U002413,Alyssa Vazquez,fernandezbrandon@example.net,Male,West Jonathanland,22-06-2025
U002414,Bryan Allen,richard85@example.org,Other,Port Mark,11-02-2024
U002415,Diamond Hill,thomasellis@example.com,Other,East Bobbytown,23-12-2024
U002416,Richard Velazquez,hcampbell@example.com,Other,Dunnton,11-03-2024
U002417,Sara Johnson,qtyler@example.org,Other,Merritthaven,03-03-2024
U002418,Debbie Harris,grahamdaniel@example.net,Female,Colemanhaven,19-04-2025
U002419,Daniel Carroll,yserrano@example.com,Other,Bethhaven,30-10-2025
U002420,James Gutierrez,ukane@example.com,Male,West Taraside,18-05-2024
U002421,Jake Kelly,chapmanrobert@example.com,Male,New Mike,21-05-2024
U002422,John Wright,justinhughes@example.net,Male,North Taylor,06-09-2024
U002423,Timothy Hansen,maldonadoamber@example.com,Male,Pattersonfort,15-06-2025
U002424,Jared Briggs,adamkramer@example.com,Other,East Rachel,17-02-2025
U002425,Timothy Cruz,jonathanjones@example.com,Other,East Luishaven,12-11-2024
U002426,Kevin Rodriguez,adamstephens@example.org,Female,New Sabrinafort,10-09-2024
U002427,Jennifer Smith,ocannon@example.net,Other,South Laura,26-03-2024
U002428,Samantha Clements,martinezkathleen@example.com,Male,West David,16-11-2024
U002429,Denise Dorsey,aaronmorrison@example.org,Other,Solomonberg,16-05-2025
U002430,Margaret Moran,donald44@example.com,Female,Lake Tamara,20-02-2024
U002431,Donna Allison,gduke@example.net,Other,Michaelshire,26-08-2024
U002432,Thomas Bennett,zbailey@example.com,Other,Russellton,02-02-2025
U002433,Jennifer Gray,jamesmaxwell@example.org,Male,New Jenniferberg,19-02-2025
U002434,Madison Campbell,valeriejames@example.net,Female,Jamesmouth,20-04-2024
U002435,Susan White,rileykathleen@example.org,Other,South Andrewport,02-03-2025
U002436,John Williams,cookkristina@example.net,Other,North Rebeccamouth,23-11-2024
U002437,Jacqueline Williams,jfletcher@example.com,Female,North Williamberg,26-01-2024
U002438,Ann Robbins,megan59@example.com,Other,East Lucas,01-10-2024
U002439,Jennifer Howard,greenedaniel@example.net,Female,Kennedyland,13-12-2024
U002440,Patrick Waller,ymercer@example.com,Female,Port Eric,13-07-2025
U002441,Christopher Cooley,xdiaz@example.net,Male,West Philip,22-08-2025
U002442,Michele Vargas,vanessajimenez@example.org,Other,Aaronton,15-08-2024
U002443,Jessica Barrett,payneelizabeth@example.org,Female,Elizabethfurt,16-04-2025
U002444,Luis Lawrence,joshua27@example.org,Female,Bestborough,24-06-2025
U002445,Natasha Horton,vanessaflores@example.com,Female,South Carmen,14-05-2025
U002446,Peggy Cain,meadowsbrian@example.org,Male,New Lorishire,05-06-2025
U002447,Angela Meyer,pachecokyle@example.net,Other,East Alisonbury,09-06-2024
U002448,Stephanie Brown,colleenwilliams@example.net,Male,North Sandra,17-08-2024
U002449,Cynthia Butler,sanchezrobert@example.org,Male,New Kristinaland,28-04-2025
U002450,Derrick Reid,baileytracey@example.net,Female,Kimberlyview,05-04-2024
U002451,Melanie Wiggins,charlesclayton@example.org,Female,West Erinborough,10-06-2025
U002452,Judith Smith,mcrawford@example.net,Female,Montgomeryport,06-04-2025
U002453,Cody Richards,burgessdonald@example.com,Female,South Yolanda,31-10-2025
U002454,Michael Johnson,sullivantodd@example.com,Male,New Tylerfurt,16-05-2025
U002455,David Schmidt,robertyoung@example.net,Female,Angelfurt,17-08-2025
U002456,Kimberly Martin,kjackson@example.org,Other,Reynoldsmouth,24-08-2025
U002457,Hayley Smith,sethsanders@example.com,Male,Garyside,18-12-2024
U002458,Carrie Mcclain,fordbeverly@example.org,Female,Arianaville,19-09-2025
U002459,Matthew Woods,uhernandez@example.net,Other,Jamestown,02-04-2024
U002460,Jacob Hawkins,stewartsandra@example.net,Female,Davidmouth,10-01-2025
U002461,Stacey Hughes,marnold@example.net,Other,Port Donstad,15-03-2024
U002462,Michael Davis,hmiller@example.com,Female,Williamsstad,16-08-2025
U002463,Adam Morrison,joseph28@example.com,Female,Baileymouth,13-06-2025
U002464,Courtney Day,brittanysmith@example.org,Male,West Cynthia,09-11-2025
U002465,William Houston,snydergeorge@example.org,Female,Stanleystad,13-02-2024
U002466,Howard Perez,rickyclark@example.org,Other,South Garyton,12-04-2024
U002467,Stephanie Fowler,shepardlisa@example.org,Other,Curtischester,10-01-2024
U002468,Jacqueline Andrews,john40@example.net,Male,Troyland,05-04-2024
U002469,Kathryn Torres,rachel74@example.org,Female,Danielsfort,05-07-2025
U002470,Michael Torres,jeffery51@example.com,Male,Riosside,23-06-2025
U002471,Elaine Barnes,elizabethbrennan@example.net,Female,Port Kenneth,29-10-2025
U002472,Jeremy Case,diana62@example.com,Male,Lewisfurt,22-05-2025
U002473,Zachary Allen,valencialisa@example.com,Female,Alicetown,21-07-2025
U002474,Rachel Roberts,kendrasantos@example.net,Female,Lake Maria,24-09-2025
U002475,John Cantrell,sshea@example.com,Male,West Andrewport,21-06-2024
U002476,Brian Vang,carlsonamanda@example.com,Male,Martintown,06-08-2024
U002477,James Jackson,ashleyterry@example.com,Male,Lake Tracy,04-02-2024
U002478,Teresa Edwards,elizabeth03@example.net,Male,North Robertmouth,07-04-2024
U002479,Michael Gomez,hannahfields@example.com,Female,Andrewburgh,17-01-2025
U002480,Clinton Clark,nicoletaylor@example.com,Female,Kelseybury,18-10-2025
U002481,Karen Oliver,jacob11@example.org,Other,Lake Michael,17-07-2025
U002482,Victoria Jackson,jack74@example.org,Female,Pittmanfurt,20-01-2024
U002483,Linda Cooper,millstyler@example.net,Male,New Jennifer,11-09-2025
U002484,Kelly Blevins,crystal60@example.net,Male,New Jesseville,27-08-2024
U002485,Elizabeth Leblanc,maria53@example.net,Female,Halechester,23-02-2024
U002486,Jacob Bruce,pbryant@example.com,Other,Paulberg,02-04-2024
U002487,Elizabeth Rivas,sylvia26@example.com,Other,East Karentown,01-08-2025
U002488,Alicia Dixon,amyers@example.net,Female,South Ashleyland,17-12-2024
U002489,Ryan Smith,sandraharper@example.org,Male,Garnerton,16-02-2025
U002490,Antonio Rivera,samanthamartinez@example.net,Male,Alexanderville,31-07-2024
U002491,Stephanie Lewis,mariaschmidt@example.net,Female,West Wayneland,10-10-2025
U002492,Debra Brown,cathy36@example.com,Other,Brandonberg,25-03-2025
U002493,Kristen Young,jonathanruiz@example.com,Female,Grayburgh,13-01-2025
U002494,Caleb Higgins,brittany44@example.org,Female,New Melissaborough,18-02-2025
U002495,John Andrade,jeffrey10@example.net,Female,Lake Tina,18-03-2025
U002496,David Day,alfred29@example.org,Female,Jacobsfurt,26-11-2024
U002497,Susan Lamb,klewis@example.net,Male,Port Ronaldland,09-09-2025
U002498,Jessica Burns,ericwheeler@example.org,Male,Bradleyland,23-05-2025
U002499,Scott Shelton,hstrickland@example.org,Female,Derrickhaven,22-06-2025
U002500,Tony Ramos,michael99@example.net,Other,West Michelleton,11-04-2025
U002501,Louis Smith,adamparsons@example.com,Female,New Troy,22-06-2024
U002502,Paige Garner,dana02@example.net,Male,Wesleymouth,23-02-2025
U002503,Brandon Wong,nelsoncassandra@example.net,Male,West Ricky,04-06-2025
U002504,Erin Evans,herrerajennifer@example.org,Other,Weaverville,16-04-2025
U002505,Pamela Greer,seanjones@example.com,Female,East Johnfurt,31-01-2024
U002506,Amy Moore,garciaamanda@example.net,Male,West Laura,11-02-2024
U002507,Kelli Singh,keithemily@example.net,Male,Lake Kimberlychester,28-04-2024
U002508,Maureen Young,wongjacqueline@example.org,Female,Burkemouth,01-06-2024
U002509,Brittany Torres,lpatterson@example.org,Female,North Michaelland,27-05-2025
U002510,Jennifer Deleon,dgentry@example.org,Other,Allenside,24-06-2024
U002511,Laura Bauer,dalton37@example.org,Other,Christopherville,06-09-2024
U002512,Breanna Miller,lauren45@example.com,Other,Robertfort,26-08-2025
U002513,Randall Morgan,greeneshawn@example.com,Female,East Scottville,06-04-2024
U002514,Emma Mason,meghanallen@example.com,Female,Rodriguezfurt,15-04-2025
U002515,Patrick Frank,shelbywatson@example.com,Other,South Corey,07-06-2025
U002516,Melissa Woods,madeline02@example.net,Male,East Grace,07-01-2025
U002517,Kathleen Roberts,lblackwell@example.com,Male,Harrisborough,26-09-2025
U002518,Stephanie Rodriguez,gbutler@example.net,Female,Grantville,01-01-2024
U002519,Kenneth Perez,vmooney@example.com,Male,South Jose,13-09-2024
U002520,John Edwards,ewatkins@example.org,Female,South Andrea,19-01-2024
U002521,Jesse Johnson,tommorrison@example.net,Other,South Jessica,17-06-2025
U002522,Christian Cooper,juliethomas@example.net,Female,Lake Dawnfort,17-04-2025
U002523,Patrick George,caleb40@example.com,Female,New Clinton,01-10-2025
U002524,George Palmer,timothy83@example.org,Female,New Dannyshire,06-01-2025
U002525,Sonya Pearson,ccook@example.net,Male,Marissafort,12-06-2025
U002526,Bonnie Cole,stewartsarah@example.org,Female,South Davidview,03-09-2025
U002527,Robert Rogers,vkelly@example.org,Male,North Ryanfort,08-01-2025
U002528,Lauren Dickerson,richard31@example.com,Other,Port Clinton,24-05-2024
U002529,Tina Richardson,shane26@example.org,Other,Carlsonchester,11-02-2025
U002530,Robin Hunter,berrypatricia@example.net,Male,South Alyssaburgh,29-05-2024
U002531,Daniel Clark,porterronald@example.com,Female,Jacobburgh,22-04-2025
U002532,Jeffrey Terrell,robertmartinez@example.org,Other,South Christinahaven,19-03-2024
U002533,Beth Webster,collinscarolyn@example.org,Female,South Emily,13-08-2024
U002534,Kara Watson,wesley56@example.org,Male,East Timothyview,15-02-2025
U002535,Jeffery Chen,reneewaters@example.com,Female,South Lindseyland,14-11-2025
U002536,Jackie Lopez,sotomegan@example.com,Other,Dillonburgh,24-07-2025
U002537,Daniel Warner,jasminesullivan@example.org,Female,Lake Amberbury,10-09-2025
U002538,Jose Scott,jenniferpeters@example.com,Other,North Lee,25-01-2025
U002539,Brian Allen,hharper@example.net,Female,Kimberlyton,28-05-2024
U002540,Roy Stanley,nicole98@example.com,Other,Lake Joshua,21-03-2025
U002541,Anna Curry,jacquelinemurray@example.net,Other,West Debra,13-05-2025
U002542,Christopher Morales,jonesjamie@example.net,Other,Leechester,04-06-2025
U002543,Timothy Taylor,tsandoval@example.com,Male,Lake Samanthaport,05-11-2024
U002544,George Jackson,clifford98@example.net,Male,Port Lisa,31-03-2024
U002545,Rita Lopez,ryanparker@example.org,Male,New Coryport,08-10-2024
U002546,Gary Hodges,eric02@example.net,Female,Johnstad,17-07-2024
U002547,Carolyn Gonzales,jacqueline11@example.net,Female,Sandovalmouth,06-01-2024
U002548,Joshua Salazar,dakota75@example.org,Female,East Taylormouth,11-10-2024
U002549,Daisy Evans,veronica90@example.net,Other,South Michelle,31-07-2024
U002550,Lydia Jones,lucasflores@example.com,Female,Lake Becky,01-04-2025
U002551,Austin Frye,timothydawson@example.com,Male,Greeneburgh,08-11-2025
U002552,Jesus Medina,carrollchristopher@example.org,Male,New Erica,24-01-2025
U002553,Laura Logan,david24@example.org,Other,Colemanburgh,25-07-2025
U002554,Jacob Ortiz,lindacraig@example.net,Other,East Jonathan,16-12-2024
U002555,Curtis Krueger,ngraham@example.com,Female,New Ryanstad,19-11-2024
U002556,Gregory Wright,patrickoliver@example.org,Other,Matthewmouth,09-07-2025
U002557,Matthew Wall,frank88@example.net,Male,Chelseafort,02-07-2024
U002558,Michelle Wright,mroman@example.com,Male,Markmouth,30-07-2025
U002559,Mary Ruiz,bradley71@example.net,Male,North Benjamin,15-02-2025
U002560,Brianna Hill,rlewis@example.com,Male,Estradahaven,08-02-2025
U002561,Russell Chapman,stephen61@example.com,Other,Port Michellechester,20-10-2025
U002562,Christopher Green,fodonnell@example.org,Female,Port Alexandra,03-02-2025
U002563,Stephanie Randolph,zgarcia@example.com,Female,Robertmouth,28-06-2025
U002564,Matthew Daniels,racevedo@example.org,Other,Henryport,01-01-2024
U002565,Olivia Vega,justinclark@example.com,Female,Johnstonmouth,27-06-2024
U002566,Tiffany House,katherine05@example.com,Male,Vincentshire,13-01-2024
U002567,Jerome Cooper,taylorjennifer@example.com,Other,Port Ann,25-06-2025
U002568,Marie Herrera,rachelsolis@example.org,Other,Susanberg,19-02-2024
U002569,Tina Fleming,ambersavage@example.com,Male,Garnerfurt,14-08-2024
U002570,Kevin Haney,sotokathleen@example.org,Female,Ashleychester,21-08-2025
U002571,Miranda Lambert,marcusbell@example.org,Other,North Kaylaberg,10-08-2025
U002572,Belinda Burke,rasmussencheryl@example.org,Female,Port Kellyhaven,27-10-2024
U002573,Dylan Oneill,hstevens@example.com,Male,Williamsborough,11-08-2025
U002574,Robert Williams,julielewis@example.com,Female,Jasonview,21-09-2024
U002575,Kimberly Gray,jessemedina@example.net,Other,East Jeffrey,02-10-2024
U002576,Robert Woods,westjeffrey@example.org,Other,Turnerstad,27-10-2024
U002577,Olivia Thompson,yzamora@example.org,Female,Wallacemouth,11-11-2024
U002578,William Winters,qcervantes@example.com,Other,Christinaport,21-04-2025
U002579,Shelley Combs,devon53@example.com,Female,Cobbtown,20-03-2025
U002580,Kristen Alvarez,ebarnes@example.com,Other,West Monicatown,20-10-2025
U002581,Timothy Mcdonald,parkersean@example.org,Other,Christophermouth,17-10-2025
U002582,Katie Pearson,brianchapman@example.org,Other,New Melissaton,30-05-2025
U002583,Nathan Kelly,johnroberts@example.com,Female,Johnmouth,28-06-2025
U002584,Roberto Sanchez,robinhancock@example.org,Other,Jordanton,23-03-2025
U002585,Rose Lambert,hensleybenjamin@example.com,Other,Port Yvonneland,07-03-2025
U002586,Jill Briggs,madison11@example.net,Female,Bassland,17-02-2024
U002587,Cristian Tanner,kaitlynwest@example.com,Female,Simmonsport,29-02-2024
U002588,Thomas Coleman,dixonkathryn@example.com,Male,Caldwellview,14-05-2025
U002589,Jessica Jenkins,jkelley@example.net,Female,Lake Nathanberg,07-05-2025
U002590,Matthew Burke,alvin91@example.com,Female,Lake Jesse,09-09-2024
U002591,Jessica Andrews,tylerodonnell@example.org,Other,Joshuafort,07-06-2024
U002592,Cindy Henderson,carlosbrown@example.org,Male,North Amanda,10-04-2025
U002593,Kyle Parker,jasongarza@example.org,Female,Shawnhaven,14-09-2024
U002594,Jose Evans,maria03@example.com,Other,Juliantown,20-08-2024
U002595,Julie Chambers,kristacastillo@example.org,Female,Victoriaside,28-09-2025
U002596,Evelyn Fischer,fgutierrez@example.com,Other,Codyland,18-09-2025
U002597,Samantha Jones,alankelly@example.com,Other,West Rachel,25-10-2025
U002598,Kelsey Nichols,baileystephanie@example.net,Other,Danaville,25-10-2025
U002599,Carrie Cooper,lambalexandra@example.net,Male,East Teresaside,30-11-2024
U002600,Mark Aguirre,bennettmichael@example.net,Other,East Amanda,31-10-2025
U002601,Colton Robinson,kelleyjennifer@example.org,Female,East Susanland,06-10-2025
U002602,Michelle Lopez,jadehendrix@example.org,Female,Robinville,14-07-2025
U002603,Nancy Andrews,tiffanyboone@example.net,Other,East Bryanmouth,16-04-2025
U002604,Rebecca Phillips,phillipsrichard@example.org,Other,North Martin,15-04-2024
U002605,Michael Sweeney,floresbenjamin@example.org,Other,Kennethmouth,14-03-2025
U002606,Christopher Joseph,jensenpamela@example.com,Male,Christinaport,28-10-2024
U002607,Lawrence Bryant,zyoung@example.com,Other,Vanessaport,29-03-2025
U002608,Angela Beltran,thomassheila@example.net,Male,Matthewton,22-03-2024
U002609,Gabrielle Donovan,johnsonteresa@example.net,Other,Hendrixfurt,12-10-2024
U002610,Christopher Brown,ernestwright@example.net,Female,South Amandachester,16-04-2025
U002611,Sara Hernandez,chenvictor@example.net,Male,Jacksonfurt,17-07-2025
U002612,Ashley James,anthonylee@example.com,Other,Berryland,25-07-2025
U002613,Alex Carroll,ebonywalters@example.net,Other,Travisberg,25-05-2025
U002614,Stephen Warner,dustinwilliams@example.net,Other,Durhamview,12-01-2025
U002615,Christina Moss,linda87@example.org,Other,New Michael,17-01-2025
U002616,Jacob Love,riverawendy@example.net,Female,Lake Sarahhaven,20-07-2024
U002617,Linda Williams,thompsonsavannah@example.org,Male,Alexanderstad,30-09-2024
U002618,Olivia Baker,mschwartz@example.com,Other,Lake Bethanyview,02-08-2025
U002619,Cynthia Stanton,ryan43@example.org,Male,South Markstad,18-08-2025
U002620,Dennis Robertson,gschmidt@example.com,Male,Baileybury,22-10-2024
U002621,Pedro Haley,iholland@example.net,Other,North Victoriaborough,20-02-2024
U002622,Albert Ramirez,elizabeth71@example.net,Other,East Williamborough,15-01-2025
U002623,Kathleen Cross,jessica82@example.net,Male,Kyleshire,13-08-2024
U002624,David Stevens,kruegerjesus@example.com,Male,New John,01-05-2025
U002625,Christopher Moss,dlewis@example.net,Male,Jessicaberg,02-09-2024
U002626,Phillip Smith,michelle86@example.net,Female,Davenportmouth,25-03-2025
U002627,Donna Watkins,michaelalvarado@example.net,Female,Port Norma,16-09-2024
U002628,Fred Herrera,wolfdaniel@example.org,Female,East Nathaniel,25-12-2024
U002629,Rachel Palmer,tnichols@example.net,Male,Washingtonchester,29-01-2024
U002630,Wayne Bishop,zramirez@example.net,Female,South Teresa,13-03-2025
U002631,Autumn Guerra,fcook@example.org,Other,Daisyland,17-05-2025
U002632,Marcus Cooper,carol28@example.net,Male,Hillmouth,03-10-2025
U002633,Christopher Jennings,tara62@example.com,Female,Morrisville,22-10-2025
U002634,Denise Tyler,vcoleman@example.org,Other,Christiestad,27-07-2025
U002635,Charles Howard,hcollins@example.net,Other,Alexanderchester,22-06-2025
U002636,Jennifer Mcintyre,knightjamie@example.net,Female,North Mary,11-06-2024
U002637,James Johnson,barbara22@example.com,Other,East Alice,27-09-2024
U002638,Latoya Lewis,timothyortiz@example.org,Other,Ryanton,03-06-2025
U002639,Linda Sawyer,hilllaura@example.org,Male,Angelaland,15-10-2025
U002640,Matthew Robinson,nicholasibarra@example.com,Other,Hatfieldfort,27-07-2025
U002641,Michael Green,wgilmore@example.org,Male,South Blake,12-03-2024
U002642,Todd Adams,ischultz@example.com,Other,North Crystal,01-09-2025
U002643,Randall Horton,claire11@example.net,Male,Lake Alyssa,27-05-2025
U002644,Riley Rodgers,leahdiaz@example.org,Other,North Natasha,02-11-2025
U002645,Tara Sharp,angelavalencia@example.net,Female,Gibsonmouth,11-10-2025
U002646,Christopher Moore,robertrobinson@example.net,Other,Raymondhaven,10-01-2025
U002647,Kaitlyn Smith,guerramaria@example.org,Female,New Williammouth,01-07-2024
U002648,Mitchell Hernandez,kerry49@example.org,Other,Jamieville,26-11-2024
U002649,Joshua Weaver,zacharyschneider@example.net,Female,Nelsonmouth,20-10-2024
U002650,Nicholas Flores,olsonmichael@example.com,Female,Deborahborough,24-10-2024
U002651,Kevin Riggs,qherrera@example.com,Male,West Michelleshire,12-03-2025
U002652,Donald Smith,katrina07@example.com,Female,West Michelle,29-04-2024
U002653,Michael Ford,mcknightelizabeth@example.org,Other,West Dawnmouth,24-08-2024
U002654,Jeremy Roberts,john14@example.net,Female,Andersonstad,07-11-2024
U002655,Taylor Mason,oscott@example.com,Other,Deborahfort,06-10-2025
U002656,Phillip Murphy,taylor95@example.org,Female,Port Duane,30-07-2024
U002657,Nathan Tran,todd94@example.com,Other,Sarahville,07-09-2024
U002658,Richard Moore,courtney13@example.com,Other,East Jason,23-03-2025
U002659,Kristin Little,bsmith@example.com,Other,West Richardshire,18-05-2025
U002660,Sean Moran,jessica79@example.com,Other,West David,13-11-2025
U002661,Luis Peterson,holmesjay@example.com,Other,Jenniferfurt,26-08-2024
U002662,Steven Lee,egarcia@example.com,Female,Christinatown,26-01-2024
U002663,Benjamin Garcia,bentleysteve@example.net,Other,Autumnfort,26-03-2025
U002664,Jaclyn Thompson,lee16@example.net,Female,North Kara,06-01-2025
U002665,Lisa Young,rwallace@example.org,Male,Whitneychester,06-09-2024
U002666,John Suarez,jacqueline96@example.org,Male,Brownberg,28-11-2024
U002667,Amanda Nelson,rasmussenjerry@example.com,Female,Port Jamestown,31-03-2024
U002668,Jake Munoz,frederick49@example.org,Other,Sullivanbury,20-02-2024
U002669,Jennifer Acosta,ealexander@example.net,Female,Abigailtown,02-08-2024
U002670,Katrina Mcpherson,beckrobin@example.net,Male,Port Michael,14-05-2024
U002671,Megan Castro,peterjohnson@example.org,Female,Howardchester,06-03-2025
U002672,Jessica Pacheco,jasmine12@example.net,Female,Pattersonshire,11-06-2024
U002673,Lisa Chambers,lauramartin@example.com,Other,West Michelle,11-03-2024
U002674,Christopher Rodriguez,iclarke@example.net,Male,Port Mason,04-07-2025
U002675,Kevin Davila,shannon44@example.com,Other,Isabelburgh,27-02-2025
U002676,Lori Ramirez,rodriguezconnor@example.net,Other,Christopherfurt,13-09-2024
U002677,Jacob Burch,drew38@example.net,Female,Lake Brittanymouth,22-09-2025
U002678,Jennifer Palmer,herrerarachael@example.com,Female,West Patrickberg,26-07-2025
U002679,Sophia Green,jamesmorris@example.org,Female,North Jackburgh,23-04-2024
U002680,Rhonda Smith,romeronatalie@example.com,Female,Taylorfort,05-01-2025
U002681,Ashley Esparza,igraham@example.org,Other,Bennettstad,01-02-2024
U002682,Robert Webb,fieldsjacob@example.org,Other,Thomasport,02-01-2024
U002683,Megan Foster,douglasdakota@example.com,Female,North Jeremy,08-01-2025
U002684,Evan Kirk,laura49@example.com,Female,Evansshire,19-07-2025
U002685,Richard Morris,chelseasmith@example.com,Male,New Jenniferfort,23-02-2025
U002686,Jerome Anderson,thorntoncaitlyn@example.net,Other,North Andreastad,17-03-2025
U002687,Cory Sanders,bethanymarshall@example.org,Other,Ramirezville,17-01-2025
U002688,Sandra Jones,danasanders@example.org,Other,Stephaniefurt,19-10-2025
U002689,Donald Wilson,piercewilliam@example.com,Female,Wyattberg,28-06-2025
U002690,Sarah Hall,amy84@example.org,Female,North Rickymouth,14-08-2025
U002691,Linda York,qcollins@example.com,Female,Port Hannah,12-06-2024
U002692,Anthony Martin,torresrebecca@example.org,Male,New John,24-08-2024
U002693,Mark Palmer,aknight@example.org,Female,Lindseymouth,29-02-2024
U002694,Sarah Miller,mlyons@example.org,Male,Robertmouth,09-03-2024
U002695,Patricia Turner,joncantu@example.com,Female,West Christopherfurt,12-09-2025
U002696,Lisa Hodges,darius87@example.com,Other,Marshallchester,22-06-2024
U002697,Albert Ramirez,mark97@example.net,Male,Port Christopher,09-08-2025
U002698,Kathleen Williams,gregorycarpenter@example.com,Female,Cookfort,05-06-2025
U002699,Joseph Oneill,chankevin@example.com,Female,New Kevinmouth,04-09-2025
U002700,Jeff Wilson,ewingpaul@example.com,Other,Franciston,11-05-2025
U002701,Kimberly Silva,lisa47@example.com,Female,North Danielfort,07-11-2024
U002702,Barbara Myers,rcox@example.net,Other,Robertmouth,14-10-2025
U002703,Annette Bryant,paulray@example.com,Female,Josephtown,12-04-2024
U002704,Bethany Lynch,sue68@example.com,Male,Smithchester,02-06-2025
U002705,Brittany Harper,hjones@example.org,Male,Caseyfort,16-09-2024
U002706,Katrina Ramos,czamora@example.net,Other,Taylorborough,24-01-2024
U002707,Patricia Sullivan,dwalker@example.net,Female,Lake Lindsey,24-01-2025
U002708,Chad Floyd,pottskatherine@example.com,Other,East Angelachester,23-09-2025
U002709,Donna Johnson,karlmartin@example.org,Other,North Kristin,27-04-2024
U002710,Bridget Hall,nicholas60@example.com,Female,Jasminetown,27-05-2024
U002711,Maurice Anderson,samuel65@example.org,Male,Christopherhaven,29-09-2024
U002712,Timothy Davenport,floydmichelle@example.com,Male,Amandaside,23-08-2024
U002713,Amanda Chan,john19@example.net,Other,West Garrettstad,18-08-2024
U002714,Rebecca Moreno,nguyenterri@example.com,Other,Tarastad,20-10-2025
U002715,Anthony Hawkins,ljohnson@example.org,Other,Lake Brittany,15-08-2024
U002716,David Barron,fjohnson@example.net,Male,Annchester,29-03-2024
U002717,Stephanie Rowe,amberkennedy@example.net,Male,Moorehaven,22-09-2025
U002718,Margaret Lyons,laurie49@example.com,Male,Thompsonville,05-12-2024
U002719,Elizabeth Long,danny03@example.org,Other,New Angela,20-11-2024
U002720,Adam Nguyen,whitetony@example.com,Other,East Sheilaberg,05-01-2024
U002721,Jessica Douglas,millerpaige@example.com,Male,Michaelview,10-04-2025
U002722,Joshua Jimenez,donnahorton@example.org,Other,Richardberg,15-02-2024
U002723,Luis Singh,kellyrichard@example.net,Male,Kingburgh,21-08-2025
U002724,Jerry Griffith,olsonrebekah@example.com,Male,Jessicaborough,18-07-2025
U002725,Ashley Watson,pthomas@example.net,Male,South Amanda,17-05-2024
U002726,Ronald Flynn,matthew92@example.org,Female,South Todd,16-03-2025
U002727,Elizabeth Peterson,oliversteven@example.org,Female,Bradleyville,02-07-2024
U002728,Tyler Zavala,bcaldwell@example.net,Other,West Charles,21-01-2025
U002729,David Hart,david32@example.net,Female,Wilkinsonview,30-03-2024
U002730,Melissa Molina,william91@example.com,Male,Robinville,28-01-2025
U002731,Megan Pham,mmiller@example.org,Other,Port Stevenmouth,22-02-2024
U002732,Michele Cooley,robin48@example.com,Male,New Robert,26-07-2024
U002733,Michael Miller,heatherthompson@example.net,Male,Lunabury,20-09-2024
U002734,Debbie Erickson,wcastillo@example.com,Other,Jamesport,03-06-2025
U002735,Nicole Heath,hcox@example.com,Male,Goodwinport,15-05-2024
U002736,April Rhodes,conleychristina@example.net,Female,Port Lindaview,01-06-2024
U002737,Deborah Davidson,kellyperkins@example.com,Other,Lake Anthonyton,26-09-2025
U002738,Albert Jones,timothy76@example.org,Female,Natashafurt,23-01-2025
U002739,Kimberly Benson,davidgreen@example.org,Female,East Robertbury,18-09-2024
U002740,Kathleen Robbins,sandra01@example.net,Other,Eddiebury,06-02-2024
U002741,Jennifer Goodwin,lorifoster@example.org,Male,Travismouth,15-03-2024
U002742,Tara Smith,waltersaimee@example.org,Female,East Tiffany,15-10-2024
U002743,Traci Nelson,frank98@example.net,Female,Port Laura,21-02-2025
U002744,Kathleen Jensen,ebuck@example.com,Female,West Johntown,04-06-2025
U002745,Gabriel Hammond,judymarshall@example.org,Other,Nguyenton,24-06-2025
U002746,Douglas Hart,warnerdaisy@example.com,Male,Meganchester,07-05-2025
U002747,Mary Collins,shannonburns@example.net,Male,Louiston,16-02-2024
U002748,Justin Davidson,moralestrevor@example.org,Other,Lake Ryanstad,03-05-2025
U002749,Joseph Duncan,kevinhall@example.net,Other,Matthewsview,09-07-2025
U002750,Jason Strickland,kyliebarker@example.org,Male,Grantbury,06-08-2024
U002751,James Wilcox,mcclainjohn@example.com,Other,West Matthew,16-08-2024
U002752,Mary Clark,valeriehenderson@example.org,Other,East Kelly,06-03-2025
U002753,Jon Schultz,james72@example.org,Other,East Michael,21-11-2024
U002754,Charles Williams,lorrainemurphy@example.org,Male,Ericksonstad,09-08-2024
U002755,Mark Villarreal,brockstephanie@example.com,Male,West Edwinport,09-10-2025
U002756,Phillip Jones,nathanwatson@example.org,Female,West Jesse,09-10-2025
U002757,Austin Tucker,willismegan@example.net,Male,Rebeccastad,01-07-2025
U002758,Jeffrey Barker,sarah19@example.net,Male,Rodriguezfort,04-05-2025
U002759,Lee Crawford,shannonphilip@example.org,Female,New Crystal,10-08-2025
U002760,Joshua Sanchez,amartinez@example.org,Female,Lake Elizabethside,30-03-2024
U002761,Patricia Moran,lesliesmith@example.org,Male,Grahamland,25-03-2025
U002762,Keith Brown,wmason@example.net,Other,Larsonmouth,01-08-2024
U002763,Kevin Jennings,gjohnson@example.org,Female,North Bradleyport,23-08-2025
U002764,Robert Davis,oconnorcarol@example.com,Male,New Brittneyton,07-06-2025
U002765,Terri Myers,cruzjohn@example.net,Male,South Tammyfort,11-07-2024
U002766,Jessica Davis,sarah90@example.com,Female,Lake Brittanymouth,29-04-2025
U002767,Katherine Herrera,omarthompson@example.org,Other,South Stacyfort,10-11-2025
U002768,Aaron Little,nunezsherry@example.com,Other,Mooreborough,17-04-2024
U002769,Michael Campbell,ublack@example.net,Male,New Jeffreyfurt,09-11-2024
U002770,Stephanie Meyer,dakota45@example.com,Female,South Steven,16-02-2025
U002771,Paul Baker,acevedonicholas@example.net,Female,Coleland,24-02-2024
U002772,Matthew Henry,millerkevin@example.com,Female,West Elizabethstad,16-08-2025
U002773,Jared Torres,gordonsabrina@example.net,Other,Clarkberg,15-07-2025
U002774,Antonio Bailey,roy33@example.com,Other,Olsonbury,12-01-2024
U002775,James Gray,yrodriguez@example.org,Other,Rodriguezport,13-01-2024
U002776,Emily Smith,thomaselizabeth@example.org,Female,Stephanieport,09-01-2025
U002777,Andrew Brown,kenneth08@example.net,Male,Lake Annaside,18-08-2024
U002778,Ashley Crawford,gyoung@example.com,Other,West Nicholas,30-07-2025
U002779,Alexander Yates,john30@example.org,Female,New Christopherbury,24-09-2024
U002780,Christina Montgomery,valerievasquez@example.net,Female,Danielshire,02-08-2024
U002781,Dawn Edwards,robert62@example.net,Male,Steelestad,22-01-2025
U002782,Catherine Gray,matthewchavez@example.com,Male,Brownburgh,09-03-2024
U002783,Benjamin Walker,benjamin67@example.com,Female,East Michaelstad,28-03-2024
U002784,Jill Mckenzie,leblancmelissa@example.org,Male,West Chadfurt,20-12-2024
U002785,Jenna Owen,jeffmartinez@example.net,Other,Kelseyfort,22-10-2024
U002786,Arthur Hawkins,robertnguyen@example.com,Female,Carrside,10-03-2025
U002787,Melissa Campbell,eric22@example.com,Other,West Amanda,08-07-2025
U002788,James Jones,eyoung@example.com,Female,Bobland,26-07-2025
U002789,Monica Gentry,dominguezomar@example.com,Other,West Kristinbury,26-07-2025
U002790,Riley Reyes,bakersarah@example.org,Male,Port Curtisshire,02-04-2025
U002791,Christina Gross,rhuber@example.net,Male,West Jessica,04-07-2025
U002792,Andrea Waters,bryan03@example.com,Other,West Christopherland,06-10-2024
U002793,Daniel Hodge,collinsstacy@example.com,Female,Lake Janeburgh,18-12-2024
U002794,Darrell Russo,collinsshannon@example.net,Female,Robertshire,03-08-2024
U002795,Laura Roman,schavez@example.net,Other,Roseland,24-05-2025
U002796,Dan Pacheco,kathryn64@example.com,Other,Martinezberg,15-01-2024
U002797,Doris Kennedy,krystal74@example.org,Male,East Michaela,09-11-2024
U002798,Joseph Montgomery,osmith@example.org,Male,Lake Jeremyport,03-10-2025
U002799,Lisa Sullivan,chad60@example.org,Other,South Katherine,01-03-2024
U002800,Jesus Jones,baileysara@example.com,Other,North Gina,04-11-2024
U002801,Anthony Ferguson,sschneider@example.com,Female,East Marcfurt,25-01-2024
U002802,Sarah Smith,scott86@example.com,Female,Nancyfurt,26-01-2024
U002803,Daisy Velasquez,william81@example.com,Other,Lake Johnville,14-06-2025
U002804,Brian Mcclain,esmith@example.com,Female,Herringbury,18-01-2024
U002805,Lawrence Solomon,lisacabrera@example.org,Male,Roseville,23-03-2025
U002806,Charles Rodriguez,ccollier@example.com,Female,East Sandraview,29-09-2025
U002807,Christopher Bonilla,matthew96@example.com,Other,Jeremybury,15-07-2024
U002808,April Alvarado,vmercer@example.com,Male,East Ashley,31-03-2025
U002809,Kimberly Johnson,jessicaward@example.org,Male,West Christinashire,15-03-2024
U002810,Paul Powell,jason61@example.net,Male,Hollandmouth,03-02-2025
U002811,Virginia Robinson,kathryn24@example.net,Female,Robbinsberg,09-06-2024
U002812,James Francis,megan65@example.net,Female,Port Christy,27-09-2025
U002813,Donna Hughes,qbeck@example.net,Male,East Joshuaborough,15-08-2025
U002814,Patricia Olson,calexander@example.com,Male,West Michaelville,25-06-2025
U002815,Jeremy Flores,davidlove@example.com,Female,West Angel,22-11-2024
U002816,Briana Salazar,karen64@example.com,Female,Port Brittany,22-04-2025
U002817,Seth Garcia,elaine55@example.com,Male,Port Morganbury,19-04-2025
U002818,David Dominguez,ramseyvalerie@example.com,Female,West Marco,20-06-2024
U002819,Melissa Brown,howellglenn@example.org,Female,North Elizabethville,17-02-2025
U002820,Kara Miller,roger61@example.net,Female,Leeview,01-04-2025
U002821,Tammy Burgess,taylorchristopher@example.org,Female,North Emilyside,22-06-2025
U002822,Diana Lee,elizabeth69@example.net,Other,Port Erinside,16-12-2024
U002823,Timothy Gonzalez,charlesbaker@example.com,Other,South Ericamouth,06-08-2025
U002824,John Braun,tara61@example.net,Other,East Vanessa,10-10-2025
U002825,Alyssa Taylor,andrewlewis@example.org,Male,Shortville,12-06-2025
U002826,Bryan Soto,mariamoore@example.com,Female,Kathychester,24-11-2024
U002827,Rodney Lopez,gutierrezsteven@example.com,Other,Port Johnbury,19-02-2025
U002828,Elizabeth Marquez,donnamadden@example.org,Female,Lake Linda,18-06-2025
U002829,Rhonda Thompson,stevengreen@example.net,Other,Meganburgh,04-07-2025
U002830,Lawrence Meadows,qgill@example.com,Male,Kathleenbury,02-10-2025
U002831,Julie Patterson,hhunter@example.org,Male,Kristabury,02-07-2025
U002832,Ronald Johnson,floresvictor@example.org,Other,Loganstad,31-05-2024
U002833,Donna Benson,khale@example.com,Male,Hickmanton,10-02-2025
U002834,Michael Garcia,alfredblair@example.com,Female,South Gary,27-04-2024
U002835,Olivia Levy,nhardy@example.org,Female,West William,09-10-2024
U002836,Laura Thompson,melvin99@example.net,Male,Mcdonaldbury,19-02-2024
U002837,Tara Hogan,carolynhoward@example.com,Female,Kathrynland,08-05-2025
U002838,Dawn Thomas,fadams@example.org,Other,South Emmafurt,20-01-2025
U002839,Stephen Robinson,whernandez@example.com,Other,Royville,20-10-2025
U002840,Michael Peters,jamiejohnson@example.org,Other,West Raymondbury,11-03-2024
U002841,Stacie Lyons,courtneygamble@example.net,Female,New Steven,22-01-2024
U002842,Mary Jackson,williamsthomas@example.net,Other,North George,19-10-2025
U002843,Jennifer Jarvis,amy22@example.org,Male,Andersonland,28-10-2024
U002844,Megan Pierce,amyking@example.net,Other,South Evelynburgh,26-02-2025
U002845,Helen Gill,crystalnguyen@example.org,Female,Michaelland,01-12-2024
U002846,Andrew Krueger,johnsondanny@example.com,Female,Jenniferberg,13-04-2025
U002847,Gerald Vaughn,clarkalex@example.com,Other,East John,20-10-2024
U002848,Julie Rice,thorntonjames@example.com,Male,Port Danielle,27-01-2024
U002849,Stephen Roman,hooperkatrina@example.org,Male,Port Catherinechester,15-05-2024
U002850,Jeffrey Henderson,jsalazar@example.com,Male,Albertborough,30-04-2025
U002851,Jonathan Ramirez,caleb06@example.org,Female,Myersshire,09-08-2025
U002852,Anthony Payne,kristina58@example.org,Male,West Jessicaville,13-11-2024
U002853,Kevin Carpenter,kgreer@example.net,Female,New Davidville,01-12-2024
U002854,Adam Meyers,tgilbert@example.com,Other,Lake Jenniferborough,22-03-2024
U002855,Mary Erickson,ernest32@example.org,Other,West Wesleyside,24-03-2024
U002856,Stephen Wallace,jimmy40@example.net,Female,Tylerfurt,12-05-2024
U002857,Matthew Berg,caitlinwilliams@example.org,Female,North Robinburgh,29-04-2024
U002858,Luis Jennings,stevenpadilla@example.net,Other,South Billy,12-07-2025
U002859,Sean Schmidt,montesandrew@example.com,Other,Lake Katherinefort,26-02-2024
U002860,Amy Jones,margaret22@example.net,Female,West Susan,21-03-2024
U002861,Heather Phillips,caitlyn20@example.com,Other,Annamouth,12-08-2024
U002862,Tyler Lawson,rodriguezjacob@example.com,Other,North Jeanne,07-08-2024
U002863,Taylor Mata,usawyer@example.net,Male,North Wendytown,02-06-2025
U002864,Tiffany Sweeney,cbuck@example.org,Male,Donnaburgh,10-01-2025
U002865,Kimberly Harris,gbrown@example.org,Other,Stephenland,04-05-2024
U002866,William Lane,adrianmcneil@example.com,Other,Peterville,29-03-2024
U002867,Julie Cross,mray@example.org,Male,Garciamouth,21-05-2025
U002868,Savannah Gaines,jasonrhodes@example.net,Other,Nicoleberg,21-04-2025
U002869,Jessica Richmond,ghunt@example.net,Female,Kimberlyshire,17-12-2024
U002870,Heather Williams,newmanthomas@example.com,Other,Christinaport,15-11-2024
U002871,Larry Sutton,molly44@example.org,Other,South Richardburgh,18-06-2025
U002872,Derek Bowman,justin34@example.com,Female,Victoriaville,23-05-2025
U002873,Anthony Mcbride,john98@example.org,Male,Stephanieshire,16-04-2025
U002874,Steven Obrien,ucox@example.com,Other,Lake Tyler,21-05-2025
U002875,Valerie Arnold,twoods@example.org,Male,Ericafort,11-10-2024
U002876,Heather Brown,gpearson@example.net,Male,Owensfurt,29-07-2025
U002877,Samantha Walsh,lesliejohnson@example.net,Other,South Williamborough,05-03-2024
U002878,Eric Lee,justin33@example.com,Other,Davidside,22-09-2024
U002879,Katie Luna,christopherkey@example.org,Male,Edwardsburgh,15-08-2024
U002880,Lawrence Lambert,lisa49@example.com,Other,West Brooke,09-11-2024
U002881,Donald Anderson,timothy14@example.com,Other,Oliviashire,06-02-2024
U002882,Michael Richardson,chatfield@example.org,Male,North Robertfort,15-06-2024
U002883,James Mccann,sharon59@example.com,Male,Lloydville,21-06-2024
U002884,Daniel Elliott,fryedylan@example.net,Female,Port Roberttown,07-06-2025
U002885,Richard Escobar,mistyescobar@example.net,Other,Lake Jennifer,26-10-2024
U002886,Paul Campbell,john04@example.com,Female,Mariomouth,19-01-2024
U002887,Brent Montes,janicepatterson@example.com,Male,Freemanside,01-02-2025
U002888,Emily Livingston,jessetaylor@example.com,Other,New Jennifer,18-02-2025
U002889,Erika Jenkins,stoneheather@example.org,Male,Cunninghamberg,12-02-2024
U002890,Roger Hickman,whitegina@example.org,Other,New Seanmouth,10-10-2025
U002891,Richard Ellis,reynoldssheena@example.com,Other,Lake Carlosmouth,07-04-2025
U002892,Gerald Brown,johnnycarr@example.com,Female,Greeneburgh,08-04-2025
U002893,Patrick Chandler,ginafischer@example.org,Male,Lake Caitlynshire,16-09-2025
U002894,Krista Lynch,smithmatthew@example.org,Other,Millerburgh,21-09-2025
U002895,Bobby Brown,nicoledixon@example.net,Female,Wallaceview,21-09-2025
U002896,Kimberly Stewart,travis88@example.com,Male,New Sarah,04-05-2024
U002897,James Moore,choitina@example.org,Female,Cherryside,12-02-2024
U002898,Kelly Perry,ldiaz@example.com,Male,Lake Nicole,06-02-2024
U002899,Alexander Bradley,lucasolivia@example.com,Other,Mooreview,01-12-2024
U002900,Yvonne Thompson,jrobinson@example.com,Female,Taylorside,19-09-2025
U002901,Jose Alexander,robert77@example.com,Female,South Christopherhaven,11-09-2025
U002902,Shawn Morse,eric80@example.net,Other,New Laura,08-12-2024
U002903,Richard Ball,cscott@example.org,Male,West Jamesfort,10-04-2024
U002904,Zachary Coleman,paul68@example.net,Other,Port Jamesfurt,20-02-2024
U002905,Yvonne Montes,cynthia27@example.net,Female,North Nicole,15-09-2024
U002906,Wendy Anderson,john54@example.org,Other,Connerland,04-06-2025
U002907,Christopher Jensen,angela87@example.org,Female,South Aaronhaven,29-01-2025
U002908,Gina Tucker,richardsonbenjamin@example.com,Other,Lake Stacyfort,17-06-2025
U002909,Brian Perez,lproctor@example.com,Male,Harpermouth,19-07-2025
U002910,Deborah Carter,santiagomark@example.org,Female,North Sarashire,23-04-2025
U002911,Brett Harrison,crawfordjillian@example.org,Female,North Nathan,24-09-2025
U002912,Elizabeth Cunningham,ginaconrad@example.org,Male,North Christopher,11-04-2024
U002913,George Santana,ndiaz@example.net,Other,Adamsmouth,07-11-2025
U002914,Desiree Dalton,danielle96@example.com,Male,Goodmanview,06-04-2025
U002915,Gary Hernandez,elizabeth20@example.com,Other,South Justinstad,22-07-2025
U002916,Jason Carter,christopher33@example.com,Male,Port Sean,16-06-2025
U002917,Karen Figueroa,awang@example.net,Male,Matthewland,16-10-2024
U002918,Stephen George,marshabigail@example.net,Female,Blackland,06-07-2025
U002919,Brianna Johnson,vjackson@example.org,Female,Seanview,07-07-2024
U002920,Annette Lane,qclark@example.com,Other,West Dustin,14-08-2024
U002921,Brittany Davis,davissydney@example.net,Male,Laurenland,28-10-2024
U002922,John Byrd,candace21@example.org,Other,Margaretchester,20-10-2025
U002923,Elizabeth Williams,mcummings@example.net,Male,Heatherside,21-03-2024
U002924,Katherine Dyer,dianebarnes@example.org,Male,Christinafort,06-01-2024
U002925,Dennis Rogers,kenneth29@example.net,Female,Morseside,29-03-2025
U002926,Jennifer Thomas,nashlinda@example.com,Male,Chelseaside,14-08-2025
U002927,Kevin Smith,brandywalls@example.org,Female,Griffithview,10-07-2024
U002928,Valerie Hobbs,bakerchristian@example.org,Female,Rogerston,11-04-2025
U002929,Maurice Thomas,rodneylin@example.com,Male,Lawrenceside,07-07-2025
U002930,Shelia Rivera,mark47@example.com,Male,East Joshuaville,24-12-2024
U002931,Sara Taylor,robertzamora@example.org,Other,Sydneychester,19-09-2025
U002932,Shawn Alvarado,travisbonnie@example.com,Other,Huanghaven,04-05-2024
U002933,Daniel Pittman,kristin79@example.org,Other,Higginsstad,16-02-2025
U002934,Samantha Jones,jacquelineallen@example.org,Female,Johnsonchester,05-10-2024
U002935,Johnny Johnson,tammy16@example.org,Female,Lake David,17-08-2024
U002936,Kevin Wright,maryhorne@example.org,Female,Joneschester,10-03-2025
U002937,Fernando Evans,robert11@example.org,Female,East Amytown,10-03-2025
U002938,Melanie Grant,zryan@example.org,Female,Butlermouth,02-12-2024
U002939,Kent Dean,snguyen@example.org,Female,East Courtneyside,21-04-2025
U002940,Gregory Taylor,robinmills@example.net,Male,Reynoldston,10-04-2025
U002941,Leslie Farley,peter98@example.com,Other,New Walter,15-09-2025
U002942,Heather Patel,shane05@example.org,Other,East Christianbury,16-04-2024
U002943,Gary Jensen,udavis@example.org,Other,Lake Erik,28-07-2025
U002944,Michelle Duffy,ibaird@example.com,Male,Gardnerberg,12-01-2024
U002945,Amber Alvarado,jacob28@example.com,Other,Jarvisbury,19-10-2024
U002946,William Durham,rhoffman@example.com,Female,Lake Adrianburgh,12-04-2024
U002947,Jeremy Walker,lisa57@example.org,Male,Pamelaburgh,31-03-2025
U002948,Debra Trevino,tporter@example.org,Male,West Markmouth,11-05-2024
U002949,Janice Harrison,davidkimberly@example.org,Other,East Andrea,29-12-2024
U002950,Lisa Livingston,collinsfrank@example.com,Female,Port Jessicaberg,12-07-2025
U002951,Matthew Odonnell,tinaflynn@example.com,Other,West Damonchester,14-08-2024
U002952,Angela Nash,wardbrandy@example.net,Male,Ricardomouth,22-11-2024
U002953,Peter Buchanan,norman04@example.com,Other,Juliechester,08-06-2024
U002954,Jeremy Lopez,cindyjones@example.net,Male,West Amy,07-12-2024
U002955,Amanda Hardin,qjohnson@example.com,Male,East Erica,13-08-2024
U002956,Lawrence Pittman,susan64@example.org,Male,Gutierrezside,28-06-2024
U002957,Jamie Miller,perezstephanie@example.net,Female,Lake Davidhaven,10-02-2025
U002958,Michelle Bennett,johncoleman@example.net,Female,West Patriciaside,07-12-2024
U002959,Charles Fernandez,pottsmichael@example.org,Other,South Joshua,14-06-2025
U002960,Mark Ellis,cynthiacole@example.org,Other,Jonesmouth,06-07-2025
U002961,Michael Reynolds,steven94@example.com,Other,Petersonmouth,25-09-2025
U002962,Nathan Richardson,mario36@example.org,Female,South Dannyhaven,22-02-2025
U002963,Pamela Larsen,hansenclaudia@example.org,Other,Davidstad,06-09-2024
U002964,Sarah Dunlap,kimberlyjones@example.net,Female,Coleland,08-04-2024
U002965,Jenna Davis,travis45@example.org,Male,Port Jamesberg,21-02-2025
U002966,Paul Dean,steven08@example.net,Male,West Stephanie,19-11-2024
U002967,Jessica Vega,geraldpineda@example.org,Female,Natalieport,08-05-2024
U002968,Jacqueline Aguilar,phall@example.org,Female,Christopherland,07-01-2024
U002969,Rachel Ward,michaelarmstrong@example.net,Male,Lake Anthonyfort,16-07-2025
U002970,Johnny Taylor,rebeccanguyen@example.com,Female,North Angelaland,19-02-2025
U002971,Kimberly Harris,joyce34@example.net,Male,Thomasborough,15-10-2025
U002972,Katie Hanson,patriciapatterson@example.com,Other,East Tristanport,26-05-2024
U002973,Darren Wilson,mejiachristine@example.net,Male,New Christopher,14-07-2025
U002974,Christopher Vargas,ann29@example.net,Male,New Amyhaven,02-06-2024
U002975,Beth Byrd,lisa23@example.org,Other,Lake Barbarashire,01-05-2025
U002976,Eric Lambert,manuelbrandt@example.net,Female,North Scott,25-01-2024
U002977,Kathleen Ibarra,tburns@example.net,Other,South Christopherborough,13-04-2024
U002978,Rachel Davis,barronlaura@example.com,Male,Austintown,17-04-2025
U002979,Jennifer Harrington,hinesvalerie@example.com,Male,Brittanychester,17-03-2024
U002980,Trevor Scott,wcarrillo@example.org,Male,Chavezberg,20-01-2024
U002981,Michele Stevens,charlesbennett@example.net,Male,North Preston,01-09-2024
U002982,Eileen Moyer,davisteresa@example.net,Male,West Kayleemouth,25-07-2025
U002983,Tasha Finley,nheath@example.org,Other,Rossmouth,29-10-2025
U002984,Michael Lawson,zsloan@example.com,Male,Port Jennifer,16-01-2024
U002985,John Vaughn,johnsondaniel@example.net,Female,Alexandratown,05-11-2025
U002986,Bethany Delacruz,hillbrandon@example.com,Other,East Ian,18-06-2025
U002987,Megan Lloyd,imorgan@example.com,Other,Justinside,22-07-2024
U002988,Andrea Dean,johnrogers@example.net,Other,Port Beckyburgh,19-04-2025
U002989,Melissa Nguyen,ginapierce@example.com,Male,Michaelville,07-04-2024
U002990,Kayla Shannon,nharrington@example.com,Male,Port Karen,24-05-2024
U002991,Amy Stout,kgonzalez@example.net,Other,East Stephanie,20-10-2024
U002992,Antonio Neal,xscott@example.net,Male,Robertview,29-12-2024
U002993,Joann Acevedo,corey37@example.org,Female,North Richard,19-12-2024
U002994,Mason Zamora,ccastillo@example.org,Female,Michaelport,13-03-2024
U002995,Dale Curry,johnny15@example.com,Male,New Daniel,04-01-2024
U002996,Jason Gray,jonesamber@example.org,Other,West Paultown,01-08-2024
U002997,Natalie Jones,reginaldgoodman@example.com,Male,Matthewview,11-08-2025
U002998,Michael Scott,pmason@example.com,Male,Sarabury,16-09-2024
U002999,Christopher Adams,gonzaleznatalie@example.net,Male,Crystalmouth,07-12-2024
U003000,Matthew Knight,bfrench@example.org,Other,North Melissa,11-07-2024
U003001,Stephanie Schneider,edwinrowe@example.org,Female,Marshfort,04-03-2024
U003002,Gloria Vaughn,zmanning@example.org,Male,Yatesbury,12-09-2025
U003003,Dominique Baxter,mary70@example.net,Other,West Anthony,31-12-2024
U003004,Ashley Russell,antonio11@example.org,Other,Laraview,04-05-2025
U003005,Karen Valentine,joshuarose@example.com,Female,Jacobfort,08-08-2025
U003006,Austin Vazquez,lisareilly@example.com,Other,Nancyville,10-07-2025
U003007,Howard Blevins,justin66@example.net,Other,Kellyland,27-07-2024
U003008,Karen Alvarez,megan27@example.com,Other,New Alan,01-11-2025
U003009,Robert Conrad,wongsean@example.com,Female,Stevenport,09-01-2024
U003010,Luis White,emily63@example.net,Male,Port Francis,21-04-2025
U003011,Jessica Obrien,mcdanielfrances@example.org,Female,North Seanmouth,09-07-2024
U003012,Sonya Martinez,daisy57@example.com,Male,Lake Joannaton,15-01-2025
U003013,Morgan Osborne,anita14@example.org,Other,West Jennifer,08-08-2025
U003014,Kristin Eaton,daniellewebb@example.net,Other,Marquezfurt,13-06-2025
U003015,Audrey Peters,brandontaylor@example.com,Male,Hillmouth,26-03-2025
U003016,Thomas Clayton,zachary21@example.net,Female,Moyerhaven,12-10-2025
U003017,Joshua Randolph,freemanbarbara@example.org,Female,Wilsonport,24-06-2025
U003018,Jonathan Reyes,faulkneryvonne@example.net,Female,North Katherine,30-09-2025
U003019,Lauren Thompson,morgan73@example.net,Male,Taraburgh,08-11-2024
U003020,Zoe Caldwell,anita77@example.org,Other,South Annville,13-06-2024
U003021,Matthew Thompson,moorekaren@example.net,Other,New Tanyaburgh,08-03-2025
U003022,Ashley Richards,awade@example.net,Other,East Amberstad,04-10-2024
U003023,Megan Dunn,marialucas@example.com,Male,Brownport,14-09-2025
U003024,Marcia Moreno,mackaaron@example.org,Other,Lake Victoria,02-10-2024
U003025,Marilyn Curry,griffinlisa@example.com,Other,New Crystalchester,19-11-2024
U003026,Janet Hamilton,frankjimenez@example.net,Female,New Tamarahaven,20-09-2025
U003027,William Wheeler,tvasquez@example.net,Other,Grimesburgh,09-06-2024
U003028,Michael Phelps,emily45@example.com,Female,Scottchester,25-02-2025
U003029,Michael Hill,waynegriffin@example.net,Male,Tyroneshire,18-11-2024
U003030,Michele Drake,kyleduran@example.org,Female,East Samuelburgh,27-08-2024
U003031,Victoria Perez,davidpaul@example.net,Other,Michaelstad,28-09-2024
U003032,Jeffrey Smith,duartesteven@example.com,Other,Lake Patrickmouth,13-10-2025
U003033,Zachary Thomas,josephross@example.com,Female,Davidmouth,29-02-2024
U003034,James Wolf,brownlauren@example.org,Other,Cummingschester,29-04-2025
U003035,Jason Taylor,qhall@example.org,Female,New Sherry,14-02-2025
U003036,Erik Potts,stevenwoodard@example.org,Other,Craigburgh,21-04-2025
U003037,Bethany Garcia,lisalove@example.net,Female,North Amyshire,18-08-2024
U003038,Diana King,harrissean@example.com,Female,East Jesus,01-08-2024
U003039,Felicia Chen,amandarichardson@example.net,Male,East Michaelfort,04-06-2025
U003040,Connie Smith,grobinson@example.net,Female,Karenville,01-09-2025
U003041,Robert Hopkins,englishdenise@example.com,Female,Mikestad,22-11-2024
U003042,Jessica Vazquez,richardsonelizabeth@example.net,Male,South Christine,29-07-2024
U003043,Keith Morris,crystalcole@example.net,Other,Boydstad,17-04-2024
U003044,Jose Nixon,cynthiaarmstrong@example.org,Female,Austinmouth,25-02-2025
U003045,Erica Holmes,ericamiller@example.com,Male,East Frederickhaven,16-09-2025
U003046,Bonnie Craig,alexander66@example.net,Male,Littleton,12-09-2024
U003047,Stephen Mooney,fbutler@example.com,Female,Wrightside,02-10-2024
U003048,Jennifer Davis,hallmatthew@example.com,Other,Port Terry,03-02-2025
U003049,Dakota Gomez,rallen@example.com,Male,Jamiechester,25-04-2024
U003050,Cassandra Gilbert,adrian89@example.com,Female,Kristinport,04-06-2024
U003051,Ryan Bates,james70@example.net,Male,Robinsonton,10-10-2024
U003052,Melissa Smith,jillduffy@example.org,Other,Powersbury,12-04-2024
U003053,Teresa Bell,ddouglas@example.org,Female,East Stacey,12-04-2025
U003054,Samantha Hayes,carmenjones@example.net,Female,Smithville,19-05-2024
U003055,Arthur Smith,ufoster@example.org,Other,Clarkberg,31-01-2025
U003056,Kevin Campos,elizabethpalmer@example.net,Other,Crystalview,09-10-2024
U003057,Victoria Norton,greenetyler@example.com,Male,Rosestad,03-03-2024
U003058,Anita Smith,karen34@example.com,Female,Aliport,12-03-2025
U003059,Tristan Lewis,ambertate@example.org,Male,Davidshire,23-06-2024
U003060,Martin Kim,transcott@example.com,Female,Ramosshire,21-01-2024
U003061,Karen Shaw,qhill@example.com,Male,New Lorihaven,27-12-2024
U003062,Jason Williams,juliebrown@example.org,Female,New Michelleshire,06-08-2024
U003063,Peter Long,josephwalker@example.org,Other,Johnfurt,20-07-2025
U003064,Gregory Rodriguez,parkspaul@example.org,Male,Brownhaven,10-02-2025
U003065,Jason Parrish,yhowell@example.com,Female,West Brendaton,08-01-2025
U003066,Richard Alexander,ljordan@example.org,Female,South Christopherburgh,24-05-2024
U003067,Matthew Mercer,jessicacabrera@example.com,Male,Tiffanyside,20-03-2024
U003068,Jennifer Dawson,littlerebecca@example.org,Other,Port Mariaville,23-06-2025
U003069,Carrie Lewis,david86@example.net,Other,Smithbury,02-08-2024
U003070,Leslie Smith,jacksonmatthew@example.com,Male,Port April,18-12-2024
U003071,Nancy Johnson,melissacochran@example.com,Male,New Christopherstad,13-03-2024
U003072,Paul Rocha,harpercathy@example.net,Female,East Robinstad,17-01-2025
U003073,Michael Martinez,powersjodi@example.net,Female,Port Sarah,25-01-2024
U003074,Samuel Shaw,ajones@example.net,Other,Lake Larryberg,08-10-2024
U003075,James Martin,andre19@example.com,Other,East Sydneybury,12-02-2025
U003076,Donald Farmer,barbara22@example.org,Other,Blaketon,21-05-2024
U003077,Margaret Woods,wallsthomas@example.com,Male,Paulmouth,07-10-2025
U003078,Adam Ross,vaughnpaula@example.org,Male,Mccormickberg,23-06-2024
U003079,Debra Rangel,xvargas@example.org,Male,Stewartland,08-05-2025
U003080,David Reynolds,weaverrachel@example.net,Other,Port Elizabeth,24-04-2024
U003081,Jerry Frazier,jameswhite@example.com,Other,Carpenterberg,17-03-2025
U003082,Kristin Walker,lisa59@example.com,Other,Port Andrewshire,10-02-2024
U003083,Cynthia Duncan,ddalton@example.com,Other,Anthonyburgh,26-04-2025
U003084,Donald Williams,laurasmith@example.org,Male,Hartmanville,01-03-2024
U003085,Pamela Mack,jonathan60@example.net,Female,Lake Cherylville,05-10-2025
U003086,Linda Arnold,joshuaelliott@example.com,Male,Ashleestad,24-06-2024
U003087,Richard Garza,maria80@example.com,Female,Lake Shirley,21-01-2024
U003088,Raymond Wheeler,gabriellelittle@example.com,Female,South Jonathanview,28-06-2024
U003089,Douglas Montgomery,robertsmichael@example.net,Male,Velezburgh,23-02-2024
U003090,James Juarez,shawn69@example.org,Male,Jamesville,04-08-2024
U003091,Melissa Mitchell,alicemccoy@example.org,Male,Haysfurt,24-09-2024
U003092,Luke Knox,tammyhayden@example.com,Other,New Lindsay,31-08-2025
U003093,Christopher Blake,utaylor@example.net,Male,Grahamborough,16-10-2025
U003094,Alexa Nelson,mwalter@example.net,Other,Webbton,29-07-2024
U003095,Mike Moore,rreese@example.com,Female,East Bryanstad,26-03-2024
U003096,Tyler Anderson,lovedylan@example.org,Male,Harryborough,16-07-2025
U003097,Matthew Newton,smithmanuel@example.net,Other,Carolineland,20-08-2024
U003098,Daniel Sosa,morganedward@example.net,Other,Rebekahbury,05-11-2024
U003099,Katrina Lopez,robertsonnathan@example.com,Other,West Cheyennebury,14-08-2024
U003100,Edward Hernandez,smithchristopher@example.org,Male,Sabrinabury,16-07-2024
U003101,Laura Ramirez,campbellanthony@example.net,Female,Huntview,11-05-2025
U003102,Lauren Gonzalez,eliu@example.net,Male,Lake Morgan,20-04-2025
U003103,Edgar Reilly,jarias@example.org,Other,East Travisshire,31-01-2024
U003104,Rachel Holmes,delgadosusan@example.net,Female,Hernandezport,14-08-2025
U003105,Ricky Holder,rcochran@example.com,Female,Williammouth,21-04-2024
U003106,Kimberly Pitts,robertsaunders@example.com,Female,East Kaitlyn,27-10-2025
U003107,Madison Hernandez,kenneth22@example.net,Female,Jamesville,09-11-2025
U003108,Steven Fox,angelarivera@example.org,Other,Matthewbury,16-02-2024
U003109,Alison Dixon,qmoore@example.com,Other,Kennedyfurt,13-01-2025
U003110,Jeanette Patel,tevans@example.net,Female,Millerberg,17-09-2025
U003111,Thomas Clark,jenniferprice@example.com,Female,North Nathan,08-02-2024
U003112,Derek Anderson,castillokenneth@example.org,Female,Kristyview,28-05-2025
U003113,Cynthia Martinez,brittanycamacho@example.com,Female,Michaelmouth,30-05-2024
U003114,Sarah Lewis,hdavis@example.net,Other,Jeremybury,01-08-2024
U003115,Kristen Cantu,cindywilkinson@example.com,Female,North Anthonyton,29-08-2025
U003116,Latoya Turner,kevin97@example.com,Female,Lisachester,25-05-2025
U003117,Jessica Mills,masseythomas@example.com,Male,Lake Wendyberg,04-03-2025
U003118,Ashley Hernandez,jeff63@example.net,Other,South Rebecca,20-03-2024
U003119,Brandon Gillespie,davidjackson@example.org,Female,Josephton,03-02-2025
U003120,Scott Roberts,ginahooper@example.net,Female,Port Randy,27-09-2025
U003121,Steve Sharp,dscott@example.org,Male,South Paul,12-11-2024
U003122,Tina Gomez,smithtammy@example.com,Female,East Melissa,10-08-2025
U003123,Eric Grimes,kristinnewman@example.org,Female,New Mariaborough,10-01-2025
U003124,Wesley Grimes,timothytyler@example.com,Female,South Jose,10-08-2025
U003125,Carol Gonzalez,escobarjennifer@example.com,Male,Hudsonton,24-06-2025
U003126,Richard Levy,clayamy@example.org,Other,East Jamesview,07-09-2025
U003127,Matthew Shepherd,beth81@example.org,Male,Tinachester,20-05-2024
U003128,Eric Green,johnsonpaul@example.org,Other,Grantland,28-08-2024
U003129,Jasmine Parker,kristinaking@example.net,Male,North Hannahmouth,20-11-2024
U003130,Sara Rojas,ashley42@example.org,Male,South Audrey,31-01-2025
U003131,Dan Hines,slee@example.com,Female,Barbaraburgh,14-05-2024
U003132,Steven Stone,kfreeman@example.org,Other,Kristinachester,30-11-2024
U003133,Martha Parker,mscott@example.org,Other,Jeffreyside,19-02-2024
U003134,Amy Stephens,harold72@example.org,Other,New Catherine,17-01-2024
U003135,Tracy Sullivan,michelle01@example.org,Other,East Chelseamouth,09-04-2025
U003136,Tammy Parker,karagutierrez@example.com,Female,Montgomeryland,29-07-2024
U003137,Brenda Smith,shieldsalicia@example.com,Female,Port Sarahview,27-06-2024
U003138,Jane Smith,cooperrebecca@example.org,Male,South Shawnshire,18-07-2025
U003139,Elizabeth Hughes,tiffanysilva@example.com,Male,North Laurenborough,17-09-2024
U003140,Ryan Walker,brianhicks@example.com,Female,Pollardview,09-11-2024
U003141,Christine Harrison,michael79@example.org,Male,Port Nancy,15-09-2025
U003142,David Maldonado,erica17@example.net,Female,Harrisburgh,15-11-2024
U003143,Melissa Smith,aromero@example.net,Other,Websterton,14-05-2025
U003144,Alexandra Nunez,edowns@example.net,Male,Mariaborough,26-09-2025
U003145,Robert Nelson,ywilliams@example.org,Female,South Randall,10-11-2025
U003146,Roger Pham,brooke45@example.net,Other,Riosfurt,03-12-2024
U003147,Jonathon Aguilar,teresa15@example.com,Other,West Melissa,20-09-2024
U003148,Michelle Holland,jonhampton@example.org,Other,Simpsontown,12-09-2025
U003149,Joshua Decker,oedwards@example.net,Female,Marvintown,17-01-2025
U003150,Linda Bailey,mejiatimothy@example.org,Female,Jeromeborough,11-06-2024
U003151,Amanda Buckley,jacoblawson@example.org,Female,Burkeport,15-05-2024
U003152,Alicia Horton,lisa07@example.org,Other,Clarkview,29-10-2025
U003153,Aaron Hobbs,gregorymayo@example.com,Other,West Daleberg,29-02-2024
U003154,Zachary Booth,bwelch@example.org,Other,West Sandra,05-10-2024
U003155,Deborah Adams,vshields@example.org,Female,East Melissa,15-11-2024
U003156,Rebecca Gonzalez,vbaker@example.net,Female,Port Brian,12-10-2025
U003157,Barbara Meyers,brownchristopher@example.org,Male,Grahamfort,15-10-2025
U003158,Daniel Russo,danny48@example.com,Other,Alvarezfort,04-07-2025
U003159,James Young,simmonsjoseph@example.org,Female,Sergiostad,18-05-2024
U003160,Stacey Rice,melissajohnson@example.com,Male,South Anthony,03-07-2024
U003161,Anthony Powell,wcook@example.com,Male,South Christopherside,04-06-2025
U003162,David Moore,johnhiggins@example.org,Other,New Daniel,10-04-2025
U003163,Steven Cox,susan13@example.org,Other,Jenkinshaven,08-05-2024
U003164,Matthew Steele,burnscarl@example.org,Female,Kirkstad,31-10-2024
U003165,Anthony Simmons,crawfordtammy@example.net,Male,Port Amanda,22-03-2024
U003166,Scott Cross,lindaperez@example.net,Other,Stevenchester,17-03-2025
U003167,Mark Mitchell,parrishnatalie@example.net,Other,South Jack,27-09-2025
U003168,Alejandro Wilson,gspencer@example.org,Male,Laraview,09-02-2024
U003169,Stacy Patterson,julie84@example.com,Other,Pamelaside,17-06-2024
U003170,Ashley Stewart,andrewforbes@example.net,Male,South Conniestad,19-01-2025
U003171,Megan Summers,rodneyweber@example.org,Male,Lake Michaelborough,25-10-2024
U003172,Deborah Nolan,ojames@example.org,Other,East Michael,24-07-2025
U003173,Michael Costa,anthonyharper@example.net,Male,Port Michaelton,21-10-2025
U003174,Felicia Clark,anthonythomas@example.net,Male,Jasonside,04-07-2025
U003175,Mark Johnson,jamesbeck@example.net,Female,Lake Benjamin,29-10-2025
U003176,Melissa Mahoney,lindseybrown@example.net,Male,Port Heathershire,12-11-2025
U003177,Tammy Blankenship,kenneth47@example.org,Other,Scottfort,11-06-2024
U003178,Nicole Matthews,josephmoran@example.net,Male,Joelville,14-02-2025
U003179,Christopher Moore,michelelopez@example.net,Male,South Sarah,13-09-2024
U003180,Brenda Parrish,gordonjack@example.com,Other,Deborahchester,05-08-2025
U003181,Krista Stanley,rogersmatthew@example.org,Male,North Sharon,13-06-2025
U003182,Rodney Acosta,megan48@example.com,Male,Garciamouth,25-03-2024
U003183,Jeanette Phillips,brenda15@example.net,Male,New Ashleyview,11-01-2024
U003184,Jennifer Williams,anthony69@example.com,Other,Kristenborough,16-07-2024
U003185,Marvin Dixon,romerojennifer@example.net,Female,South Samuel,08-09-2024
U003186,Sergio Huff,rpeck@example.com,Female,West Justin,13-08-2024
U003187,David Robertson,melissadoyle@example.org,Male,Carlsonton,29-04-2025
U003188,Bryan Mitchell,patricia94@example.net,Other,Ashleychester,12-01-2024
U003189,Joseph Cortez,grahamdavid@example.net,Other,Kristinfort,11-11-2024
U003190,Mark Willis,rachel27@example.com,Other,Bakertown,21-03-2024
U003191,David Moore,travisfrazier@example.com,Other,Jamesland,13-09-2024
U003192,Lisa Fry,joshuacrawford@example.net,Female,North Matthewstad,06-10-2025
U003193,John Roberts,cindy55@example.com,Other,North Roger,18-08-2024
U003194,Tara Lewis,laura76@example.com,Female,New Loristad,16-01-2025
U003195,Kevin Lara,johnsonrobert@example.net,Male,West Jamesfort,02-06-2025
U003196,Renee Becker,katie19@example.com,Male,East Peter,01-03-2024
U003197,Brandon Hurley,monicabarnett@example.com,Other,New Barbarahaven,19-09-2024
U003198,Amy Lucas,pettyarthur@example.com,Other,New Christian,03-11-2025
U003199,Maureen Thompson,richardwilliams@example.net,Female,Lake Erica,14-03-2024
U003200,Jay Duncan,vincentwilliams@example.org,Male,New Ann,11-06-2024
U003201,Gavin Pena,hansenchristina@example.net,Male,Justinmouth,02-11-2024
U003202,Karen Gutierrez,preynolds@example.net,Other,Nicoleberg,21-12-2024
U003203,Amy Evans,lopezjacob@example.com,Other,Carterview,20-05-2025
U003204,Lisa Parker,scottdeborah@example.org,Female,Port Troy,11-04-2024
U003205,Richard Ramos,april87@example.com,Other,Josephshire,15-07-2025
U003206,Paul Griffin,torresstephanie@example.com,Female,Port Ashley,25-04-2024
U003207,John Patrick,lindsey64@example.net,Male,East Christina,25-04-2025
U003208,Elijah Gray,bradfordsheila@example.com,Other,Kathyshire,08-01-2024
U003209,Robert Ferrell,benjamindavid@example.net,Other,Port Don,22-09-2024
U003210,Dustin Ortega,josephcastro@example.org,Other,North Jeremy,18-06-2025
U003211,Todd Grant,brian61@example.org,Female,Vasquezport,22-05-2024
U003212,Veronica Stuart,dmason@example.com,Male,Markfurt,28-04-2025
U003213,Robin Nguyen,pbates@example.net,Male,Margaretmouth,14-04-2025
U003214,Anna Smith,matthew26@example.net,Male,Pearsonview,09-12-2024
U003215,Shelia Baker,ksexton@example.com,Other,West Robertview,13-03-2025
U003216,Michael Andrade,gregory04@example.org,Male,Lake Williammouth,20-10-2025
U003217,Jennifer Grimes,brentnguyen@example.net,Male,New Tashastad,20-06-2024
U003218,Diane Ballard,gbrooks@example.org,Male,West Natasha,03-04-2025
U003219,Brandon Miller,vanessa22@example.net,Other,Nolanchester,09-01-2025
U003220,Jamie Dickerson,chandavid@example.org,Other,North Richardhaven,30-04-2025
U003221,Chris Colon,johnsonedward@example.net,Female,New Josephmouth,25-02-2025
U003222,Destiny Bass,betty65@example.net,Female,West Melaniefort,07-09-2025
U003223,Henry Jensen,lesliebaird@example.org,Female,West Sheritown,13-01-2024
U003224,Timothy Prince,david06@example.org,Female,New Karenberg,05-03-2025
U003225,Andrea Bryant,linda37@example.org,Male,Yeseniabury,15-03-2024
U003226,Eric Campbell,lynchscott@example.org,Female,East Robertchester,23-10-2025
U003227,Melissa Thompson,richardstrong@example.com,Female,Williamchester,28-08-2024
U003228,John Nguyen,edward72@example.org,Female,South Crystal,05-06-2025
U003229,Brian Gibson,daniel05@example.net,Other,Pierceton,19-11-2024
U003230,Aaron Ford,bartonteresa@example.org,Male,Port Patrickborough,18-10-2024
U003231,Teresa Diaz,autumnhall@example.net,Other,North Crystal,08-07-2025
U003232,Alyssa Gross,tanya65@example.com,Male,South Bonnieborough,10-09-2024
U003233,Daniel Rice,hernandezgregory@example.net,Female,Roberthaven,09-04-2024
U003234,Courtney Sutton,berrydouglas@example.org,Other,Caseyland,20-06-2025
U003235,Kevin Gordon,corey93@example.org,Male,Peterstad,08-08-2024
U003236,Jeffrey Butler,adamolson@example.com,Other,Jameston,09-05-2025
U003237,Lori Yoder,sullivanvicki@example.org,Other,Hickmanton,02-01-2024
U003238,Dwayne Hartman,poolejulie@example.com,Male,North Lorimouth,13-03-2025
U003239,Morgan Jackson,michelleknapp@example.net,Male,Davisside,26-04-2025
U003240,Allison Gibson,wbrooks@example.net,Female,South Stephaniebury,12-09-2024
U003241,Kim Allen,pollardgina@example.net,Female,Patriciashire,24-10-2025
U003242,Nicholas Hammond,johnsantos@example.com,Female,South Karl,27-02-2024
U003243,April Reeves,jennifer06@example.com,Other,Sarahstad,07-12-2024
U003244,Tiffany Cook,sarahrichardson@example.org,Female,Phelpsfurt,20-07-2025
U003245,Adam Green,mollyharrison@example.net,Male,Ronaldburgh,14-08-2025
U003246,Bianca Cardenas,ijohnson@example.net,Other,Frenchland,03-11-2024
U003247,Ryan Valencia,stevensonanthony@example.net,Male,South Mary,23-03-2024
U003248,Carlos Ramirez,olsencarlos@example.com,Other,North Monicaberg,05-02-2025
U003249,Richard Jackson,coopermegan@example.net,Male,Marshallfort,07-12-2024
U003250,Kristen Miller,yanderson@example.net,Male,North Daniel,05-08-2025
U003251,Deborah Mejia,btorres@example.com,Female,Harrismouth,17-08-2024
U003252,Michael Dominguez,mooneylisa@example.org,Female,West Michelleville,19-10-2025
U003253,Micheal Allen,urobles@example.net,Other,West Brady,26-10-2025
U003254,Daniel Owens,natasha86@example.net,Female,Lopezside,05-12-2024
U003255,David Rodriguez,cbaker@example.com,Other,Hayesbury,23-03-2024
U003256,Traci Mcfarland,diamond43@example.net,Male,West Paul,12-09-2024
U003257,Terry Martinez,duane01@example.net,Other,North Heidi,30-01-2025
U003258,Ronald Lane,patrickhenry@example.net,Male,New Robertshire,02-09-2025
U003259,Jason Allen,lewischarles@example.net,Male,Hawkinston,28-01-2025
U003260,Phillip Anderson,pbrooks@example.com,Male,Gregoryburgh,07-08-2024
U003261,Carmen Hill,gking@example.org,Other,East Angelicafurt,06-02-2024
U003262,Elizabeth Gonzalez,david39@example.org,Other,East Beth,08-02-2025
U003263,Deanna Dixon,rebecca03@example.net,Female,Ginamouth,26-02-2024
U003264,Katherine Wong,mark77@example.net,Female,Normanshire,12-09-2024
U003265,Kevin Jones,elizabethlewis@example.net,Male,Jamiebury,23-02-2024
U003266,Heather Jones,troy09@example.org,Male,Mooreview,09-12-2024
U003267,Jessica Lopez,shannon56@example.org,Other,Jamesshire,18-12-2024
U003268,Amanda Wu,zbray@example.net,Female,Markfurt,09-03-2024
U003269,Joseph Schroeder,joseph10@example.net,Other,North Kevinfort,26-01-2025
U003270,Brittany Green,michaelskinner@example.org,Other,North Danielhaven,17-06-2025
U003271,William Wiley,ncarr@example.net,Other,East Susanshire,30-06-2025
U003272,Shane Ashley,allisonhogan@example.net,Male,North Christopherfort,16-06-2024
U003273,Jacob Ellis,fbrown@example.com,Male,Mckenzieburgh,26-01-2024
U003274,Kevin Everett,justin20@example.org,Female,Port Jerryview,19-09-2024
U003275,Cindy Dominguez,elizabethhudson@example.org,Male,Copelandland,26-06-2025
U003276,John Phillips,paul09@example.com,Male,Thomaston,28-05-2025
U003277,Brent Williams,sarafox@example.org,Other,South Belindastad,07-05-2025
U003278,James Anderson,cynthia12@example.org,Male,East Kelly,15-03-2024
U003279,Matthew Jones,whiteheadmatthew@example.com,Other,New Jessicamouth,13-03-2024
U003280,James Craig,umyers@example.org,Female,New Matthew,03-07-2024
U003281,Lauren Jones,uhorton@example.net,Male,South Deborahville,05-10-2025
U003282,Jessica Dunn,padillagregory@example.com,Female,East Christopher,01-04-2025
U003283,Darren Jennings,ernest99@example.com,Male,West Danieltown,04-02-2025
U003284,Javier Palmer,heather69@example.net,Other,New David,28-05-2025
U003285,Robert Moore,poolelori@example.org,Male,South Kevinton,07-08-2025
U003286,Christine Hunter,jacqueline69@example.net,Other,Powellport,14-04-2024
U003287,Hannah Thomas,sheilagreene@example.org,Female,Bryantmouth,06-01-2025
U003288,Stephanie Gentry,sue91@example.com,Other,Port Edward,11-10-2025
U003289,Diamond Stafford,leezachary@example.org,Other,North Michael,18-03-2024
U003290,Amanda Jackson,keithdaniels@example.net,Female,Lake Davidview,20-07-2025
U003291,Sherri Woods,sotoyvette@example.org,Female,East Lawrenceview,26-09-2024
U003292,Amanda Alexander,lithomas@example.org,Other,Kendraborough,18-04-2024
U003293,Cynthia Guerrero,bbowman@example.net,Male,Kentport,21-03-2025
U003294,Amber Walter,itucker@example.org,Other,South Debraburgh,05-02-2024
U003295,Megan Williams,marissahale@example.com,Other,North Haileyfort,26-06-2025
U003296,Duane Yates,melvinwhite@example.com,Male,Nicolechester,23-10-2025
U003297,Elizabeth Schmidt,brittneywashington@example.com,Other,New Andrea,24-05-2025
U003298,Jeffrey Sandoval,lauradixon@example.org,Other,Wongburgh,23-04-2025
U003299,Stephen Curtis,mendozatonya@example.org,Female,Henrybury,15-06-2025
U003300,Robin Mejia,christianmendez@example.com,Male,North Lori,28-08-2024
U003301,Erin Watkins,curtislucas@example.com,Male,Cortezstad,11-05-2025
U003302,Taylor Bond,simpsonnicholas@example.net,Female,Ashleyshire,05-01-2024
U003303,Laura Ross,stephen86@example.net,Male,Martinezland,20-02-2025
U003304,Sarah Cain,charles48@example.com,Male,Joshuaburgh,11-06-2024
U003305,Nathan Cook,gonzalezmeghan@example.org,Female,Lake Markland,21-04-2024
U003306,Cole Gutierrez,daniel10@example.net,Other,Jimenezmouth,28-08-2024
U003307,Jerry Valencia,wperez@example.com,Other,Port Matthewtown,14-03-2024
U003308,Travis Crawford,donaldgreen@example.com,Other,Bridgesmouth,21-06-2024
U003309,Susan Kaiser,nicolemckenzie@example.org,Female,Lake Margaret,16-08-2025
U003310,Zachary Alexander,michaelvalencia@example.net,Female,Harmonmouth,17-03-2024
U003311,Stephanie Wilson,scottstewart@example.net,Male,Sanchezfort,23-08-2025
U003312,Jeff Miller,johntravis@example.org,Other,Martinbury,01-09-2025
U003313,Ryan Wang,emily00@example.org,Female,New Lauriebury,06-02-2024
U003314,Kenneth Crane,byrdsamantha@example.org,Female,New Ericland,27-04-2025
U003315,Andrew Miller,taylorjose@example.com,Female,South Cynthiafort,28-04-2025
U003316,Darlene Chen,katherinecampbell@example.net,Male,Atkinstown,30-12-2024
U003317,David Smith,dawnbeck@example.com,Female,Lake Jamie,23-05-2024
U003318,Dan Jenkins,harrelllinda@example.com,Other,Smithtown,27-07-2024
U003319,Daniel Martinez,michael79@example.com,Female,North Jennifer,06-03-2025
U003320,Yolanda Cohen,erikacarlson@example.com,Female,Fischermouth,03-06-2025
U003321,Christopher Gray,pagelauren@example.net,Male,Espinozamouth,30-03-2024
U003322,Thomas Kim,michelle38@example.com,Other,Douglasberg,01-12-2024
U003323,Catherine Miller,christinaday@example.org,Other,West Williambury,24-06-2025
U003324,Michael Matthews,matthew86@example.net,Other,Lake Jillmouth,27-01-2024
U003325,Jeffrey Wilson,jimenezterri@example.net,Female,Maxwellton,20-07-2025
U003326,Cynthia Rodriguez,gballard@example.com,Male,New Daniel,18-06-2024
U003327,Dana Allen,ccortez@example.com,Other,Margaretborough,04-11-2025
U003328,Brandy West,johnathan63@example.net,Female,Melaniemouth,08-06-2025
U003329,Tiffany Rodgers,saundersjames@example.net,Male,Jacobstad,06-01-2024
U003330,Deborah Ball,emilyadams@example.org,Other,Blakehaven,02-09-2024
U003331,Erica Bryant,dawnmerritt@example.org,Male,Port Saraton,29-04-2025
U003332,Donald Wade,andrew94@example.com,Male,North Kimberlyport,07-11-2024
U003333,Hailey Richardson,amedina@example.com,Female,North Stephanieport,02-10-2024
U003334,Robert Miller,rscott@example.org,Male,Martinezport,12-01-2025
U003335,Stacey Jimenez,anna67@example.org,Female,Port Alexisville,24-07-2024
U003336,Steven Smith,ericford@example.org,Other,Donnabury,09-12-2024
U003337,Anthony Sanchez,mary68@example.net,Other,Sandovalview,21-06-2025
U003338,Lisa Brown,daniellebrown@example.org,Male,Port Stevenhaven,14-02-2025
U003339,Ashley Green,justinjohnson@example.net,Other,North Sarahborough,30-09-2025
U003340,William Saunders,john31@example.com,Female,Hannahstad,10-02-2024
U003341,Kristin Martin,brooke70@example.org,Female,West John,07-03-2024
U003342,Joseph Daniel,michaeljames@example.net,Female,Phillipsmouth,03-06-2025
U003343,Devin Davis,jamiejones@example.com,Male,Danielland,23-05-2024
U003344,Mary Santana,anthonysmith@example.org,Male,Lake Richard,18-03-2024
U003345,Brian Johnson,gregorylevine@example.com,Male,Frankchester,02-02-2025
U003346,Samuel Downs,kaitlindiaz@example.org,Female,Elizabethmouth,20-06-2025
U003347,David Wall,richmondlarry@example.net,Female,Josephberg,14-06-2025
U003348,Jacqueline Ferguson,leonard75@example.net,Female,South Alyssa,09-10-2024
U003349,Colleen Brown,nelsoncheryl@example.net,Female,Tammyburgh,07-05-2025
U003350,Dennis Reed,brittany58@example.org,Male,Lake Jillian,30-06-2025
U003351,Nancy Jackson,rogerssara@example.com,Male,Brandonfort,05-03-2025
U003352,William Willis,xstokes@example.com,Male,Rhondastad,04-05-2025
U003353,Jane Kennedy,solson@example.com,Male,Bakershire,03-05-2024
U003354,Kevin Campbell,williamsalan@example.net,Female,South Kenneth,16-06-2024
U003355,Susan Powers,linda37@example.com,Female,Port Norma,24-10-2024
U003356,Michael Pearson,denise60@example.net,Other,East Davidview,13-11-2025
U003357,Eric Ward,jessica96@example.org,Other,Port Ryanshire,17-01-2024
U003358,Christina Andersen,donaldchen@example.com,Other,Johnsonshire,24-07-2025
U003359,Stephanie Ward,mannkenneth@example.org,Female,Ayalaborough,08-04-2024
U003360,Brian Bryan,john98@example.net,Male,Stacieberg,31-03-2024
U003361,Ashley Moore,ronaldhartman@example.com,Male,Ashleyview,10-11-2024
U003362,Lauren Munoz,jennifer57@example.net,Male,East Shaneborough,17-08-2024
U003363,Trevor Sawyer,scottrodriguez@example.org,Female,Port Dustin,11-05-2025
U003364,Rachel Martin,phillipwade@example.org,Other,Hughesmouth,12-04-2025
U003365,Lisa Page,tiffany46@example.com,Male,Coryburgh,06-10-2024
U003366,Jesse Miller,hannamichael@example.org,Other,New Jennifer,12-01-2025
U003367,Thomas Santos,briana28@example.net,Other,South Kimberly,20-04-2024
U003368,Tracy Norton,jamieclark@example.net,Female,Jaybury,07-09-2025
U003369,Wanda Bryant,jennifermeyer@example.org,Female,Carrilloshire,14-07-2025
U003370,Mallory Cooper,smithnicolas@example.com,Male,Shermanland,07-05-2024
U003371,Patricia Sims,khuber@example.net,Female,Matamouth,25-06-2024
U003372,Tyler Ward,thomas10@example.com,Female,North Ann,28-05-2024
U003373,Cameron Chavez,ortegaashley@example.com,Female,South Cindybury,17-01-2025
U003374,Melissa Conway,haascheryl@example.org,Male,Shellyport,15-11-2024
U003375,Brett Irwin,gabriellechavez@example.com,Other,New Edwardside,19-12-2024
U003376,Aaron Brown,geraldcastro@example.net,Other,Millerburgh,04-05-2025
U003377,David Silva,michael39@example.net,Male,Ashleyton,07-10-2025
U003378,Jason Hess,hshah@example.com,Other,Seantown,30-03-2024
U003379,James Fuentes,bauermichelle@example.net,Other,Sheilamouth,15-05-2024
U003380,Gary Pope,david30@example.org,Male,Palmerside,17-08-2024
U003381,Debra Black,rnguyen@example.net,Other,Stefanietown,16-10-2024
U003382,Bailey Davis,bradley97@example.org,Female,South Robert,05-02-2025
U003383,Phillip Griffin,gmoses@example.net,Male,West Katieberg,18-07-2024
U003384,Laura Ellison,kathy50@example.net,Male,Rebeccaberg,27-01-2024
U003385,Nancy Green,sarahjacobs@example.org,Female,Danielfurt,13-03-2024
U003386,Tanya Alexander,velliott@example.net,Female,Amandamouth,03-11-2024
U003387,Charles Walton,fosterlisa@example.com,Female,Davidsonchester,04-07-2024
U003388,Christopher West,denisecole@example.net,Female,Jayfort,17-07-2024
U003389,Tammy Ramirez,natasharodriguez@example.net,Male,Michaelhaven,05-02-2024
U003390,Sara Green,valeriegonzales@example.org,Male,Scottport,13-11-2025
U003391,Courtney Harris,lhartman@example.com,Male,Port Brendan,27-01-2024
U003392,Kimberly Choi,terrenceclark@example.com,Female,Wilsonstad,26-10-2025
U003393,Timothy Lopez,moorejohn@example.org,Female,Stephenhaven,23-09-2024
U003394,Michael Matthews,jim42@example.com,Female,Jamestown,12-08-2025
U003395,Kristen Dickerson,sabrina83@example.com,Female,Lake Stephanietown,31-01-2025
U003396,Renee Jones,lydiasullivan@example.net,Female,East Brianna,18-05-2024
U003397,Jessica Herrera,zglenn@example.com,Male,Lake Tyroneton,09-08-2024
U003398,Angel Nelson,rgarcia@example.org,Female,Port Sean,18-10-2024
U003399,Kristen Quinn,blairdonna@example.com,Female,Jamesside,10-11-2025
U003400,Donna Walsh,sallen@example.com,Male,Lopezland,26-10-2024
U003401,Patricia Zimmerman,marissa54@example.com,Other,Pattersonhaven,12-09-2025
U003402,Kathleen Ramsey,carlos27@example.net,Other,Nicoleland,12-04-2024
U003403,Jessica Munoz,nthompson@example.net,Female,Ginaburgh,20-06-2024
U003404,Eugene Harris,barbararichards@example.net,Other,North Lee,26-02-2024
U003405,Alexis Hale,lewistara@example.net,Other,West Jenniferhaven,21-06-2025
U003406,Kimberly Barnes,qjones@example.com,Male,Lake Stephaniefurt,25-06-2024
U003407,Kenneth Butler,barbaramcclain@example.com,Female,Mitchellfurt,24-09-2024
U003408,Kristin Contreras,zwalton@example.com,Male,Ballfurt,02-12-2024
U003409,Johnathan Kaufman,hartdavid@example.net,Male,Melissaberg,01-10-2024
U003410,Lance Gilmore,chadcox@example.com,Female,Morenoshire,04-02-2025
U003411,Tony Thomas,kerry42@example.org,Male,South Chaseside,16-01-2025
U003412,Billy Zamora,brookeherrera@example.net,Female,Lake Alicia,04-09-2024
U003413,Joshua Brown,ataylor@example.com,Female,New Benjamin,21-06-2025
U003414,Michelle Scott,leeamy@example.org,Other,East Lori,20-04-2024
U003415,Daniel Rodriguez,elizabeth65@example.com,Female,Matthewfort,05-09-2025
U003416,Dennis Roberts,ashleygarcia@example.org,Female,Jamesmouth,06-08-2024
U003417,Michael Zimmerman,loganpineda@example.net,Female,Lake Walter,02-10-2025
U003418,Christopher Allen,tanya69@example.com,Female,Lake Valerie,02-05-2025
U003419,Amy Shaffer,jennifer86@example.net,Female,Carlosside,06-07-2025
U003420,Mark Fleming,schwartzcarol@example.net,Other,Port Lynnchester,23-09-2025
U003421,Michelle Villa,cynthia62@example.net,Other,South Laurie,29-03-2024
U003422,Amanda Taylor,mary79@example.com,Male,South Timothy,12-04-2025
U003423,Catherine Downs,hessadam@example.net,Female,Liton,12-05-2025
U003424,Wendy Edwards,marylopez@example.net,Female,Mooreberg,09-04-2025
U003425,Michelle Diaz,armstrongcynthia@example.com,Other,Jacksonport,25-03-2024
U003426,Jennifer Butler,edwarddavis@example.com,Other,Russellbury,11-07-2025
U003427,Tricia Gomez,keithdennis@example.com,Male,West John,15-02-2025
U003428,Stephanie Smith,daylee@example.net,Female,Cameronview,03-01-2025
U003429,Bryan Henson,jake50@example.com,Female,Miguelborough,03-09-2025
U003430,John White,wyattdanielle@example.net,Male,Johnsonview,19-05-2025
U003431,Kevin French,johnsonchristine@example.com,Female,Davisside,03-07-2024
U003432,Erica Park,sheilaanderson@example.com,Female,Sotobury,28-04-2024
U003433,Michael Scott,ibrown@example.com,Female,Thomasbury,30-11-2024
U003434,Kyle Mcintosh,taylor12@example.com,Other,Pattersonmouth,18-08-2024
U003435,John Robinson,catherinewhite@example.net,Other,Port Dominicland,01-09-2025
U003436,Sarah Garcia,maria33@example.net,Other,South Ericside,24-08-2024
U003437,Dawn Rivera,patriciaburnett@example.com,Female,East Janet,27-10-2025
U003438,Chad Anderson,walkersamantha@example.net,Other,East Valeriestad,23-07-2025
U003439,Ashley Cobb,steven14@example.org,Male,Port Jodichester,14-02-2025
U003440,Jacob Thompson,ugates@example.net,Female,Carlyton,05-10-2025
U003441,Joshua King,nking@example.com,Female,Kellyborough,03-01-2024
U003442,Kaitlyn Elliott,qchapman@example.org,Female,Lake Kathleen,17-07-2025
U003443,Adrian Brown,fredericksmall@example.com,Female,Robbinsbury,23-09-2025
U003444,Steven Williams,udorsey@example.net,Female,Rodriguezborough,06-08-2024
U003445,Karen Robinson,williamsbradley@example.org,Male,Lewisberg,08-05-2024
U003446,Jessica Coleman,vfrederick@example.com,Other,Woodchester,22-08-2024
U003447,Gabriel Barrett,ppena@example.com,Male,Lindaborough,23-03-2024
U003448,Jennifer Wilkins,deborah68@example.com,Other,West Kennethchester,30-05-2024
U003449,Mason Owens,wharris@example.org,Other,Danielfort,17-05-2025
U003450,Emily Howard,robin65@example.com,Male,North Kristenbury,27-09-2024
U003451,Seth Edwards,ashleyfoster@example.com,Other,Danaland,27-04-2025
U003452,Ernest Arellano,markoconnor@example.com,Other,Timothyshire,06-01-2024
U003453,Mary Gonzalez,jerrysanders@example.org,Male,Chadberg,09-03-2025
U003454,Kurt Brown,ewilliams@example.org,Other,Mooreshire,02-10-2025
U003455,David Harvey,michaeltodd@example.com,Female,New Eric,17-01-2025
U003456,Mike Miller,ashley28@example.com,Other,South Lindashire,19-02-2025
U003457,James Brown,nryan@example.net,Male,Karenfurt,08-07-2025
U003458,Cindy Williams,twagner@example.com,Female,Jordanfurt,09-11-2024
U003459,Kyle Hoffman,anoble@example.net,Female,Jasonchester,15-09-2024
U003460,Natasha Paul,morenomatthew@example.org,Other,Kristinchester,11-12-2024
U003461,Thomas Lopez,jcunningham@example.org,Male,West Seth,22-04-2024
U003462,Tony Chen,jennifer68@example.net,Female,South Susan,11-07-2025
U003463,Joseph Thompson,jonking@example.com,Other,Sanderston,12-05-2025
U003464,Sharon Evans,dmiller@example.com,Female,Jacksonside,29-08-2024
U003465,Joanne Meyer,nbender@example.org,Male,Teresaview,21-09-2024
U003466,Karen Frazier,christopher69@example.net,Other,Robertland,31-08-2025
U003467,Kevin Williams,heatheryoung@example.org,Female,New Anthony,06-06-2024
U003468,Joyce Adams,zrichards@example.org,Male,South Tammy,27-09-2024
U003469,Kristen Welch,davisemily@example.org,Female,Port Anthony,16-02-2025
U003470,Cody Duran,anthonyburton@example.org,Other,West Edwinland,20-09-2024
U003471,John Mckenzie,erikacarter@example.org,Male,North Gary,26-09-2025
U003472,John Dunn,cwebb@example.org,Other,New Michael,01-02-2024
U003473,Melanie Sanchez,utucker@example.com,Female,North Hollyville,13-01-2024
U003474,Danielle Walton,beannicholas@example.com,Female,Port Katherine,24-03-2025
U003475,Melissa Moreno,vickie87@example.org,Male,Robinmouth,04-10-2025
U003476,Trevor Graham,wilsontiffany@example.org,Female,Smithfort,13-07-2024
U003477,Tammy Escobar,brian93@example.net,Other,Port Mollyborough,06-04-2024
U003478,Jennifer May,maryjackson@example.com,Female,North Nicholasborough,12-07-2024
U003479,Heidi Payne,feliciawebster@example.org,Other,Cruzstad,01-05-2024
U003480,Misty Henson,robinsoncorey@example.com,Female,Jessicaburgh,10-04-2024
U003481,Rebecca Lewis,bsnyder@example.org,Other,South Seanville,27-12-2024
U003482,Ryan Leblanc,mdoyle@example.org,Other,West Cody,18-03-2024
U003483,Randy Scott,ryanhall@example.org,Other,East Billy,09-05-2024
U003484,Christopher Jennings,jason04@example.net,Female,West Latoyaland,27-01-2025
U003485,Juan Jones,anthony55@example.org,Other,Warrenburgh,20-02-2025
U003486,Robert Burns,halltyler@example.com,Male,Hayesfort,09-01-2025
U003487,Adam Pena,wendysantos@example.com,Female,Donnaton,03-02-2024
U003488,William Morris,millerraven@example.com,Other,South Danielle,20-08-2024
U003489,John Hardy,annettewilson@example.net,Other,East Alex,02-11-2025
U003490,Karen Brown,jonathansimmons@example.org,Other,Fergusonland,14-03-2024
U003491,Candace Cox,kevinmorales@example.org,Other,Lake Taylorview,28-08-2025
U003492,Thomas Jones,murrayelizabeth@example.com,Male,Sheilamouth,08-08-2025
U003493,Rita Hawkins,crystaldavis@example.com,Male,South Joannatown,22-01-2025
U003494,Kenneth Cohen,amysandoval@example.org,Male,North Coryview,29-07-2024
U003495,Matthew Russell,amarshall@example.org,Other,Davidshire,15-07-2025
U003496,Anthony Webb,kristycole@example.com,Other,Charlesfort,29-09-2024
U003497,Steven Lindsey,nicolewade@example.net,Female,West Janestad,18-08-2025
U003498,Kevin Wagner,scottsandoval@example.com,Male,Lake Eduardo,16-10-2025
U003499,Michael Chapman,amandawarren@example.net,Other,Bowersstad,26-02-2025
U003500,Victor Good,christinewalter@example.org,Other,Lake Jenny,29-04-2025
U003501,Patricia Sims,hollyscott@example.net,Male,New Wesley,24-04-2025
U003502,James Obrien,katie48@example.com,Other,Derekmouth,31-03-2025
U003503,Angela Flores,wflynn@example.org,Other,New Chris,18-06-2024
U003504,Robert Gibson,kristinamoore@example.org,Other,Teresabury,16-05-2025
U003505,Melody Jacobson,dmccoy@example.org,Other,Colemanbury,22-07-2025
U003506,Brian Green,christopherross@example.org,Female,Nicolemouth,03-07-2024
U003507,Morgan Lewis,laurenrice@example.com,Female,East James,01-05-2024
U003508,Justin Adams,lauren14@example.org,Female,Monicaberg,10-11-2024
U003509,Daniel Morgan,kelly95@example.com,Male,Garrettland,27-02-2024
U003510,Amanda Evans,nicholas81@example.com,Male,East Claireville,08-03-2025
U003511,Ricky Goodwin,rachelguerrero@example.com,Male,New Caitlyn,31-10-2025
U003512,Scott King,marcuspearson@example.net,Female,Brooksshire,08-12-2024
U003513,Michael Dickerson,marshalllisa@example.com,Male,Tinaland,09-07-2025
U003514,Jeffrey Ramirez,samanthahurst@example.org,Other,Susanside,29-06-2025
U003515,Mark Gonzalez,johnsonwesley@example.org,Other,Richardport,27-04-2024
U003516,John Mendoza,tcase@example.org,Other,Port Cynthiaview,10-09-2025
U003517,Alexander Fisher,bwilson@example.com,Other,Allenmouth,08-03-2025
U003518,Catherine Ibarra,laurenflynn@example.net,Other,Harperton,16-09-2025
U003519,Albert Jones,samuel59@example.org,Other,North Rachelmouth,20-09-2024
U003520,Jessica Lee,qwilliams@example.org,Other,South Frederick,02-01-2024
U003521,Christine Perry,daniellerodriguez@example.org,Male,New Peterland,26-09-2025
U003522,Jacqueline Kelley,nathanjefferson@example.net,Female,Hinesmouth,29-06-2024
U003523,Jose Johnson,hollandjustin@example.com,Female,Derekfurt,11-12-2024
U003524,Thomas Wilkinson,johnanthony@example.com,Female,Lake Tinashire,10-01-2024
U003525,April House,jodi94@example.com,Female,Donnachester,08-09-2024
U003526,Karen Burns,brittanyjohnson@example.com,Other,Woodsfort,25-05-2024
U003527,Carolyn Nichols,peterhamilton@example.com,Other,Jenniferville,27-03-2025
U003528,Brenda Jacobs,stewartkelsey@example.org,Other,East Matthewchester,28-01-2024
U003529,Nancy Schmidt,ymontgomery@example.com,Other,Port Christinaborough,22-05-2025
U003530,Erica Solomon,fsmith@example.com,Male,Port Georgeton,01-09-2024
U003531,Kelly Price,noahroberson@example.com,Female,New Andrewberg,01-03-2024
U003532,Michael Carter,toni93@example.com,Male,Brooksmouth,07-08-2025
U003533,Joshua Sanchez,lgallagher@example.com,Female,Port Sethchester,17-04-2024
U003534,Sara Ayala,stephen37@example.com,Male,Jessicaberg,22-09-2025
U003535,George Hahn,robert90@example.org,Female,Trujilloburgh,13-08-2024
U003536,Melissa Chapman,christinehart@example.com,Female,Natalieborough,05-08-2025
U003537,Ray Scott,thomaslori@example.net,Male,Josephmouth,21-06-2025
U003538,Ann Malone,ashley12@example.com,Male,South Anne,01-01-2024
U003539,Pamela Walker,chad39@example.com,Other,Thorntonmouth,06-08-2024
U003540,Justin Jones,jenniferadkins@example.org,Male,Brianstad,20-04-2024
U003541,Raymond Sanchez,nicole11@example.net,Female,Foxborough,06-04-2024
U003542,Adrienne Curtis,wendy33@example.net,Female,West Curtisland,02-11-2024
U003543,Linda Trujillo,riddlejames@example.net,Female,North William,24-11-2024
U003544,Juan Rice,john60@example.net,Female,Lake Allen,12-09-2024
U003545,James Walker,simongabrielle@example.org,Male,New Johnchester,17-02-2025
U003546,Tiffany Frederick,yayers@example.com,Other,Allenchester,28-11-2024
U003547,Stephanie Bennett,michael59@example.org,Female,West Rachel,21-08-2024
U003548,Christina Shaffer,james11@example.org,Female,South Claudia,10-12-2024
U003549,Nathan Young,medinajessica@example.org,Female,Lake John,27-01-2025
U003550,Natasha Harris,collinsdiana@example.com,Male,Julietown,22-03-2025
U003551,Douglas Wright,ytaylor@example.com,Female,South Scottville,13-11-2024
U003552,Yvette Francis,kevin87@example.com,Other,North Sarah,06-08-2024
U003553,Robert Mitchell,jessicascott@example.org,Other,Terryshire,10-09-2025
U003554,Brian Aguilar,kimmark@example.com,Female,West Gary,06-11-2024
U003555,Jeremy Salinas,william37@example.com,Female,East Nicholasburgh,23-01-2024
U003556,Alyssa Miranda,vargaspamela@example.net,Male,Mariastad,02-01-2025
U003557,Patrick Hardy,curryisabella@example.com,Female,Maryfurt,12-10-2025
U003558,Kelly Evans,katrina23@example.net,Male,North Jonathanstad,25-03-2025
U003559,Morgan Good,xsimpson@example.com,Other,Tristantown,26-04-2024
U003560,Wayne Harrison,wgeorge@example.org,Male,Lake Kevinmouth,22-06-2025
U003561,Kaitlyn Jensen,rodneythomas@example.net,Male,Rebeccaberg,04-10-2025
U003562,Heidi Brown,elizabeth77@example.net,Female,Port Cynthiabury,12-09-2025
U003563,Melissa Williams,danieldavis@example.net,Other,Alexanderfort,03-07-2024
U003564,David Jennings,cruzjoseph@example.com,Male,Meganfort,05-02-2025
U003565,Deborah Robbins,mistywolf@example.com,Other,Mcdanielhaven,24-08-2024
U003566,Christopher Kelly,hendersonnicole@example.net,Male,West Michaelmouth,19-08-2024
U003567,Mark Houston,amiller@example.com,Other,Tinashire,16-03-2024
U003568,Sarah Allen,richard05@example.net,Male,Leechester,12-06-2024
U003569,Rebecca Robinson,robert32@example.org,Other,Rebeccaland,20-03-2024
U003570,Nathaniel Lawson,watkinschristopher@example.org,Male,Bergermouth,15-12-2024
U003571,Patricia Grant,jriley@example.com,Other,Duncanhaven,01-08-2025
U003572,Veronica Stevenson,armstrongsarah@example.org,Male,Fernandoton,05-03-2025
U003573,Jamie Duncan,henrybailey@example.net,Female,South Johnbury,26-06-2024
U003574,David Webb,twillis@example.org,Other,South Peterville,03-01-2024
U003575,Christopher Petersen,rsanchez@example.net,Female,Port Alexandriastad,30-05-2025
U003576,Paul Fisher,glennsmith@example.org,Female,Robertborough,03-06-2024
U003577,Michael Gibson,soliver@example.org,Male,Laurentown,14-03-2025
U003578,Nichole Massey,robinsonjulie@example.com,Female,North Jeffery,30-06-2025
U003579,Katie Thompson,storres@example.com,Other,Lake Laura,28-03-2024
U003580,Jenny Cobb,jmiller@example.net,Male,North Tammy,28-03-2024
U003581,Amber Mcdaniel,rvincent@example.net,Male,Williamchester,25-07-2025
U003582,Donna Hart,samanthafaulkner@example.org,Other,North Dianaburgh,23-10-2025
U003583,Christian Washington,pachecojason@example.com,Other,Cruzbury,09-12-2024
U003584,Jennifer Jensen,ericlynn@example.com,Female,Matthewborough,25-09-2024
U003585,Gabriella Carr,elizabethburke@example.org,Female,South Michael,17-05-2024
U003586,Haley Wade,kellereric@example.com,Male,Davidmouth,24-08-2024
U003587,Mark Hayes,perkinsmatthew@example.net,Other,North Mike,13-10-2025
U003588,Angela Bryant,martinezmichele@example.com,Other,Edwardport,08-12-2024
U003589,Cassandra Mason,laurengreene@example.net,Male,New Wesley,28-06-2025
U003590,Adam Marquez,david97@example.com,Female,Gutierrezshire,25-04-2024
U003591,Ricardo Miller,scott52@example.net,Other,East Jacqueline,02-03-2024
U003592,Paul Franco,diane90@example.org,Female,Annaview,04-07-2025
U003593,Kenneth Lambert,joy57@example.com,Female,Boyerland,31-01-2025
U003594,John Daniels,vcooper@example.org,Male,Lake Patricialand,08-05-2025
U003595,Brooke Cortez,jrobertson@example.org,Other,Susanshire,22-04-2025
U003596,Patrick Smith,rileyjustin@example.org,Male,Johnsonfurt,01-06-2025
U003597,Kimberly Powers,hjohnson@example.com,Male,South Derekberg,13-03-2024
U003598,Michaela Walker,andreadunn@example.org,Female,North Katherine,20-01-2024
U003599,Ronald Phelps,cgood@example.org,Other,East Deborahbury,30-01-2025
U003600,John Walker,eward@example.org,Male,Davidsonshire,20-07-2024
U003601,Aaron Sullivan,tracy43@example.net,Other,Burnston,06-03-2025
U003602,Peter Hayes,charlesking@example.net,Male,New Sophiamouth,05-08-2024
U003603,Ronald Pierce,pfrancis@example.net,Other,Port Michaelhaven,04-07-2024
U003604,David Horn,jason12@example.net,Male,South Mary,20-10-2024
U003605,Leslie Joyce,parksanna@example.net,Female,West Alexisland,13-10-2024
U003606,Paul Collier,amack@example.org,Female,North Sabrinaton,17-06-2025
U003607,Sara Hayes,jonathan73@example.net,Male,Jessicaport,22-10-2025
U003608,Richard Armstrong,spencerjoshua@example.org,Female,New Amandashire,15-06-2024
U003609,Carlos Robinson,harrisalexander@example.com,Male,Lake Amber,15-09-2024
U003610,Laura Thompson,garciatammy@example.net,Female,East Katelynport,22-06-2024
U003611,Alexis Carter,bryan25@example.net,Other,Howellshire,11-08-2025
U003612,Felicia Wolf,johndaniels@example.com,Female,Archerfurt,25-01-2024
U003613,Barry Chen,mckenziemills@example.com,Other,East Kimberlyport,06-08-2025
U003614,Jason Salazar,ipierce@example.com,Other,Kellyborough,12-01-2024
U003615,Cory Gonzalez,eugeneavila@example.net,Female,Lake Cindy,15-01-2024
U003616,Seth Smith,pgoodwin@example.net,Other,North Thomas,12-04-2025
U003617,Kyle Miller,david31@example.org,Female,Hickston,26-08-2024
U003618,Maria Sullivan,kathrynbaxter@example.org,Other,New Tara,21-08-2024
U003619,Luis Kim,howardclaudia@example.org,Female,Lake Mary,08-11-2025
U003620,Alexander Kim,prodriguez@example.org,Other,Katherinefort,23-05-2024
U003621,Gregory Morris,qwoods@example.net,Male,Codyport,29-03-2025
U003622,Shaun Cannon,scott44@example.net,Female,Port Marcus,04-08-2024
U003623,Diana Vaughan,mannlisa@example.com,Female,Port Saraville,07-05-2025
U003624,Ryan Barry,amycooper@example.com,Female,Pattersonchester,03-08-2024
U003625,Benjamin Richardson,ipotter@example.org,Other,New Jill,04-12-2024
U003626,Michele Walker,dmorris@example.org,Male,Floreschester,09-11-2025
U003627,Sandra Evans,nicholas33@example.net,Other,East Kevin,05-02-2024
U003628,Michael Ramirez,shannon51@example.com,Other,Jenniferhaven,26-10-2025
U003629,Dana Powell,colonjames@example.org,Female,Wandaberg,03-10-2025
U003630,Nicholas Ortega,tmejia@example.net,Other,Carpentermouth,13-11-2024
U003631,John Butler,stephaniebright@example.net,Other,Johnsonside,17-10-2025
U003632,Victoria Harrison,sgoodwin@example.org,Male,Roseshire,23-08-2024
U003633,Jaime Martinez,haroldarmstrong@example.com,Other,Port Lauraburgh,08-11-2025
U003634,Jacqueline Taylor,camachokathryn@example.com,Male,West John,30-09-2025
U003635,Mikayla Davis,joshua54@example.org,Female,West Amber,31-01-2025
U003636,Sandra Allen,katie03@example.com,Male,Walkerborough,28-12-2024
U003637,Eric Hernandez,qlee@example.com,Male,West Tonyashire,10-09-2025
U003638,Amy James,ygarcia@example.net,Female,Penaland,10-07-2025
U003639,Kimberly Leon,warrengerald@example.net,Male,Solomonmouth,13-05-2024
U003640,Susan Clark,rhughes@example.net,Male,East Andrew,20-09-2024
U003641,Michael Gonzales,randall36@example.org,Female,South Jamestown,26-04-2024
U003642,Kelly Williams,zmoore@example.org,Other,East Shirleyfurt,05-08-2025
U003643,Brandon Bryan,krista74@example.net,Male,Lake Christopherbury,01-08-2024
U003644,Denise Walker,perezcody@example.net,Other,South Robertfurt,22-06-2024
U003645,Traci Maddox,michael54@example.org,Female,Karenside,22-10-2024
U003646,Shawn Mcintyre,khernandez@example.com,Female,Port Marytown,10-03-2025
U003647,Alison Miller,xsimon@example.com,Other,Lake Donnaton,15-12-2024
U003648,Pedro Smith,williamwalters@example.org,Male,Vanceberg,04-05-2024
U003649,Joshua Brandt,fprice@example.net,Other,Luisfort,08-09-2025
U003650,Jeffrey Carey,jordanbrian@example.org,Female,Ericborough,20-08-2025
U003651,Ashley Reed,melanie07@example.org,Female,Lake Saramouth,13-06-2025
U003652,Christina Brooks,johnhopkins@example.com,Male,Port Ronaldmouth,01-06-2025
U003653,Amber Young,dianeparsons@example.com,Female,West Spencermouth,05-03-2024
U003654,Jill Jones,kellychang@example.org,Other,North Lori,01-09-2024
U003655,Susan Lester,kellydesiree@example.org,Other,Dillonmouth,03-05-2024
U003656,Amy Wilson,robertjordan@example.com,Other,Port Markton,20-08-2025
U003657,Jeremy Marquez,kara91@example.org,Other,Johnbury,22-11-2024
U003658,Hailey Jackson,harmongary@example.com,Male,Cervantesbury,13-07-2025
U003659,William Campbell,blakesarah@example.net,Other,South Dawn,18-01-2025
U003660,Jason Silva,eric85@example.net,Male,East Jeffreytown,30-08-2024
U003661,Danielle Nicholson,angela32@example.net,Female,New Luistown,23-12-2024
U003662,Brian Gallegos,vguerrero@example.net,Female,Port Leslieside,15-08-2024
U003663,Jason Freeman,brownbrett@example.com,Male,Jonathanshire,26-03-2024
U003664,Ashley Holt,qmartinez@example.net,Male,North Jamesview,17-04-2025
U003665,Allison Preston,rose86@example.com,Female,Websterfort,31-08-2024
U003666,Joshua Gray,cdougherty@example.org,Female,South Nicholas,19-07-2024
U003667,Kelly Keith,jbaker@example.org,Other,New Aaronchester,09-02-2024
U003668,Jason Fowler,mary28@example.net,Male,Adamborough,19-12-2024
U003669,Kim Wilson,taylorcathy@example.net,Female,Timothymouth,01-02-2025
U003670,Hannah Jordan,stacey03@example.net,Male,South Jamesfort,12-09-2024
U003671,Steve Hernandez,wrightjohn@example.com,Female,Erichaven,23-12-2024
U003672,Christina Smith,pwilliams@example.net,Male,Jacobside,06-06-2024
U003673,Nichole Roberts,davisjonathan@example.net,Male,Houstonport,26-07-2025
U003674,Mark Luna,emilypena@example.com,Female,West Kathleenton,07-11-2024
U003675,Robert Ferguson,michael65@example.net,Other,Bautistabury,28-01-2025
U003676,Clinton Noble,kerriking@example.com,Other,Harrisfurt,20-02-2025
U003677,Melinda Carpenter,stonejulie@example.com,Other,Lake Emilymouth,05-01-2025
U003678,Danielle Zamora,wellsjennifer@example.org,Female,Lake Wesleyhaven,20-10-2024
U003679,Shawn Jones,kbenton@example.net,Female,South Lukemouth,08-11-2024
U003680,Robert Parker,wilsonjoseph@example.com,Other,Barajaschester,03-05-2024
U003681,Robin Everett,emurphy@example.net,Female,New Marie,03-11-2024
U003682,Douglas Carrillo,martintracy@example.net,Female,Rhondaburgh,13-01-2025
U003683,Stephanie Aguilar,ballmichael@example.net,Other,Nancyborough,25-06-2024
U003684,Jeremy Mccarthy,jason63@example.org,Female,Miguelfurt,14-11-2024
U003685,Andrew Underwood,qpotter@example.com,Female,West Karatown,26-10-2025
U003686,Julie Nelson,cwood@example.org,Male,Port Michelle,04-01-2024
U003687,Jessica Edwards,wallacevictoria@example.com,Male,New Robert,25-03-2024
U003688,Gregory Hoffman,kara42@example.com,Other,Lake Joseph,21-05-2025
U003689,Jennifer Johnston,paulabrooks@example.net,Male,Norrischester,11-11-2025
U003690,Madison Morris,sean58@example.com,Male,Lake Todd,05-10-2024
U003691,Brian Haynes,terrigarner@example.org,Female,Deborahshire,15-02-2024
U003692,Russell Drake,umartinez@example.org,Male,Smithville,07-02-2024
U003693,Sarah Haynes,bryan25@example.com,Female,North Kellyborough,21-11-2024
U003694,Robert Sanders,jmarshall@example.com,Male,South Danielberg,07-09-2025
U003695,Barbara Mann,bgarcia@example.org,Other,Albertport,25-08-2025
U003696,Heather Moore,wattsjason@example.net,Female,South Rebekahchester,02-05-2024
U003697,Derek Hancock,vjohnson@example.com,Male,Johnland,11-11-2024
U003698,Tracey Hall,floreskyle@example.com,Female,Ninaberg,28-09-2024
U003699,Brian Campbell,gzhang@example.org,Other,Lake Jamestown,17-08-2024
U003700,Rebecca Flores,antonio26@example.org,Other,West Anthony,24-09-2024
U003701,Vicki Perez,erictownsend@example.org,Female,Reyeschester,02-03-2025
U003702,Marcus Douglas,jimmy24@example.org,Other,Lake Michelleshire,04-10-2024
U003703,Matthew Haynes,dmcintyre@example.net,Other,West Angelaland,08-07-2024
U003704,Tammy Johnson,shawn21@example.org,Male,Parsonsmouth,12-06-2024
U003705,Katherine Gaines,vphillips@example.com,Other,South Daniel,09-08-2025
U003706,Scott Haney,elizabeth70@example.com,Male,New Sophia,22-03-2024
U003707,Raymond Vasquez,keith23@example.com,Female,Riosmouth,25-01-2024
U003708,Candice Sawyer,leejohnson@example.com,Other,West Elizabeth,18-01-2025
U003709,Christopher Mcbride,xneal@example.org,Female,South Natalie,13-02-2024
U003710,Matthew Jones,shawngonzalez@example.com,Other,Alyssatown,20-06-2024
U003711,Claudia Vasquez,danielhurley@example.com,Male,South Joshuafurt,02-04-2025
U003712,Edgar Graves,pcarrillo@example.org,Other,East Melanie,22-02-2024
U003713,Rebecca Ayala,figueroawilliam@example.org,Female,West Allisonville,24-06-2025
U003714,Jennifer Jones,bradley89@example.net,Other,Johnport,24-04-2024
U003715,Kathy Lin,pachecopatricia@example.net,Male,South Karenbury,13-01-2025
U003716,Alexis Christian,zachary99@example.org,Female,Melissahaven,06-01-2024
U003717,David Smith,justinfranco@example.com,Male,New Maryville,29-01-2024
U003718,Patricia Morgan,matthewmay@example.net,Other,Patrickshire,20-04-2025
U003719,Cynthia Ali,yvonnedavis@example.net,Other,Carrollchester,07-02-2025
U003720,Derrick Fields,ritabeard@example.com,Male,Gallegosview,16-01-2024
U003721,Danny Thornton,ashlee36@example.org,Female,South Lorettaview,08-04-2024
U003722,Madison Logan,brenda59@example.org,Male,South Adam,01-03-2025
U003723,Aaron Walker,julie56@example.net,Female,Tylerville,30-01-2025
U003724,Peter Henry,clarkjustin@example.net,Female,Melissaport,03-06-2025
U003725,Walter Leonard,groberts@example.com,Female,Michaelhaven,09-06-2024
U003726,Nancy Mccarthy,james22@example.org,Male,South Wendyview,20-09-2024
U003727,Tiffany Tran,gcruz@example.org,Female,Garciaborough,03-09-2025
U003728,Ashley Briggs,tracy58@example.com,Male,New Juliemouth,02-04-2025
U003729,James Sanchez,holmesmiguel@example.net,Male,Maryfort,07-08-2025
U003730,Michael Gardner,lawrencealexis@example.net,Male,Watsonborough,18-12-2024
U003731,Elizabeth Harper,stephaniegraham@example.org,Other,East Robert,01-05-2024
U003732,Linda Harrison,rebeccamartinez@example.org,Other,Tammyfort,10-06-2024
U003733,Lori Maxwell,martinsuzanne@example.org,Other,North Michellefort,25-07-2025
U003734,Teresa Fisher,michael02@example.net,Female,Guerreroshire,25-02-2024
U003735,Shawn Waters,joshuamcknight@example.net,Other,Heatherland,14-07-2024
U003736,Jay Dodson,wilcoxryan@example.net,Other,Burchshire,21-01-2024
U003737,Pamela Henderson,qmoyer@example.com,Other,Brewerberg,11-03-2025
U003738,Jennifer Davis,phillipsandrea@example.net,Female,Johnmouth,28-05-2025
U003739,Glenn Smith,daysergio@example.net,Male,Floydstad,01-08-2025
U003740,Jacob Fitzpatrick,douglas53@example.net,Other,New David,16-03-2025
U003741,Michael Duran,lhayes@example.com,Male,Kingmouth,29-06-2024
U003742,Brandon Carney,jacob14@example.net,Male,Ryanton,06-04-2025
U003743,Nicholas Schmidt,idawson@example.com,Male,Gregorytown,04-06-2024
U003744,Laura Mitchell,rachel98@example.org,Male,Elizabethport,02-06-2025
U003745,Thomas Gilmore,feliciathompson@example.com,Other,East Deanna,01-11-2024
U003746,Vicki Peck,richard67@example.net,Female,Robertmouth,07-02-2024
U003747,Alicia Mcguire,alewis@example.net,Other,Port Jeffreyshire,17-03-2025
U003748,Jennifer Deleon,tiffany92@example.net,Female,North Jennifermouth,10-08-2024
U003749,Gerald Benton,susan01@example.net,Other,Stevenfort,26-05-2025
U003750,Roberto Morales,williamcasey@example.com,Other,Kellyshire,29-11-2024
U003751,Natalie Shelton,zimmermanangela@example.net,Male,Port Michelle,07-10-2025
U003752,Bradley Robbins,gregory66@example.net,Female,South Ianland,02-04-2024
U003753,Marcus Peterson,michelle09@example.net,Other,Griffintown,08-08-2024
U003754,Alan Reeves,zachary72@example.com,Female,Lake Greg,30-03-2025
U003755,Rachel Carter,thenderson@example.net,Female,New Kenneth,09-08-2025
U003756,Melissa Dodson,danny19@example.com,Other,Lake Martin,19-12-2024
U003757,Jay Kent,katherineyoung@example.org,Female,Fordmouth,03-05-2024
U003758,Tyler Lewis,paulwhitaker@example.com,Other,Morrisborough,10-04-2025
U003759,Albert Fletcher,qgreene@example.org,Other,Gainesland,31-03-2025
U003760,Gina White,sosarobert@example.net,Male,South Meganfurt,06-03-2025
U003761,Jean Gutierrez,rwall@example.com,Male,Port Megan,25-09-2024
U003762,Christopher Wilson,keithhall@example.com,Female,Masonbury,18-09-2025
U003763,Jill Robinson,katherine69@example.com,Male,West Mark,19-06-2025
U003764,Jill James,lukesmith@example.net,Female,Lake Brianfort,31-10-2024
U003765,Haley Delgado,lisa64@example.net,Other,Curryland,30-04-2024
U003766,Nicholas Green,dianasantiago@example.org,Male,Port Ashleyburgh,05-05-2024
U003767,Sabrina Cook,jonathan90@example.net,Other,Brycemouth,11-08-2025
U003768,Victoria Robinson,brownphillip@example.com,Male,Lake Sara,25-09-2024
U003769,Brian Shelton,cgreen@example.net,Male,Bergton,26-06-2025
U003770,Mary Mason,harrisdestiny@example.org,Male,Goodmanbury,18-08-2025
U003771,Michael Moore,kathylarson@example.net,Other,Alexanderfort,17-02-2025
U003772,Matthew Evans,wellsvalerie@example.net,Female,Lynchville,21-04-2025
U003773,Jane White,qsmith@example.org,Male,East Kimberly,10-08-2024
U003774,Jason Anderson,thomasgreen@example.org,Other,North John,18-07-2025
U003775,Megan Mitchell,vincent12@example.net,Female,New Josephstad,02-06-2025
U003776,Brittany Hogan,kennedyelizabeth@example.com,Female,Angelaburgh,13-02-2024
U003777,Heather Ward,hannahmorris@example.com,Male,Port Vanessachester,16-04-2024
U003778,Kristen Hernandez,amykane@example.org,Other,Port Joe,13-05-2024
U003779,Amy Gonzales,ugarcia@example.org,Other,Leahchester,12-10-2025
U003780,Sherry Jenkins,melissa74@example.com,Female,Ericamouth,24-07-2024
U003781,Gabrielle Prince,curtissmith@example.org,Other,Jessicaton,24-01-2024
U003782,Brandon Fernandez,richard45@example.org,Female,Amytown,26-12-2024
U003783,Alex Smith,ftucker@example.com,Female,Victorland,06-08-2024
U003784,Sean Shepherd,ybennett@example.net,Female,Paulmouth,06-02-2025
U003785,Jeffrey Evans,vramos@example.net,Male,Dicksonborough,14-06-2024
U003786,Barbara Valencia,lauravelazquez@example.com,Other,New Danny,13-10-2025
U003787,Michael White,jroberts@example.net,Male,Sanchezmouth,24-09-2025
U003788,Tamara Wilson,alan04@example.com,Female,Port Robert,04-02-2024
U003789,Michelle May,emartin@example.com,Other,Stefaniefort,03-03-2025
U003790,Tiffany Ortiz,armstrongkaren@example.com,Other,New Angelamouth,04-11-2024
U003791,Todd Le,ngraham@example.net,Female,Brewerhaven,28-05-2025
U003792,Shannon Evans,rebecca57@example.org,Other,North Lauren,27-08-2024
U003793,Jon Baker,bbrown@example.org,Female,Herbertfort,22-02-2025
U003794,Thomas Ramirez,fbowman@example.org,Female,New Joshua,20-06-2024
U003795,Mike Orr,floydsamantha@example.org,Female,Riverafort,07-11-2024
U003796,Elizabeth Charles,davidlopez@example.net,Female,Lake Kimberlyton,09-02-2025
U003797,Alexander Mitchell,kimnoah@example.net,Other,Justinmouth,09-08-2024
U003798,Carlos Walker,sara46@example.org,Male,Garciaberg,13-05-2025
U003799,Jimmy Pace,hamptonkathryn@example.com,Other,East Nathan,08-05-2024
U003800,Nancy Richardson,ledwards@example.net,Male,New Randyburgh,25-06-2025
U003801,Jessica Wilson,hhendricks@example.com,Other,Gallaghermouth,10-12-2024
U003802,William Heath,kimberlybuchanan@example.org,Female,Christianchester,08-03-2025
U003803,Brianna Harrison,biancahess@example.net,Other,Port Samuel,18-06-2024
U003804,Anthony Porter,ugordon@example.com,Other,Port Natashaton,20-09-2024
U003805,Kelly Ferrell,wallacedonald@example.com,Other,New Patricia,14-04-2025
U003806,Tara Yang,smithscott@example.org,Female,Lake Stefanie,13-05-2025
U003807,Dylan Black,keith30@example.com,Male,Emilystad,03-10-2024
U003808,David Ellis,james87@example.org,Other,Lauriemouth,17-10-2024
U003809,Jennifer Garza,glambert@example.net,Female,Adrianmouth,13-01-2025
U003810,Kathy Vazquez,diazjudith@example.com,Male,Thomashaven,01-05-2025
U003811,Christine Watson,byang@example.com,Female,Port Jameston,28-05-2024
U003812,Robert White,amandastewart@example.net,Male,New Shannon,06-10-2024
U003813,Sarah Webb,jeffrey98@example.org,Female,West Tiffanyshire,20-01-2024
U003814,Christopher Kennedy,ballen@example.net,Female,New Austin,26-04-2024
U003815,Nathan Lewis,rhansen@example.net,Female,Port Ronald,16-10-2025
U003816,Zachary Martinez,imartin@example.com,Female,Rogerschester,30-09-2025
U003817,Raymond Castillo,anne73@example.net,Female,Kellytown,01-02-2024
U003818,Julie Fowler,qolson@example.org,Other,Tiffanyport,05-08-2024
U003819,Mark Bryan,johnsonamber@example.com,Other,Allisonberg,27-01-2024
U003820,Todd Carter,kristen20@example.net,Male,East Keithville,24-05-2024
U003821,Justin Wood,wmoss@example.com,Other,North Richard,12-01-2024
U003822,Emily Patterson,millercynthia@example.net,Female,Costaland,10-01-2024
U003823,Justin Bush,walvarado@example.org,Female,North Monicaport,06-06-2024
U003824,Kevin Rush,davidwoods@example.com,Other,Lake Patrickport,17-08-2024
U003825,Martin Banks,knappjeffrey@example.net,Male,Clarkborough,02-03-2025
U003826,Tony Pitts,michael81@example.com,Male,New Jessicabury,02-10-2024
U003827,Kimberly Mejia,jorgelucas@example.net,Male,Moralesbury,27-08-2024
U003828,Austin Williams,greenjason@example.net,Other,West Jacquelineside,04-04-2025
U003829,Amy Doyle,uchen@example.org,Female,Alejandroshire,16-08-2025
U003830,Joanne Williams,fclark@example.org,Male,South Taraside,14-09-2024
U003831,Curtis Barry,michaelagardner@example.com,Male,Lake Henryville,15-09-2025
U003832,Craig King,sara62@example.com,Male,Hallberg,06-09-2024
U003833,Jeffery Rodriguez,gpowell@example.com,Female,Jacksonburgh,15-08-2025
U003834,Sherry Silva,oconner@example.net,Female,Tracystad,22-06-2025
U003835,Brian Elliott,owilson@example.net,Male,North Katherine,26-01-2024
U003836,Clifford Coleman,gerald14@example.com,Female,Millerchester,13-06-2025
U003837,Melanie Baker,woodrussell@example.com,Male,Evelynhaven,15-08-2024
U003838,Douglas Leach,srodgers@example.net,Other,Jonathanshire,21-05-2025
U003839,Danny Robinson,qgrant@example.net,Male,Pooleberg,29-06-2025
U003840,Jaime Kelley,seanwheeler@example.com,Other,West Rachel,15-01-2024
U003841,Elizabeth Smith,rcampbell@example.org,Female,Samuelview,12-07-2025
U003842,George Benson,michaelcampbell@example.com,Male,Matthewland,03-01-2024
U003843,Douglas Duffy,mariahclark@example.com,Female,Port Haileystad,15-01-2025
U003844,Alan Estrada,sarah52@example.com,Male,Adamfurt,19-02-2024
U003845,Wesley Brown,deborah82@example.net,Other,South Ericland,09-09-2025
U003846,Jacob Parker,dianelewis@example.net,Female,Lake Kristaberg,13-04-2024
U003847,Eric Wright,nataliemartinez@example.com,Female,Gonzaleschester,05-10-2024
U003848,Matthew Hunter,carpentermegan@example.com,Male,Bowmanmouth,26-08-2025
U003849,Brandy Hernandez,joseph93@example.org,Female,South Tracy,29-05-2025
U003850,Troy Mcneil,qortiz@example.net,Other,Lake Markfurt,11-03-2025
U003851,Priscilla Lucas,kathrynjohnson@example.org,Other,Martinezborough,20-03-2025
U003852,Timothy Carlson,john03@example.net,Male,East James,21-08-2025
U003853,Laura Ortega,huntdaniel@example.com,Male,Ambertown,23-03-2025
U003854,Rodney Medina,savagejeffrey@example.net,Female,Stephanieland,17-04-2024
U003855,Joshua Mcclure,annastephens@example.org,Other,Toddview,16-03-2024
U003856,Michelle Riley,smithnicholas@example.com,Female,New Robertburgh,07-07-2025
U003857,Norman Brown,jjohnson@example.com,Other,Port Douglas,10-06-2024
U003858,Troy Fowler,duanemclean@example.com,Other,Lake Kimberlyberg,13-08-2025
U003859,Patricia Nixon,benderkimberly@example.com,Male,South Davidton,17-08-2025
U003860,Antonio Morris,lrichard@example.com,Female,South Derekhaven,28-12-2024
U003861,Anne Carr,ivan68@example.com,Other,Cantuton,13-02-2024
U003862,Jason Tran,zhawkins@example.net,Male,North Kelly,01-11-2025
U003863,Jeremy Duke,foxterri@example.org,Other,Karenshire,29-10-2024
U003864,Christine Morrison,anthonywilliams@example.net,Male,Thompsonton,13-01-2024
U003865,Cynthia Mercer,travis85@example.net,Male,Hansonside,25-11-2024
U003866,Christina Brown,stevenpatel@example.com,Male,East Caitlin,30-07-2025
U003867,Gerald Andrews,tamaramurphy@example.org,Female,West Brittanybury,19-07-2025
U003868,Stephanie Orozco,xtownsend@example.com,Male,Lake Christopher,11-01-2025
U003869,Kristin Ward,shawn00@example.com,Male,Lake Toni,02-01-2025
U003870,Jay Jenkins,timothybell@example.net,Other,Deborahview,30-05-2025
U003871,Matthew Sanchez,award@example.net,Male,Adkinston,22-07-2025
U003872,Brian Lopez,gclarke@example.net,Other,Port Jeremystad,26-02-2025
U003873,Jasmine Smith,jasonrodriguez@example.com,Other,Carpenterview,09-11-2025
U003874,Brandon Edwards,davischristine@example.org,Female,West Jacob,13-01-2024
U003875,Ryan Andersen,kbrown@example.org,Male,South Juliaberg,03-08-2025
U003876,Raymond Giles,daryldavis@example.org,Male,East Daniel,04-06-2025
U003877,Christopher Cole,leslie40@example.com,Other,New Elizabethshire,13-02-2024
U003878,Angela Harper,smithmaria@example.com,Female,Wisebury,04-09-2024
U003879,Eric Butler,michaelwood@example.com,Male,Allenburgh,12-03-2025
U003880,John Landry,janetdrake@example.net,Female,Mendozaville,29-06-2024
U003881,Robert Newton,jacksonbianca@example.org,Other,Nicolemouth,07-02-2024
U003882,Christopher Turner,richardsonchristopher@example.com,Male,East David,30-10-2024
U003883,Faith Conrad,rbenson@example.com,Female,South Traci,05-12-2024
U003884,Steven Durham,moralesjessica@example.org,Male,South Taramouth,04-08-2024
U003885,Daniel Jones,jenniferwilson@example.com,Male,Virginiaport,15-08-2025
U003886,Scott Jones,scottleblanc@example.com,Female,Christophertown,22-10-2025
U003887,Richard Morris,diamond85@example.com,Male,East Jonathanville,11-04-2025
U003888,Laura Fitzpatrick,fandrade@example.com,Other,South Damonton,20-03-2025
U003889,Emily Hayes,mercedesortega@example.net,Male,South Franciscobury,18-03-2024
U003890,Theodore James,bgreen@example.org,Male,Lake Kimmouth,21-10-2025
U003891,David Ross,mckinneymorgan@example.net,Female,Port Kelly,17-07-2024
U003892,Molly Harris,kevinguerrero@example.org,Female,West Nataliefort,25-03-2024
U003893,Kelly Foster,wthomas@example.net,Female,East Jeremy,04-08-2024
U003894,Dawn Kline,david11@example.com,Male,Richardbury,30-07-2025
U003895,Stacy Harper,corey59@example.org,Female,West Samantha,20-12-2024
U003896,Lucas Brown,qmitchell@example.com,Male,Port Sara,16-10-2024
U003897,Ryan Cline,albert05@example.net,Other,Daleborough,08-03-2024
U003898,Yvonne Delgado,darleneroberts@example.com,Other,Lake Daniel,21-11-2024
U003899,Stacey Daniels,fowleramanda@example.net,Male,Shawnfurt,12-04-2025
U003900,Angela Miranda,traceyhill@example.net,Male,Cynthiaview,06-02-2024
U003901,Tracy Monroe,johnpark@example.com,Other,Wrightfort,12-03-2025
U003902,Elizabeth Shaw,eric53@example.org,Other,Roblesmouth,24-01-2024
U003903,Tonya Pope,thomasmiller@example.net,Male,New Markfurt,03-02-2024
U003904,Heather Adams,rojasmichael@example.net,Other,West Jenniferstad,15-01-2025
U003905,Michael Dorsey,wayneschmidt@example.com,Other,South Raymond,23-01-2024
U003906,Stacey Figueroa,keithsimmons@example.net,Male,North Candiceview,03-02-2024
U003907,Hannah Cummings,fthompson@example.net,Female,New Tiffanyton,25-01-2024
U003908,Lauren Davis,hernandezelizabeth@example.org,Female,Zunigamouth,26-09-2024
U003909,Natalie Hernandez,jasonsosa@example.org,Other,Peterfort,16-02-2025
U003910,Aaron Vaughn,aprilcooper@example.com,Male,South Gregorymouth,03-04-2024
U003911,Susan Green,joshuathompson@example.net,Other,Lopezborough,23-04-2025
U003912,Travis Lyons,hector14@example.net,Other,North Chelsea,03-08-2024
U003913,Scott Allen,xgreen@example.net,Male,Jonesport,06-05-2024
U003914,Brent Villarreal,wendy25@example.org,Female,Port Katiestad,08-04-2024
U003915,Melinda Sutton,zsnyder@example.net,Other,South Kenneth,02-09-2024
U003916,Tracy Stevens,shawn38@example.net,Other,South Susanland,20-06-2025
U003917,Edgar Allen,garciapamela@example.org,Female,Lake Jared,28-03-2024
U003918,Thomas Lopez,thompsonjorge@example.net,Male,Stephanieport,14-03-2024
U003919,Natalie Jackson,mackenziemartinez@example.org,Male,North Angela,01-05-2025
U003920,Alexandra Morris,xbrown@example.net,Male,Jamieville,21-06-2025
U003921,Alexander Rose,anna78@example.org,Male,Williamsonville,19-06-2024
U003922,Vanessa Coleman,donaldbanks@example.net,Male,New Wendyborough,03-06-2024
U003923,Nathan Weber,schaefermegan@example.com,Other,Jenniferside,01-11-2024
U003924,Kendra Sanchez,gonzalezdana@example.net,Other,Barronbury,17-01-2025
U003925,Cody Mcguire,qbrown@example.net,Female,Randallport,06-01-2025
U003926,Lawrence Johnson,akhan@example.org,Female,Robinstad,30-07-2025
U003927,Sherry Stone,sallyarnold@example.org,Female,Port Williamside,08-08-2024
U003928,Annette Reese,brian28@example.com,Female,Olsonside,08-07-2025
U003929,Suzanne Robertson,jeffrey15@example.com,Male,Craigbury,06-06-2025
U003930,Arthur Ingram,rjenkins@example.com,Male,Lake Pamelafurt,27-05-2024
U003931,Rebecca Davis,higginsheidi@example.org,Female,Matthewbury,25-05-2024
U003932,John Harris,randalljonathan@example.org,Other,South Trevor,18-01-2024
U003933,Steven Schroeder,toddwelch@example.org,Male,South Connorside,22-02-2024
U003934,Natasha Kemp,traci58@example.org,Male,South Douglasville,01-02-2025
U003935,Maria Cole,xsanchez@example.com,Other,Port Rogermouth,24-09-2024
U003936,Barbara Obrien,jennifer36@example.com,Other,East Andrewmouth,24-07-2025
U003937,Rebecca Adkins,howellthomas@example.net,Other,Port Jimmouth,05-11-2025
U003938,Tiffany Garcia,zryan@example.net,Other,Joshuachester,08-01-2024
U003939,Jane Duarte,hollowayseth@example.com,Other,North Tara,11-08-2024
U003940,Sara Fields,beltransamantha@example.net,Female,Robertview,27-06-2024
U003941,Kristin Williams,zbrewer@example.com,Other,North Sandy,07-01-2024
U003942,Jeffrey Scott,turnerarthur@example.net,Male,South Crystaltown,17-01-2024
U003943,Megan Logan,stephanie54@example.net,Other,Adamton,25-01-2025
U003944,Pamela Johnson,jennifer45@example.com,Female,Cruzborough,10-01-2024
U003945,Tammy Pacheco,george60@example.com,Male,Port Julian,21-07-2024
U003946,Leslie Henderson,burchalyssa@example.net,Other,Morrisonland,17-10-2024
U003947,William Jackson,sparkspatrick@example.org,Other,Brianville,01-03-2024
U003948,Mark Johnson,danielbentley@example.com,Other,Port Tylerland,08-09-2024
U003949,Gabriela Castillo,xhumphrey@example.org,Male,Lake Sydneybury,08-03-2025
U003950,Eric Wright,dmorales@example.org,Other,Kylefurt,15-06-2025
U003951,William Knapp,noah64@example.com,Female,West Felicia,09-03-2024
U003952,Elizabeth Perez,delacruzmelissa@example.org,Female,Chenview,27-02-2024
U003953,Felicia Ramirez,mmahoney@example.net,Other,Port Beth,06-10-2025
U003954,Mark Andrews,rose48@example.net,Male,Andrewtown,26-05-2025
U003955,Kyle Morgan,penny39@example.org,Male,Annhaven,27-01-2025
U003956,Andrew Rosario,timothywade@example.net,Female,Barnesview,04-12-2024
U003957,Theodore Harris,morrisjoshua@example.org,Female,Danielville,06-08-2025
U003958,Shawn Henderson,bparker@example.com,Male,Colemanfurt,07-08-2025
U003959,Heather Miller,guzmanpatricia@example.org,Male,Robersonberg,30-05-2025
U003960,Diane Carr,westmichelle@example.com,Female,New Laurachester,22-08-2024
U003961,Seth Andrews,fullermegan@example.com,Other,Port Patricia,29-05-2025
U003962,Emily Baird,twilliams@example.com,Other,Woodsfort,08-02-2025
U003963,Virginia Nelson,linda70@example.org,Male,Wendytown,19-09-2025
U003964,Michael Estes,christine09@example.net,Other,Stephenmouth,21-04-2025
U003965,Pedro Soto,rgreen@example.net,Male,Michaelmouth,31-03-2024
U003966,Diamond Myers,vclark@example.net,Female,Teresatown,30-04-2025
U003967,Tonya Johnson,stephanie07@example.org,Female,Mcfarlandfort,29-04-2025
U003968,Colleen Dominguez,thomasarmstrong@example.net,Male,Brownside,30-03-2024
U003969,Joseph Mays,jillbrewer@example.com,Female,Johnsonchester,01-02-2025
U003970,Lisa Fernandez,kimberlygraham@example.com,Other,Amberport,24-09-2025
U003971,Michael Brown,zmorrison@example.org,Female,Kellyfort,14-05-2024
U003972,Kimberly Becker,donald71@example.com,Female,Anneland,05-12-2024
U003973,Perry Duffy,bperkins@example.net,Other,Langmouth,05-02-2025
U003974,Max Garcia,baileychloe@example.net,Other,South Colleenberg,19-02-2025
U003975,Timothy Williams,gonzalezkaren@example.net,Male,Malloryshire,22-05-2024
U003976,Jason Townsend,jesse69@example.net,Female,Port Kimberly,13-01-2024
U003977,Connor Smith,ochambers@example.com,Male,North Deannaburgh,02-03-2025
U003978,Kevin Santana,wrightvicki@example.net,Male,New Steven,26-01-2025
U003979,Cody Hamilton,brittany11@example.net,Other,North Lisa,14-02-2025
U003980,Anna Bullock,haneycarrie@example.com,Male,Fraziershire,19-07-2025
U003981,Jay Meza,margaret83@example.net,Male,Howardport,22-06-2024
U003982,Alyssa Evans,thomasmendoza@example.com,Female,Brianbury,29-08-2025
U003983,Tina White,iwells@example.net,Male,South Barbaraland,07-01-2024
U003984,Michael Rush,michael26@example.com,Male,West Michelle,01-10-2024
U003985,Kevin Schroeder,hannahthomas@example.net,Male,Farmerfort,23-03-2025
U003986,John Dixon,michelle12@example.net,Female,Ramoshaven,07-02-2025
U003987,Jonathan Kramer,fcalhoun@example.org,Other,Andrewfurt,29-11-2024
U003988,Melody Martin,ycline@example.com,Female,Ianport,27-04-2025
U003989,Levi Robinson,taylorjustin@example.com,Other,Lake Paulamouth,09-03-2024
U003990,Ashley Taylor,john37@example.org,Other,South Michael,05-07-2025
U003991,Cory Oliver,laurenstewart@example.org,Other,West Jason,27-12-2024
U003992,Christopher Khan,william56@example.com,Female,North Lisa,13-02-2024
U003993,Heather Ramsey,benitezheather@example.com,Female,North Rebecca,22-11-2024
U003994,Robert Johnson,aduarte@example.org,Other,Lake Sarahmouth,04-11-2024
U003995,Jason Bass,qshepherd@example.org,Female,Port Nicoletown,25-05-2024
U003996,Nicole Roberts,robertjones@example.net,Male,Port Erik,07-03-2024
U003997,Peggy Smith,perryjason@example.com,Other,Josephshire,11-05-2025
U003998,Richard Jackson,melissa43@example.com,Other,Port Joshuafort,18-10-2024
U003999,Maria Dawson,mcknightantonio@example.com,Other,Brianmouth,27-02-2024
U004000,Sandra Zimmerman,cheryl60@example.org,Other,Sullivanborough,25-05-2025
U004001,Jacqueline Hill,mbarajas@example.com,Male,Williamsmouth,30-06-2025
U004002,Wayne Macdonald,ehernandez@example.com,Female,Port Joshuaburgh,24-06-2024
U004003,Michelle Sherman,qgarza@example.net,Male,Shermanfort,30-07-2024
U004004,Jonathan Rodriguez,victorporter@example.org,Female,Annaville,18-08-2024
U004005,Miguel Hawkins,bradleyemily@example.com,Male,Reneeton,18-09-2024
U004006,Richard Rojas,ujefferson@example.org,Other,Josephport,15-01-2025
U004007,Kerry Terrell,claudiaglass@example.org,Male,Snydertown,03-03-2024
U004008,Bruce Reed,brownlori@example.org,Male,Caldwellchester,28-12-2024
U004009,Nicole Jenkins,natalie70@example.com,Other,West Bryan,31-10-2025
U004010,Elizabeth Wilson,morganmcintosh@example.com,Female,Kellerland,11-05-2025
U004011,Alex Patterson,wintersjeffrey@example.com,Female,Moorebury,27-10-2024
U004012,Debra Mcdonald,rmclaughlin@example.org,Other,Johnmouth,11-02-2025
U004013,Marcus Johnson,freynolds@example.net,Other,Baileyville,19-06-2025
U004014,Amanda Smith,jgaines@example.com,Other,New Justin,30-04-2025
U004015,Stephen Garcia,emccall@example.org,Other,Pattersonberg,08-09-2024
U004016,Cassandra Moore,angelahall@example.net,Other,West Jamieshire,15-04-2025
U004017,Daniel Moore,juliedean@example.net,Male,East Roberto,28-06-2025
U004018,Rhonda Ramirez,woodarderica@example.org,Female,Lake Kaylee,20-07-2025
U004019,Brandy Adams,hailey69@example.net,Other,North Gregoryburgh,24-08-2024
U004020,Richard Anderson,robertpaul@example.net,Female,East Michaelton,22-08-2024
U004021,Melissa Golden,jennifermoss@example.com,Other,South Bryan,25-06-2025
U004022,Sara Montgomery,stewartpeter@example.com,Male,South Janetberg,08-09-2025
U004023,Richard Trujillo,amber63@example.com,Male,East Kimberlybury,03-11-2025
U004024,Nicholas Freeman,lisamontgomery@example.org,Male,Morganstad,01-11-2025
U004025,Andrea Landry,hughesjoseph@example.net,Male,Hansenmouth,01-02-2024
U004026,Lynn Bullock,ipruitt@example.org,Female,Patriciaton,14-07-2025
U004027,Danielle Kim,amber84@example.org,Male,North Katherine,02-11-2025
U004028,Bryan Miles,mary60@example.net,Female,Clayfurt,08-07-2024
U004029,Michelle Vega,ywatson@example.org,Other,Justinton,07-07-2024
U004030,Stacey Adkins,brianharrison@example.org,Other,Penashire,10-03-2025
U004031,Melinda Coleman,daniel30@example.net,Male,West Samanthaton,17-01-2024
U004032,David Hanson,ruth54@example.com,Female,New William,05-09-2025
U004033,Justin Washington,reyeswilliam@example.net,Other,Kristenmouth,01-01-2024
U004034,Leroy White,heather85@example.org,Other,Meganton,22-04-2024
U004035,Mark King,davissamuel@example.net,Other,Chambersstad,21-03-2024
U004036,Michael Clark,wileycynthia@example.org,Other,West Kaitlynport,10-01-2024
U004037,Andrew Reeves,vasquezcrystal@example.org,Male,Jessicastad,10-03-2024
U004038,Ronald Munoz,javieringram@example.com,Male,Gravesberg,16-02-2024
U004039,Patrick Armstrong,shane87@example.net,Male,North Ashley,20-06-2025
U004040,Mike Rosales,bennettbrett@example.com,Other,South Lisa,13-04-2024
U004041,Eduardo Gallegos,harrisjamie@example.com,Male,East Deannaside,27-10-2024
U004042,Chad Walker,sprice@example.org,Other,Evanschester,07-11-2025
U004043,Heather Miller,rachel59@example.com,Male,Stephanieside,27-08-2024
U004044,Micheal Webster,victoria46@example.net,Male,Port Denise,04-06-2025
U004045,Amanda Williamson,xrich@example.org,Female,Lake Katherine,31-10-2025
U004046,Alan Moore,johnwalker@example.net,Female,North Doris,29-03-2024
U004047,Kayla Nguyen,tylergreen@example.org,Other,Johnside,21-09-2024
U004048,Sarah Patterson,tanner72@example.com,Other,Lake Ethanmouth,19-09-2025
U004049,William Barnes,gharris@example.org,Other,Jamiefort,22-11-2024
U004050,Brian Peters,jamesandrade@example.org,Female,Johnsonshire,12-05-2024
U004051,Kenneth Porter,hcox@example.net,Male,Taylortown,05-01-2025
U004052,Donna Walter,zfranco@example.com,Female,New Deborah,20-01-2025
U004053,Rodney Meza,hutchinsonerik@example.net,Male,West Jessicaburgh,16-02-2024
U004054,Amy Adams,wesley06@example.net,Other,Lake Shannonberg,09-09-2024
U004055,Justin Wade,cholder@example.org,Female,North Blake,17-04-2024
U004056,Jason Hansen,williamsonrobin@example.com,Other,Jonathanhaven,12-02-2024
U004057,Andrea Williams,phyllis83@example.org,Male,Robertmouth,05-11-2025
U004058,Samantha Ellis,paulwhite@example.org,Male,Lake Wendytown,03-01-2025
U004059,Roberto Acosta,brian99@example.com,Female,Jeffreytown,15-10-2024
U004060,Jenny Smith,seanthompson@example.net,Female,Janicebury,29-12-2024
U004061,David Moss,fjohnson@example.com,Female,Tommyville,27-10-2024
U004062,Jessica Gonzalez,campbellgary@example.org,Other,Barnettfurt,09-06-2024
U004063,Joseph Wheeler,tammy43@example.org,Male,South Theresaburgh,02-11-2025
U004064,Jennifer Williams,iortiz@example.org,Female,Mallorymouth,03-11-2024
U004065,Jennifer Morales,gallaghermartin@example.com,Other,Richardfurt,22-12-2024
U004066,Carol Wolfe,megan52@example.com,Other,Elizabethport,05-04-2024
U004067,Matthew Kramer,ngibson@example.org,Other,South Fernandochester,12-04-2024
U004068,Joseph Hamilton,garciaveronica@example.com,Male,East Zacharymouth,18-11-2024
U004069,Sarah Hawkins,veronicajensen@example.org,Female,Taylorstad,05-05-2025
U004070,Johnny Banks,alopez@example.com,Female,North Jeremyfurt,18-03-2025
U004071,Joseph Spencer,james14@example.net,Other,South Dustin,12-09-2024
U004072,Michael Holland,williamschris@example.com,Female,Hensleyfurt,07-06-2024
U004073,Benjamin Lloyd,mitchellkrista@example.net,Male,North Brandonville,11-03-2025
U004074,Michael Wade,kyle43@example.org,Female,North Thomashaven,20-10-2024
U004075,Melissa Anderson,wacosta@example.net,Other,Port Lynn,17-08-2025
U004076,Leroy Nicholson,matthewleonard@example.net,Male,Parksborough,15-09-2025
U004077,Kim Gonzalez,jenkinsrandy@example.com,Female,North Karaton,08-02-2024
U004078,Erika Powell,linlisa@example.org,Male,Lake Roberta,05-03-2025
U004079,Dylan Johnson,russellgregory@example.com,Female,Odonnellview,01-01-2024
U004080,Marilyn Lucas,bmorgan@example.net,Male,Brucemouth,16-06-2024
U004081,Justin Oneal,christopher60@example.org,Other,Jacquelinestad,27-10-2025
U004082,Mary Leach,mcooper@example.net,Other,Leblancshire,11-05-2024
U004083,Jacob Green,nuneznicole@example.org,Other,Port Jeremy,29-09-2025
U004084,Corey Mclean,jessica03@example.net,Male,New Susan,05-07-2025
U004085,Joshua Schneider,jeremy29@example.net,Male,Michaelmouth,09-11-2024
U004086,Stacy Herman,natalie04@example.com,Other,Andersonfurt,25-12-2024
U004087,Robin Castillo,dorisphillips@example.net,Other,South Shannonland,07-05-2025
U004088,Candace Ramos,kelly29@example.net,Male,New Ashley,15-01-2024
U004089,Cynthia Anderson,wesleyhenderson@example.net,Male,Susanfort,15-02-2024
U004090,Brent Gillespie,justinvargas@example.org,Male,Dawnfort,25-10-2025
U004091,Ashley Ward,jeremy56@example.com,Male,Lake Dylanbury,20-01-2025
U004092,Samantha Hill,gholt@example.org,Male,Castanedaborough,15-07-2024
U004093,Jessica Garza,john78@example.net,Female,Melodytown,18-02-2024
U004094,Jason Vazquez,moorefrank@example.net,Female,Port Charlesfurt,22-05-2025
U004095,Edwin Stanton,floresjose@example.com,Female,Port Steven,30-07-2024
U004096,Brett Brown,wallacechristy@example.net,Male,Lake Richardberg,26-10-2025
U004097,Jeff Wallace,sarahreeves@example.org,Male,South Matthew,20-09-2024
U004098,Susan Crawford,scotttravis@example.com,Male,South Cassandra,14-04-2024
U004099,Troy Murphy,christinehowell@example.org,Other,Knightville,19-12-2024
U004100,Kevin Hill,clinelindsay@example.net,Other,New Robin,08-07-2025
U004101,Jennifer Carroll,ricardothomas@example.net,Other,North Robertstad,05-11-2024
U004102,Carrie Ray,timothycampbell@example.net,Other,Rosariostad,12-03-2024
U004103,Jessica Lee,chadholland@example.net,Female,North Laura,15-03-2025
U004104,Kent Simpson,nhobbs@example.com,Male,Port Stevenstad,25-05-2024
U004105,Douglas Lang,hartmangeorge@example.net,Female,Parkershire,07-03-2025
U004106,Lisa Boyd,abrown@example.com,Male,Lake Davidmouth,01-09-2024
U004107,Priscilla Brown,nlee@example.net,Female,West Rachelfort,04-06-2024
U004108,Patrick George,jessicamcdonald@example.net,Other,Lake Monica,24-07-2025
U004109,Justin Kirby,lhampton@example.com,Female,Stewartland,15-10-2025
U004110,Nicole Martin,katherine38@example.com,Female,Port Diana,22-02-2024
U004111,Sean Lee,collinsdebra@example.com,Male,Lisaville,31-10-2024
U004112,Anne Keller,tanya96@example.org,Other,Elizabethside,10-02-2025
U004113,Tammy Gould,katiegriffin@example.net,Female,Port Michaelbury,09-07-2024
U004114,Robert Rivera,rbrown@example.org,Male,West Christopher,31-03-2025
U004115,Kristy Pace,delgadoryan@example.org,Other,South Michaelville,12-09-2025
U004116,Maria Brooks,ebean@example.net,Other,Shaffermouth,06-07-2024
U004117,Laura Schmitt,brian43@example.com,Male,Port Christopherburgh,14-04-2025
U004118,Nathan Chavez,steven66@example.com,Male,Khanberg,25-09-2024
U004119,Thomas Mccann,duranmatthew@example.com,Male,Christinaberg,06-02-2025
U004120,Brian Logan,lhodges@example.org,Other,Jacquelinetown,14-06-2024
U004121,Mary Monroe,jeffrey73@example.org,Male,Jamesport,13-08-2025
U004122,Candace Tapia,reidmarilyn@example.org,Female,North Sarah,22-04-2024
U004123,Nicholas Bell,mendozamichele@example.org,Male,Sandersfurt,03-07-2025
U004124,Jeffrey Boone,david79@example.net,Female,Ramoschester,17-02-2025
U004125,Dalton Johnston,robert09@example.net,Female,Nunezside,06-04-2025
U004126,Christina Wilcox,edwardroy@example.net,Female,North William,11-11-2024
U004127,Amber Collins,kchavez@example.net,Female,West Kimberly,28-05-2025
U004128,Christy Andersen,bmedina@example.org,Male,Downshaven,07-11-2024
U004129,Heather Smith,hudsonscott@example.com,Other,Tonymouth,08-05-2024
U004130,Michael Wilson,melissapham@example.org,Female,Chavezberg,07-02-2025
U004131,Christopher Conley,ugriffin@example.net,Male,West Andrewburgh,12-05-2025
U004132,Ian Carter,mparker@example.net,Female,Lake Johnland,11-09-2025
U004133,Mark Bradley,elizabethpatton@example.net,Male,West Rebeccachester,14-10-2024
U004134,Taylor Ryan,davidvaldez@example.net,Female,West Danielland,12-03-2025
U004135,Patrick Carpenter,johnsonraven@example.net,Other,West Ryanport,30-04-2025
U004136,Jose Carrillo,murphycassidy@example.org,Female,Rebeccafort,11-07-2024
U004137,Olivia Key,deangina@example.com,Other,North Cindychester,17-01-2025
U004138,Brendan Henderson,staffordmarissa@example.com,Other,South Peggychester,16-10-2025
U004139,Paul Garcia,mcohen@example.com,Male,North Robert,18-08-2025
U004140,Brendan Costa,joy58@example.org,Female,Yolandatown,14-08-2025
U004141,Deborah Washington,jacqueline24@example.org,Female,East Brianland,23-06-2024
U004142,Julie Meyer,jthompson@example.net,Other,Cherylmouth,07-09-2024
U004143,Deanna Garcia,wendyjones@example.net,Female,North Alejandrofurt,13-10-2024
U004144,Jose Dean,tonyaramos@example.com,Male,Brownmouth,07-06-2024
U004145,Melissa Martin,jimmyhopkins@example.com,Other,Josephview,29-01-2025
U004146,Kristin Davis,wilsonlawrence@example.com,Other,Sullivanview,24-06-2024
U004147,Emily Wood,clarkamy@example.com,Male,Lindabury,16-06-2025
U004148,Savannah Ruiz,gordonjason@example.com,Male,North Steven,17-04-2024
U004149,Lisa Hernandez,dylanyoung@example.net,Male,North Joanne,05-09-2025
U004150,Lauren Olson,bnguyen@example.org,Female,South Jamesbury,24-01-2025
U004151,Alexander Fletcher,kelsey80@example.com,Male,New Patricia,12-09-2024
U004152,Michaela Weaver,kgoodman@example.org,Male,Johnsonchester,29-01-2024
U004153,Eric Bowman,yramsey@example.org,Other,West Michaelberg,22-08-2025
U004154,Derek Thomas,sharonbeck@example.com,Female,Brookstown,19-07-2025
U004155,Mitchell Horn,xburgess@example.org,Other,Katieport,13-02-2024
U004156,Scott Buckley,irosales@example.net,Other,Lewisfort,03-10-2025
U004157,Vanessa Huerta,bsmith@example.net,Male,Johnburgh,02-03-2024
U004158,Brandy Rodgers,yatesjanet@example.net,Female,Lake Misty,04-01-2025
U004159,Maria Chavez,megan76@example.com,Male,Martinburgh,23-09-2024
U004160,Sara Moore,ericweaver@example.net,Other,Port Juan,04-03-2025
U004161,Jonathan Adams,briannamcdaniel@example.com,Female,East Aprilmouth,05-10-2024
U004162,Erica Bender,moonryan@example.net,Other,New Carol,21-02-2024
U004163,Benjamin Cruz,aprilhernandez@example.org,Other,South Dustinshire,20-08-2024
U004164,Jessica Smith,toddbrooks@example.com,Female,Port Brianchester,19-12-2024
U004165,Cynthia Ward,denise62@example.com,Male,Lake Bonnieport,21-03-2025
U004166,Jason Jackson,byrdsherry@example.net,Male,Farmerhaven,20-02-2024
U004167,Nicole Smith,campbelljulie@example.org,Other,Johnsonchester,16-02-2024
U004168,William Cook,jose43@example.com,Male,Port Daniel,15-12-2024
U004169,Ryan Tyler,achaney@example.org,Female,Port Sherri,15-05-2024
U004170,Charles Nielsen,owenjesse@example.com,Female,North Kellie,04-05-2025
U004171,Ashley Freeman,yhunt@example.com,Male,North Angela,03-11-2025
U004172,Susan Jones,kramirez@example.net,Male,Lake Stephaniebury,15-01-2025
U004173,Erik Hughes,aparker@example.org,Other,East Ginaville,12-03-2024
U004174,Tracy Wilson,parkerjacqueline@example.org,Female,Chasehaven,31-03-2024
U004175,Christopher Miller,cheryl20@example.com,Male,North Melody,07-01-2025
U004176,Maurice Glenn,nancydavis@example.net,Male,North Baileybury,20-03-2024
U004177,Brad Beltran,stevensdonna@example.org,Male,Calebfurt,07-03-2024
U004178,Geoffrey Lee,joneselaine@example.org,Other,North Melissa,16-08-2025
U004179,Ann Boone,adam46@example.net,Female,Millerbury,22-03-2025
U004180,Barry Marshall,patriciamoore@example.net,Other,Michaelshire,12-07-2025
U004181,Adrian Fitzgerald,hannahclay@example.com,Female,East Susan,15-10-2025
U004182,Daniel Morales,robertnguyen@example.org,Female,West Meganshire,04-09-2024
U004183,Shawna Washington,johnsmichael@example.org,Other,Craigbury,05-07-2024
U004184,Anthony Foster,brianhancock@example.net,Male,West Theresa,25-03-2025
U004185,Clarence Kirby,ashley66@example.com,Other,East Anna,22-11-2024
U004186,Patrick Guerrero,timothy33@example.net,Male,New Lukehaven,01-06-2024
U004187,Alexander Pope,curtis26@example.com,Other,Bradleyport,14-01-2024
U004188,John Martinez,ycox@example.org,Male,New Jonathan,21-10-2024
U004189,Tricia Camacho,william46@example.net,Other,Dawnton,09-03-2025
U004190,Daniel Brewer,taylorgary@example.org,Female,Maddenville,07-03-2024
U004191,Amy Munoz,mmanning@example.org,Male,Cannonton,14-02-2025
U004192,Matthew Ellison,peterberger@example.com,Other,Leahview,08-11-2024
U004193,Nicole Holland,emilysolomon@example.net,Other,Victoriachester,01-10-2024
U004194,Amanda Paul,kmueller@example.org,Male,North Jonathan,24-08-2024
U004195,Angela Tucker,claytonpatrick@example.net,Female,Jeremyfort,25-10-2025
U004196,Kenneth King,jenniferpage@example.net,Other,Wilsonshire,14-09-2024
U004197,Sharon Rogers,boyermichael@example.com,Male,Alexisside,01-10-2025
U004198,Brandon Fuller,whitneyjennifer@example.com,Male,Thomasmouth,19-10-2025
U004199,Samantha Taylor,lwatts@example.com,Female,South Crystal,17-10-2024
U004200,Krista Johnson,josebrown@example.net,Female,West Jennaport,27-01-2024
U004201,Edward Gonzalez,gonzalesdaniel@example.org,Female,Smithburgh,29-10-2024
U004202,Matthew Odonnell,donnamiller@example.com,Female,South Robertburgh,05-09-2024
U004203,Rebecca Reed,vasquezjoseph@example.org,Other,South Johnmouth,08-01-2025
U004204,Michael Dunn,angelagriffin@example.net,Other,East Kari,24-02-2025
U004205,Richard Mccoy,johnsonsally@example.net,Female,Port Brenda,21-02-2025
U004206,Theresa Hamilton,taylorbruce@example.com,Female,Paulchester,21-03-2025
U004207,Zoe Bennett,wpeters@example.com,Female,West Rachel,26-07-2025
U004208,Sandra Brown,banksyolanda@example.com,Female,Port Tracey,14-01-2025
U004209,Betty Moore,landrade@example.net,Male,New Ryan,22-10-2025
U004210,Abigail Fuller,kingallison@example.org,Male,Francesberg,06-01-2024
U004211,Jacob Schaefer,krogers@example.org,Male,Port Maryhaven,08-01-2024
U004212,Michael Moreno,lisawise@example.org,Male,Jameschester,25-01-2024
U004213,Pamela Gross,lisaperez@example.net,Other,Andrewchester,30-11-2024
U004214,Steven Morales,heatherpitts@example.net,Male,Lake Andretown,11-03-2025
U004215,Nicole Lane,guzmantiffany@example.com,Male,Michaelview,31-07-2025
U004216,Samuel Acevedo,prestonjohn@example.com,Male,Ruizside,17-01-2024
U004217,John Ingram,julie56@example.com,Male,Franklinmouth,16-03-2025
U004218,Anna White,tperez@example.com,Female,East Sylvia,03-03-2025
U004219,Tracy Williams,duncanvanessa@example.com,Female,Sullivanmouth,10-10-2025
U004220,Theresa Bradshaw,bryan34@example.org,Female,South Randybury,12-04-2025
U004221,Barbara Hunter,jcochran@example.org,Female,Johnsonstad,12-04-2024
U004222,Courtney Aguilar,jacob36@example.net,Male,South John,08-07-2025
U004223,Steven Ferguson,robinsoncharles@example.com,Other,West Charles,28-03-2025
U004224,Emily Baldwin,jbrady@example.com,Female,North Danielport,23-08-2024
U004225,Sara Jackson,dharris@example.net,Male,Blackwellbury,11-11-2024
U004226,Larry Ramirez,sarah64@example.com,Female,North Denise,16-05-2025
U004227,William Murphy,richardhall@example.net,Female,North Amyhaven,16-06-2025
U004228,Joseph Dunn,martinezamy@example.com,Female,Hunterville,30-08-2025
U004229,Rachel Smith,wulaura@example.com,Female,New Gabrielaton,03-10-2024
U004230,Emily Campbell,ldrake@example.net,Male,South Cameron,28-05-2025
U004231,Heather Johnson,zrobinson@example.com,Male,North Jose,20-05-2024
U004232,Clayton Miller,wbartlett@example.org,Male,New Julie,13-05-2024
U004233,Matthew Santos,parsonsdawn@example.net,Other,West Ashley,05-01-2024
U004234,Richard Henry,beverly73@example.net,Female,Petersville,23-03-2025
U004235,Jesus Chandler,pamelamartin@example.com,Other,New Charlesstad,19-05-2024
U004236,Donna Lopez,austinthompson@example.org,Other,Tuckerchester,06-09-2025
U004237,John Gordon,sloanthomas@example.net,Other,Powellberg,05-02-2024
U004238,Kyle Mcknight,smoore@example.net,Male,Alyssaland,15-12-2024
U004239,Heather Wright,butleramanda@example.org,Male,South Chelsea,03-01-2024
U004240,Deborah Murphy,shellycowan@example.net,Female,Port Ivan,31-05-2024
U004241,Stephanie Davis,parmstrong@example.net,Male,Johnchester,02-11-2024
U004242,Jessica Sanchez,bradjackson@example.com,Male,Garcialand,07-02-2025
U004243,Lauren Powers,jerrywilliams@example.net,Other,Jimeneztown,21-08-2024
U004244,Barbara Cruz,cooleyjoshua@example.org,Male,New Paige,14-02-2024
U004245,Kenneth Garcia,benjaminhoffman@example.com,Female,West Amy,01-01-2024
U004246,Mark Lopez,jstephens@example.com,Female,South Saraberg,29-07-2024
U004247,Stephen Russell,mmccann@example.net,Other,Daniellebury,29-06-2025
U004248,Ashley Perkins,eward@example.com,Male,Lake Robertside,05-10-2024
U004249,Jeffrey Barron,phuynh@example.net,Other,South Judith,20-06-2024
U004250,Robert Miller,michael57@example.com,Female,Kleinhaven,23-07-2025
U004251,Devin Lynch,william61@example.net,Female,South Kelly,04-09-2024
U004252,Ariana Martin,ijohnson@example.com,Male,Markburgh,05-01-2025
U004253,Melanie Crawford,moorevalerie@example.net,Male,New Marvin,28-08-2024
U004254,Angela Durham,ublake@example.org,Female,South Jennifer,18-10-2025
U004255,Evan Carter,maryromero@example.net,Female,West Jasonview,22-05-2024
U004256,Eric Carr,huntnicholas@example.com,Other,North Alexandriaville,02-03-2024
U004257,Brittney Hardin,delacruzmelanie@example.net,Other,New Krystal,24-02-2025
U004258,Jimmy Dean,jacksonthomas@example.com,Other,Hunterton,09-04-2025
U004259,Shelby Brooks,michael74@example.net,Male,Lewisberg,15-02-2024
U004260,Teresa Jennings,wcaldwell@example.org,Male,Phillipmouth,14-01-2025
U004261,Timothy Mills,darrell96@example.org,Female,Lake Ryanfurt,08-11-2025
U004262,Ricky Beltran,kellerjames@example.org,Male,Graytown,20-07-2025
U004263,Franklin Carter,nicholas79@example.org,Male,West Jasonfurt,04-07-2025
U004264,Theresa Murphy,melanie54@example.com,Male,South Angelaview,15-08-2025
U004265,Henry Smith,joewarren@example.org,Male,Cathyshire,13-06-2025
U004266,Brianna Bennett,paynekimberly@example.net,Male,New Stevenmouth,13-10-2025
U004267,Barry Rodriguez,leetina@example.com,Male,Greenville,19-12-2024
U004268,Julia Martinez,michellesalazar@example.org,Male,Lake Julia,04-04-2024
U004269,Natasha Burke,kelly12@example.org,Male,West Victoria,19-02-2025
U004270,Mark Gonzales,gillespiethomas@example.com,Female,Hughesside,02-05-2025
U004271,Sheena Brown,shelleybailey@example.net,Female,South Heidi,27-11-2024
U004272,Mitchell Hanna,mitchelljoel@example.com,Other,Webbfurt,18-03-2025
U004273,Catherine Ballard,juliaball@example.org,Other,Monicafurt,12-11-2025
U004274,Taylor Lawrence,xedwards@example.com,Other,Port Davidport,23-11-2024
U004275,Elizabeth Livingston,rachel38@example.net,Male,South Mary,16-08-2024
U004276,Ashley Blanchard,emilyhughes@example.com,Other,Randallshire,01-11-2024
U004277,Monica Stone,oholmes@example.net,Other,West Davidbury,24-09-2024
U004278,Benjamin Hardy,chelsea44@example.com,Female,Ramirezmouth,09-08-2024
U004279,Devin Evans,jessica78@example.com,Male,North Carolynview,06-02-2024
U004280,Debra Dunn,rebecca75@example.org,Male,New David,10-11-2024
U004281,Lauren Allen,tinashepard@example.org,Male,West Robert,21-06-2024
U004282,Chelsea Wilson,castrodeborah@example.net,Male,Castillotown,11-10-2025
U004283,Terry Johnson,barbarachambers@example.org,Other,West Phillip,01-09-2025
U004284,Mary Conrad,tholt@example.net,Female,Olsenland,10-10-2025
U004285,Timothy Olson,awhite@example.net,Male,Navarrohaven,05-06-2025
U004286,Richard Hall,kathylong@example.net,Male,East Alexborough,08-10-2024
U004287,Lauren Anderson,nturner@example.com,Female,Sandersview,07-04-2024
U004288,Shaun Strickland,phillipadams@example.org,Male,Tammymouth,22-01-2025
U004289,David Delgado,ijackson@example.net,Male,Port Charlesburgh,15-07-2024
U004290,Christina Mosley,amandastark@example.net,Female,Port Andrew,14-08-2025
U004291,Paul Johnson,reginald69@example.com,Male,North Saraburgh,17-06-2024
U004292,Jacob Floyd,dean40@example.com,Male,West Danamouth,22-08-2025
U004293,Joseph Solis,ahenderson@example.org,Other,South Shane,17-12-2024
U004294,Stephanie Duncan,lindaperez@example.com,Female,Mcmillanport,19-09-2025
U004295,Andrew Arnold,perrymargaret@example.net,Other,New Maureen,10-09-2025
U004296,Kelsey Brown,acampbell@example.org,Female,New Kurtfort,17-09-2025
U004297,Elizabeth Little,margaret34@example.net,Female,Woodstad,30-08-2025
U004298,Julie Anderson,robinsonkatherine@example.com,Male,Gibsonburgh,11-07-2024
U004299,Kevin Williams,janicedixon@example.net,Female,West Erinmouth,24-10-2024
U004300,Matthew Ochoa,margaret56@example.org,Other,Draketown,02-11-2025
U004301,Veronica Miller,kimberlyduarte@example.com,Female,Popeland,05-12-2024
U004302,Kathy Hampton,nchambers@example.org,Male,Andrewside,16-06-2024
U004303,Dillon Green,emily54@example.com,Female,Christianton,28-08-2025
U004304,Andrew Burton,nrodriguez@example.net,Male,Kelseymouth,01-10-2024
U004305,Scott Murphy,hallleslie@example.com,Male,Parkerview,29-05-2024
U004306,Mary Anderson,wattsjonathan@example.org,Female,New Veronicaborough,04-07-2024
U004307,Michael Buckley,pcastro@example.org,Female,Gabrielleshire,14-03-2024
U004308,Benjamin Blake,sonyareese@example.org,Female,Thomasmouth,19-01-2024
U004309,Kayla Richardson,sheila62@example.net,Male,Catherinestad,11-04-2025
U004310,Michael Glass,marypatrick@example.net,Male,New Beverly,20-09-2024
U004311,Charles Lane,christopher88@example.net,Other,Kathleenside,16-07-2024
U004312,Samantha Glover,sheltonariel@example.com,Other,Lake Misty,27-10-2024
U004313,Cassandra Stone,flemingcharles@example.net,Other,Cervantesshire,14-12-2024
U004314,Erin Carter,wallkaren@example.com,Male,Mooremouth,09-08-2025
U004315,Nicholas Mcdonald,rhondawest@example.net,Other,Kellymouth,09-04-2025
U004316,Brian Riley,beckaustin@example.com,Female,North Johnny,16-07-2025
U004317,Brenda Williams,npollard@example.net,Female,Lake Raymondview,26-06-2025
U004318,John Cowan,christinawilliams@example.com,Female,Makaylaview,21-09-2025
U004319,Tim Reid,martinezhenry@example.org,Other,Freemanburgh,09-01-2024
U004320,Tara Jones,omontgomery@example.com,Female,South Christopher,21-02-2025
U004321,Tina Perry,ehill@example.org,Male,Bensonbury,12-03-2025
U004322,Scott Fisher,vanessamann@example.net,Male,North Stephanie,25-08-2024
U004323,Kathleen Lee,jonespaul@example.net,Female,East Christopher,08-09-2025
U004324,Ashley Williams,zphillips@example.net,Female,Walterview,18-04-2024
U004325,Benjamin Gray,eddie31@example.com,Male,Taylorberg,24-05-2024
U004326,Kevin Copeland,valerie71@example.org,Female,Williamsfurt,05-08-2025
U004327,Shawn Schneider,hvelez@example.net,Male,North Jonathan,11-02-2024
U004328,Benjamin Stevens,gordonjonathan@example.net,Other,Lake Danielville,06-01-2025
U004329,Jessica Saunders,steven65@example.net,Other,Shawnstad,07-11-2024
U004330,Andrew Perez,raymondmurray@example.net,Male,Cynthiaview,03-11-2024
U004331,Sarah Rowland,cardenaskathleen@example.net,Other,Lake Makayla,09-06-2025
U004332,Justin Moran,nedwards@example.org,Other,West Leslieborough,26-11-2024
U004333,Natalie Johnson,anthonyford@example.org,Male,North Ericmouth,12-05-2024
U004334,Jose Reed,yballard@example.net,Female,South Jasonberg,27-08-2024
U004335,Dalton Nash,loriwalters@example.org,Other,Port Lisa,21-08-2024
U004336,Christopher Solis,tinafrye@example.net,Female,Port Anthony,12-12-2024
U004337,Brian Shah,angela08@example.net,Female,Gilmoreland,08-06-2025
U004338,Kelsey Shaw,kevin30@example.com,Other,Erinmouth,14-03-2024
U004339,David Garcia,zrodriguez@example.net,Female,North Annetteville,23-09-2025
U004340,Melissa Wiggins,omccullough@example.com,Female,North Matthew,21-10-2025
U004341,Timothy Clayton,awilson@example.com,Other,South Amandahaven,29-09-2025
U004342,Joshua Gay,craig73@example.com,Other,Ronaldshire,17-03-2025
U004343,Cynthia Carter,matthewstewart@example.com,Female,Ryanshire,17-08-2024
U004344,Travis Olson,erinarmstrong@example.org,Female,Simsfurt,13-03-2025
U004345,Jessica Mccann,dianesingh@example.org,Female,West Ericatown,24-01-2024
U004346,Michael Lucas,sheltonlaura@example.org,Male,Dawnville,26-08-2025
U004347,Sonya Chandler,donaldbrown@example.com,Male,Bartlettberg,28-02-2025
U004348,Brittany Jones,wardtamara@example.net,Female,Gloriabury,18-08-2024
U004349,Kimberly Ayala,longsandra@example.net,Other,South Jacobhaven,06-06-2024
U004350,Jennifer Daniel,ybrown@example.org,Male,New Amandastad,29-02-2024
U004351,Danielle Lewis,joshuabradley@example.com,Male,West Ryan,06-10-2025
U004352,Wendy Boyd,wgilbert@example.org,Female,Tonyport,11-02-2024
U004353,Jorge Padilla,ghughes@example.net,Male,Mcgeebury,09-09-2025
U004354,Richard Porter,carrieharris@example.com,Female,Lake Kevin,15-01-2024
U004355,Cassandra Dodson,brandyrogers@example.com,Other,New Jenna,26-11-2024
U004356,Larry Baker,nicholaskim@example.org,Female,North Michelle,28-01-2024
U004357,Adriana Anderson,zlong@example.org,Other,Adrianville,08-05-2024
U004358,Theresa Newton,samantha76@example.com,Male,Port Kayla,02-03-2025
U004359,Megan Morales,shelby16@example.net,Male,North Thomas,26-07-2024
U004360,Damon Watson,cristinaphillips@example.com,Male,Johnsonmouth,19-02-2024
U004361,Andrew Shaffer,vgreen@example.net,Male,South Robertport,05-01-2024
U004362,Zachary Wilson,davidbryant@example.org,Other,Nicholsbury,31-12-2024
U004363,Catherine Fernandez,samanthacox@example.com,Male,South Moniqueborough,14-05-2024
U004364,Lindsay Parker,wcoleman@example.com,Female,Rodriguezview,24-08-2025
U004365,Deanna Lane,johnsoncory@example.net,Other,Linshire,08-03-2024
U004366,Erin Miller,mariahunter@example.net,Other,Port Lawrence,14-03-2025
U004367,Ann Woodard,craigdennis@example.com,Male,East Oliviafort,20-06-2024
U004368,Robin Cruz,james90@example.net,Male,Lake Shannonview,21-04-2025
U004369,Renee King,sandovalanthony@example.net,Other,East Ashlee,29-11-2024
U004370,Richard Clayton,vnguyen@example.com,Female,East Heatherbury,31-01-2024
U004371,Johnathan Martinez,jbowman@example.com,Female,New Alexis,13-11-2024
U004372,Andrea Cruz,awhite@example.org,Male,New Alanshire,25-04-2024
U004373,Elizabeth Wilson,sarah78@example.org,Male,Grimesfort,06-01-2025
U004374,Kristi Rios,brentcampos@example.org,Male,South Chadside,06-03-2025
U004375,Kathryn Duncan,sheilaharris@example.net,Other,Grayfurt,12-02-2024
U004376,Michael Jones,cantrellvictoria@example.org,Female,Smithberg,24-04-2024
U004377,Dennis Alvarado,melinda28@example.com,Other,West Amanda,06-11-2024
U004378,Kirk Jackson,lgonzalez@example.net,Other,Newmanview,05-08-2025
U004379,Michael Davis,kelseyfrancis@example.org,Female,Michaelhaven,25-02-2025
U004380,Stanley Burch,josepena@example.net,Other,South Christophertown,10-12-2024
U004381,Susan Peters,jared29@example.com,Male,West Jenniferton,27-08-2024
U004382,Nancy Garrison,caleb79@example.com,Other,Lake Bobby,01-11-2025
U004383,Kimberly Romero,hillmelissa@example.net,Other,Port Chadville,13-11-2024
U004384,Evan Ramirez,amanda74@example.net,Female,Bradton,19-11-2024
U004385,Grant White,ireed@example.org,Other,Douglastown,29-01-2025
U004386,Angela Stanley,stephen01@example.net,Other,Mitchellborough,20-07-2025
U004387,Diane Gamble,jmorris@example.net,Male,West Maurice,21-10-2025
U004388,Heidi Brooks,sporter@example.net,Other,Rogertown,14-07-2025
U004389,Matthew Valdez,andersonjason@example.org,Male,Janeport,01-01-2024
U004390,Tina Mitchell,agregory@example.org,Female,Darrenton,28-02-2025
U004391,Debra Strong,heather60@example.net,Other,Lisafort,25-09-2024
U004392,Priscilla Monroe,dwashington@example.com,Female,North Sherry,16-04-2025
U004393,Mathew Anderson,duffycody@example.net,Male,North Jenniferchester,29-12-2024
U004394,Danielle Parker,wagnerlori@example.org,Female,Lake Ericborough,19-06-2024
U004395,Kimberly Elliott,stephen36@example.net,Male,New Melinda,11-01-2024
U004396,Susan Ward,michael58@example.com,Male,Shelleyside,15-09-2024
U004397,Jenny Simmons,gadams@example.com,Male,Lake Richard,03-09-2024
U004398,William Rodriguez,williamsgregory@example.com,Male,Richardview,21-08-2025
U004399,John Mitchell,derek48@example.com,Other,Spencerport,20-08-2024
U004400,Hannah Collins,murphyjulie@example.org,Male,South Billy,13-07-2025
U004401,Matthew Rodriguez,millsbrittany@example.net,Male,East Amandamouth,16-02-2025
U004402,Michael Jensen,anne22@example.net,Other,Lake Jamesberg,08-08-2025
U004403,Christina Mendez,fhiggins@example.net,Female,Port Danielfurt,16-07-2024
U004404,Kristen Phillips,nicholasgallegos@example.net,Male,Port Brittanymouth,28-10-2024
U004405,Samuel Cooley,gabrielleberry@example.com,Female,Kingborough,16-02-2025
U004406,Kevin Castillo,jenniferbutler@example.com,Other,Lake Sandrafort,24-10-2025
U004407,Patrick Ponce,alexandra08@example.com,Male,North Kristine,04-07-2025
U004408,Louis Swanson,vhood@example.org,Male,Port Manuelland,10-10-2024
U004409,Robert Wood,ievans@example.net,Female,Sarastad,01-04-2024
U004410,Tanya Ramos,nicholas12@example.com,Other,East Austinhaven,02-01-2025
U004411,Michelle Rodriguez,michaelsellers@example.org,Male,Lake Joel,14-06-2024
U004412,Jose Aguilar,jamescochran@example.net,Female,Lake Herbertstad,23-05-2025
U004413,Vincent Stark,zchaney@example.net,Male,Nelsonborough,06-08-2024
U004414,Renee Campbell,williejenkins@example.org,Male,Haynesberg,15-08-2024
U004415,Steven Walters,andersonjulia@example.org,Male,Smithfort,20-05-2024
U004416,Maria Hill,joshuaperry@example.org,Other,Wallerborough,22-09-2024
U004417,Michael Ramirez,llittle@example.net,Other,Johnsonburgh,17-06-2024
U004418,Cody Griffith,adamsdanielle@example.net,Male,West Melissa,14-08-2024
U004419,David Gonzalez,xleblanc@example.org,Male,Jessicaport,06-03-2024
U004420,Gavin Williams,lynnfrey@example.com,Other,Dianaberg,01-01-2025
U004421,Jonathan Snow,leah30@example.com,Female,North Victoriatown,23-08-2025
U004422,Michael Schmidt,thomassingleton@example.org,Male,West Brett,03-01-2024
U004423,Karen Barnes,jefferydiaz@example.com,Female,Allenstad,02-12-2024
U004424,Bryan Carrillo,nicole99@example.com,Other,Alyssafurt,07-02-2025
U004425,Bobby Sawyer,tracy33@example.net,Other,South Cindyberg,31-01-2025
U004426,Paul Lane,alejandro47@example.com,Female,North Spencermouth,04-10-2024
U004427,Robert Roberson,kimberly89@example.net,Other,Lake Raymondside,11-01-2024
U004428,Mikayla Crawford,frankjackson@example.org,Male,West Johnton,30-09-2025
U004429,Hannah Andrews,serranomelissa@example.com,Female,Lake Melaniefurt,30-09-2024
U004430,Matthew Miller,brucetina@example.org,Female,Port Ericfurt,03-06-2025
U004431,Lisa Robinson,wshelton@example.org,Female,Aaronberg,15-03-2024
U004432,Sarah Evans,josewheeler@example.org,Male,Johnberg,11-03-2025
U004433,David Park,johnsonjames@example.com,Male,New Donna,07-06-2024
U004434,Eileen Cook,tbradley@example.org,Other,Jerryburgh,20-04-2024
U004435,Teresa Wilson,lbright@example.net,Female,Patriciahaven,17-02-2025
U004436,Jill Marsh,brian89@example.com,Other,Carpenterstad,06-07-2024
U004437,Cesar Hill,aaronmarshall@example.net,Female,South Johnbury,27-05-2024
U004438,David Fry,griffithmatthew@example.com,Other,South Casey,14-09-2024
U004439,Robin Gonzalez,brianacarter@example.net,Female,Zimmermanmouth,25-05-2025
U004440,Jessica White,james82@example.org,Male,Ryanburgh,13-05-2024
U004441,Victoria Shah,jamesle@example.org,Other,New Sheila,23-04-2024
U004442,Jennifer Robinson,cruztodd@example.org,Other,Samanthaton,10-08-2024
U004443,Grace Lutz,charles45@example.org,Other,New Vanessa,23-08-2025
U004444,Mike Ramos,boydmadison@example.net,Other,New Jasmin,21-06-2024
U004445,Heidi Bailey,robert29@example.net,Female,East Dawn,11-09-2025
U004446,Daniel Leblanc,angela33@example.net,Male,Romeroshire,10-11-2024
U004447,Claudia Simon,petersonkathryn@example.net,Other,Matthewfort,06-09-2024
U004448,Michael Hicks,michaelstout@example.org,Other,East Joyce,04-09-2024
U004449,Alexis Olson,esawyer@example.net,Male,Morrisonport,10-04-2025
U004450,Kenneth Maldonado,steven52@example.net,Female,West Amystad,10-12-2024
U004451,Oscar Cox,qduncan@example.org,Female,Richardtown,14-10-2025
U004452,Mason Anderson,leah41@example.org,Other,Port Morganstad,25-05-2025
U004453,Gregory Turner,thomasdonna@example.com,Other,Kemphaven,20-05-2025
U004454,Deborah Hudson,stephanie59@example.com,Female,Timothybury,18-01-2024
U004455,Lorraine Jackson,megan53@example.net,Male,North Russell,17-05-2024
U004456,Jessica Walker,swalters@example.org,Male,Mirandaborough,04-07-2024
U004457,Michael Preston,james10@example.net,Other,West Emmachester,23-11-2024
U004458,Debra Johnson,john12@example.org,Male,Frankfurt,30-12-2024
U004459,Sean Kim,cbrown@example.net,Other,Robertsburgh,07-07-2024
U004460,Courtney Booth,owensdonna@example.org,Other,Warrenton,12-12-2024
U004461,Jessica Rodriguez,yvonne48@example.org,Female,Peterport,15-05-2025
U004462,Daniel Rodgers,lparker@example.net,Other,North Joshuashire,06-10-2025
U004463,Brian Novak,gonzalesholly@example.net,Male,Lake Maryport,17-02-2024
U004464,Gerald Johnson,allenrosario@example.com,Male,West Christopherland,19-09-2025
U004465,Billy Boone,charlesowen@example.com,Other,East Christopherhaven,10-02-2024
U004466,Andrea Williams,deborah41@example.com,Female,West Sharon,17-12-2024
U004467,Andrew Bell,jennifer77@example.org,Other,North Matthew,15-08-2024
U004468,Paul Garcia,david16@example.org,Male,Mathisview,06-06-2024
U004469,Mitchell Lee,johnsondaniel@example.com,Other,Alexview,22-05-2024
U004470,Morgan Lopez,michael10@example.com,Other,South Peggy,14-10-2025
U004471,Adam Thomas,gardnervanessa@example.com,Male,West Sara,07-05-2024
U004472,Samuel Moody,icraig@example.com,Female,Port Jimmy,10-01-2025
U004473,Emily Livingston,kimberlywhitaker@example.net,Male,Port Janetview,27-01-2024
U004474,Anthony Larson,martinjennifer@example.net,Female,Davidville,12-06-2025
U004475,Brenda Stanley,zacharywest@example.com,Other,West Jenniferview,10-11-2025
U004476,Lauren Baker,kennethrivera@example.org,Male,South Ronald,01-03-2025
U004477,Timothy Patel,zgarrett@example.com,Male,Analand,17-03-2025
U004478,Chad Cannon,hollymcdonald@example.com,Female,North Jill,26-01-2024
U004479,Tyler Black,ggibson@example.org,Female,South Aaronberg,03-12-2024
U004480,Brian Lynch,cynthiamiller@example.net,Male,East Julia,20-06-2024
U004481,Michael Johnston,hoffmanemily@example.com,Other,Millerfurt,07-03-2024
U004482,Allen Griffin,brittanycoffey@example.net,Male,Lake Donaldfurt,15-03-2025
U004483,Evelyn Hendricks,btapia@example.org,Other,Port Tamaraside,09-02-2024
U004484,Emily Weber,dominiquepowers@example.com,Other,Villanuevaborough,04-07-2024
U004485,Andrew Rice,pamelaclark@example.net,Other,Bradleyfurt,02-06-2025
U004486,Dawn Snyder,connermatthew@example.org,Other,Lake Benjaminton,25-04-2025
U004487,Brian Robinson,lgarrett@example.com,Female,Lake Jennahaven,09-04-2025
U004488,Michael Cherry,patricia44@example.org,Female,Kimberlyberg,21-07-2025
U004489,Robert Long,alexander29@example.net,Male,South Raymondshire,27-06-2024
U004490,Crystal Rodriguez,cheryl83@example.com,Female,Boydtown,21-03-2024
U004491,Mary Davis,sramirez@example.org,Male,Port Timothymouth,11-06-2024
U004492,Andrew Steele,ramirezmargaret@example.com,Male,Lake Nancy,15-08-2024
U004493,Sean Newman,patriciaoliver@example.org,Other,Port Angelica,15-08-2024
U004494,James Aguilar,rogercarter@example.com,Male,Jeffersonfurt,25-01-2024
U004495,Michael Harris,sherri53@example.com,Female,Mitchellberg,18-11-2024
U004496,April Jackson,wgardner@example.net,Female,East Travisland,05-12-2024
U004497,Darrell Wright,leahsmith@example.org,Male,West Rebecca,08-08-2025
U004498,Richard Harper,raymichael@example.net,Other,Danielfurt,09-07-2025
U004499,Anna Jimenez,campbellkristen@example.com,Male,Robbinschester,29-09-2024
U004500,Donald Norris,cnorris@example.org,Male,Garciamouth,17-10-2025
U004501,Deborah Vincent,jacksonpatrick@example.net,Female,New Debra,02-07-2024
U004502,Robert Le,rebeccazimmerman@example.net,Female,Patrickhaven,05-08-2025
U004503,Rebecca Russo,melissabarnett@example.com,Other,Michaelland,06-07-2025
U004504,Gregory Weaver,yjenkins@example.net,Female,Kevinbury,30-12-2024
U004505,Melanie Caldwell,ymckee@example.net,Male,New Tanyaton,15-05-2025
U004506,Samuel Walker,cmorrison@example.com,Female,North Allison,16-12-2024
U004507,Jonathan Page,smithjustin@example.net,Female,Lake Tony,28-05-2024
U004508,Matthew Bradford,reginald15@example.org,Female,North Karla,02-10-2025
U004509,Richard Smith,grusso@example.net,Female,Shawburgh,18-10-2024
U004510,David Wood,iward@example.net,Other,New Lisa,27-04-2025
U004511,Danielle Williams,jennifer50@example.net,Female,New Andrea,20-06-2024
U004512,Nicole Gonzalez,nicholas69@example.org,Male,West Kellyhaven,12-05-2024
U004513,Bradley Jacobs,oleon@example.org,Female,Port Chase,24-09-2024
U004514,James Mendoza,zmcclain@example.org,Other,Port Kellyhaven,29-03-2025
U004515,Zachary Acevedo,howardzachary@example.net,Other,East Sarah,21-04-2025
U004516,Lucas White,carriebrewer@example.com,Other,Joshualand,08-07-2024
U004517,James Crawford,torrestravis@example.net,Male,Duanestad,13-12-2024
U004518,Leah Parker,brandongonzalez@example.com,Male,Lake Jenniferton,17-01-2024
U004519,Ronald Griffin,matthew05@example.org,Female,Timothyfurt,30-10-2024
U004520,Denise Long,yclark@example.org,Male,Henryview,02-05-2025
U004521,Christopher Kelly,guerrajessica@example.org,Male,Samuelland,18-11-2024
U004522,William Hammond,susanbaker@example.org,Female,Turnermouth,14-03-2025
U004523,Allison Dominguez,julie73@example.org,Male,Jonesfurt,21-02-2024
U004524,Travis Scott,larsonkristopher@example.net,Female,North Mandyshire,21-01-2024
U004525,Robert Dixon,rebeccarhodes@example.net,Female,Calderonmouth,16-04-2024
U004526,Connie Brandt,ywoods@example.com,Male,Aaronbury,21-12-2024
U004527,Wendy Gill,melvin37@example.com,Male,Port Davidburgh,22-07-2024
U004528,Michael Li,lmaynard@example.net,Female,Lake Nicholas,13-10-2024
U004529,Guy Wood,matthew40@example.org,Male,Breannahaven,04-09-2024
U004530,Tara Wright,wward@example.com,Female,South Diane,01-06-2025
U004531,Gavin Jennings,samuel54@example.com,Male,Glennstad,05-03-2025
U004532,Jeanne Harris,jonesanna@example.net,Other,Cruzburgh,10-12-2024
U004533,Bryan Mathews,rebecca28@example.com,Male,Port Nancyhaven,25-07-2025
U004534,Denise Wong,jeffrey29@example.net,Other,Roachbury,08-06-2024
U004535,Lance Salas,lindabrown@example.net,Male,Loriside,10-01-2025
U004536,Kevin Coleman,opark@example.net,Female,New Jenniferfurt,07-06-2025
U004537,Penny Scott,tonyparker@example.com,Other,North Michaelside,16-05-2024
U004538,Timothy Hahn,petersonrichard@example.com,Other,North Joy,07-11-2024
U004539,Sarah Kirk,judysharp@example.org,Female,West Andrewborough,24-05-2024
U004540,Ashley Bridges,xcoleman@example.net,Other,South Genefurt,11-09-2025
U004541,Amy Sharp,zmendoza@example.org,Male,New Dillonport,26-02-2025
U004542,Terri Soto,jonathansullivan@example.net,Female,Gonzalesmouth,13-11-2024
U004543,Megan Davis,april95@example.com,Other,West Stephen,11-03-2024
U004544,Gerald Frye,carlabrown@example.org,Male,West Katherine,10-09-2024
U004545,Scott King,david47@example.org,Other,West Nancyhaven,01-06-2024
U004546,Meredith Fry,serranomathew@example.com,Female,Port Cassandratown,09-11-2025
U004547,Anthony Bryant,mhester@example.org,Male,East Coltonfurt,04-11-2024
U004548,Kenneth Sanchez,jamespreston@example.org,Male,Marcustown,08-09-2025
U004549,Susan Sanchez,lisadavis@example.org,Male,West Stacy,07-08-2025
U004550,Shannon Hammond,carterbrianna@example.net,Female,Melindamouth,22-04-2025
U004551,Jesse Warner,mikegonzalez@example.org,Male,West Laurieborough,18-11-2024
U004552,Nathan Ballard,kristengolden@example.net,Male,South Vincent,13-08-2024
U004553,Cynthia Collier,jennifer98@example.org,Female,Lake Richardborough,09-06-2024
U004554,Kristen Villarreal,anneschultz@example.com,Other,West Donaldshire,29-05-2025
U004555,Christina Shields,davismaria@example.com,Other,Bakerborough,20-07-2024
U004556,Latasha Peterson,eguzman@example.net,Other,North Barbara,15-03-2025
U004557,Wayne Taylor,davissarah@example.org,Other,Lake Brittany,19-05-2025
U004558,Briana Hoover,garciapamela@example.net,Other,Christyport,11-12-2024
U004559,Ronald Hamilton,sharptiffany@example.net,Female,East Benjamintown,01-12-2024
U004560,Teresa Fleming,molly80@example.org,Other,North Lori,05-01-2024
U004561,Jason Allen,sextontristan@example.org,Female,North Jill,09-09-2025
U004562,Renee Cooper,christine92@example.net,Female,Port Francesville,14-03-2024
U004563,Megan Haney,guzmancarl@example.com,Male,Cameronchester,11-02-2025
U004564,Holly Anderson,tiffany48@example.net,Male,Port Raymond,04-08-2024
U004565,Veronica Wu,fisherapril@example.org,Male,West Patriciaborough,08-09-2025
U004566,Robert Hanson,jason45@example.net,Female,Lake Joseph,08-11-2025
U004567,Jared Brown,matthewbrock@example.org,Other,Jeffreystad,19-02-2025
U004568,Julie Ho,linkevin@example.net,Other,Williamschester,22-10-2025
U004569,Nicole Rivera,tina16@example.net,Female,East Jennifer,07-07-2024
U004570,Mason Hubbard,rsherman@example.com,Male,North Rhondashire,22-01-2024
U004571,James Garcia,youngdawn@example.net,Male,Lake Randyfurt,20-05-2024
U004572,Grace Weber,tschmidt@example.org,Female,Heatherborough,06-12-2024
U004573,Drew Smith,markbuck@example.net,Male,Timothyborough,18-02-2025
U004574,Lori Stephens,timothylewis@example.com,Female,Port Christopher,20-02-2025
U004575,Tammy Tyler,sbradley@example.com,Male,Jamieton,05-02-2024
U004576,Abigail Valentine,larajonathan@example.org,Female,Heatherville,08-11-2024
U004577,Alexis Brown,spencerjohn@example.net,Other,Joneston,24-09-2025
U004578,Tanya Robertson,kevin12@example.net,Other,Lake John,02-01-2024
U004579,Alan Hardy,erika25@example.com,Other,Lake Ashley,24-09-2025
U004580,Meagan Reynolds,joseph29@example.net,Female,Brownton,09-04-2024
U004581,Donna Martinez,briannarodriguez@example.com,Male,North Coleport,22-02-2025
U004582,Jim King,georgekara@example.org,Male,Liberg,18-12-2024
U004583,Lisa Gutierrez,zachary00@example.org,Male,East Jennabury,25-03-2024
U004584,Andrew Barnes,xrogers@example.net,Male,Santosbury,30-10-2025
U004585,Amy Holland,paulparker@example.com,Male,West Juan,07-05-2024
U004586,Gregory Wagner,mbaker@example.net,Other,West Tinahaven,01-09-2025
U004587,Michele Duncan,cooperchristina@example.org,Female,Evanland,05-04-2025
U004588,Jesse Hernandez,fvasquez@example.org,Male,Lopezport,25-10-2024
U004589,David Williams,brandy57@example.net,Female,West Matthewland,14-10-2025
U004590,Brittany Robbins,gary64@example.org,Male,Donaldville,12-01-2025
U004591,David Torres,kimberly72@example.net,Female,Lake Fernandoberg,26-11-2024
U004592,Dawn Stevens,patrickhampton@example.net,Female,Lake Jose,26-02-2025
U004593,Colleen Randall,huertajohn@example.com,Female,Susanfurt,23-01-2024
U004594,Nathan Brown,stephensonjuan@example.org,Female,North Alexis,03-04-2024
U004595,Cameron Coleman,jackson43@example.com,Other,Shawtown,18-03-2024
U004596,Nathan Beck,joannesnow@example.com,Female,Lake Davidton,21-10-2025
U004597,Anna Ross,vsalazar@example.net,Male,Dominguezstad,21-05-2025
U004598,Brittany Wong,christian35@example.org,Other,Vazquezport,02-10-2024
U004599,Omar Jackson,mmann@example.org,Other,Hunterton,26-02-2025
U004600,Renee Gilbert,victor05@example.net,Female,East Brandon,29-10-2024
U004601,Nicole Kramer,aolsen@example.net,Male,Douglasstad,15-02-2024
U004602,Jessica Young,jasonarnold@example.com,Female,East Daniel,29-09-2025
U004603,Stephanie Reynolds,nrodgers@example.net,Female,Parkerport,04-09-2025
U004604,Robert Tucker,mwilson@example.net,Female,Priscillaville,15-09-2025
U004605,Troy Orr,johnbrown@example.org,Male,Wilsonstad,21-03-2024
U004606,Zachary Smith,jenniferturner@example.net,Female,Jennifershire,02-10-2025
U004607,Sean Burnett,fholland@example.com,Male,New Elizabethstad,04-08-2025
U004608,Stephen Jones,orice@example.com,Female,Brandonberg,17-03-2025
U004609,Marcia Ayala,george43@example.com,Female,South Peter,16-05-2025
U004610,Justin Ryan,vfloyd@example.com,Female,North Amandaland,16-10-2025
U004611,Alicia Singh,snewman@example.com,Female,Robertschester,05-10-2024
U004612,April Carter,stevenyoung@example.org,Male,Lake Zacharyhaven,26-10-2024
U004613,Robert Murphy,david35@example.com,Female,Matthewmouth,12-03-2024
U004614,Dana Johnson,uburke@example.org,Other,Barryton,12-02-2025
U004615,Crystal Brooks,anthonysmith@example.com,Male,North Kimberly,23-07-2025
U004616,Edward Jackson,briana12@example.net,Male,Patrickberg,28-06-2024
U004617,Michael Peterson,markmassey@example.com,Other,Robertsside,25-06-2024
U004618,Malik Leblanc,jparker@example.net,Other,Jasonport,30-08-2024
U004619,Julie Casey,lopezbrett@example.org,Male,South Kellyshire,15-04-2024
U004620,Stephen Bennett,jenniferfinley@example.net,Male,Lake Joshuamouth,04-10-2024
U004621,Cindy Hayes,scottbrooks@example.org,Other,East Terri,13-10-2024
U004622,Matthew Le,kristinabrown@example.net,Female,South Jessicaton,17-05-2025
U004623,Ashley Lozano,nunezkayla@example.com,Other,Josephstad,28-09-2024
U004624,Randy Carpenter,charles00@example.net,Female,North Amanda,27-03-2024
U004625,Richard Johnson,mezarobert@example.org,Other,North Mary,13-09-2024
U004626,Sylvia Owens,guzmanthomas@example.org,Male,Johnsonhaven,22-03-2024
U004627,Jimmy Avery,josephthompson@example.org,Other,Serranoport,21-10-2024
U004628,Kristy Williams,mking@example.com,Male,Lake Ricardo,28-05-2024
U004629,Frank Luna,millerkim@example.net,Female,Contrerashaven,29-09-2025
U004630,Jason Shaw,wilsonbryce@example.org,Other,Lake Michaelshire,03-11-2024
U004631,Jared Walker,earlowens@example.com,Female,West Justinhaven,12-04-2024
U004632,Raymond Allen,josephpierce@example.net,Other,Dunnchester,02-07-2025
U004633,Megan Howe,robertfoster@example.net,Other,Markport,24-01-2024
U004634,Brenda Gonzalez,hbrown@example.com,Female,Jonesfurt,29-03-2024
U004635,Julie Johnson,ecaldwell@example.org,Other,New Meredith,23-02-2025
U004636,Deborah Huerta,kelly90@example.com,Male,South Steven,28-03-2025
U004637,Christine Perry,riverajamie@example.com,Female,East Stacy,23-01-2024
U004638,Tina Hill,kelsey60@example.com,Female,Monicaland,13-07-2025
U004639,Anthony Sullivan,ldennis@example.org,Male,Washingtonland,04-02-2025
U004640,Chase Henry,daniel59@example.net,Female,Lake Shawn,04-06-2025
U004641,Bonnie Sullivan,sherry22@example.net,Other,West John,28-06-2025
U004642,Andrea Rivera,ylevy@example.org,Male,Sullivanfort,24-06-2024
U004643,Elizabeth Roy,mary83@example.com,Other,Smithshire,20-04-2024
U004644,Jimmy Bates,palmerjessica@example.org,Other,Dixonfurt,17-01-2025
U004645,Daniel Whitaker,melissaperry@example.com,Other,Newmantown,04-08-2025
U004646,Andrew Chapman,drogers@example.org,Other,East Lisafort,05-01-2025
U004647,Alexander Harris,bhopkins@example.com,Other,Russoberg,14-11-2025
U004648,Jimmy Walker,bakerevelyn@example.org,Other,Robertsburgh,18-01-2025
U004649,Ashley Riley,ginamayo@example.net,Male,Morganmouth,07-12-2024
U004650,Victor Butler,cheryldaniel@example.org,Male,Simonhaven,26-06-2024
U004651,Karen Johnson,gthompson@example.org,Female,Cherylville,26-05-2024
U004652,Elizabeth Mora,lawrencewilliam@example.org,Male,West Andrewborough,07-03-2025
U004653,Jennifer Kim,kimberly52@example.org,Male,Howardview,07-06-2024
U004654,Tracy Robles,jwhite@example.org,Male,Wendybury,03-04-2024
U004655,Brent Davis,kimberlylopez@example.com,Male,Michaelland,09-04-2024
U004656,Ralph Briggs,hendersonamy@example.org,Male,Marthamouth,26-04-2025
U004657,Jeffrey Perkins,ali@example.net,Male,Mariamouth,24-08-2025
U004658,Darlene Sullivan,rebecca71@example.net,Female,New Christopherberg,31-07-2025
U004659,Shawn Lee,aguilarchristopher@example.com,Male,Riverastad,26-03-2025
U004660,Kimberly Pineda,qcarpenter@example.net,Other,Wendyland,11-08-2025
U004661,Stephen Mclaughlin,xbanks@example.com,Female,New Nicholaschester,25-10-2025
U004662,Richard Yang,jameshill@example.com,Male,Ginaport,04-02-2025
U004663,Elizabeth Rojas,paigeking@example.org,Other,Catherinechester,09-06-2024
U004664,James Jimenez,tgallagher@example.com,Male,East Dustin,16-04-2024
U004665,Erin Anderson,patricklaura@example.com,Other,New Christopher,09-08-2025
U004666,Leah Johnston,jonathanharris@example.com,Female,Craigburgh,16-05-2025
U004667,Michael Young,alexis33@example.org,Female,Garciaport,08-02-2025
U004668,Jill Morris,louissimmons@example.org,Other,Wendyland,02-08-2024
U004669,Sylvia Jacobs,englishoscar@example.org,Male,Joseland,21-04-2025
U004670,Monica Grimes,johnfowler@example.net,Male,West Kevin,24-04-2025
U004671,Robert Duncan,hannahthomas@example.com,Female,New Stacey,27-11-2024
U004672,Jessica Peterson,thompsonwilliam@example.com,Other,Stevenside,08-02-2025
U004673,Stephanie Baird,simmonsgregory@example.com,Female,North Samantha,12-10-2024
U004674,Jessica Morgan,jayholmes@example.com,Other,Port Jeffreymouth,08-08-2024
U004675,Melinda Miller,jordanalex@example.com,Female,East Shawn,18-04-2025
U004676,Karen Mcguire,patrickmiller@example.com,Female,Timothychester,14-01-2024
U004677,Robin Brooks,lindathompson@example.com,Other,Melissafurt,18-02-2025
U004678,Shannon Archer,jgriffin@example.org,Female,Christopherchester,01-03-2025
U004679,James Gilbert,newmanpamela@example.net,Male,Edwardsside,26-04-2024
U004680,Jonathan Oconnell,onealnicole@example.net,Other,Lake Michael,20-09-2024
U004681,David Villegas,lauren46@example.org,Other,Rodriguezbury,17-06-2024
U004682,Jessica Arias,perezmorgan@example.org,Other,Woodsport,05-01-2025
U004683,Robert Chapman,perkinschristopher@example.org,Other,Sarahton,24-08-2024
U004684,Philip Ortiz,robinsonmark@example.com,Female,New Katelyn,25-02-2025
U004685,Darrell Clark,ntucker@example.com,Male,West Amanda,07-05-2024
U004686,Michael Riley,dmacias@example.com,Female,New Michael,12-04-2025
U004687,Jane Sandoval,donaldmarquez@example.net,Male,Jeremychester,28-09-2025
U004688,Richard Shaw,joneslisa@example.com,Male,Michellemouth,14-05-2024
U004689,Marvin Rowland,sara06@example.net,Other,Wayneberg,12-02-2025
U004690,Amanda Young,lawsonjessica@example.net,Other,New Matthew,19-02-2025
U004691,Joshua Griffin,jaclynmack@example.com,Other,North Larry,20-04-2025
U004692,David Moore,kellykyle@example.org,Male,Fordfurt,22-01-2025
U004693,Renee Pierce,troy04@example.org,Male,Erikfort,10-04-2024
U004694,Steven Mcfarland,harrisjohn@example.com,Other,Jamesbury,11-03-2025
U004695,Shawn Oconnell,mhudson@example.com,Male,Chasetown,04-02-2024
U004696,Randall Rios,howelljustin@example.com,Female,Port Lauren,02-02-2025
U004697,Stephanie Russell,jessica41@example.net,Other,South Brendanberg,05-06-2024
U004698,Donald Matthews,christopher39@example.org,Female,East Brendastad,20-01-2025
U004699,Krista Davis,rscott@example.com,Female,New Ashley,31-01-2024
U004700,Yvette Morris,timothylopez@example.net,Female,West Christiefort,29-04-2025
U004701,Jacqueline Carter,shebert@example.com,Female,Port Patrick,23-08-2024
U004702,Madeline Sanchez,nicole65@example.org,Other,East Jenniferside,13-05-2024
U004703,Brian Taylor,clarkdavid@example.org,Female,Stanleyview,16-05-2024
U004704,Jodi Ballard,harrisdanielle@example.net,Other,Port Wanda,28-03-2025
U004705,David Washington,ostevenson@example.org,Other,West Jennifer,26-09-2025
U004706,Savannah Erickson,kruegerjade@example.com,Female,New Jenniferberg,21-03-2025
U004707,Cory Jefferson,christopherreyes@example.org,Male,Ortegashire,23-07-2025
U004708,Jeffrey Rice,omurray@example.net,Male,Lake Christophertown,22-04-2024
U004709,Stacy Brown,samanthahawkins@example.com,Female,Browningberg,07-01-2025
U004710,Elizabeth Kelly,john56@example.com,Female,Donnaland,29-06-2025
U004711,Erin Bailey,hbenson@example.com,Male,New Tina,18-02-2025
U004712,Francisco Aguirre,jessepark@example.net,Other,North Jeremiah,24-04-2025
U004713,Michael Jones,alejandro09@example.net,Other,Lake Jamesstad,20-11-2024
U004714,Dillon Jacobson,christinayoung@example.net,Other,North Patrickfort,08-06-2025
U004715,Jason Stone,ucruz@example.org,Other,Amberton,03-06-2024
U004716,Heather Ray,kboyd@example.net,Female,East Sydney,10-08-2025
U004717,Michael Rivera,erika44@example.net,Male,Travisberg,04-09-2024
U004718,Joseph Richardson,msmith@example.net,Female,East Curtis,03-01-2024
U004719,Stephen Gilbert,andersonkimberly@example.net,Female,New Charles,21-03-2025
U004720,Jason Smith,daniel03@example.net,Other,Andersonland,19-10-2025
U004721,Edward Goodwin,vjackson@example.com,Male,Victoriaville,07-02-2024
U004722,Jason Brown,snydercatherine@example.net,Male,East Jacqueline,16-04-2024
U004723,Eric Garcia,ijordan@example.net,Other,North Rebecca,28-06-2025
U004724,Robert Garcia,jasondiaz@example.net,Female,Annastad,30-11-2024
U004725,Sharon Sanders,carpentergeorge@example.net,Female,Meganton,19-10-2025
U004726,Jessica Torres,charles47@example.com,Female,Port Scott,03-02-2025
U004727,Karina Hodges,michaelbutler@example.com,Male,Amyport,01-08-2025
U004728,Samuel Silva,erica70@example.com,Female,New Richardstad,11-11-2025
U004729,Brett Marshall,vmclean@example.org,Female,West Brendatown,05-10-2025
U004730,Derrick Cuevas,robert70@example.com,Female,South Jose,02-08-2024
U004731,Victor Howard,gloverkevin@example.com,Female,Combsfurt,16-10-2025
U004732,Janet Fuentes,williamjohnson@example.com,Female,South Douglasmouth,30-05-2024
U004733,Michele Soto,anthonymendez@example.org,Other,Gregoryburgh,13-08-2024
U004734,Lisa Hoffman,beverlypowers@example.com,Other,Hollyfurt,07-06-2025
U004735,Natasha Taylor,ugray@example.net,Male,Port Kellymouth,31-10-2025
U004736,Melissa Mccoy,ellen29@example.com,Male,Mikeside,29-06-2024
U004737,Jessica Payne,priscillafritz@example.org,Male,Vincentport,13-02-2025
U004738,Courtney Morrison,hamiltonmichael@example.com,Female,Douglasside,25-01-2025
U004739,Denise Morris,victoriaduncan@example.org,Other,New Christopherport,04-05-2025
U004740,Stephen Miranda,millerpatricia@example.com,Female,East Rodney,30-05-2025
U004741,Amy Robbins,edwardsaaron@example.net,Female,Cassiefurt,18-01-2024
U004742,Curtis Pena,bryan59@example.com,Female,Kimberlyborough,10-03-2025
U004743,Emily Carter,gary04@example.org,Other,Lake Williamport,28-06-2024
U004744,Nancy Lopez,kflores@example.org,Female,Payneburgh,10-07-2025
U004745,Austin Brooks,cookolivia@example.net,Other,New Jamiestad,09-08-2024
U004746,Katherine Jarvis,lclayton@example.com,Other,Port Erinland,25-07-2025
U004747,Rodney Hill,kathleenvelasquez@example.org,Male,Kristinside,13-09-2025
U004748,Melanie Edwards,brianna58@example.org,Male,Fordton,20-05-2024
U004749,Brandy Bradford,robertroberson@example.org,Female,Paulview,19-04-2025
U004750,Ryan Smith,tylermartinez@example.org,Male,Lake Jeremiah,13-02-2025
U004751,Diane Johnson,michael96@example.net,Female,West Stephaniefort,10-07-2025
U004752,Jose Green,annaho@example.net,Other,Gonzalezfort,20-05-2024
U004753,Michelle Neal,brittany13@example.net,Female,Zamorahaven,02-09-2024
U004754,Aaron Hoffman,sotoeileen@example.net,Other,North Jenniferbury,06-12-2024
U004755,Chelsea Rich,jareddavis@example.org,Female,West Christopher,28-06-2025
U004756,Alexander Marshall,thomaswesley@example.net,Male,Allenhaven,11-09-2025
U004757,Lisa Brewer,leestacey@example.org,Other,Port Williamberg,27-11-2024
U004758,Brian Campbell,donna35@example.org,Male,Robertsonside,03-05-2024
U004759,Nicole Willis,wrodriguez@example.org,Male,Teresamouth,08-03-2024
U004760,Brittany Smith,williammartin@example.com,Female,South Bradleyville,09-11-2025
U004761,Kimberly Calderon,melissaglover@example.org,Other,Vasquezview,03-01-2025
U004762,Austin Benitez,francojoanne@example.com,Other,West Jasmine,23-05-2024
U004763,Tyler Walker,abigail36@example.net,Female,Port Francis,13-03-2025
U004764,Natalie Gates,jjensen@example.com,Male,Richardland,25-02-2024
U004765,Stephanie Smith,butlerbradley@example.org,Other,Port Davidtown,04-03-2024
U004766,Kimberly Bennett,jennifer53@example.com,Other,Port Bailey,08-11-2024
U004767,Heather Oneal,bradley11@example.org,Male,Jonathanfurt,20-03-2024
U004768,Haley Riggs,anthony29@example.org,Male,Williamshire,05-01-2025
U004769,Jonathan Nelson,jill72@example.com,Male,Stevenberg,28-09-2025
U004770,Kathryn Roberts,kristin42@example.net,Male,South Marychester,26-03-2025
U004771,Jonathan Smith,lisa51@example.com,Male,Jonathanchester,06-06-2024
U004772,Michael Collins,yatesjocelyn@example.org,Male,Dennishaven,19-04-2025
U004773,Amanda Robles,nicholas08@example.net,Male,North John,01-06-2025
U004774,Thomas Grant,charlescrosby@example.org,Female,Port Samuel,02-11-2025
U004775,Stacy Peterson,christinafreeman@example.com,Male,Lake Kimberly,20-02-2025
U004776,David Cox,frankwilson@example.com,Female,Lake Jameshaven,28-10-2024
U004777,Joshua Garcia,thomas23@example.com,Other,North Sean,08-04-2025
U004778,Carol Reed,rwilliams@example.org,Male,Youngbury,17-09-2025
U004779,Sandy Hawkins,nhurley@example.org,Female,Eriktown,11-02-2025
U004780,Sabrina Lopez,rdiaz@example.net,Female,South Sherry,29-12-2024
U004781,Christopher Munoz,natasha08@example.net,Female,Kathyshire,18-04-2024
U004782,Beth Mcpherson,roserhonda@example.net,Other,Howardville,27-04-2025
U004783,Pamela Castro,dennis06@example.com,Female,East Diane,05-12-2024
U004784,Diana Hendrix,jacob43@example.org,Other,Annemouth,06-02-2025
U004785,Kayla Wallace,nelsonmaria@example.net,Male,East Kelly,02-05-2025
U004786,James Sims,glennchloe@example.org,Other,Walkerfurt,08-07-2024
U004787,Dennis Wong,sandovaldiana@example.net,Male,Hubbardburgh,11-05-2024
U004788,Timothy Allen,livingstondavid@example.org,Male,East Michaelside,28-07-2024
U004789,Ryan Greene,williamskevin@example.org,Female,South Kathy,06-10-2025
U004790,Kelly Hanson,yvonnealexander@example.net,Female,West Douglasside,12-11-2025
U004791,Christopher Schroeder,ksnyder@example.com,Other,South Richardton,23-05-2024
U004792,Natasha Williams,joshua02@example.com,Female,Priceville,28-09-2025
U004793,David Davis,matthewruiz@example.org,Male,North Andrewfurt,31-03-2025
U004794,Karen Bailey,john73@example.net,Female,Miamouth,11-08-2025
U004795,Lisa Davis,laurie58@example.org,Other,Perezton,26-10-2025
U004796,Daniel Vargas,herrerajames@example.org,Other,Stantonmouth,25-09-2025
U004797,Clarence Larson,manningjamie@example.net,Female,North Ericberg,18-07-2025
U004798,Angel Johnson,jnunez@example.net,Female,Lake Michael,08-06-2024
U004799,Elijah Moore,melinda65@example.net,Male,Troybury,13-08-2025
U004800,Ryan Davis,michael90@example.org,Female,Morganstad,09-07-2025
U004801,Sara Preston,marissaharris@example.org,Other,Samuelmouth,14-11-2025
U004802,Julie Martinez,snyderdawn@example.net,Other,West Lindamouth,15-08-2025
U004803,Katelyn Phillips,heatherward@example.com,Male,Taraberg,04-10-2025
U004804,Cassandra Patel,enelson@example.org,Female,Williamsborough,07-09-2024
U004805,Karen Hunt,ogaines@example.org,Male,South Brandonstad,17-07-2024
U004806,Matthew Barron,jacob11@example.net,Female,Joshuaburgh,16-09-2024
U004807,Clarence Johnson,jason79@example.org,Male,Monroetown,23-06-2024
U004808,William Morgan,patricia83@example.com,Male,Malikside,29-12-2024
U004809,Kathy Cole,wgreen@example.net,Other,Sandrashire,02-11-2024
U004810,Brian Mack,jason82@example.com,Male,Richardview,19-03-2025
U004811,Troy Powers,bryan78@example.net,Male,Solomonfort,04-02-2025
U004812,Kathryn Hall,cookadam@example.com,Other,Boydview,25-09-2025
U004813,Daniel Best,eringates@example.com,Male,Olsonshire,12-09-2024
U004814,Eric Rogers,scottgarcia@example.org,Other,Lake Laura,25-02-2025
U004815,Micheal Salazar,elee@example.net,Male,Bellton,19-10-2025
U004816,Lisa Williams,nicholaswalker@example.net,Female,North Keithchester,07-09-2024
U004817,Tammy Howell,kmoore@example.net,Other,Chadton,06-07-2024
U004818,Trevor Schmidt,hugheskimberly@example.org,Female,Lake Jessica,24-05-2024
U004819,Alice Vargas,joneschristopher@example.org,Other,North Karen,12-06-2025
U004820,Todd Harvey,ricerobert@example.com,Male,New Stevenbury,11-10-2025
U004821,Tasha Garcia,ypham@example.org,Other,Reedburgh,21-11-2024
U004822,Robert Williams,smithricardo@example.net,Male,Ruizton,01-12-2024
U004823,Hannah Brown,davidsoto@example.net,Female,Jamesland,02-01-2024
U004824,Nicholas Smith,kristin70@example.org,Male,Browntown,07-01-2025
U004825,Samantha Christensen,jennyjackson@example.com,Other,Port Tiffany,09-03-2024
U004826,Lucas Kirk,martineztammy@example.org,Male,Lake Nicholasborough,24-02-2025
U004827,Jessica Rodriguez,bmoon@example.net,Other,Cameronton,24-06-2025
U004828,Daniel Austin,millerlinda@example.com,Male,Port Harry,27-07-2025
U004829,Edward Rodriguez,iscott@example.net,Male,Williamfurt,12-04-2024
U004830,Sean Rodriguez,ysmith@example.org,Female,Jonport,24-03-2024
U004831,Brooke Stewart,stantonjanice@example.net,Other,Lake Christopher,22-06-2025
U004832,Tamara Thomas,martha48@example.org,Female,Heatherstad,20-12-2024
U004833,Tara Smith,kellyschmitt@example.net,Other,South Jason,26-02-2025
U004834,Harry Wilson,hjimenez@example.net,Other,East Aaron,21-10-2025
U004835,Christopher Clark,alexisrodriguez@example.net,Other,Colemouth,12-01-2024
U004836,April Jackson,fspencer@example.org,Female,North Samanthaport,10-07-2024
U004837,Jerry Wolfe,cbutler@example.com,Female,New Nicholas,22-02-2025
U004838,Stacey Fletcher,tdougherty@example.net,Female,Lake Bobfort,08-03-2025
U004839,Robert Underwood,michelle58@example.com,Female,Reginastad,25-03-2024
U004840,Jennifer Wilson,mrodriguez@example.com,Female,South Wayne,15-11-2024
U004841,Cynthia Thompson,jcarrillo@example.org,Female,Saunderschester,02-02-2025
U004842,Jonathan Gross,david49@example.com,Male,Barkermouth,19-10-2025
U004843,Deborah Lopez,cortezeric@example.org,Female,Jesuschester,05-03-2025
U004844,Melissa Hanna,michael38@example.net,Female,East Derek,11-08-2024
U004845,Kristine Cook,jefferyhughes@example.net,Other,East Kim,19-06-2024
U004846,Sylvia Hubbard,kaylee54@example.net,Other,Lake Adam,24-12-2024
U004847,Jeffrey Graves,rodriguezjesse@example.net,Other,Fowlerland,22-06-2025
U004848,Christian Diaz,aolson@example.org,Female,Nancyville,25-06-2025
U004849,Michael Ingram,fieldsmary@example.org,Other,West Johnview,24-09-2025
U004850,Charles Howard,zhutchinson@example.com,Male,New Kimberlyfurt,19-04-2024
U004851,Carol Gilmore,andrew79@example.org,Male,Port Leahland,18-05-2024
U004852,Sheena Hawkins,browndeanna@example.com,Other,Jeffreyton,27-01-2024
U004853,Tony Taylor,byrdmatthew@example.net,Other,Dustinchester,05-04-2024
U004854,Angela Flowers,patrickgonzalez@example.org,Female,Pachecochester,05-03-2025
U004855,Heather Garcia,john07@example.com,Other,Port Candice,18-05-2025
U004856,Nichole Alvarez,hilljoseph@example.org,Other,Griffithport,14-08-2025
U004857,Jeffrey Bauer,jessica14@example.org,Other,Port Rebecca,01-04-2024
U004858,Julie Gutierrez,jeanne28@example.net,Other,Rebekahton,12-12-2024
U004859,Justin Wells,angelasilva@example.com,Female,Dennishaven,31-08-2024
U004860,Todd Colon,matthew97@example.net,Female,East Sara,10-10-2025
U004861,Michael Phillips,edward00@example.org,Other,Daisyfurt,15-07-2024
U004862,Kathleen Copeland,zrose@example.com,Male,Jasonton,22-03-2024
U004863,Scott Harvey,icruz@example.net,Female,Wheelerborough,08-05-2025
U004864,Matthew Allen,johnsonemily@example.org,Male,Joannaborough,11-06-2024
U004865,Michelle White,richard37@example.com,Female,North Gregory,10-02-2025
U004866,Larry Schmidt,hroman@example.org,Female,Lake Lisaland,02-09-2024
U004867,David Young,michaelgonzalez@example.org,Other,Marisaburgh,31-10-2024
U004868,Christopher Patterson,larry87@example.net,Female,Jonesland,26-03-2024
U004869,Stephanie Henson,michaelhorton@example.net,Female,North Robinview,06-06-2024
U004870,Kelsey Gamble,ryan73@example.net,Female,Hartmanborough,03-01-2025
U004871,James Martinez,saundersaaron@example.net,Other,New Robert,05-04-2025
U004872,Jennifer Alvarez,eric77@example.com,Other,West Jeffreymouth,30-12-2024
U004873,Brandon Lawrence,barry66@example.net,Other,Lake Sarahberg,24-06-2025
U004874,Amy Church,kholmes@example.com,Female,Christianport,12-11-2025
U004875,Joel Garcia,millerpatrick@example.net,Male,Larrytown,15-07-2025
U004876,Kaitlyn Martinez,longheather@example.org,Male,Port Tiffany,26-04-2024
U004877,Jerry Wood,piercemichelle@example.org,Other,South Lorifurt,19-06-2024
U004878,Heather Brown,pnavarro@example.net,Male,Millerport,04-03-2024
U004879,Erin Ashley,sandra30@example.org,Male,Brewermouth,15-12-2024
U004880,Kathryn Rasmussen,sharrison@example.org,Other,Rachelstad,11-07-2025
U004881,Walter Davis,jamesthompson@example.com,Female,Port Kristen,16-08-2025
U004882,Janice Gonzalez,stephen57@example.net,Other,Powellton,30-08-2025
U004883,Brian Wilcox,andrew66@example.com,Female,South Barbarastad,05-11-2024
U004884,Sharon Joseph,vwatson@example.org,Other,South Kathryn,14-01-2024
U004885,Joseph Rodriguez,caleb40@example.net,Male,Jameschester,23-06-2024
U004886,Zachary Clark,awilliams@example.org,Other,North Rachel,21-12-2024
U004887,Paul Robinson,vargasjennifer@example.net,Male,South Christopher,29-11-2024
U004888,Brittany Roman,mckayamanda@example.net,Other,North Robert,06-03-2024
U004889,Melanie Friedman,dmclaughlin@example.com,Female,North Williamhaven,02-01-2024
U004890,Scott Wilkinson,davidanderson@example.net,Female,West Davidhaven,21-10-2024
U004891,Gary Rodriguez,vbrennan@example.net,Female,South Stacyborough,24-02-2025
U004892,Christopher Mendez,ksantana@example.org,Female,East Markfort,23-02-2024
U004893,Ronald White,matthew37@example.com,Female,Bryanhaven,07-04-2025
U004894,Luke Molina,vgarrett@example.org,Female,Lewisville,23-08-2025
U004895,Taylor Saunders,amanda36@example.org,Other,Port Joannborough,07-11-2024
U004896,Jim Cook,jamesmorales@example.net,Male,Collinsshire,15-07-2024
U004897,Cynthia Wagner,sean46@example.net,Other,Kevinview,11-10-2024
U004898,Danny Boone,jrobinson@example.net,Other,North Katherine,03-01-2025
U004899,Rebecca Hicks,rmullen@example.org,Other,Brianland,03-09-2025
U004900,Jared Duran,ibrooks@example.net,Male,Morrischester,20-08-2024
U004901,Samantha Norris,amymccormick@example.com,Female,Wilkersonland,27-02-2025
U004902,Christopher Morgan,daniellestone@example.net,Other,West Michelle,05-06-2024
U004903,Rodney Frank,cherylhardy@example.net,Other,Fisherfurt,29-02-2024
U004904,Kathy Avery,mcdowelllisa@example.net,Male,Port Joelbury,07-09-2024
U004905,Nicholas Wyatt,tgibson@example.org,Other,Port Jillside,26-05-2024
U004906,Brenda Winters,meyervalerie@example.org,Other,East Emilyview,21-06-2024
U004907,Jill Rogers,thomassutton@example.com,Other,Lake Jessica,25-01-2024
U004908,Susan Brown,becksamuel@example.com,Female,Rachelstad,02-04-2024
U004909,Sophia Frederick,ghicks@example.com,Other,Foxhaven,06-03-2024
U004910,Michael Mason,wharvey@example.com,Female,Millerport,06-11-2025
U004911,Christopher Lowery,robert90@example.com,Other,Port Jeremiah,20-08-2025
U004912,Leah Davis,stacygill@example.net,Female,Longchester,05-05-2025
U004913,Donna Obrien,dustin03@example.org,Male,Crosbymouth,05-01-2025
U004914,Jeremy Williams,ruth41@example.org,Other,Kariton,11-02-2024
U004915,Whitney Brooks,murillojeffrey@example.com,Other,Port Anna,17-05-2025
U004916,Thomas Brown,eroy@example.org,Male,Kristinshire,14-02-2025
U004917,Jennifer Woods,kendra38@example.com,Female,Rossberg,22-04-2024
U004918,Ashley Jenkins,ohernandez@example.org,Male,Kevinmouth,20-04-2025
U004919,Carlos Campbell,sarahhendricks@example.net,Female,Lake Natasha,03-10-2024
U004920,Mary Ray,meyermartin@example.org,Male,Brandontown,16-01-2025
U004921,Joshua Rowland,zjohnson@example.net,Other,Isaacbury,16-08-2025
U004922,Jennifer Robinson,kerryschultz@example.com,Female,West Nicolemouth,29-06-2025
U004923,William Roach,qjacobs@example.net,Other,Jessicaburgh,25-03-2024
U004924,Lisa Simpson,istafford@example.org,Other,Lake Matthewland,08-03-2024
U004925,Katie Rollins,asutton@example.org,Male,East Douglaston,09-09-2025
U004926,Jessica Hill,nvelasquez@example.com,Other,Christopherfurt,29-03-2025
U004927,Timothy Hill,bmaxwell@example.org,Female,South William,25-09-2024
U004928,Shane Davis,emartinez@example.net,Other,Port Heather,21-04-2025
U004929,Kristin Vasquez,smithgeorge@example.com,Male,Hamptonview,19-08-2025
U004930,Isaac Wagner,stacy00@example.org,Male,Masonton,28-07-2024
U004931,Krista Mitchell,martha49@example.org,Female,Danielsport,14-10-2024
U004932,William Terry,hollysmith@example.net,Male,East Nicholas,15-02-2025
U004933,Richard Ruiz,thomaswatson@example.net,Other,Schmidtport,10-08-2025
U004934,Janet Prince,jason92@example.com,Female,Robertstown,12-08-2024
U004935,Daniel Anderson,michaelstevens@example.org,Female,Charlesburgh,15-09-2025
U004936,Kevin Allen,jessica09@example.com,Female,Mitchellmouth,15-10-2024
U004937,Justin Hudson,jhenderson@example.net,Female,Travischester,07-06-2024
U004938,Tina Hernandez,olsonchad@example.org,Female,West Leslie,02-01-2024
U004939,Jennifer Rhodes,onelson@example.com,Other,New Carrie,12-06-2025
U004940,Timothy Sanchez,katelynsalazar@example.org,Female,New James,23-09-2024
U004941,Sean Jordan,andreahogan@example.net,Female,West William,14-05-2024
U004942,Jason Harrell,grasmussen@example.com,Male,Henryberg,18-10-2025
U004943,Benjamin Stokes,timothyproctor@example.org,Female,Deanshire,19-06-2024
U004944,Anthony Mcmahon,sandra96@example.org,Male,East Sarah,16-02-2025
U004945,Regina Deleon,brian67@example.org,Other,South Elaine,30-04-2024
U004946,Amanda Villanueva,dpowell@example.net,Other,Drakeside,23-10-2024
U004947,Suzanne Lambert,jacquelineolson@example.net,Other,New Brandonshire,06-08-2025
U004948,Rebecca Mason,jeffward@example.net,Other,Ramirezchester,26-10-2024
U004949,Jonathan Hughes,fletcherjohn@example.com,Male,Jimenezfurt,17-04-2024
U004950,Allison Hill,mendezmadison@example.com,Female,East Donaldport,27-08-2024
U004951,John Diaz,dwhite@example.com,Male,New Andrea,15-01-2024
U004952,Dylan Sanders,austin72@example.net,Other,Meganhaven,21-11-2024
U004953,Heather Warren,johnsonchristy@example.net,Male,Hamiltonshire,19-03-2025
U004954,Heidi Adams,hannah51@example.com,Other,West Wesleymouth,20-04-2024
U004955,Melvin Lawson,joshua45@example.org,Female,Randallshire,26-05-2025
U004956,Jennifer Freeman,jbryant@example.org,Other,Lake Ruben,24-09-2024
U004957,Nicholas Leonard,sarah30@example.org,Female,South Alex,18-08-2025
U004958,Michael Brown,zkirby@example.net,Female,Gallagherchester,10-11-2024
U004959,John Medina,princedaniel@example.com,Male,Port Angela,19-04-2025
U004960,Erica Wilson,eblack@example.org,Male,South Matthewtown,19-03-2025
U004961,Richard Trevino,tapiamichael@example.com,Male,Port Brenda,07-02-2024
U004962,Michelle Delacruz,luis65@example.org,Male,East David,28-03-2025
U004963,Teresa Duke,joshua13@example.net,Female,Dianamouth,26-07-2024
U004964,Carol Clark,allenchristian@example.com,Female,Brendaton,01-10-2024
U004965,Michael Hopkins,tharper@example.org,Other,Port Ryanborough,25-11-2024
U004966,Daniel Glover,aprilwashington@example.org,Female,North Shawnborough,08-10-2024
U004967,Gloria Lane,marissathomas@example.com,Male,Davidmouth,02-11-2025
U004968,Linda Aguilar,ktaylor@example.org,Female,Port Darleneside,31-08-2025
U004969,Michael Jones,brandon60@example.net,Other,Lake Daniel,15-07-2024
U004970,Denise Brown,julie89@example.com,Male,Josephside,06-03-2024
U004971,Teresa Nelson,wheelerjohn@example.com,Male,Veronicamouth,16-02-2024
U004972,Kelli Conway,mcdanielnathan@example.net,Female,Torresfort,17-02-2024
U004973,Raymond Hernandez,hodgesara@example.org,Female,Philiptown,26-01-2024
U004974,Yvette Nelson,xsavage@example.org,Other,East Marybury,03-02-2025
U004975,Brian Foster,michele60@example.com,Male,West Christinahaven,19-09-2025
U004976,Dawn Horton,irivera@example.net,Female,Port Linda,06-08-2025
U004977,Tammy Silva,tony37@example.org,Other,Lake Jamesberg,26-01-2025
U004978,Krystal Parsons,bmorton@example.net,Male,North Devinchester,26-02-2024
U004979,Joseph Jones,jacob32@example.org,Male,North Lisashire,12-09-2025
U004980,Samuel Butler,jimmycole@example.net,Female,Port Jeffreybury,03-02-2024
U004981,Rebecca Medina,barajasmitchell@example.org,Female,South Amanda,06-01-2024
U004982,Alexander Parker,laurenrojas@example.org,Male,Bakerberg,09-06-2025
U004983,Robert Powell,igutierrez@example.org,Male,Samanthaton,03-07-2025
U004984,Jennifer Solomon,samantha38@example.org,Other,Taylorstad,22-01-2024
U004985,Brian Davis,joseph85@example.com,Male,New Cynthiafort,14-08-2025
U004986,Tammy Marquez,christine14@example.net,Female,West Elizabethville,06-11-2024
U004987,Joseph Russell,johnny71@example.org,Male,Port Marystad,15-10-2025
U004988,Donald Foster,xherrera@example.com,Male,Elizabethbury,10-10-2024
U004989,Cynthia Ross,fvelazquez@example.com,Other,Wardstad,15-06-2025
U004990,Brandon Bates,juan23@example.net,Female,Port Ronaldburgh,26-02-2025
U004991,Teresa Dixon,christina18@example.net,Other,Davisfurt,17-09-2024
U004992,Ana Hall,jennifermedina@example.org,Female,Karenborough,29-08-2025
U004993,Michael Soto,byrdjames@example.com,Female,Port Danielmouth,29-02-2024
U004994,Frank Hunter,tlopez@example.com,Female,South George,05-09-2025
U004995,Kayla Oneal,olsonomar@example.net,Female,Grantburgh,30-04-2024
U004996,Amy Wade,doris13@example.net,Female,Heatherfort,24-08-2024
U004997,Allison Parker,anthony73@example.net,Male,Hernandezchester,27-07-2024
U004998,Tony Russell,kwashington@example.org,Male,Martinezbury,12-03-2024
U004999,Jose Murphy,huntercarla@example.com,Other,Lawrenceshire,21-05-2025
U005000,Elaine Roberts,sandra86@example.org,Male,Amytown,06-09-2025
U005001,Ronald Mejia,hking@example.com,Other,Markbury,15-02-2024
U005002,Susan Cameron,davismichael@example.net,Female,West Ryanville,02-12-2024
U005003,Sierra Chaney,nicole33@example.com,Male,Huanghaven,16-09-2024
U005004,Jennifer Davis,charles78@example.org,Female,New Adamville,03-07-2024
U005005,Timothy Garcia,rebecca14@example.net,Other,Coreyshire,27-01-2025
U005006,Denise Murphy,amymathews@example.com,Male,Port Stuartfurt,09-08-2025
U005007,Christian Melton,nicholsjohn@example.net,Male,South Mariaport,18-10-2024
U005008,Mia Reeves,denisejohnson@example.net,Other,South Sarahport,28-12-2024
U005009,Paul King,youngelizabeth@example.com,Male,West Michaelville,09-05-2025
U005010,Christina Hunt,dhall@example.org,Other,South Danielle,06-04-2025
U005011,Jennifer Taylor,nwhite@example.com,Other,Port Ronald,15-09-2024
U005012,Brian Guerra,sabrinacruz@example.org,Male,Brendaview,09-08-2025
U005013,Michael Murphy,franktodd@example.net,Male,Jorgeborough,13-11-2024
U005014,Laura Juarez,susanelliott@example.org,Other,Meganville,05-02-2024
U005015,Donna Pacheco,aphillips@example.org,Female,Hollowaytown,13-05-2024
U005016,Cindy Ellis,ascott@example.net,Female,Christopherbury,21-02-2025
U005017,Melissa Carter,franklinmelissa@example.net,Male,South Michael,19-03-2024
U005018,Brandon Davidson,helenglass@example.org,Male,Williamschester,31-07-2024
U005019,Karen Andrews,garymeyer@example.org,Female,Melissaborough,27-03-2024
U005020,Candice Bradshaw,michael89@example.org,Other,West Caleb,02-01-2025
U005021,Michelle Morris,cindy75@example.com,Other,Leroyburgh,26-11-2024
U005022,Kimberly Palmer,wanda38@example.org,Female,Henrychester,18-12-2024
U005023,Shawn Clark,millerdavid@example.org,Male,East Dawn,25-08-2024
U005024,Tammy Snyder,daniellefrazier@example.com,Male,North Kevin,30-09-2025
U005025,Jason Mcguire,erica57@example.com,Male,New Roger,19-05-2025
U005026,James Steele,edward43@example.org,Female,West Hannah,21-12-2024
U005027,Matthew Oconnell,bryan34@example.com,Female,Doughertytown,29-09-2025
U005028,Ryan Patel,teresascott@example.org,Female,Thomasmouth,05-10-2025
U005029,Daniel Gardner,williamsjason@example.org,Other,East Pamela,11-10-2024
U005030,Jason Morgan,daniel16@example.net,Other,East James,04-05-2025
U005031,Rhonda Garcia,selenaortiz@example.org,Other,South Julia,14-01-2025
U005032,Daniel Baker,rebekahrodriguez@example.net,Other,West Marcfurt,25-05-2025
U005033,Michelle Snyder,cannonsusan@example.net,Female,Lake Michaelville,30-11-2024
U005034,Roberto Evans,rebeccamccarthy@example.com,Female,West Michael,22-05-2024
U005035,Cheryl Williams,jennifercarson@example.net,Other,North Austin,02-07-2024
U005036,Matthew Miller,mwright@example.net,Male,West Kellymouth,24-08-2025
U005037,Tammy Crosby,xkim@example.org,Female,Smithburgh,04-04-2024
U005038,Mark Mitchell,alexissalazar@example.net,Female,Hicksland,24-08-2025
U005039,Nathan Olson,ksimpson@example.com,Female,Lake Alicia,14-02-2025
U005040,Ashley Lucas,anna74@example.com,Male,East Jimmyland,15-03-2024
U005041,Eileen Johnson,christopher51@example.com,Male,Aprilfurt,13-02-2025
U005042,Rachel Morse,mathewharris@example.com,Female,East Williamshire,11-09-2025
U005043,Ricky Hamilton,ilamb@example.com,Male,Jasonland,17-02-2025
U005044,Robin Brown,wgomez@example.org,Male,Jaclynview,20-09-2024
U005045,Jamie Austin,rgross@example.com,Male,North Andrew,30-07-2025
U005046,Tyler Alvarado,erinmurillo@example.org,Other,Riverachester,29-08-2024
U005047,Samantha Gardner,amy97@example.net,Male,West Mikayla,29-01-2024
U005048,Jonathan Martin,greenjoshua@example.com,Male,Lake Craig,23-07-2024
U005049,Molly Fitzpatrick,iwilliams@example.net,Other,Port Claudiahaven,24-08-2024
U005050,Bradley Nelson,stewartlauren@example.com,Male,West Aaronton,14-03-2024
U005051,Alexis Miller,emilymendoza@example.com,Other,New Hailey,16-01-2025
U005052,Kristen Scott,georgejenkins@example.com,Other,West Heather,13-09-2025
U005053,Holly Singh,justinlewis@example.net,Male,Smithport,16-04-2025
U005054,Anthony Best,ocampbell@example.com,Male,West Emily,27-03-2024
U005055,Holly Carson,vrice@example.net,Female,South Laura,27-09-2025
U005056,Ryan Chase,carrollamy@example.net,Other,East Elijahfurt,09-10-2025
U005057,Shari Stephenson,jacobstracy@example.org,Other,New Kathleenmouth,23-09-2024
U005058,Alexis Graham,michaelsloan@example.net,Male,Cindyland,05-02-2025
U005059,Debra Young,qbrown@example.com,Female,East Victor,16-11-2024
U005060,Amanda Williams,taylormendoza@example.com,Other,Whitestad,20-11-2024
U005061,Christopher Taylor,morrisjohn@example.org,Female,East Saraburgh,15-05-2024
U005062,Patrick Durham,wnelson@example.com,Other,East Sandrabury,18-08-2024
U005063,Craig Davis,ngordon@example.com,Other,Ericchester,17-02-2024
U005064,James Richardson,andresgilmore@example.net,Male,East Dawnport,24-03-2025
U005065,David Jones,mdavidson@example.net,Other,Reynoldsland,17-04-2025
U005066,Kevin Keith,markburgess@example.com,Male,Garyhaven,21-05-2024
U005067,Derek Taylor,gloria48@example.net,Other,Jessicamouth,31-05-2025
U005068,Ashley Joseph,ckelly@example.com,Male,Andreabury,05-06-2025
U005069,David Lawson,krausepaul@example.org,Other,Robertsberg,25-08-2024
U005070,Heather Buchanan,morrisblake@example.com,Male,Tinahaven,14-05-2024
U005071,Nicole Chavez,alexis63@example.org,Male,Waltersborough,19-05-2024
U005072,Ashley King,lowedavid@example.net,Other,Harrischester,21-03-2025
U005073,Gary Cantu,lopezmorgan@example.com,Male,Shelleyborough,01-10-2025
U005074,Robert Wong,bcarr@example.com,Female,Peterburgh,22-09-2024
U005075,Willie Fletcher,staffordchristopher@example.org,Female,East David,21-09-2024
U005076,Ann Lang,lisagallegos@example.org,Female,Lake Stephanie,24-02-2025
U005077,Timothy Morrison,mjones@example.com,Male,Port Amberville,31-03-2025
U005078,Steve Henderson,villegasjoanne@example.org,Other,Brandymouth,29-07-2024
U005079,Edward Johnson,lrobertson@example.org,Female,Knightfurt,28-10-2025
U005080,Kimberly Mullins,rreyes@example.com,Female,New Nicole,18-02-2024
U005081,Matthew Avery,pruittwilliam@example.org,Other,Carrollborough,18-04-2024
U005082,Jade Townsend,jill71@example.org,Male,North Derrick,07-02-2024
U005083,Marie Santos,morgangarrett@example.com,Male,Jacquelineville,25-05-2024
U005084,Donald Sims,marshalldylan@example.org,Other,East Nathan,19-04-2025
U005085,Jeffrey Johnston,carlos13@example.net,Other,Hinesfort,13-01-2025
U005086,John Colon,cguzman@example.net,Other,Pricemouth,20-09-2025
U005087,Lorraine Sanchez,waltersjennifer@example.org,Male,New Kaylee,06-10-2025
U005088,Katherine Huff,dalton44@example.net,Female,Morganview,07-07-2025
U005089,Rachel Moore,reyescalvin@example.net,Female,Lisaville,15-05-2024
U005090,Jacqueline Thomas,meganpalmer@example.org,Other,North Katherine,05-02-2025
U005091,John Lucas,keyrachel@example.net,Male,Port Veronicamouth,20-12-2024
U005092,John Lee,wendy74@example.net,Other,Brianport,08-02-2025
U005093,Melanie Jackson,petersenbrittany@example.net,Other,East Jasminview,12-07-2024
U005094,Debra Gill,hoganrobert@example.net,Female,Vargaschester,29-10-2025
U005095,Joshua Brown,tina16@example.org,Other,East William,07-07-2025
U005096,Alexis Mccullough,timothy41@example.org,Other,South Robert,13-05-2024
U005097,Robert Daniel,david52@example.com,Other,New Michael,18-04-2024
U005098,Jim Snyder,holderdavid@example.com,Male,Jenniferchester,02-07-2025
U005099,Joshua Mendoza,georgelozano@example.org,Female,Port Brianburgh,16-07-2025
U005100,Deborah Case,gina18@example.com,Male,North Margaretton,23-07-2025
U005101,Patrick Anderson,john59@example.com,Other,New Brittany,05-03-2024
U005102,Joseph Williams,sweeneyheather@example.com,Other,Perezland,07-03-2024
U005103,Lisa Foster,shawnsanders@example.net,Other,South Allison,29-09-2024
U005104,Angela Pitts,imullen@example.org,Male,Port Stephanie,08-03-2025
U005105,Victor Villanueva,baileychristopher@example.net,Female,Thomastown,06-06-2024
U005106,Angela Lopez,shellylewis@example.net,Male,Lake Kennethhaven,08-11-2025
U005107,Crystal Foley,joann04@example.com,Male,Patrickmouth,28-04-2024
U005108,Brianna Thomas,anna34@example.net,Female,Port Andrewland,30-12-2024
U005109,Robert Cortez,johnward@example.org,Male,Daltonstad,08-02-2025
U005110,Christopher Soto,anthonyparsons@example.com,Other,South Adamville,02-03-2024
U005111,Jennifer Hawkins,melissa48@example.net,Male,Port Danielle,22-09-2024
U005112,Carol Burns,kayla18@example.org,Female,Andrewsberg,22-01-2024
U005113,Juan Mosley,nguyenscott@example.com,Other,Avilaburgh,03-06-2024
U005114,Jeffrey Duncan,debrapowell@example.org,Male,South Adrianview,26-02-2024
U005115,Sandra Crane,kfitzgerald@example.org,Female,New Anthonymouth,03-02-2025
U005116,Laurie Henderson,csanchez@example.org,Other,Lake Amystad,08-02-2024
U005117,Barbara Kirby,jessica04@example.com,Female,Port Michellestad,22-06-2025
U005118,Christopher Kemp,mariestewart@example.com,Female,Vincentview,19-04-2025
U005119,Ross Foster,vellis@example.com,Male,North Lynnberg,09-03-2024
U005120,Troy Garcia,schwartzconnie@example.net,Male,Port Michael,27-01-2024
U005121,Crystal Stokes,uwhite@example.com,Other,West Steven,16-10-2024
U005122,Anthony Joseph,jacobwiggins@example.net,Female,Amandahaven,23-02-2024
U005123,William Chambers,karenfuentes@example.org,Male,Stephanieburgh,12-10-2024
U005124,Morgan Randall,jay10@example.org,Other,East Rachel,09-02-2025
U005125,Margaret Smith,ramirezbrandon@example.com,Female,Cooperport,07-01-2025
U005126,Samantha Douglas,rodriguezkevin@example.com,Female,Cooktown,24-07-2025
U005127,Michael Kelley,chamberslisa@example.net,Male,New Markton,11-04-2024
U005128,Sally Moss,nelsonjames@example.net,Male,Port Brookeshire,07-04-2024
U005129,Zachary Lee,hibarra@example.net,Male,South Dean,14-09-2025
U005130,Stacy Miller,paulwallace@example.com,Other,South Sallymouth,05-02-2025
U005131,Carla Baldwin,sarah26@example.net,Male,West Melissaside,05-08-2024
U005132,Steven Fernandez,powersjoseph@example.net,Male,West Mark,08-03-2025
U005133,Sean Carson,wardlaura@example.com,Other,Sarahton,22-04-2024
U005134,Frank Phillips,stephensstephanie@example.net,Other,Ramosshire,08-08-2024
U005135,Michelle Garcia,morajames@example.com,Female,South Samanthaland,04-05-2025
U005136,Gary Garcia,mary84@example.org,Male,New Elizabeth,23-07-2024
U005137,Selena Collins,peter47@example.net,Male,Mcdanielborough,27-09-2025
U005138,Mary Mcintosh,jasonalvarado@example.com,Other,East Brandon,28-06-2025
U005139,Alexander Torres,kyle84@example.org,Male,Port Bryan,28-03-2025
U005140,Traci Grimes,kenneth96@example.net,Other,Garciamouth,26-05-2025
U005141,Elizabeth Brown,aknight@example.net,Other,Lake Monicashire,02-07-2025
U005142,Sara Schultz,randy61@example.com,Male,New Audreyville,21-02-2025
U005143,Bernard Espinoza,richard25@example.com,Female,Andersonton,04-03-2024
U005144,Jessica Larson,alishareed@example.net,Other,Nathanieltown,31-10-2025
U005145,Kathy Evans,coopermelissa@example.com,Male,North Sierra,04-07-2025
U005146,Shane Moore,ryan20@example.org,Female,South Luisshire,13-09-2024
U005147,Samantha Lewis,floresstephen@example.org,Female,Lake Timothy,02-05-2024
U005148,Joyce Levy,qlopez@example.org,Female,Lake Joshua,25-09-2024
U005149,James Parsons,deborahvance@example.com,Female,Robertfort,01-11-2025
U005150,Joseph Bennett,james24@example.org,Male,Williamberg,22-02-2025
U005151,Tiffany Munoz,clayscott@example.com,Male,Samuelstad,13-10-2024
U005152,Erica Gonzales,preston45@example.org,Male,West Devin,28-12-2024
U005153,Joseph Medina,melaniejensen@example.net,Male,Christopherstad,23-01-2025
U005154,Elizabeth Henry,markmiller@example.com,Female,Morenobury,08-04-2024
U005155,Courtney Hill,cortega@example.com,Female,Everettborough,26-06-2024
U005156,Donna Jones,leealexandria@example.com,Other,South Tom,03-02-2025
U005157,Robert Brown,gcontreras@example.net,Female,Kimport,23-01-2025
U005158,Gregg Smith,ortegamaureen@example.com,Female,Richardberg,14-05-2025
U005159,Richard Green,xmathews@example.org,Other,Jesseberg,16-07-2025
U005160,Patricia Rhodes,jennifermartinez@example.net,Male,Hansonside,13-02-2024
U005161,Jessica Guerrero,gedwards@example.net,Male,Samuelchester,27-05-2025
U005162,Krista Garcia,marshjoann@example.net,Male,New Robert,06-07-2025
U005163,Wendy Briggs,mike22@example.com,Male,Christianberg,26-01-2024
U005164,Paul Lester,eric95@example.net,Male,Hoffmanborough,28-06-2024
U005165,Danny Daniels,adamvelasquez@example.org,Other,Moranland,20-09-2025
U005166,Christopher Williams,christopherramirez@example.net,Other,North Jenniferside,26-05-2024
U005167,Terri Edwards,michael73@example.com,Male,East Ann,22-06-2024
U005168,Catherine Lopez,piercemadeline@example.org,Female,Myersview,05-06-2024
U005169,John Matthews,warrenpeter@example.net,Female,Clarkshire,02-03-2025
U005170,Shawn Stewart,katherine62@example.com,Female,Lake Jaketon,01-11-2025
U005171,Jordan Evans,michael89@example.net,Other,New Bryanfurt,03-03-2025
U005172,Anthony Phillips,terrivelasquez@example.org,Female,Cartermouth,28-09-2025
U005173,Amanda Knight,rthompson@example.com,Other,Paulbury,09-12-2024
U005174,Jessica Sutton,gracewilliams@example.org,Male,Torresbury,26-02-2024
U005175,Margaret Chapman,jenningsdouglas@example.org,Female,Port Charles,13-04-2025
U005176,Vanessa Brewer,christian68@example.com,Female,West Kellyville,24-03-2025
U005177,Elizabeth Martin,tracysmith@example.net,Male,Jimenezstad,04-05-2025
U005178,Brian Williams,ericswanson@example.org,Male,Allenmouth,22-02-2024
U005179,Justin Martin,ifriedman@example.com,Female,Nelsonbury,14-12-2024
U005180,Bryan Trujillo,donaldjoyce@example.net,Female,Lisabury,23-02-2024
U005181,Ryan Preston,briankelly@example.com,Female,North Christine,01-11-2024
U005182,Joshua Peterson,igardner@example.com,Female,North Rhonda,28-08-2025
U005183,Natasha Hernandez,sheri89@example.net,Female,Lake Christina,10-04-2025
U005184,Andrew Stephens,daniel57@example.org,Other,Hayeston,16-04-2025
U005185,Marie Warner,meaganevans@example.net,Female,Kevinfort,08-11-2024
U005186,Carrie Kim,halldaniel@example.net,Female,Mcbridefort,10-08-2024
U005187,Emily Anderson,paulphillips@example.net,Other,Mercadoshire,24-05-2024
U005188,Tammy Rice,william10@example.net,Male,East Melodyside,08-10-2025
U005189,Wesley Alvarez,llee@example.net,Male,Bellburgh,09-04-2025
U005190,Chad Moore,jack02@example.org,Male,Olsenhaven,01-12-2024
U005191,Amy Burns,vdaugherty@example.net,Other,Ashleyfort,14-10-2025
U005192,Deborah Holloway,chandlerfelicia@example.org,Other,Alvaradoview,29-01-2024
U005193,Ebony Dawson,robert39@example.com,Male,East Charlesland,30-05-2024
U005194,Nicole Huerta,csmith@example.org,Male,New Monicaburgh,12-08-2025
U005195,Brian Young,bradwillis@example.net,Male,Patrickton,28-03-2024
U005196,Allison Carter,cjones@example.org,Female,Port Christopherfort,27-12-2024
U005197,Howard Lamb,penny91@example.org,Other,Leeton,13-08-2025
U005198,Robert Brown,orobertson@example.net,Female,Stevenchester,24-06-2025
U005199,Ian Vaughan,davidsmith@example.com,Other,East Haleymouth,16-06-2025
U005200,Lynn Crane,judymueller@example.org,Other,Ericview,11-01-2024
U005201,Donna Acevedo,kimberly56@example.com,Female,Herrerafurt,17-09-2025
U005202,Kerri Randolph,alan00@example.net,Male,East Kathleenmouth,15-11-2024
U005203,Seth Nelson,smiththomas@example.net,Other,East Susan,28-06-2024
U005204,Melanie David,jeffreysimmons@example.org,Female,Port Wendy,10-04-2024
U005205,Joseph Williams,joshua77@example.com,Female,Stevenchester,07-05-2025
U005206,Samuel Williams,johnsonpaige@example.net,Other,Port Vanessahaven,14-11-2025
U005207,Francisco Dennis,pfranklin@example.net,Male,Lake Stephanie,05-09-2025
U005208,William Lane,brian69@example.net,Other,Stuartbury,16-10-2025
U005209,Luke Lyons,erica00@example.net,Other,Woodmouth,28-02-2024
U005210,Corey Norris,hickskathryn@example.net,Male,East Travis,11-11-2024
U005211,Amanda Hill,oherrera@example.com,Female,North Elizabethside,31-03-2025
U005212,William Espinoza,melissa84@example.org,Female,East Stephanie,29-02-2024
U005213,Vicki Chavez,harrisonlisa@example.com,Male,East Mary,21-05-2025
U005214,Benjamin Williams,james05@example.com,Female,Millerfort,29-11-2024
U005215,Christian Johnson,nataliemartin@example.net,Female,Mcdonaldchester,30-01-2025
U005216,Sandra Harper,hamiltonandrew@example.org,Male,Jensenfurt,03-08-2025
U005217,Tara Cruz,millerjillian@example.net,Male,New Barbara,08-01-2024
U005218,Jasmin Benitez,wayne43@example.com,Female,North Brenda,13-08-2025
U005219,Vanessa Vazquez,danielgreen@example.org,Other,Hintonville,08-08-2024
U005220,Richard Hopkins,deborah86@example.org,Female,Rachelview,18-12-2024
U005221,Susan Mayer,geraldperry@example.net,Male,West Kim,30-06-2025
U005222,John Smith,amanda87@example.com,Other,Simsbury,27-12-2024
U005223,Keith Davis,huntermichael@example.org,Other,Tinaside,22-06-2024
U005224,Christopher Franklin,scotthinton@example.com,Other,Hunterborough,13-06-2024
U005225,Tyler Conley,devinbernard@example.org,Other,South Eileenland,16-07-2024
U005226,Travis Wade,smithjustin@example.org,Other,South Monicachester,06-09-2025
U005227,Larry Gibson,daniel91@example.net,Other,Danielletown,15-02-2024
U005228,Bryan Walton,perezbrian@example.net,Other,Lake David,13-01-2024
U005229,Brianna Scott,millerjessica@example.org,Male,North Michael,17-07-2025
U005230,Michelle Hobbs,stevenvasquez@example.org,Other,Keithmouth,11-03-2025
U005231,Stephanie Morris,holmessamantha@example.com,Female,Hoffmanville,01-05-2025
U005232,Haley Gardner,jamiesanders@example.com,Other,Collinston,12-09-2024
U005233,Crystal Garza,zachary19@example.org,Other,Port Williambury,28-09-2025
U005234,Alexa Anderson,hbailey@example.net,Other,Nicholsshire,01-06-2024
U005235,Olivia Taylor,njenkins@example.net,Other,South Jessicashire,15-09-2024
U005236,Monica Chandler,rbooth@example.org,Other,Hortonfurt,31-07-2025
U005237,Samantha Moody,mwatson@example.com,Male,Alvaradomouth,30-08-2024
U005238,Renee Henry,qlewis@example.net,Female,North Rachelmouth,14-02-2025
U005239,Lisa Warren,dianawright@example.com,Other,Port Rachel,24-01-2024
U005240,Joshua Barton,housejennifer@example.com,Other,Hartfurt,22-01-2025
U005241,Shane Griffin,jose60@example.net,Male,Ericmouth,12-07-2025
U005242,Sheila Taylor,jefferylittle@example.net,Female,Beckershire,11-11-2025
U005243,Courtney Fox,birdtonya@example.net,Female,New Diane,24-04-2024
U005244,Kimberly Harrell,wsanders@example.org,Other,New Alexandraborough,25-08-2024
U005245,Gabriela Gonzales,wallemily@example.net,Other,South Davidland,06-12-2024
U005246,Julian Mejia,colleen97@example.com,Other,Smithside,24-08-2024
U005247,Justin Newton,tmartinez@example.com,Female,West Chelsea,26-10-2025
U005248,Maria Bennett,james50@example.net,Male,Damonberg,07-03-2025
U005249,Kimberly Barton,qmartin@example.com,Other,North Pamelabury,07-03-2025
U005250,Craig Baxter,dcoleman@example.org,Other,New Stevenmouth,07-04-2024
U005251,Joseph Cook,jenniferwilliams@example.org,Male,East Geraldbury,17-03-2024
U005252,Angela Holland,edwardsjames@example.com,Male,Rodriguezland,12-03-2024
U005253,Kenneth Mays,qnolan@example.org,Other,Rickeystad,19-11-2024
U005254,Mark Drake,susanvillarreal@example.com,Male,Brendachester,06-09-2024
U005255,Kari Reese,baileyrobert@example.org,Other,Lake Jamesborough,26-06-2025
U005256,Robert Parker,dcook@example.com,Female,Josemouth,08-06-2024
U005257,Linda Boone,brownashley@example.com,Female,Jerryview,02-05-2024
U005258,Lindsay Curtis,orichard@example.net,Male,Washingtonville,11-11-2024
U005259,Jared Brown,edward48@example.com,Male,Kelliland,16-07-2025
U005260,Leslie Reed,duncanelizabeth@example.org,Female,Jessicaland,13-04-2025
U005261,Joshua Meza,mhurley@example.org,Female,Danafurt,24-07-2025
U005262,Kimberly Harris,cmiller@example.com,Male,Port Geraldview,05-09-2024
U005263,Joe Black,udawson@example.net,Female,New Laurentown,31-10-2025
U005264,Sarah Davis,ptrevino@example.net,Female,Lake John,04-09-2024
U005265,Peter Stewart,dennistran@example.com,Male,Francisville,12-10-2025
U005266,Heather Pruitt,jeanetteirwin@example.net,Other,East Williamborough,17-03-2024
U005267,Anthony Thompson,katherinerodriguez@example.org,Male,West Michael,02-01-2024
U005268,Ashley Snyder,tmartinez@example.net,Other,Smithland,10-10-2024
U005269,Donald Rush,joelbautista@example.net,Other,Annettebury,05-03-2024
U005270,Michael Miller,tball@example.com,Female,Helentown,15-05-2025
U005271,Jennifer Osborn,andrewsdale@example.com,Female,Davischester,11-06-2025
U005272,Amanda Bishop,chrissantos@example.com,Male,Paulburgh,11-01-2025
U005273,Colin Lee,carlasmith@example.net,Male,Castanedaport,09-07-2025
U005274,Heather Lutz,jhumphrey@example.net,Female,East Rebecca,16-03-2025
U005275,Johnny Chase,shawnharrell@example.net,Female,South William,17-10-2025
U005276,Matthew Garcia,yvette87@example.net,Other,Thomastown,23-02-2024
U005277,Steven Horton,ncoleman@example.com,Female,Christianstad,08-07-2024
U005278,Kevin Dennis,lholt@example.com,Male,East Beth,09-11-2024
U005279,Joseph Houston,joshuabrooks@example.net,Female,Luistown,08-03-2025
U005280,Denise Munoz,zflores@example.com,Female,Taylorside,30-05-2025
U005281,Julia Barnett,buckrodney@example.com,Female,North Janiceburgh,20-06-2025
U005282,Kevin Hopkins,hwallace@example.com,Male,Amyfort,08-05-2024
U005283,April Silva,russellbailey@example.net,Female,North Marcus,22-04-2024
U005284,Dennis Williams,hicksandrew@example.com,Other,New Walterburgh,17-10-2024
U005285,Barry Wilcox,gregory10@example.net,Other,Katrinaborough,26-04-2024
U005286,Erika Henry,lewisjessica@example.com,Male,New Meghan,10-03-2025
U005287,Gary Miller,poperobin@example.org,Male,Harperberg,31-01-2025
U005288,Mary Armstrong,masonsalazar@example.net,Female,Sarahburgh,31-07-2025
U005289,Austin Thompson,kevinpierce@example.net,Female,Wellston,21-10-2024
U005290,Timothy Ferguson,jweaver@example.com,Male,Smithhaven,09-01-2024
U005291,Anna Richards,stephaniewilliams@example.com,Other,West Christopherburgh,01-09-2025
U005292,Michelle Butler,brivers@example.net,Other,Levyport,05-04-2024
U005293,Samantha Garcia,lrodriguez@example.org,Male,South Kenneth,30-01-2025
U005294,Jennifer Wright,heidiaustin@example.net,Male,Port Danielmouth,22-09-2025
U005295,Ronald Ramirez,josephperez@example.org,Other,Weaverchester,15-02-2025
U005296,Charles Collins,lisadennis@example.net,Other,Emilymouth,06-03-2025
U005297,Christopher Perkins,ppowers@example.com,Other,North Taylorland,03-07-2025
U005298,Christopher Newman,halljacob@example.com,Female,West Claire,14-02-2025
U005299,Sarah White,alex51@example.com,Other,Amandaside,19-03-2024
U005300,Ryan Wright,lucerodeborah@example.net,Other,New Steven,17-03-2025
U005301,Caleb Torres,rodriguezrachel@example.net,Male,Cherylville,13-09-2024
U005302,Jessica Hughes,david33@example.com,Other,Hendersonside,02-03-2025
U005303,Jeffrey Robinson,bvalenzuela@example.net,Other,Lake Christopherside,23-03-2024
U005304,Dave Rodriguez,kwright@example.org,Female,Marybury,09-02-2024
U005305,Michael Baker,christopher89@example.net,Female,Lake Bethhaven,18-04-2024
U005306,Mark Nguyen,wgeorge@example.com,Female,South Beth,23-03-2025
U005307,Billy May,josephmorrison@example.com,Male,North Theresa,09-09-2025
U005308,Joshua Warren,johnsonadam@example.net,Male,Richardside,13-07-2024
U005309,Amanda Robinson,christopherruiz@example.org,Female,Lloydport,04-03-2024
U005310,Ruth Graves,griffinaaron@example.net,Female,Lake Staceyview,12-01-2024
U005311,Darrell Bennett,browndan@example.net,Other,Woodtown,15-01-2024
U005312,Victoria Jacobs,fernandezmark@example.net,Other,Robertsview,04-07-2025
U005313,Michael Patel,christopherdiaz@example.net,Other,Cruzmouth,30-08-2024
U005314,Annette Sanchez,gmoses@example.org,Female,Holmeshaven,24-06-2024
U005315,Adrian Burton,tholder@example.net,Other,East Brian,15-05-2025
U005316,Bill Ochoa,henrykimberly@example.org,Other,Rodgersberg,13-02-2025
U005317,Jennifer Murphy,millerjoy@example.net,Female,East Joanmouth,19-06-2024
U005318,Nicole York,colewesley@example.com,Other,Davidfurt,13-10-2024
U005319,Krista Hogan,brownmolly@example.org,Female,Charlenechester,16-11-2024
U005320,Christopher Morgan,nancy84@example.com,Male,Christopherfurt,03-08-2024
U005321,Ashley Winters,wallercarl@example.net,Male,Anthonyshire,13-02-2024
U005322,Matthew Galvan,larry96@example.org,Other,Duaneville,16-10-2025
U005323,John Berger,zvelasquez@example.net,Male,Port Brandi,14-10-2024
U005324,Renee Williams,zmyers@example.com,Male,Jacquelineview,28-08-2025
U005325,Hunter Coffey,daledavila@example.com,Female,Lawrencefort,16-03-2025
U005326,Samantha Reed,garciadavid@example.com,Female,Port Thomasside,07-01-2024
U005327,Jeffrey Williams,dmoss@example.org,Other,East Stephen,08-06-2024
U005328,Robert Jackson,michaelmckee@example.org,Female,South Wendymouth,06-06-2025
U005329,Robert Rogers,masseyjames@example.com,Other,East Matthewview,28-04-2024
U005330,Mandy Knapp,millervanessa@example.net,Other,East James,03-10-2025
U005331,David Burton,williamsmark@example.net,Female,North Joshua,13-06-2025
U005332,Jennifer Ruiz,andre71@example.net,Other,Jeffreyville,13-11-2025
U005333,Matthew Phillips,marioperry@example.net,Male,Morganville,03-06-2025
U005334,Jonathan Peck,johnroberts@example.org,Male,West Edwardshire,15-06-2025
U005335,Michael Meyer,grayjames@example.net,Male,Lake Brandon,10-10-2024
U005336,Eugene Hamilton,owenscody@example.org,Female,Port Jaclynmouth,11-11-2025
U005337,Jose Burnett,hurststacy@example.com,Male,East Daleside,17-08-2024
U005338,Paige Lee,bondchristian@example.net,Other,New Rachelview,10-05-2024
U005339,Jenna Soto,vwoodard@example.com,Other,Hernandezborough,10-11-2025
U005340,Martha Garcia,bradybradley@example.com,Other,Hannahfort,08-10-2024
U005341,David Petty,wpeterson@example.net,Female,East Virginia,18-04-2025
U005342,David Carter,davidfaulkner@example.com,Male,South Victoriaport,02-02-2024
U005343,Jeff Cross,sabrina99@example.net,Female,Simsburgh,04-06-2024
U005344,Carl Stewart,scottkirk@example.net,Other,Lake Brian,19-09-2025
U005345,Roy Scott,jimenezkatherine@example.net,Male,North Billy,09-07-2025
U005346,Miranda Johnson,philip05@example.org,Male,West Brendafurt,28-01-2024
U005347,Amanda Morales,christopher38@example.net,Male,Jasonburgh,06-09-2025
U005348,Kendra Maxwell,margaretbullock@example.net,Female,East Matthewborough,02-04-2024
U005349,Joseph Stephens,vasquezwendy@example.net,Male,Kellyfort,04-05-2024
U005350,Leonard Lewis,sydney28@example.net,Female,West Rodneyland,27-06-2025
U005351,Diana Phillips,jonathongreen@example.net,Male,North Richardhaven,23-04-2024
U005352,Lindsay Stephens,grantdustin@example.org,Other,Erikashire,30-06-2024
U005353,Joshua Mccormick,amanda85@example.net,Female,Osborneport,30-06-2025
U005354,Mark Lyons,davidrichardson@example.org,Male,West Davidton,25-07-2024
U005355,Jeffrey Mccormick,nelsonrebecca@example.org,Female,Powellport,24-11-2024
U005356,Darius Miranda,jessicabell@example.com,Male,Jodiberg,29-03-2025
U005357,Jennifer Osborne,scottcombs@example.org,Other,Bauermouth,05-09-2025
U005358,Elizabeth Brown,phoffman@example.net,Other,West Richard,12-03-2025
U005359,Brent Mendoza,annamontoya@example.org,Other,New Sarah,27-09-2024
U005360,Gabriella Morrow,nicolecummings@example.org,Male,Younghaven,19-12-2024
U005361,Danielle Morris,coxpeter@example.org,Female,Cliffordland,26-07-2024
U005362,Dean Costa,randall62@example.org,Female,Donovanfurt,30-06-2024
U005363,Emily Hutchinson,kylemeyers@example.org,Other,Josephstad,25-09-2025
U005364,Margaret Bell,brittany75@example.org,Other,North Kennethfurt,07-10-2024
U005365,John Green,justin01@example.org,Other,East Charles,27-05-2025
U005366,Gloria Boyd,anita31@example.org,Male,West Nancybury,26-02-2025
U005367,Audrey Williamson,andrewknight@example.org,Female,East Jennifer,08-02-2024
U005368,Stephanie Parker,pachecoronald@example.net,Male,Williamsfurt,22-04-2024
U005369,James Kelley,nicholasortiz@example.com,Other,Lake Sarahtown,18-08-2025
U005370,Vanessa Castillo,markphelps@example.net,Other,Lopezstad,13-02-2025
U005371,Jessica Thomas,michaelrangel@example.org,Male,East Matthewview,08-02-2025
U005372,James Daniel,ojordan@example.com,Other,South Thomasmouth,13-04-2025
U005373,Kenneth Johnson,adamsgregory@example.org,Female,New Jessicamouth,18-09-2025
U005374,Karen Snyder,prestonmichael@example.com,Other,East Craig,13-10-2025
U005375,Sharon Mclaughlin,natasha55@example.org,Female,South Madison,08-07-2025
U005376,Lauren Smith,jessicabrown@example.org,Other,New Wesley,11-02-2025
U005377,Barbara Yu,lauramckenzie@example.net,Male,Walterhaven,18-06-2025
U005378,Alexis Johnson,shelia28@example.com,Other,Stephanieborough,30-01-2025
U005379,Gregg Lewis,qgarcia@example.org,Other,Calderonbury,22-01-2024
U005380,Andrew Little,tbarr@example.org,Male,North Nancystad,22-03-2025
U005381,Debra Carter,tannerscott@example.net,Other,New Renee,06-02-2024
U005382,Ann Kirk,galvanwilliam@example.net,Male,West Kelseytown,20-11-2024
U005383,Michelle Jackson,angela78@example.com,Male,West Danielport,21-05-2025
U005384,Dan Smith,kfreeman@example.com,Female,West Helenfurt,07-12-2024
U005385,Maria Anderson,donovanjames@example.net,Other,Lake Bryanside,21-02-2025
U005386,Emily Parker,sbradford@example.org,Other,North Kimberly,24-12-2024
U005387,Sarah Collins,torresrebecca@example.net,Other,Port Stephanie,18-04-2025
U005388,Dillon Suarez,dhenry@example.com,Female,South Matthewmouth,08-12-2024
U005389,Ricky Brooks,apeters@example.org,Other,Garciaport,10-07-2024
U005390,Carlos Lucero,davisrichard@example.net,Female,Brianastad,10-06-2024
U005391,Devon Jones,hwilson@example.com,Female,Travisburgh,08-11-2025
U005392,Danielle Nelson,glenmiller@example.org,Other,North Gabrielside,03-08-2024
U005393,Heather Glover,nelsonbrian@example.org,Other,North Lindsay,24-12-2024
U005394,Lisa Mcdonald,carneyglenda@example.net,Male,Davisshire,18-03-2025
U005395,Joshua Anderson,lopezcarlos@example.com,Female,Lindaside,17-08-2025
U005396,Melissa Woods,hicksanthony@example.com,Female,New Henryhaven,15-04-2024
U005397,Michael Adams,robertroberts@example.com,Female,Gregoryport,16-03-2025
U005398,Bruce Jackson,sotomadison@example.net,Female,Raymondchester,09-04-2025
U005399,David Atkins,lhampton@example.net,Female,Hernandezbury,18-02-2025
U005400,Jennifer Mills,gbray@example.com,Male,East Maria,24-04-2025
U005401,Jessica Bell,cbautista@example.net,Male,New Patricia,25-07-2024
U005402,James Palmer,pedro98@example.org,Female,New Kevin,14-01-2024
U005403,Sandra Hayes,robertanderson@example.com,Other,Christineport,02-01-2024
U005404,Nancy Keith,qgreene@example.com,Other,Nguyenstad,15-03-2024
U005405,Tracy Jacobs,bshannon@example.com,Other,New Kaylaberg,09-06-2024
U005406,Zachary Smith,smithdana@example.net,Other,Herrerachester,19-06-2024
U005407,Jessica Tran,robert53@example.org,Female,East Henry,12-03-2025
U005408,David Kelley,nhanson@example.com,Other,Port Tasha,26-04-2024
U005409,Paula Perez,tthomas@example.com,Other,West Charles,29-04-2024
U005410,Philip Brown,angelavilla@example.net,Female,West Katherineshire,10-06-2025
U005411,Joseph Pace,vickimartin@example.net,Other,East Gregory,19-03-2025
U005412,Kevin Webster,lwilson@example.net,Other,Millerhaven,04-10-2025
U005413,Katie Ross,sharonmeadows@example.org,Other,South Sharon,28-04-2025
U005414,Jennifer Becker,christophergreen@example.net,Other,Marciaview,18-04-2025
U005415,Eric Johnson,marksveronica@example.net,Male,Phamview,01-11-2024
U005416,Gregory Cooper,ngonzalez@example.com,Male,Zacharystad,23-04-2024
U005417,Alicia Logan,olarsen@example.org,Male,Port Rebeccaton,19-03-2025
U005418,Adam Wong,aarontapia@example.com,Other,South Julie,30-09-2024
U005419,Kathleen Best,bonnie77@example.org,Other,Taylorbury,18-09-2024
U005420,Martin Walker,victorcordova@example.org,Female,East Amanda,03-06-2024
U005421,Kaitlin Rocha,kimberly05@example.com,Other,Erikamouth,28-09-2025
U005422,Daniel Salazar,hcrosby@example.org,Female,Lake Erica,16-09-2024
U005423,Catherine Morales,amber99@example.com,Other,East Jose,31-01-2024
U005424,Shawn Simmons,cmoran@example.org,Male,North Thomastown,31-03-2024
U005425,Sean Little,heather77@example.com,Other,Wrightville,13-02-2024
U005426,Robert Baldwin,jorge99@example.net,Other,Port Jennaville,30-01-2024
U005427,Tracy Vasquez,younglisa@example.com,Male,East Emily,24-04-2025
U005428,Tiffany Smith,jeffreymartinez@example.net,Other,Trujilloville,14-05-2025
U005429,Jasmine Tyler,brianlarsen@example.net,Other,East Karenview,17-06-2025
U005430,Margaret Wright,danielhuynh@example.net,Other,Lauratown,20-05-2024
U005431,Joseph Lam,wiseamber@example.net,Other,Annetteshire,27-06-2025
U005432,Devin Thompson,nancycastillo@example.org,Female,New Joe,12-11-2024
U005433,Elizabeth Anthony,kclark@example.org,Other,South Gregoryview,02-07-2025
U005434,Maria Hoffman,rebeccatate@example.net,Male,Port Paulland,12-10-2025
U005435,Karen Gardner,pwilliams@example.com,Female,Bradfordview,16-09-2025
U005436,Joshua Brown,christopher15@example.com,Other,South Kimberly,05-07-2024
U005437,Matthew Stevens,doylevictoria@example.net,Female,New Troymouth,29-04-2024
U005438,Gregory Walker,evandennis@example.org,Other,Vazquezstad,10-12-2024
U005439,Grace Kirby,tonymoyer@example.net,Other,East Cesar,18-04-2024
U005440,Joseph Mitchell,robertgonzales@example.com,Other,Andersonmouth,23-03-2024
U005441,Desiree Hicks,richard53@example.net,Other,Stephaniemouth,14-11-2024
U005442,Scott Mosley,austinlaura@example.org,Female,Hannahside,12-03-2025
U005443,Kimberly Larson,sdavis@example.com,Other,Kramerberg,14-10-2025
U005444,Kathryn Castillo,perrysmith@example.org,Other,New Reneeland,21-01-2025
U005445,Andrew Olson,hfernandez@example.net,Other,Lake Ricky,18-06-2025
U005446,John Matthews,dshelton@example.org,Female,East Louis,21-11-2024
U005447,Christopher Gonzalez,eugenekaufman@example.com,Female,Morganview,16-05-2025
U005448,Michael Donaldson,rhonda27@example.net,Male,Fletcherburgh,27-03-2025
U005449,Laura Velasquez,enielsen@example.com,Other,Andrewfurt,17-07-2024
U005450,Shannon Townsend,thomaslynch@example.net,Male,East Shawn,16-01-2025
U005451,Ann Stewart,rhondastephens@example.net,Male,Elliottland,28-02-2024
U005452,Tonya Thompson,benderrachel@example.org,Female,Laurenside,30-04-2024
U005453,Ryan Jones,susanprice@example.org,Male,Katelynville,17-03-2024
U005454,James Barnes,kelly72@example.net,Male,New Jonathan,19-02-2025
U005455,Cory Jackson,brianbaker@example.org,Other,New Tinaside,10-05-2025
U005456,Kathleen Wilson,timothy96@example.net,Male,Jordanmouth,17-04-2024
U005457,Anthony Mata,gilbertjason@example.com,Male,Christopherfort,16-12-2024
U005458,Pamela Nichols,alyssa41@example.net,Female,Simpsonville,11-10-2024
U005459,Lisa Jones,aarongriffith@example.com,Male,Bellhaven,15-01-2025
U005460,Rebecca Baker,sharon84@example.net,Female,Cynthiashire,17-08-2024
U005461,Heather Brown,williamssteven@example.org,Other,Zimmermanfort,02-08-2025
U005462,Michelle Oneal,qfloyd@example.net,Female,Brandonburgh,22-04-2024
U005463,John Robbins,batesolivia@example.org,Male,Jacksonview,18-08-2024
U005464,Erica Hudson,sarah03@example.net,Male,South Barbaraside,25-08-2025
U005465,John Patterson,nhernandez@example.com,Other,Estradahaven,31-03-2024
U005466,Alex Wallace,russellamy@example.com,Female,Whitefort,10-05-2024
U005467,Kerry Lynch,stevenssteven@example.org,Male,New Sydney,01-03-2025
U005468,Peter Patel,ricardomitchell@example.net,Other,Kevintown,17-03-2024
U005469,Ian Miller,patrick05@example.net,Male,Annland,09-04-2025
U005470,Joseph White,amandahood@example.net,Female,Johnsonberg,01-11-2025
U005471,Brittney Cantrell,millertony@example.com,Female,Lopezbury,02-04-2024
U005472,Jill Bell,peter07@example.org,Male,Jeremyville,25-09-2025
U005473,Catherine Miller,robertkane@example.org,Other,Markborough,29-11-2024
U005474,Charles Wilkerson,zfleming@example.org,Other,South Matthew,24-09-2025
U005475,Jennifer Jacobs,wendy85@example.org,Other,Garzafort,26-12-2024
U005476,Sarah Combs,gdawson@example.net,Other,New Richardland,11-11-2025
U005477,Andrea Potter,tmitchell@example.net,Male,Leeburgh,12-03-2024
U005478,Danielle Mcknight,kelly74@example.com,Other,Johnsonton,27-02-2024
U005479,Dana Peterson,andrea83@example.com,Other,Michelleport,22-12-2024
U005480,Jennifer Mcfarland,tmccarthy@example.org,Other,Lake Madisonchester,29-05-2025
U005481,Thomas Williams,ariasmax@example.com,Female,South Richard,05-09-2024
U005482,Anne Miller,shortdavid@example.net,Male,North Brandon,01-06-2025
U005483,Raymond Velasquez,xball@example.com,Other,Williamsfurt,10-08-2024
U005484,Anne Harris,johncook@example.net,Other,New Abigail,10-03-2025
U005485,Jeffrey Valdez,bonnie25@example.com,Female,Sarahburgh,11-05-2025
U005486,Sharon Mccoy,everettlindsay@example.com,Other,Morrisview,09-12-2024
U005487,Shane Wolfe,johnsonandrew@example.org,Other,North Benjaminborough,07-12-2024
U005488,Julie Ross,owensalexander@example.net,Male,Hoganport,04-09-2025
U005489,Samantha Carpenter,myersterri@example.com,Female,Osbornestad,19-04-2025
U005490,Michelle Lynch,sarah25@example.org,Female,East Deanshire,03-01-2024
U005491,Sue Richardson,lmurphy@example.org,Female,Jonesshire,20-03-2024
U005492,Randall Foster,bennettkeith@example.net,Other,East Alyssa,13-11-2024
U005493,Elizabeth Gallagher,candrade@example.org,Female,Murrayport,15-03-2024
U005494,Andrew Walker,hbaker@example.com,Other,Albertside,30-07-2024
U005495,Samantha Davis,susanwalker@example.com,Male,West Carmen,03-06-2025
U005496,Dakota Burns,littlemary@example.net,Male,South Michael,15-09-2024
U005497,Noah Hoffman,hneal@example.net,Other,East Chelsea,22-07-2024
U005498,Monique Lee,seanlong@example.org,Female,Heatherchester,06-11-2024
U005499,Michael Dorsey,jonescarl@example.net,Male,West Sandrashire,27-05-2024
U005500,Michael Morris,barbara30@example.org,Other,Diazshire,03-05-2025
U005501,Brian Moody,tara59@example.net,Female,West Lawrenceland,14-05-2025
U005502,Benjamin Juarez,maryreid@example.org,Male,Sherriland,04-01-2024
U005503,Samantha Ballard,johnsonrichard@example.com,Other,Gomezland,06-04-2024
U005504,Bruce Mitchell,ledwards@example.com,Other,Jasminehaven,28-01-2024
U005505,Douglas Martin,cisnerosdawn@example.com,Other,Lindsaymouth,19-09-2024
U005506,Michael Atkins,ulewis@example.org,Other,Lake Mikayla,01-03-2024
U005507,Karen Houston,ymayo@example.com,Female,Thomasbury,16-03-2025
U005508,Alice Waters,staceychen@example.net,Other,Christopherstad,16-08-2024
U005509,Brian Marshall,williamsadriana@example.net,Other,Lake Stacyfurt,10-03-2025
U005510,Nancy Rich,matthew82@example.com,Other,Jasonbury,29-03-2024
U005511,Lori Farmer,michellerogers@example.com,Other,West Alyssa,16-04-2024
U005512,Rachel Frazier,paulahall@example.org,Male,West Paulachester,07-11-2024
U005513,Timothy Pennington,wrightbrian@example.net,Other,Jodiland,24-06-2024
U005514,Heather Brown,cgarcia@example.org,Male,West Katelynborough,05-01-2025
U005515,Michael Williams,rothbriana@example.org,Female,Blakeshire,28-05-2024
U005516,Heidi Brown,zwiley@example.net,Female,Elizabethfurt,27-07-2025
U005517,Adrienne Turner,michaelatkinson@example.com,Male,Millsmouth,12-09-2024
U005518,Heather Skinner,larry29@example.org,Other,Snydertown,17-08-2024
U005519,Jason Lara,jeansummers@example.com,Male,Devinburgh,29-02-2024
U005520,Gilbert Coleman,austinpatricia@example.org,Male,New Laura,05-06-2025
U005521,Chelsea Cole,hunter03@example.net,Male,Stephenfort,29-10-2025
U005522,Jeffrey Thompson,robertsjohn@example.com,Other,South Dwayne,03-11-2024
U005523,Carlos Henry,james73@example.net,Other,Robertamouth,05-06-2024
U005524,Jeff Marks,iflores@example.com,Male,South Nicole,20-03-2025
U005525,Michael Bradshaw,ngates@example.net,Female,West Ericaside,21-10-2024
U005526,Jeffery Johnson,jennifermullins@example.com,Male,West Elizabethport,24-01-2025
U005527,David Knight,rickymcdonald@example.org,Female,South Lawrencemouth,12-03-2025
U005528,Cory Moran,lindsay81@example.net,Female,Popefurt,27-09-2024
U005529,Christopher Peters,browncharles@example.net,Other,Bassshire,28-08-2025
U005530,Alan Miller,nicolehunter@example.net,Female,West Katherineburgh,08-11-2024
U005531,Jose Brown,brooksnancy@example.org,Male,South Colleenfort,19-03-2025
U005532,Alex Baker,kathryn68@example.org,Male,New Loriport,12-10-2024
U005533,Christopher Navarro,elizabeththompson@example.net,Other,North Sheliafort,30-04-2025
U005534,David Dodson,cindy21@example.org,Female,Port Austin,18-06-2025
U005535,Michelle Hicks,nguyenjennifer@example.org,Male,South Devinland,02-11-2025
U005536,Debbie Ramirez,eclark@example.org,Female,Gillmouth,19-05-2025
U005537,Denise Knight,nnichols@example.com,Female,Lake Luisport,19-08-2025
U005538,Jake Payne,teresahernandez@example.com,Other,Smithshire,04-09-2024
U005539,James Morrow,michaelbradford@example.org,Male,Joshuatown,31-01-2025
U005540,Melissa King,jrodriguez@example.net,Male,Holtshire,03-11-2024
U005541,Robert Vaughn,christopherrich@example.org,Male,Angelatown,03-07-2024
U005542,Maria Norman,qduran@example.net,Female,Elizabethhaven,16-06-2025
U005543,Amanda Brown,evancortez@example.com,Other,East Codyton,08-07-2024
U005544,Ryan Washington,gregory93@example.net,Male,Jonathanview,16-10-2024
U005545,Sheila Joseph,sullivantracy@example.net,Other,North Jessica,28-08-2024
U005546,Katherine Hawkins,perryjennifer@example.com,Other,Port Jessica,06-01-2024
U005547,Felicia Stone,martinhutchinson@example.com,Other,Jacobbury,11-03-2024
U005548,John Clark,ariana72@example.com,Female,Meyerhaven,10-11-2024
U005549,Debra Goodman,gabrielhurst@example.org,Female,Anthonyburgh,28-07-2025
U005550,Sean Curtis,leeapril@example.com,Other,East Sarahtown,01-11-2024
U005551,Nicole Hobbs,ichandler@example.org,Other,Port Christopher,20-08-2024
U005552,Courtney Moore,johnsonkevin@example.net,Female,East Dorothy,12-04-2025
U005553,Tammy Cooke,jeremycarey@example.com,Male,New Kevin,11-07-2024
U005554,Megan Howard,leondavid@example.com,Other,Allenborough,20-09-2025
U005555,Robert Ramirez,richardmorgan@example.com,Female,Christinashire,02-10-2024
U005556,Heather Morris,francojenna@example.com,Other,Lauriemouth,24-11-2024
U005557,Evan Price,monica28@example.org,Male,New Deborahhaven,18-06-2024
U005558,Daniel Clements,thall@example.org,Male,New Christophermouth,25-03-2025
U005559,Daniel Dixon,catherine77@example.org,Other,Ericaview,26-06-2024
U005560,Daniel Glass,nicole65@example.net,Male,Vanessafurt,01-04-2025
U005561,Tiffany Hebert,oolson@example.net,Other,Theresatown,29-08-2024
U005562,Linda Bailey,williamgreen@example.com,Male,Martinshire,09-11-2024
U005563,Kevin Burke,gsingleton@example.com,Female,East Janet,27-05-2024
U005564,Meghan Wheeler,tony05@example.net,Other,Weststad,28-08-2025
U005565,Ryan Jackson,jerrymorse@example.com,Other,West Patrickshire,03-04-2025
U005566,Bonnie Rodgers,williamhernandez@example.net,Female,Port Christina,30-07-2025
U005567,Dawn Walker,wsosa@example.com,Male,New Brandon,06-07-2025
U005568,Christopher Gross,gbarker@example.com,Female,Norrisview,01-10-2025
U005569,Shane Hatfield,agonzalez@example.com,Male,New Christopherville,16-06-2025
U005570,Jon Hood,phillipmorrison@example.net,Male,New Jennifermouth,03-10-2024
U005571,Jennifer Cooper,badams@example.com,Other,Chrisland,14-04-2025
U005572,Melissa Willis,jennifer98@example.net,Female,Dianeville,02-02-2025
U005573,Rose Roberts,imiller@example.org,Female,Collinsport,02-08-2025
U005574,Tricia Davenport,melissa89@example.net,Female,Lake Steve,01-09-2024
U005575,Brandon Young,ovega@example.org,Female,North Anthonyshire,17-01-2025
U005576,Jonathan Johnson,smalltabitha@example.net,Male,Jordanshire,27-09-2025
U005577,Laura Bowman,richardwiggins@example.org,Other,Brianland,28-01-2025
U005578,Ryan Ramos,adamserica@example.org,Other,Margaretmouth,06-01-2024
U005579,Teresa Morris,greerpaul@example.org,Female,East Melissa,13-02-2025
U005580,Vincent Stokes,nross@example.net,Other,New Jenniferchester,23-01-2025
U005581,Kathy Stone,charles21@example.org,Other,West Ashley,12-07-2024
U005582,Carrie Day,zwilliams@example.org,Male,Thomasmouth,24-01-2024
U005583,Joseph Stuart,patrickrodriguez@example.net,Male,Brownmouth,05-04-2024
U005584,Paula Reynolds,tyler54@example.net,Other,Maynardton,16-11-2024
U005585,Jonathan Wilson,rberry@example.net,Female,Port Latasha,24-01-2025
U005586,Crystal Sullivan,martinezlinda@example.net,Female,Angelachester,18-08-2025
U005587,Kristen Rose,jerry24@example.net,Male,Mirandaborough,06-11-2024
U005588,Blake May,baxterashley@example.org,Other,South Jessica,23-02-2025
U005589,Amber Mcfarland,ojoyce@example.com,Other,Kochport,18-06-2024
U005590,Michelle Franco,michellenichols@example.com,Other,Lake Jefferyland,04-11-2025
U005591,Andrea Morris,bryantstephanie@example.org,Male,North John,15-11-2024
U005592,Kevin Gray,sprice@example.com,Male,South James,10-10-2024
U005593,Elizabeth Wilson,lauracochran@example.org,Other,Port Brian,27-04-2025
U005594,Karina Davis,travisbrady@example.net,Female,North Kevin,13-07-2024
U005595,Anna Moran,tyronewilliams@example.org,Female,East James,02-01-2025
U005596,Martha Carroll,jodysoto@example.net,Male,Carlaland,12-06-2025
U005597,David Wall,christinebarron@example.org,Female,East Scott,02-05-2024
U005598,Manuel Wells,jennifer85@example.org,Female,Mccarthyland,24-05-2025
U005599,Christopher Perez,amandagonzalez@example.com,Other,Goodmanbury,24-09-2025
U005600,Dylan Reynolds,christopherdunn@example.net,Other,Lake Ginabury,08-01-2025
U005601,Maria Hardin,mburgess@example.net,Female,Joneston,19-01-2025
U005602,Emily Jones,nicole61@example.net,Male,Amandahaven,13-07-2024
U005603,Charles Sanders,doris29@example.org,Other,East Bryan,17-03-2024
U005604,Julia Riley,jennifer89@example.org,Female,North Caleb,28-02-2025
U005605,Wendy Hansen,sellerstimothy@example.org,Other,Lake Lauren,27-06-2025
U005606,Nicole Chambers,vevans@example.com,Other,Port Austin,23-03-2025
U005607,Kathleen Adams,hicksamanda@example.com,Female,Johnmouth,03-03-2025
U005608,Kelly Adams,christopher78@example.com,Female,Thomasfort,18-06-2024
U005609,Jason Anderson,christophermorrison@example.com,Male,Durhamland,30-01-2024
U005610,Danielle Stevenson,thammond@example.org,Female,West Rachel,08-01-2024
U005611,Julie Hernandez,drew05@example.net,Other,Harriston,20-01-2024
U005612,Kathryn Coleman,juan18@example.com,Male,Cobbside,19-09-2025
U005613,Christopher Harrison,cschultz@example.net,Female,New Susan,21-02-2025
U005614,Misty Turner,trichardson@example.net,Other,North Stacyport,26-03-2024
U005615,Jennifer Rose,mauricevargas@example.org,Male,North Paul,13-02-2024
U005616,Timothy Grant,paula52@example.net,Male,North Kylechester,07-03-2024
U005617,Madison Hill,brooksbradley@example.com,Male,Dominiqueland,06-10-2025
U005618,Sabrina Rocha,lindsaymalone@example.com,Other,Port Andrew,20-11-2024
U005619,Scott Daniels,irivera@example.com,Other,East Gabriel,24-12-2024
U005620,Monique Phillips,jerrylee@example.net,Male,Port Gregoryland,26-05-2025
U005621,Timothy Woods,thomasmarcia@example.com,Other,East Mark,10-02-2024
U005622,Andrew Thompson,elizabeth57@example.org,Male,East William,10-08-2025
U005623,Austin Davis,collinsmatthew@example.com,Male,Port Jennifer,25-09-2024
U005624,Daniel Goodwin,marysummers@example.net,Other,Shaunport,04-02-2025
U005625,Connie Cummings,veronicabrown@example.org,Other,North Elizabeth,21-03-2025
U005626,Jacqueline Kelley,masonmichael@example.net,Male,Joeltown,30-07-2025
U005627,Russell Guzman,stephanie80@example.net,Other,Cherylshire,07-08-2025
U005628,Katie Ayala,pdonovan@example.org,Female,East Lisaborough,23-03-2025
U005629,Parker Heath,matthew85@example.net,Male,Port Ericberg,21-04-2025
U005630,Amanda Brooks,karla92@example.com,Male,Cameronburgh,07-01-2024
U005631,Julia Foster,paynefelicia@example.net,Other,West Ryanburgh,15-10-2025
U005632,Jessica Williams,glawrence@example.org,Other,Andrewmouth,31-01-2024
U005633,Kristina Solis,gwelch@example.net,Other,New Jessicabury,16-07-2025
U005634,Melissa Alexander,kylelawson@example.net,Female,Harrisville,14-06-2025
U005635,Jeffrey Juarez,ushields@example.org,Other,South Tinaberg,08-09-2024
U005636,Selena Payne,flynnsavannah@example.org,Male,Yvetteton,12-07-2025
U005637,Lawrence Gonzalez,melissa18@example.org,Other,Benjaminton,23-01-2024
U005638,Ann Benton,alexander89@example.com,Other,Tinafort,06-05-2024
U005639,Zachary Green,rosereed@example.net,Male,Lake Marychester,03-11-2025
U005640,Daniel Turner,monicafletcher@example.com,Male,South Jenniferview,31-07-2024
U005641,Travis Santos,toddhowell@example.net,Female,New Emily,21-08-2025
U005642,Adam Wood,houstonlauren@example.net,Other,Smithview,14-07-2025
U005643,Michelle Lopez,alexrobinson@example.net,Female,Angelastad,10-07-2025
U005644,Anna Hunt,hannahblack@example.com,Male,Jeffreyfort,10-09-2025
U005645,Jamie Villegas,thomasandrew@example.org,Male,New Danieltown,12-09-2025
U005646,Christopher Wilson,alexander55@example.net,Male,Medinachester,31-05-2024
U005647,Melissa Escobar,william43@example.org,Male,Jasonview,25-04-2024
U005648,Cynthia Mendoza,patricia08@example.org,Male,New Dustin,28-09-2025
U005649,Angela Glass,hallstephen@example.org,Female,Gabrielleside,10-03-2025
U005650,Anthony Perez,reginamartinez@example.com,Other,West Matthew,08-08-2025
U005651,Kevin Briggs,olewis@example.net,Male,Thompsonborough,07-04-2024
U005652,Garrett Fox,karenolson@example.com,Other,Johnberg,16-10-2025
U005653,Heather Johnson,jgomez@example.com,Male,West Michael,22-11-2024
U005654,Gabriel Griffith,davidromero@example.net,Female,Deborahside,26-09-2025
U005655,Lisa Francis,kingdonna@example.net,Female,South Jeremiah,14-05-2025
U005656,Mary Berger,willisjonathon@example.com,Female,Riddleside,10-03-2025
U005657,Renee Waters,bowenmargaret@example.org,Female,Katherinechester,16-08-2025
U005658,Charles Mitchell,ndavis@example.com,Other,Samuelbury,12-04-2024
U005659,Gary Saunders,michael63@example.com,Female,West Dannystad,18-11-2024
U005660,Shawn Rodriguez,burgessrose@example.net,Female,East Karen,12-11-2024
U005661,Vanessa Lopez,igutierrez@example.net,Female,Jacquelineview,17-03-2025
U005662,Aaron Todd,katrinawest@example.com,Male,Hillchester,13-03-2024
U005663,Pamela Santos,wendysmith@example.com,Female,East Thomas,26-08-2024
U005664,Jerry Roberts,nathanielgould@example.com,Other,East Coreyfurt,16-04-2025
U005665,Victor Banks,franklinmark@example.org,Male,West Georgeside,15-06-2024
U005666,Philip Hernandez,williamsrichard@example.net,Other,Sherrifort,23-09-2025
U005667,Joseph Carter,randyhenry@example.com,Male,North Ricardo,11-07-2024
U005668,Kenneth Jackson,xballard@example.org,Other,Port Mary,21-12-2024
U005669,Joseph Bautista,michaeloliver@example.com,Other,Martinville,04-02-2025
U005670,Kelly Bush,aanderson@example.com,Other,New Amandaburgh,22-05-2025
U005671,Jessica Brown,ryanaguilar@example.com,Male,Gonzalesburgh,27-09-2025
U005672,David Doyle,cbanks@example.com,Other,Lisaport,25-06-2025
U005673,Timothy White,matthew37@example.net,Other,Chapmanmouth,30-06-2024
U005674,Heather Taylor,rhernandez@example.org,Male,Barrettton,13-02-2025
U005675,Jeffrey Johnson,llawrence@example.org,Other,Lake Kelsey,30-05-2025
U005676,Bonnie Jones,qfischer@example.net,Male,Michellebury,12-05-2025
U005677,Charles Gordon,wspencer@example.org,Female,Thomasshire,01-03-2025
U005678,Samuel Murphy,mcfarlandmichael@example.net,Other,Lewisport,25-12-2024
U005679,Robert Cooper,johnsonkelly@example.net,Male,Stephenshire,18-06-2025
U005680,Jim Holland,hughesrobert@example.org,Female,New Seanberg,21-04-2024
U005681,Amber Macias,deborahmacias@example.net,Other,Chavezchester,24-01-2025
U005682,Nicholas Hall,david36@example.org,Female,Port Lauriestad,06-06-2024
U005683,Jonathan Curtis,danny38@example.org,Other,North Carlmouth,08-09-2024
U005684,Laura Brewer,cochranpatricia@example.com,Male,South Timothyshire,18-09-2025
U005685,Jessica Herrera,hmartinez@example.org,Female,Robertland,25-03-2025
U005686,Jose Clay,andersonsandra@example.org,Female,East Rebecca,10-10-2024
U005687,Kevin Randall,christopher58@example.com,Female,Ortizburgh,02-05-2024
U005688,Michael Jimenez,evansjeffery@example.net,Female,East Karen,03-08-2025
U005689,Valerie Nunez,anthony91@example.org,Other,Wuland,30-04-2024
U005690,Katie Johnston,seth42@example.com,Male,Port Leslie,07-11-2024
U005691,Jose Brown,ujohnson@example.com,Female,Mooreberg,13-01-2025
U005692,Melanie Price,lindsay96@example.com,Male,Rachelville,23-10-2024
U005693,Mary Jones,cortiz@example.com,Other,Lake Danny,08-12-2024
U005694,Anthony Miller,ecarroll@example.com,Male,Pughton,07-10-2025
U005695,Ethan Johnson,haleyjordan@example.org,Male,New Garrett,05-02-2024
U005696,Luis Thomas,craig45@example.net,Other,Lopezville,18-06-2024
U005697,Nicole Johnson,jonathan09@example.com,Female,North Nicoleshire,11-04-2024
U005698,Mathew Bailey,heather17@example.com,Other,Robertside,22-06-2025
U005699,Kevin Guzman,anthony92@example.com,Female,New Sarah,30-05-2024
U005700,Nathan Kaufman,briandaniel@example.net,Other,Lake Rachel,07-07-2025
U005701,James Smith,evanslisa@example.net,Male,Shelleyshire,15-07-2024
U005702,Shawn Greene,perrybarbara@example.net,Female,New Ashleebury,01-03-2025
U005703,Thomas Brown,beth71@example.net,Other,East Donnaview,23-06-2025
U005704,Stephanie Brown,hmckinney@example.com,Other,Ambertown,16-10-2024
U005705,Craig Newman,eflynn@example.net,Other,West Jamesside,09-05-2024
U005706,Marvin Ball,jason42@example.net,Female,Davidsonton,23-05-2025
U005707,Julie Ford,kingchristopher@example.net,Male,East Denise,06-06-2024
U005708,Heather Daniel,cynthia10@example.com,Other,East Lisa,08-09-2025
U005709,Arthur Costa,ydiaz@example.org,Other,East Jordan,29-09-2025
U005710,Carl Perez,phyllisbrown@example.com,Male,Newmanfurt,28-11-2024
U005711,Michele Tucker,jacquelinemiller@example.net,Male,Danielchester,16-11-2024
U005712,Sarah Lin,joshuahernandez@example.net,Male,Armstrongberg,17-02-2024
U005713,Thomas Dominguez,dewing@example.com,Male,East Markborough,21-06-2024
U005714,Benjamin Cook,rmeyer@example.org,Other,Mooreborough,29-04-2025
U005715,Peter Copeland,qpatrick@example.org,Other,Port Ian,04-07-2024
U005716,Jennifer Durham,brockmartha@example.org,Female,East Christina,12-05-2024
U005717,Brittany Thomas,jamiemarshall@example.com,Other,Kristinton,18-05-2024
U005718,Whitney Ortiz,crawfordchristine@example.org,Other,South Donaldmouth,28-05-2024
U005719,Joshua Martinez,margaret97@example.net,Male,New Jessica,08-05-2024
U005720,Patrick Weber,davidstrong@example.org,Female,South William,15-08-2024
U005721,Jessica Phillips,xochoa@example.com,Male,Davilaville,14-05-2024
U005722,Mary Gay,wobrien@example.com,Other,North Daniel,01-04-2024
U005723,Candice Rivera,sandersdaniel@example.com,Other,Kennedyside,21-04-2025
U005724,Christina Webster,josephwilson@example.org,Other,Lake Amanda,13-04-2025
U005725,Carlos Nelson,andreasantiago@example.net,Female,West Shannon,29-07-2025
U005726,Haley Howard,bradley85@example.com,Male,Ambermouth,30-09-2024
U005727,Melissa Sampson,hughesbrent@example.org,Female,Robertsonside,14-02-2025
U005728,Beth Roberts,katrina06@example.org,Other,Port Paul,18-10-2025
U005729,Austin Reid,brandon21@example.net,Other,East Robinfort,01-06-2025
U005730,James Patel,riveraandrew@example.net,Male,East James,14-11-2024
U005731,Rebecca Cole,donald79@example.org,Male,Jimport,21-09-2024
U005732,Kimberly Zuniga,gmatthews@example.org,Male,West Jeffrey,10-03-2024
U005733,Jacqueline Meyer,kaylee04@example.org,Male,Thompsonview,19-06-2024
U005734,Colton Powers,davismary@example.com,Other,Deniseport,01-05-2024
U005735,Willie Bell,ericaavila@example.net,Female,North Erikaland,18-03-2025
U005736,Amanda Beard,nhall@example.net,Male,Shelbyport,22-09-2024
U005737,Kristina Smith,michellejackson@example.com,Male,East Cynthiaport,09-03-2025
U005738,Kevin Smith,charlespeters@example.com,Male,Lake Katherine,07-01-2024
U005739,Chad Rogers,millercarol@example.com,Other,North Rhonda,16-05-2024
U005740,Ryan Wiggins,wbryant@example.com,Other,Reginaldhaven,27-12-2024
U005741,James Allen,austincampbell@example.net,Male,South Williamstad,11-06-2025
U005742,Nicole Roach,wattsthomas@example.org,Other,Port Kevinville,10-05-2024
U005743,Terrence Richmond,thomasunderwood@example.net,Female,West Lauren,26-09-2025
U005744,Kimberly Davis,vramirez@example.org,Other,East Donald,11-11-2024
U005745,James Jenkins,uyork@example.com,Other,Byrdfort,30-06-2024
U005746,Eddie Vasquez,michelle92@example.net,Male,Lake Christopher,25-05-2024
U005747,Kevin Smith,zjones@example.net,Female,Richardstad,06-06-2024
U005748,Lisa Hernandez,xking@example.org,Other,Jenniferchester,27-09-2024
U005749,Elizabeth Jackson,knoxnicole@example.net,Male,East Joshuabury,26-02-2025
U005750,Alexa Walton,kathycastro@example.org,Female,West Michelle,05-03-2025
U005751,Carol Nelson,evansjoseph@example.com,Male,Lake Erica,25-04-2024
U005752,Eric Jones,anthonyball@example.com,Male,West Steven,03-08-2024
U005753,Paul Norris,kimberly31@example.org,Other,Shermanborough,26-09-2024
U005754,Tim James,trevorluna@example.org,Other,Kelseyburgh,12-11-2024
U005755,Gary Hicks,thompsonamber@example.com,Female,Townsendville,03-09-2025
U005756,Jill Thomas,mooremary@example.net,Female,Westshire,01-04-2024
U005757,Justin Ewing,aguilarheather@example.org,Female,Mannville,14-02-2025
U005758,Stephen Morales,cummingskelly@example.org,Male,Kennedyborough,01-05-2024
U005759,Kylie Zuniga,abigail06@example.org,Other,Stevefurt,07-04-2024
U005760,Peter Lee,estafford@example.org,Other,West Josestad,25-08-2024
U005761,Wayne Daniel,tgilmore@example.com,Male,Smithchester,25-06-2025
U005762,Nicholas Taylor,dyeredward@example.org,Male,South David,08-10-2025
U005763,Ricardo Tate,clarkthomas@example.net,Female,Sierraberg,09-11-2025
U005764,Mark Huffman,debra12@example.net,Other,West Michaelshire,03-10-2025
U005765,Jeffery Arnold,devin05@example.org,Male,West Marialand,09-07-2025
U005766,Stacy Oconnor,aduran@example.com,Male,New Leslieburgh,25-05-2025
U005767,Jason Bowman,rogersalisha@example.net,Female,East Eric,14-03-2025
U005768,Tracy Jackson,jenkinskaitlyn@example.com,Female,East Lisaburgh,13-09-2024
U005769,Melissa Scott,bbarr@example.net,Female,Port Jenniferside,24-12-2024
U005770,Kathy Conway,vickie83@example.com,Female,Lake Kimberlymouth,16-03-2024
U005771,Jeffrey Fry,xgill@example.com,Other,Brittanyport,14-06-2024
U005772,Julian Williams,dawn67@example.net,Other,Lisafurt,14-11-2024
U005773,Tammy Brown,sarah68@example.net,Female,South Samanthafurt,24-10-2024
U005774,Brian Gonzales,aatkinson@example.org,Other,South Sarahburgh,29-07-2024
U005775,Cindy Castaneda,kaitlyn73@example.org,Other,Carterside,07-04-2025
U005776,Edward George,shirleyorr@example.org,Male,North Madisonchester,07-05-2025
U005777,Miranda Torres,laura21@example.com,Other,Nancyfurt,03-03-2025
U005778,Brandi Schwartz,james86@example.net,Other,Margaretbury,02-08-2024
U005779,Andrew Myers,daniel45@example.com,Female,Yolandamouth,16-04-2025
U005780,Michelle Peterson,klove@example.net,Female,Dayhaven,14-05-2024
U005781,Sarah Miller,martinezkristine@example.org,Female,Port Timothy,25-02-2024
U005782,Jason Jacobson,xdawson@example.net,Male,Kimberlyfort,21-10-2025
U005783,Kellie Lane,rmills@example.net,Male,Richardsonchester,21-05-2024
U005784,Michele Rodriguez,craigtimothy@example.org,Female,Benjaminchester,21-07-2024
U005785,Cynthia Stein,wbarton@example.org,Male,Port Toddchester,14-03-2024
U005786,Lydia Campbell,brian02@example.org,Male,New Craigfurt,12-10-2025
U005787,Michelle Hamilton,aoliver@example.com,Other,Port Kimberly,10-07-2025
U005788,William Flowers,jasonpacheco@example.org,Other,Nielsenfort,23-06-2025
U005789,Anne Hogan,kevinfisher@example.net,Other,Port Davidton,16-05-2024
U005790,Thomas Barker,dmoore@example.org,Female,Tammyshire,31-01-2024
U005791,Kevin Reeves,joneschristine@example.net,Female,Lake Katrina,29-02-2024
U005792,Jonathan Kelly,johnspatrick@example.com,Female,South Ginastad,26-05-2025
U005793,Ryan Neal,kreed@example.net,Male,Rebeccaton,29-01-2024
U005794,Mark Harrison,zferguson@example.com,Other,East Edward,22-01-2024
U005795,Jocelyn Williams,wmcintosh@example.net,Other,Lucasport,27-03-2024
U005796,Kenneth Taylor,millerdominique@example.org,Female,West Sierra,14-03-2025
U005797,Nicholas Quinn,lcharles@example.org,Female,Johnsonchester,01-01-2024
U005798,Virginia May,haleylinda@example.net,Female,Port Tracyfurt,12-10-2024
U005799,Christopher Hamilton,thomasbilly@example.com,Female,Williamfurt,06-04-2024
U005800,Cassandra Ryan,russellrobert@example.net,Female,Port Jeffreychester,05-07-2025
U005801,Gary Moyer,danielsmichelle@example.net,Female,East Craigtown,25-04-2025
U005802,Michael Russo,mgreer@example.net,Female,Toddborough,30-04-2025
U005803,Alyssa Jones,randy82@example.com,Other,Turnermouth,02-09-2025
U005804,Melissa Schaefer,larry17@example.com,Male,Pattersonfurt,22-01-2025
U005805,Suzanne Ross,walkervanessa@example.org,Male,New Nathaniel,02-03-2024
U005806,Emma Jefferson,fpatrick@example.org,Other,East Leah,19-03-2024
U005807,Melissa Shaw,beltranstephen@example.com,Other,Gregorymouth,25-09-2024
U005808,Jessica Harvey,sarahbrown@example.org,Male,Matthewhaven,26-03-2025
U005809,Elizabeth Harrison,carolynmiller@example.org,Female,West Davidton,29-02-2024
U005810,Anna Willis,ernest31@example.org,Male,Wileystad,29-02-2024
U005811,Travis Lopez,daniel86@example.com,Other,Lake Johnhaven,17-08-2025
U005812,Brian Crosby,linda99@example.net,Male,East Howard,01-08-2024
U005813,Hannah Nelson,anthony66@example.org,Female,Ashleyburgh,04-02-2025
U005814,Dennis Liu,swilcox@example.net,Other,Lorifurt,19-04-2025
U005815,Jacob Hurley,michaelbeard@example.net,Other,West Jeffreyland,15-02-2024
U005816,Jeanette Jackson,nicholas05@example.org,Male,North Alison,27-06-2025
U005817,Robert Morton,acase@example.net,Other,Sellersborough,27-01-2024
U005818,Susan Higgins,jatkins@example.com,Male,North Pamela,20-08-2024
U005819,Michael Brown,ryancarroll@example.com,Male,West Timothy,17-04-2025
U005820,Jacob Dyer,carolynlyons@example.net,Other,Reeseside,02-12-2024
U005821,Lisa Jones,chandlerdouglas@example.org,Other,South Brett,01-06-2025
U005822,Jennifer Reyes,hugheshannah@example.org,Male,Brownberg,25-04-2025
U005823,Christian Floyd,bmartin@example.net,Other,North Andrea,14-05-2025
U005824,Andrew Glover,torresjeremy@example.org,Other,New Lindsey,24-07-2025
U005825,Megan Casey,veronicabyrd@example.net,Female,East Brian,06-09-2025
U005826,Christopher Chapman,ashleystone@example.org,Other,Spearsland,16-07-2025
U005827,Sherri Goodman,donald38@example.com,Male,Gordontown,23-05-2024
U005828,Adam Figueroa,vli@example.com,Male,Campbellmouth,22-05-2025
U005829,Jillian Obrien,xmoreno@example.org,Other,Johnshire,22-08-2025
U005830,Cameron Sexton,melissa13@example.org,Female,Burtonview,26-02-2025
U005831,Emily Rogers,popemichael@example.com,Other,Lake Jeffrey,20-06-2024
U005832,Blake Watson,laura10@example.net,Other,Lake Lisa,26-06-2024
U005833,Wendy Mcclain,uhill@example.org,Female,West Carolynchester,30-10-2024
U005834,Madison Wolfe,vbecker@example.com,Other,Linfort,15-07-2024
U005835,Sonya Blake,garnerlaura@example.net,Male,West James,14-08-2024
U005836,Alexandria Morton,smithsamantha@example.org,Female,Hernandezhaven,07-07-2024
U005837,Kristine Scott,robert31@example.com,Female,Port Tanyastad,24-01-2025
U005838,Charles Roberts,reevesandrew@example.org,Male,Rebeccamouth,08-04-2025
U005839,Hannah Roberts,johnjohnson@example.net,Other,Browntown,20-03-2024
U005840,Denise Casey,frank52@example.com,Other,Bridgesmouth,19-03-2024
U005841,Jeffery Reyes,mallory73@example.net,Female,Port Allisonstad,22-03-2024
U005842,Amanda Elliott,fernandonelson@example.org,Male,Elizabethstad,11-05-2024
U005843,Theresa Wilson,jeremyberger@example.com,Female,Rebeccaborough,18-09-2025
U005844,Isaac Perry,michaelmartinez@example.net,Other,Arnoldborough,01-04-2024
U005845,Tyler Colon,whogan@example.org,Other,Jerryshire,25-03-2025
U005846,Melissa Shaw,donald16@example.net,Male,Stewartport,13-11-2025
U005847,Michael Robinson,abigailsmith@example.org,Female,Tonyfurt,27-09-2025
U005848,Nathan Adams,aaron68@example.net,Female,Edwardborough,24-07-2024
U005849,Jacob Perkins,oneillstacy@example.org,Other,North Deborahside,20-04-2024
U005850,Daniel Lopez,jessicamora@example.org,Male,Port Michaelchester,30-11-2024
U005851,Matthew Mercado,elizabethherrera@example.net,Other,South Jessicaland,04-03-2025
U005852,Russell Perkins,sherritate@example.com,Male,Theresachester,07-01-2025
U005853,Sonya Johnson,julie18@example.com,Other,West Dawnfort,09-02-2025
U005854,Barry Aguirre,brenda41@example.com,Other,East Frederick,14-06-2024
U005855,Michael Mathews,lorrainehall@example.com,Male,Port Nancybury,26-12-2024
U005856,Monica Luna,jimenezaudrey@example.org,Other,North Melissaburgh,17-08-2024
U005857,Audrey Wright,charles27@example.org,Male,West Rachelhaven,17-10-2025
U005858,Steve Camacho,tcontreras@example.com,Female,Taylorborough,29-02-2024
U005859,Jonathan Ray,gpowell@example.net,Male,Jessicaborough,25-01-2024
U005860,Dawn Lindsey,mark29@example.com,Male,Richardborough,27-06-2024
U005861,Melanie Clark,sharonwilliams@example.net,Other,West Stephenfurt,22-10-2025
U005862,Lisa Hernandez,whitney25@example.org,Other,North Reginahaven,01-04-2025
U005863,Linda Watkins,waltondaniel@example.org,Other,Dennisfort,06-07-2025
U005864,Wayne Nichols,connor65@example.com,Male,Curtismouth,30-03-2025
U005865,Benjamin Green,daniellewells@example.com,Other,Christopherbury,31-01-2024
U005866,John Morris,ronnie22@example.org,Other,Stephenfurt,12-09-2024
U005867,Brian Tucker,johnstonrobin@example.org,Female,South Daniel,21-09-2024
U005868,Angela Wood,colin59@example.com,Female,North Lancehaven,03-06-2024
U005869,Leah Rogers,arnoldpaul@example.com,Male,Ellenmouth,13-11-2025
U005870,Julie Stein,xrosario@example.com,Male,Sloanland,11-09-2025
U005871,Kelly Williams,fischermark@example.org,Female,West Anthonyland,19-04-2024
U005872,Timothy Martin,george12@example.net,Male,South Derrickburgh,01-09-2024
U005873,Kevin Scott,andrewglass@example.com,Male,Lake Carolstad,29-01-2024
U005874,Jessica Wells,daniel37@example.org,Female,North Jennifer,12-11-2024
U005875,Leslie Garcia,peterjones@example.com,Female,Kingfort,08-11-2024
U005876,Meghan Ward,rebecca25@example.net,Male,Mirandamouth,17-12-2024
U005877,Jillian Duncan,edwardsdaniel@example.com,Male,South Sarah,09-08-2024
U005878,Amy Martinez,joe88@example.com,Other,Crosschester,16-07-2024
U005879,Debra Hebert,kevin25@example.net,Male,New Michellefurt,05-08-2025
U005880,John Crawford,dberry@example.org,Other,Stephanietown,31-01-2025
U005881,Aaron Patterson,abigail54@example.com,Female,Lake Malikburgh,27-12-2024
U005882,Carrie Cooper,qwilliams@example.com,Female,Swansonton,24-10-2025
U005883,Michael Dalton,reneebrown@example.org,Female,West Kyle,20-02-2025
U005884,Stephen Cox,hrhodes@example.com,Female,New Matthew,21-01-2024
U005885,James Johnston,tstephens@example.org,Male,North David,13-06-2024
U005886,Kenneth Duncan,burtonmartha@example.net,Male,Paulfurt,02-07-2024
U005887,Rebecca Walters,andrewhenderson@example.com,Other,West Carrie,02-09-2024
U005888,Michelle Brooks,trevor39@example.org,Female,Michaelport,11-10-2024
U005889,Yvonne Trujillo,christopherarcher@example.org,Male,Lake Ericland,11-05-2024
U005890,Angela Wilson,robinsontracy@example.org,Other,North Staceyfort,06-05-2025
U005891,Angelica Mueller,trevinohayley@example.net,Other,Starkchester,19-06-2025
U005892,Shelly Hicks,sarah31@example.com,Other,Antonioside,12-08-2025
U005893,Rachel Jones,tracykramer@example.net,Female,North Meganview,26-05-2024
U005894,Kevin Forbes,joshuamccarty@example.net,Other,Timothybury,07-02-2024
U005895,Julian Watkins,merediththompson@example.com,Female,North Lorimouth,18-12-2024
U005896,Elizabeth Wood,ashley20@example.org,Other,East Mary,11-06-2025
U005897,Alex Durham,noahherrera@example.com,Other,Port Danielbury,25-01-2024
U005898,Marcus Diaz,brandon18@example.org,Other,Charlesfurt,13-12-2024
U005899,Christopher Moore,ttaylor@example.org,Male,Simpsontown,01-10-2025
U005900,Crystal Lyons,smithbilly@example.net,Female,Lake Michelle,19-07-2025
U005901,Christine Harris,diana74@example.net,Other,Sherryview,03-09-2025
U005902,Edward Morgan,christopherfreeman@example.net,Female,North Michaelbury,05-04-2024
U005903,Victoria Ortiz,nwalker@example.com,Female,West James,29-10-2024
U005904,Angela Jones,johnsonmariah@example.org,Other,East Johntown,29-07-2024
U005905,Charles Anderson,bbennett@example.com,Other,Ewingberg,16-09-2025
U005906,Brandi Bray,sstephens@example.com,Male,North Davidhaven,12-09-2024
U005907,Justin Davis,wendytucker@example.net,Other,North Tina,31-07-2024
U005908,Brian Harmon,toni78@example.net,Female,East Ryanville,01-03-2025
U005909,Crystal Warren,katherine89@example.net,Female,Lake Ericbury,25-10-2024
U005910,Hailey Martinez,christopher55@example.org,Male,Allenborough,16-04-2025
U005911,Brandon Nielsen,gwilliams@example.org,Other,Maureenshire,13-05-2024
U005912,Kara Crawford,christina34@example.com,Female,Sherryfurt,08-01-2025
U005913,Linda Phillips,timothy96@example.com,Female,East Coreytown,24-08-2025
U005914,Kimberly Martinez,jenniferirwin@example.net,Female,West Nicoleshire,18-02-2024
U005915,Amber Jones,ronaldvillegas@example.net,Female,Cruzhaven,31-08-2024
U005916,Tiffany Hall,sheilagarcia@example.org,Female,Jenniferburgh,25-03-2025
U005917,Joseph Fleming,michael03@example.org,Other,Moralesville,08-08-2024
U005918,Marissa Miller,mariaramirez@example.org,Male,Lopezhaven,08-02-2024
U005919,Christian White,scottkim@example.com,Other,Erinstad,08-03-2024
U005920,David Mays,katherinelee@example.org,Male,Morganview,13-08-2025
U005921,Stanley Wood,mullennathan@example.net,Female,South Peterstad,29-07-2025
U005922,Emily Davis,jthomas@example.com,Male,Ericborough,17-08-2024
U005923,Pamela Castillo,torrestimothy@example.org,Male,Port Emma,23-10-2024
U005924,Traci Vazquez,mark19@example.com,Male,Christopherport,19-02-2025
U005925,Natasha Garcia,caseyjoseph@example.org,Other,New Markbury,26-06-2025
U005926,Lindsey Smith,kayla07@example.net,Other,Steeleshire,20-12-2024
U005927,Crystal Ford,kmurphy@example.net,Female,East Craigside,26-01-2024
U005928,Andrew Mathis,estone@example.com,Male,Odonnellshire,28-08-2025
U005929,David Abbott,hendersonluke@example.com,Male,Lake Barbarachester,28-09-2025
U005930,Lisa Payne,david68@example.org,Male,East Tammystad,21-10-2024
U005931,Zachary Mcdonald,lindsey15@example.com,Male,Lake Michaeltown,09-04-2024
U005932,Kristen Grant,garciaangela@example.org,Female,South Erikafort,29-09-2024
U005933,Amanda Gonzalez,hansenluke@example.net,Other,Christinafurt,04-11-2025
U005934,Shawn Ellis,dominguezoscar@example.com,Other,Andrewborough,14-08-2025
U005935,Kimberly Gonzalez,tamara68@example.org,Male,Matthewsstad,05-03-2024
U005936,Tammy Li,steven01@example.com,Other,Michaelberg,11-11-2024
U005937,Joseph Mccoy,thompsonapril@example.com,Male,North James,25-04-2024
U005938,Kenneth Marshall,hillaudrey@example.net,Female,Lake Robin,19-03-2024
U005939,Anna Martin,kimberly95@example.org,Female,Simmonsville,08-04-2024
U005940,Jennifer Pierce,james72@example.com,Other,Port Teresa,09-08-2025
U005941,Steven Cordova,coxbarbara@example.org,Male,East Stephenbury,22-10-2024
U005942,Jonathan Mcgrath,vaughankatrina@example.net,Female,North Jennifer,19-11-2024
U005943,Dominic Green,wyattsandra@example.org,Other,Sherrychester,18-01-2025
U005944,Brandy Taylor,kentsharon@example.com,Female,South Heather,29-11-2024
U005945,Sheila Johnson,kthomas@example.net,Female,East Beth,23-12-2024
U005946,Michelle Freeman,ealvarez@example.com,Male,Lake Kevin,19-01-2025
U005947,Joseph Wright,mcleandavid@example.net,Other,Port Douglas,28-04-2024
U005948,Jason Powell,lisa09@example.org,Male,Mackenzieview,15-01-2024
U005949,Andrew Lawrence,danielhuffman@example.org,Other,East Kimberlyborough,10-04-2024
U005950,Stephen Turner,nicolerandolph@example.net,Female,Michaelside,21-01-2024
U005951,Troy Howard,jstone@example.org,Male,Ramirezside,31-03-2024
U005952,Kristine Butler,jgreen@example.org,Male,East Krystal,09-04-2025
U005953,Virginia Martin,alan64@example.com,Male,Lake Wendyfort,29-09-2024
U005954,Paul Briggs,robin66@example.org,Male,West Michael,19-07-2024
U005955,Ryan Johnson,mooredana@example.net,Other,Port Angelaville,27-02-2024
U005956,Brian Sanders,johnsonsharon@example.com,Other,South Jessica,17-04-2025
U005957,Ann Harrison,moorenoah@example.org,Male,Carloston,04-03-2024
U005958,David Scott,brendaburgess@example.com,Male,Lake Mauricechester,19-09-2025
U005959,Jacqueline Mitchell,tmcgee@example.com,Other,Port Joshua,10-08-2025
U005960,Stephen Harrington,eleonard@example.net,Other,Johnsonton,14-11-2025
U005961,Paul Smith,scampbell@example.net,Male,Thomasshire,30-07-2024
U005962,Elizabeth Frazier,juanhernandez@example.net,Other,West Duaneland,03-03-2025
U005963,Angel Douglas,boyertammy@example.net,Male,Nicholsonberg,08-03-2024
U005964,Alejandro Brown,melindacarter@example.com,Male,Port Julieview,18-07-2025
U005965,Tracy Butler,elizabeth92@example.org,Male,West Heather,07-04-2024
U005966,Kathleen Fisher,brandon04@example.net,Female,Lynnview,30-06-2025
U005967,Jeffrey Campbell,roy66@example.org,Male,Millerhaven,21-03-2024
U005968,Christopher Dennis,cruzjohn@example.com,Other,Danafort,29-01-2024
U005969,Carla Stewart,amurray@example.com,Female,Kellerfort,27-02-2025
U005970,Selena Brock,robinsonjacqueline@example.org,Other,Starkview,14-09-2024
U005971,Jason Turner,evanhenderson@example.net,Other,Juliaborough,14-09-2025
U005972,Monica Campbell,hayley21@example.com,Other,Davistown,24-04-2025
U005973,Willie Stewart,copelandmatthew@example.net,Male,Port Christineside,13-07-2024
U005974,Michael Gallagher,uperkins@example.net,Other,New Rebeccafort,11-05-2024
U005975,James Ellis,johnsonstephen@example.net,Other,Port Jonathan,09-10-2024
U005976,Brandon Howard,brian35@example.com,Other,Danielchester,12-01-2024
U005977,Benjamin Swanson,gregory20@example.net,Female,Brendatown,30-10-2025
U005978,Vicki Garcia,wardrenee@example.com,Male,Ashleyburgh,07-10-2025
U005979,Chad Neal,hamiltonmatthew@example.org,Male,Patrickville,16-09-2025
U005980,Daniel Ruiz,harrisamy@example.net,Female,East Heather,08-01-2025
U005981,James Jones,joseph91@example.com,Other,Port Chad,17-05-2024
U005982,Charles Flowers,baxtercory@example.com,Female,Tranburgh,13-10-2024
U005983,David Young,thompsonnicholas@example.net,Female,Michaelborough,16-09-2024
U005984,Courtney George,mwalker@example.net,Male,East Davidland,04-09-2024
U005985,Priscilla Lopez,jonathanestrada@example.com,Male,Andersonville,25-10-2025
U005986,Sandra Trujillo,christianperez@example.com,Female,Alexisfurt,18-10-2025
U005987,Mary Carter,dominguezalbert@example.net,Other,Caitlinport,02-01-2024
U005988,Shannon Robinson,ronaldbrown@example.com,Male,Zacharyborough,25-06-2024
U005989,Jacob Young,stephaniekerr@example.com,Other,Port Scottville,04-08-2025
U005990,Emily West,paul82@example.com,Male,Josebury,08-12-2024
U005991,Angelica Waller,mdavis@example.net,Other,Katrinafort,12-12-2024
U005992,Sandra Smith,bobbyrojas@example.org,Other,Glennshire,21-02-2025
U005993,Felicia Rice,pgood@example.com,Other,Powellborough,20-06-2024
U005994,Sandra Avila,sgoodman@example.net,Female,Wrightside,07-03-2024
U005995,Matthew Burns,barnetthunter@example.com,Male,Port Jennifer,29-01-2025
U005996,Lauren Lee,ashleymartin@example.com,Other,New Margaret,19-02-2025
U005997,Renee Patel,macknicole@example.com,Other,Smithton,12-06-2025
U005998,Diane Campbell,bmarshall@example.com,Female,Amyborough,30-04-2024
U005999,Victor Cantrell,christinechapman@example.org,Female,Michelleport,12-06-2024
U006000,Jesse Nguyen,sullivanzachary@example.org,Other,New Lauren,27-09-2025
U006001,Lisa Salinas,sjohnson@example.org,Other,Gonzalezberg,31-03-2025
U006002,Daniel Taylor,thomas87@example.com,Male,Kristystad,06-06-2024
U006003,Erin Shaffer,elizabethbanks@example.net,Male,Gordonfurt,14-10-2024
U006004,Isaac Harper,sara12@example.net,Female,Phillipsport,03-09-2024
U006005,Vanessa Anderson,umartinez@example.net,Female,Cassandraville,21-12-2024
U006006,Brenda Rodriguez,reginaldcollins@example.com,Male,Martinville,02-03-2025
U006007,Wayne Campbell,bradley14@example.com,Male,New Gregoryborough,22-03-2024
U006008,Brittany Bennett,wbanks@example.net,Male,Lake Elaine,01-03-2024
U006009,Jose Quinn,odudley@example.net,Male,West Michaelland,25-06-2024
U006010,Sara Camacho,darrell17@example.com,Other,Lisastad,29-10-2025
U006011,Karen Manning,gpeterson@example.org,Other,Johnsonmouth,17-10-2025
U006012,Frank Boyer,riosfrank@example.org,Other,Hartmanburgh,29-01-2024
U006013,Stephanie Smith,tiffanyriggs@example.net,Female,Port Johnmouth,16-03-2024
U006014,Christine Rivera,swalters@example.com,Male,Edwardton,05-11-2025
U006015,William Owens,loricox@example.org,Other,Kimberlystad,07-09-2024
U006016,Gavin Moore,colson@example.org,Male,Crystalside,17-04-2024
U006017,Ann Flores,megan22@example.org,Male,Kellyhaven,12-07-2024
U006018,Shannon Thompson,lopezwilliam@example.net,Female,Westbury,10-05-2025
U006019,Erica Mcdaniel,ojohnson@example.com,Other,East Jamie,21-03-2025
U006020,Charles Miller,tammy57@example.com,Other,East Caitlin,03-01-2024
U006021,Maria Long,wmartinez@example.net,Male,Reidfort,12-09-2024
U006022,Angela Bennett,fcampbell@example.org,Other,Lake Allen,03-07-2024
U006023,John Garrison,dcontreras@example.org,Other,Simsmouth,10-10-2024
U006024,Erin Cook,rebecca05@example.org,Male,New Courtneychester,20-07-2025
U006025,Mark Lopez,hmyers@example.com,Male,South Joseph,15-08-2024
U006026,Alex Rich,smithnathaniel@example.net,Female,Port Allison,12-10-2024
U006027,Joe Davis,chapmanjoseph@example.net,Other,Scotttown,20-01-2024
U006028,Vanessa Munoz,simmonsstacy@example.com,Male,Port Tammyfort,31-07-2025
U006029,Charles Thompson,jeremy46@example.org,Other,West Meganmouth,27-03-2025
U006030,Ian Hobbs,moodystacey@example.net,Other,North Daniel,04-03-2025
U006031,Danny Middleton,brookelee@example.org,Male,Walshmouth,12-01-2025
U006032,Mary Martinez,dylancampos@example.org,Other,Markton,10-03-2025
U006033,Andrea Henderson,vglover@example.org,Other,Hodgefurt,22-07-2025
U006034,Taylor Sandoval,cruzalejandro@example.org,Female,Jenniferton,19-09-2024
U006035,Keith Kelly,fernandezgregory@example.net,Other,Andrewville,01-05-2025
U006036,Jessica Williams,hillrhonda@example.net,Female,West Jeffrey,27-03-2025
U006037,Joanna Lin,qrodriguez@example.com,Female,East Kelly,06-11-2024
U006038,Carl Huynh,carterandrea@example.org,Male,South Jessica,30-04-2025
U006039,Morgan Cruz,markfields@example.com,Other,New Jamie,22-01-2025
U006040,Debra Jensen,ricky69@example.com,Other,Karinahaven,20-10-2025
U006041,Joshua Williams,natalieharvey@example.com,Female,Riveraville,06-03-2025
U006042,Crystal Wheeler,monica94@example.net,Male,North Steven,03-05-2024
U006043,Kyle Gibson,john02@example.org,Female,South Lisafort,20-04-2025
U006044,Wendy Collins,rholloway@example.org,Female,New Robert,19-03-2024
U006045,Yolanda Romero,nortiz@example.org,Female,New Charlesside,28-07-2025
U006046,Amber Neal,thomasbrown@example.org,Other,West Stephenhaven,01-05-2025
U006047,Joseph Wolfe,jonathan32@example.com,Other,Harrisonland,23-03-2025
U006048,Renee Brown,charles10@example.net,Other,Michaelberg,27-10-2025
U006049,Rachel Fox,chadpeterson@example.org,Other,Lindaburgh,01-10-2024
U006050,Michelle Horn,patelwilliam@example.net,Male,Mayport,10-04-2025
U006051,Daniel Allen,lmartin@example.net,Female,Markchester,24-05-2025
U006052,Tami Cohen,pittmanjoshua@example.org,Male,Justinside,23-06-2025
U006053,Brady Velazquez,douglasbutler@example.net,Female,New Emmaton,19-02-2024
U006054,Susan Hayes,davislaura@example.com,Female,Port Shawn,11-06-2024
U006055,Michele Carpenter,markstephens@example.org,Male,Elizabethport,26-03-2025
U006056,Benjamin Smith,sandra67@example.org,Male,New Stephen,28-01-2025
U006057,Marissa Schaefer,garciatanya@example.org,Female,Port Sarahton,01-03-2025
U006058,Melissa Hines,nguyentiffany@example.net,Other,Patriciaside,27-10-2024
U006059,Gloria Ford,kingmiguel@example.net,Other,Stoutchester,26-03-2025
U006060,Whitney Mendoza,davidbrooks@example.com,Female,Reyesfort,09-02-2025
U006061,Gregory Walters,stephanieflynn@example.org,Female,New Anthony,20-06-2025
U006062,Theresa Wilson,ywhite@example.net,Male,Boydburgh,07-11-2024
U006063,Joseph Mills,valdezjoseph@example.com,Male,Joannaport,22-11-2024
U006064,Madison Mccoy,hosborn@example.net,Other,Sharonbury,17-07-2024
U006065,Chad Jones,jacobjohnson@example.com,Other,Davidfort,04-11-2025
U006066,Wendy Evans,robert50@example.com,Male,Robertview,17-02-2025
U006067,Kimberly Cohen,wendy16@example.org,Other,South Jennyfurt,17-01-2024
U006068,Keith Davis,brownjeffrey@example.com,Other,West Tiffanymouth,09-06-2025
U006069,David Anderson,simmonsmorgan@example.com,Male,West Monicahaven,30-06-2024
U006070,Marie Saunders,awatkins@example.org,Other,Lake Tylerhaven,18-01-2024
U006071,Wayne Gonzales,joshuatapia@example.com,Male,Jimmyside,25-08-2025
U006072,Sean Murray,nicholasgeorge@example.com,Female,Perezmouth,05-10-2025
U006073,Alexa Yu,fbeltran@example.net,Other,Jenniferton,31-08-2025
U006074,Kristina Morris,barbara46@example.com,Male,South Peggyshire,27-12-2024
U006075,Daniel Alexander,donald17@example.org,Other,Ruizshire,25-04-2024
U006076,John Hale,btaylor@example.org,Female,Scottmouth,21-10-2024
U006077,Steven Wright,elizabethspencer@example.net,Female,Clarkside,05-10-2025
U006078,Jeremy Cameron,erin36@example.org,Female,Darlenefurt,25-08-2025
U006079,Elizabeth Sanchez,adrianhawkins@example.org,Male,Schwartzburgh,22-01-2025
U006080,Aaron Nielsen,edavis@example.org,Male,Novakland,20-09-2025
U006081,Julia Vincent,ndavis@example.org,Female,New Heather,26-01-2025
U006082,James Patterson,tayala@example.com,Other,Lake Chaseland,21-10-2024
U006083,Angie Golden,lisaturner@example.net,Other,South Debbie,19-01-2025
U006084,Cameron Martin,hgolden@example.net,Female,East Larrymouth,30-04-2024
U006085,Ernest Moore,krystallewis@example.com,Female,North Brandon,11-07-2025
U006086,Laura Santos,sguzman@example.com,Other,Perezmouth,21-09-2024
U006087,Stephanie Manning,dawn08@example.net,Female,Mitchellton,08-09-2024
U006088,Tanya Rogers,julie37@example.com,Other,Breannaland,23-11-2024
U006089,Joel Johnson,jessica52@example.net,Female,Port Nicholas,12-05-2024
U006090,Michelle Mccarthy,garypeterson@example.org,Other,Christopherbury,17-07-2024
U006091,Jill Hernandez,allison61@example.org,Female,Lake James,29-05-2025
U006092,Alex Patterson,danielmartinez@example.net,Other,South Donald,22-03-2025
U006093,Tricia Rivas,nlove@example.org,Female,Lake Stephanie,21-05-2024
U006094,Judith Wood,jodyhernandez@example.org,Male,North Zacharytown,08-10-2025
U006095,Andrea Bates,romerobrenda@example.org,Female,East Brandon,08-10-2025
U006096,Bryan Black,mccoycatherine@example.com,Other,East Andrewhaven,22-03-2025
U006097,Anne Sandoval,gardnerjoseph@example.org,Other,Sandrahaven,14-04-2024
U006098,Tracey Wright,william80@example.com,Female,Tuckershire,15-10-2024
U006099,Barry Russell,lcarroll@example.com,Male,Robertview,24-10-2024
U006100,James Cooper,rnelson@example.org,Female,Lake Kendra,18-04-2024
U006101,Dustin Williams,qsolomon@example.org,Other,Lake Joseph,21-01-2024
U006102,Benjamin Turner,jfernandez@example.org,Other,Leeville,02-02-2025
U006103,Cindy Kelly,hbutler@example.net,Female,West Brianbury,17-08-2024
U006104,Amber King,sylvia53@example.com,Female,Knightborough,25-07-2025
U006105,Gerald Butler,jorgefleming@example.org,Female,North Sandrastad,21-03-2025
U006106,Nicole Gray,farleykelly@example.net,Other,Pricehaven,01-11-2025
U006107,Sarah Brown,thomas07@example.org,Female,Wilsonview,01-04-2025
U006108,Sheila Jackson,margaretmorgan@example.net,Other,Smithstad,17-08-2025
U006109,Melissa Thompson,andrew44@example.org,Female,Smithview,22-12-2024
U006110,Lisa Roberts,ecortez@example.net,Other,South Justinmouth,31-12-2024
U006111,Scott Mills,ryanlewis@example.com,Male,Lake Barryhaven,26-05-2025
U006112,Thomas Everett,deborahwilliams@example.com,Other,Tammyton,01-02-2025
U006113,Joshua Kim,jason40@example.net,Male,Brownmouth,14-11-2024
U006114,Anthony Neal,jamieochoa@example.com,Other,Lake Christopher,18-08-2024
U006115,Jessica Hester,nlyons@example.com,Male,North Walter,08-06-2025
U006116,Jimmy Scott,petermartinez@example.net,Female,North Martinhaven,12-12-2024
U006117,Tammy Hernandez,rebeccaclark@example.org,Other,South Jacquelinehaven,31-07-2025
U006118,Courtney Rogers,jrobertson@example.com,Male,Thomaston,03-08-2025
U006119,Kelly Smith,davisrobert@example.net,Male,South Fred,11-09-2024
U006120,Kevin Miller,campbellsamuel@example.net,Male,Sharpville,04-06-2024
U006121,Charles Gordon,stevenlucas@example.net,Other,Port Jamesville,11-01-2025
U006122,Alicia Singh,stevenhale@example.com,Female,Port Caitlyn,07-02-2025
U006123,Nathan Gross,wwalsh@example.org,Female,Vickifort,22-10-2024
U006124,Mary Mitchell,srodriguez@example.com,Other,South Joseph,22-10-2025
U006125,Spencer Mclean,liudebra@example.net,Other,South Charlesbury,06-04-2025
U006126,Scott Garcia,jenniferrivera@example.com,Other,Port Jeffrey,10-05-2024
U006127,Frances Hayes,nelsondakota@example.net,Other,Samanthaside,16-06-2024
U006128,Robert Robinson,james35@example.net,Other,South Johnhaven,30-12-2024
U006129,Malik Morgan,jennifer84@example.org,Male,West Edwardtown,09-11-2024
U006130,Kirsten Carlson,hgarza@example.net,Male,Stephentown,29-10-2025
U006131,Ashley Moran,kmcdaniel@example.org,Female,South Sandra,17-02-2024
U006132,James Little,parrishjanet@example.com,Other,Lake Melissafort,05-04-2025
U006133,Shari Valentine,lisaporter@example.net,Male,Lake John,18-05-2025
U006134,Alexander Stein,richardanderson@example.org,Male,North Chelsea,18-02-2024
U006135,Edward Rasmussen,zgreen@example.com,Male,Nancymouth,24-06-2025
U006136,Nicole Luna,duanenewman@example.net,Female,Andrewport,08-10-2024
U006137,Steven Boyd,vincent80@example.com,Other,Joseport,19-03-2025
U006138,Anthony Patel,jeffreyyates@example.org,Female,Glennville,03-05-2024
U006139,Michelle Rosales,james88@example.org,Male,East Reneemouth,24-10-2025
U006140,Gregory Nelson,amandadelacruz@example.org,Male,Lawsonchester,15-08-2025
U006141,Jeffrey Mcdaniel,jesus75@example.org,Female,East Alexander,04-08-2024
U006142,Madison Stewart,riveraadam@example.org,Male,West Tyler,03-04-2024
U006143,Gary Dorsey,youngmegan@example.org,Female,Fergusontown,25-01-2024
U006144,Amanda Smith,jramirez@example.net,Male,New Stephanie,10-02-2024
U006145,Michael Gonzales,gregorymurillo@example.org,Other,Lake Jasminehaven,04-09-2024
U006146,David Stephenson,erin91@example.org,Male,Lake Patrickville,01-04-2024
U006147,Nathan Douglas,hbrown@example.net,Other,South Jonathan,01-01-2024
U006148,Nicole Hill,brooksdaniel@example.org,Female,East George,07-07-2025
U006149,Emily Melton,bryan02@example.org,Female,East Natalie,18-03-2024
U006150,Teresa Cain,ashleywalsh@example.org,Other,Sarahaven,18-04-2024
U006151,Justin Lopez,loganjackson@example.org,Other,Kimberlyland,03-09-2025
U006152,Christopher Vaughn,greenemelanie@example.com,Other,Lake Donald,25-09-2024
U006153,Mark Mendoza,zoe28@example.org,Female,Sarahbury,03-03-2024
U006154,Mary Joseph,gwendolyn19@example.net,Other,Acevedoside,10-03-2025
U006155,Todd Allen,wheelerdiana@example.org,Other,West Joshuaborough,17-08-2025
U006156,Lisa Vazquez,millerkelly@example.org,Male,Emilyside,15-05-2025
U006157,Lisa Russell,omar20@example.net,Male,New Amyburgh,22-12-2024
U006158,James Wang,deborahbarnett@example.org,Other,Andersonberg,27-04-2025
U006159,Yolanda Stewart,robert79@example.net,Female,Port Ronaldland,05-02-2024
U006160,Douglas Roth,linda01@example.org,Female,West Tiffanymouth,03-09-2025
U006161,Lauren Wright,kylemccoy@example.com,Male,South Elizabethtown,30-03-2024
U006162,Ronald Kelley,bmaynard@example.org,Male,Port Bruce,27-09-2024
U006163,Pamela Fuentes,amycooper@example.org,Other,Alexisfurt,04-04-2025
U006164,Roy Price,luis01@example.com,Other,Goodmanberg,28-05-2025
U006165,Laura Green,deanandrew@example.org,Female,Martinside,23-04-2024
U006166,Scott Brown,xturner@example.com,Male,Port Timothyshire,07-05-2024
U006167,Ricardo Palmer,madison34@example.com,Male,East Amy,25-03-2024
U006168,Andrew Walsh,gguzman@example.net,Other,East David,13-07-2025
U006169,Gregory Mack,gordongrace@example.org,Other,Ricardomouth,02-11-2025
U006170,Alec Lopez,brett85@example.com,Other,Jessicastad,24-02-2025
U006171,Lisa Burgess,kimberlytownsend@example.org,Other,Vanessaport,24-02-2024
U006172,Wendy Fields,watkinsjoshua@example.com,Male,Shelialand,29-05-2025
U006173,Alicia Jones,drakepamela@example.net,Other,Sarahshire,04-05-2024
U006174,Joseph Anderson,donaldreid@example.com,Male,Fritzport,20-07-2024
U006175,Stephanie Meadows,afigueroa@example.com,Other,Madisonmouth,16-04-2024
U006176,Tammy Berg,rschmidt@example.com,Male,Carloschester,16-01-2024
U006177,Angela Jackson,smithjennifer@example.com,Female,West Curtis,14-05-2024
U006178,Monica Gordon,patrick31@example.org,Male,Goodfurt,12-03-2024
U006179,Rachael Wood,patriciasimmons@example.org,Other,North Sarahport,09-09-2024
U006180,Lisa Harris,millerrandy@example.com,Male,South Elizabethstad,15-07-2025
U006181,Katherine Higgins,melinda46@example.net,Male,Brightmouth,26-07-2025
U006182,Tiffany Vaughn,jenniferflowers@example.com,Male,West Karen,27-02-2025
U006183,Jose Garcia,bmartinez@example.com,Female,Mcdanielmouth,18-08-2025
U006184,Richard Smith,johnhoward@example.net,Female,Wilsonville,08-09-2025
U006185,Roberto Colon,mduncan@example.org,Female,West Patricia,27-02-2024
U006186,Sarah Perez,james92@example.net,Other,Christopherchester,15-03-2025
U006187,Alison Kidd,scott41@example.com,Female,East Holly,06-05-2024
U006188,Shelley Wilson,bfry@example.com,Female,Bartonton,10-10-2024
U006189,Justin Bolton,harrissarah@example.net,Other,South Emilystad,08-09-2024
U006190,Cheryl Tanner,burtonphilip@example.net,Male,Patrickside,21-09-2025
U006191,Troy Smith,melissa64@example.com,Other,East Melissaborough,23-06-2025
U006192,Nicole Anderson,jsullivan@example.com,Male,New Tammyberg,28-03-2025
U006193,Jeffrey Hughes,tina67@example.org,Other,South Robinton,29-02-2024
U006194,Rebecca Jimenez,ytodd@example.net,Other,South Nathaniel,29-09-2025
U006195,Charles Green,sjenkins@example.net,Male,Fullerchester,01-11-2024
U006196,Rachael Moore,pottsdonna@example.org,Male,West Michelle,23-06-2024
U006197,Jonathan Ho,sthompson@example.com,Other,South Russellside,02-02-2025
U006198,Ivan Davis,johnsoncaitlin@example.com,Female,Huntland,05-05-2025
U006199,John Stone,henryalexander@example.net,Other,Lake Darrell,21-10-2025
U006200,Robert Webb,james30@example.net,Other,Christopherside,26-09-2024
U006201,Erica Brown,tnorris@example.net,Other,Robertshire,16-05-2024
U006202,Brad Lee,hbaxter@example.com,Female,New Heather,29-02-2024
U006203,Sarah Brown,kayla16@example.org,Female,Sullivanville,06-06-2025
U006204,Adam Harris,alicia39@example.com,Female,Lake Lisatown,17-05-2024
U006205,Zachary Smith,edwardsdenise@example.com,Male,Wardview,17-07-2024
U006206,Melissa Jackson,walterjones@example.org,Other,South Ashley,18-06-2025
U006207,Elizabeth Avila,gina58@example.net,Male,West Michelemouth,06-06-2024
U006208,James Brown,vargascaroline@example.org,Female,Jonesview,12-09-2025
U006209,Laura Wallace,mariarichardson@example.net,Female,Colemanchester,23-04-2025
U006210,Michael Taylor,jenkinsmariah@example.net,Other,Perezland,26-05-2024
U006211,John Webster,victoriacastro@example.com,Male,Piercebury,27-10-2025
U006212,Kathryn Cook,denniscynthia@example.org,Female,West Ericabury,26-09-2024
U006213,David Allison,chelseaharris@example.com,Male,Lopezbury,04-07-2024
U006214,James Wood,ydavis@example.org,Female,West Tonyberg,28-06-2024
U006215,Jeffrey Nichols,jamesjacob@example.net,Other,Mirandahaven,14-07-2025
U006216,Douglas King,scollins@example.com,Male,North Emma,03-11-2024
U006217,Raymond Richards,woodsalexis@example.net,Other,Williamsshire,04-02-2024
U006218,Kevin Perez,tonya93@example.com,Male,Stephaniefort,25-10-2024
U006219,Richard Chambers,natasha63@example.org,Other,Smithland,21-09-2025
U006220,Heather Miller,ginalewis@example.org,Female,North Jeremy,12-01-2024
U006221,Erik Gordon,cperez@example.net,Female,South Brooketon,29-09-2024
U006222,Anthony Hardy,tara06@example.org,Male,Jessicatown,15-05-2024
U006223,Kelly Raymond,lisa11@example.net,Other,Foxside,06-07-2024
U006224,Brenda Jones,wileykristine@example.net,Female,Simpsonstad,17-05-2025
U006225,Jesus Kaufman,paul76@example.net,Other,Schmidtborough,27-12-2024
U006226,Anthony Freeman,gsmith@example.com,Other,Robertschester,07-02-2024
U006227,Joseph Romero,andre82@example.com,Female,Johnsonview,03-08-2025
U006228,Katherine Norman,frank35@example.net,Other,Fullerburgh,07-09-2025
U006229,Bonnie Hall,baileyjuan@example.com,Female,Julieshire,07-03-2024
U006230,Adam Wilson,icarson@example.org,Female,Richardsonbury,15-12-2024
U006231,Jerome Warner,katie76@example.org,Other,Port Katherineview,14-11-2025
U006232,Bill Robertson,vchristensen@example.com,Female,Crystalborough,04-05-2024
U006233,Willie Esparza,jay63@example.com,Male,Tylerland,19-06-2025
U006234,Haley Simpson,scottlisa@example.com,Female,West Crystalport,02-10-2025
U006235,Kristin Willis,xavier49@example.org,Female,Amyside,20-06-2024
U006236,Mark Thompson,connorjoseph@example.com,Other,Pricehaven,02-11-2024
U006237,Carolyn Scott,rjones@example.org,Female,Morrisfort,30-09-2024
U006238,Dale Porter,xhines@example.net,Other,North Markchester,12-02-2024
U006239,David Strong,rodney02@example.com,Male,Danielschester,12-05-2024
U006240,Jesse Castillo,dbarnes@example.org,Female,Robersontown,18-08-2024
U006241,Dustin Davis,joshuahoffman@example.org,Male,Nicholefort,29-05-2024
U006242,Sue Mathews,rachel18@example.net,Female,Carlchester,22-02-2025
U006243,Hannah Castillo,ydavid@example.net,Male,New Douglasbury,16-12-2024
U006244,Anthony Vargas,villegasjames@example.net,Female,West Seanbury,27-11-2024
U006245,Travis Horne,josephhale@example.com,Other,Susanville,14-04-2024
U006246,Dennis Berry,gpugh@example.com,Male,North Josephmouth,11-03-2024
U006247,Mary Reyes,wattschristina@example.org,Other,New Lauraberg,29-10-2024
U006248,Raven Dixon,hgilmore@example.org,Other,New Fredbury,21-03-2025
U006249,Juan Carrillo,benjamin26@example.net,Male,Lake Williambury,14-04-2025
U006250,Angela Oconnor,ocampbell@example.org,Female,Debbieton,15-08-2024
U006251,Sarah Hicks,kimberly84@example.org,Female,West Cherylstad,05-08-2025
U006252,Sandra White,dprice@example.net,Female,Ryanmouth,05-03-2025
U006253,Abigail Ortiz,collinsmatthew@example.net,Other,Port Brittany,04-06-2024
U006254,Kristopher Miller,juliaharris@example.org,Other,Port Glen,29-03-2024
U006255,Kevin Williams,burkekevin@example.com,Male,Port Tammietown,27-09-2024
U006256,Donald Mcdonald,chelsey19@example.org,Other,West Thomashaven,22-12-2024
U006257,Sara Bush,annehamilton@example.org,Female,Port Suzanneberg,19-10-2024
U006258,William Johnson,andrewsnicholas@example.com,Male,Cuevasstad,06-04-2025
U006259,Victoria Fuller,monicagomez@example.org,Female,Kellymouth,14-04-2024
U006260,Eric Lynch,jenniferhardin@example.com,Male,Mcleanview,10-10-2024
U006261,Robert Day,dpatton@example.org,Female,Maddoxmouth,08-09-2024
U006262,Mandy Knight,teresa57@example.com,Other,New Nicole,02-02-2024
U006263,David Cooper,speters@example.org,Other,Davisville,13-10-2025
U006264,Kaylee Kirby,melissa69@example.org,Female,Lake Jenniferside,21-11-2024
U006265,Ann Solis,wardbrittany@example.org,Male,Taylorborough,25-02-2024
U006266,Joseph Gordon,xjones@example.com,Other,West Micheleburgh,15-11-2024
U006267,Albert Williams,greentony@example.org,Male,Bradleymouth,04-06-2025
U006268,Zachary Lara,patrickjames@example.com,Female,New Sarahland,04-09-2025
U006269,Kevin Bradford,brownkristy@example.com,Female,Glennfort,25-09-2025
U006270,William Griffin,ptaylor@example.org,Female,Thomasland,28-06-2025
U006271,Phillip Smith,nicole29@example.org,Male,Hughesburgh,26-10-2025
U006272,Paul Williams,braunjesse@example.org,Other,West Jenniferfort,03-09-2025
U006273,Anthony Bush,gkey@example.org,Female,New Andrewville,26-10-2024
U006274,Grace Daniels,michaeljones@example.net,Male,Saraburgh,06-02-2025
U006275,John Kerr,sean88@example.org,Other,Markville,05-04-2025
U006276,Tyrone Rodriguez,jasonmartinez@example.com,Other,East Kathleen,19-02-2025
U006277,Eric Farmer,janekirby@example.com,Male,Christopherborough,13-01-2025
U006278,Thomas Watson,justin40@example.com,Female,Tomstad,26-08-2025
U006279,Kenneth Rodriguez,robertflowers@example.org,Other,Johnsonburgh,11-05-2024
U006280,Kevin Mendez,ramirezdaniel@example.net,Male,Hancockfort,10-05-2025
U006281,Stephen Cunningham,vpotter@example.org,Male,Hermantown,13-07-2025
U006282,Kimberly Edwards,matthew94@example.org,Other,Hensleybury,07-07-2024
U006283,Shawn Martin,ssweeney@example.net,Male,Jamesberg,14-11-2024
U006284,Joshua Avery,martinerik@example.net,Female,Shariport,23-06-2024
U006285,Dana Allen,sandrawilliams@example.net,Male,Port Douglasstad,20-03-2025
U006286,William Young,julie02@example.net,Male,Pruitthaven,06-05-2025
U006287,Michael Romero,bjohnson@example.net,Male,Austinborough,23-09-2025
U006288,Troy Spencer,jwhitaker@example.org,Male,Copelandfort,08-11-2025
U006289,David Sanders,riverasabrina@example.net,Other,North Amy,17-09-2024
U006290,Elizabeth Frank,valerie50@example.net,Female,Kristenmouth,16-01-2024
U006291,Cassie Ortiz,sanchezmark@example.net,Male,South Tiffany,04-02-2025
U006292,Charles Douglas,brownkelli@example.org,Male,Drakestad,01-09-2025
U006293,Edward Mercado,vwebb@example.com,Male,New Christinahaven,16-06-2024
U006294,Barbara Cox,charlesbecker@example.org,Male,Joanport,01-08-2024
U006295,Valerie Brown,jason39@example.net,Other,New Amanda,08-08-2024
U006296,Kristy Murray,williamsspencer@example.org,Other,Arnoldberg,20-09-2024
U006297,Grace Page,fcross@example.org,Female,Morrowborough,10-06-2025
U006298,Scott Steele,maria86@example.net,Other,South Leviside,05-02-2024
U006299,Julia Gonzalez,johnsonmelanie@example.org,Male,East Andrew,21-06-2024
U006300,Gregory Fisher,nfreeman@example.net,Other,South Kimberly,18-07-2024
U006301,Kevin Miller,whitewesley@example.net,Male,New Richard,09-02-2025
U006302,William Smith,mcollins@example.net,Female,Port Natalie,08-05-2025
U006303,Jerry Reed,geoffreyjordan@example.net,Female,Lake Kristenmouth,17-01-2025
U006304,Susan Brewer,taylor36@example.org,Other,Schmidtberg,29-04-2024
U006305,Mark Robinson,devon00@example.org,Female,New Danielleburgh,01-06-2024
U006306,John Smith,aliciamays@example.net,Female,Port Charlesberg,19-09-2025
U006307,Derek Garrett,ibell@example.org,Other,North Anthonyview,23-04-2024
U006308,Rebecca Williams,jane09@example.net,Female,North Cathymouth,15-08-2024
U006309,William Dixon,courtney11@example.com,Female,Lake Isabelville,20-03-2024
U006310,Evan Nash,combsdaniel@example.org,Male,Watersmouth,23-04-2024
U006311,Adrienne Foster,leebrian@example.com,Other,New Alan,11-02-2024
U006312,Cody Jacobs,trevorbarry@example.org,Female,North Joshuaville,25-02-2025
U006313,Jonathan Padilla,frenchlouis@example.com,Female,North Ashleeside,26-07-2024
U006314,Tanya Ryan,matthewcarlson@example.org,Male,Rogersbury,04-06-2024
U006315,Julie Turner,nmendez@example.net,Other,West Isaacbury,19-10-2025
U006316,Shelly Guerrero,thomas09@example.org,Male,Piercestad,12-04-2025
U006317,James Lucas,megan58@example.com,Male,North Amystad,15-05-2025
U006318,Christopher Holden,xbridges@example.com,Other,Sheachester,03-11-2024
U006319,Valerie Murray,rosalesjenna@example.org,Female,West Geraldton,14-09-2025
U006320,Thomas Mccall,jim68@example.org,Female,West Cindymouth,19-06-2024
U006321,Albert Owens,bwu@example.net,Other,North Lorrainemouth,01-01-2025
U006322,Jennifer Murphy,franciskenneth@example.net,Male,West Kevinport,16-06-2024
U006323,Brittany Campbell,ricardothompson@example.org,Other,Codyhaven,11-06-2024
U006324,Madison Ferguson,jacobsloan@example.net,Female,Stacymouth,14-03-2024
U006325,Rachel Berry,stevenruiz@example.net,Female,Davisstad,18-09-2025
U006326,Cassandra Wilcox,brownjamie@example.org,Other,Port Tammy,30-12-2024
U006327,Emily Vasquez,hwade@example.net,Male,New Melissa,15-09-2025
U006328,Brian Maxwell,brandon09@example.net,Female,Port Robertburgh,09-02-2024
U006329,Anthony Osborn,ricky66@example.org,Male,Nicoletown,09-03-2025
U006330,Ashley Mayer,lisafigueroa@example.net,Other,Port William,11-10-2024
U006331,Carla Gonzalez,anthony04@example.org,Other,East Yvonneville,09-06-2025
U006332,Erin Gould,iwest@example.org,Female,Hudsonmouth,07-10-2024
U006333,Antonio Singleton,rachel30@example.org,Female,West David,04-06-2025
U006334,Toni Campbell,greennathan@example.com,Other,East Jamesbury,31-07-2025
U006335,Tara Webster,jenna71@example.com,Male,Howardborough,17-06-2025
U006336,Cory Burch,smithjonathan@example.net,Male,New Edward,15-07-2025
U006337,Margaret Miller,thomastina@example.org,Other,Lindsayfurt,02-01-2025
U006338,Glenn Webb,kjennings@example.com,Male,Edwardsmouth,02-10-2025
U006339,Katherine Hamilton,datkinson@example.org,Female,Cooperhaven,12-03-2024
U006340,Jennifer Erickson,bridget23@example.org,Other,Danieltown,02-11-2024
U006341,Wendy Grant,fhunt@example.org,Male,Meganland,22-08-2025
U006342,Brian Barker,hcoleman@example.com,Female,Wardhaven,11-09-2025
U006343,Kimberly Mercado,lindaflowers@example.org,Female,Jonesmouth,28-02-2024
U006344,Stephanie Peterson,mcclainmax@example.com,Other,New Darryl,22-02-2024
U006345,Sue Moore,dadams@example.net,Female,West Sarah,03-04-2025
U006346,Jamie Brown,gwendolyn59@example.net,Male,North Williammouth,05-07-2024
U006347,Lee Kim,lawrenceperkins@example.org,Other,New Rogerhaven,15-03-2024
U006348,Bruce Mcdonald,angelacohen@example.com,Female,Jesustown,18-05-2024
U006349,David Long,aliciastevens@example.org,Male,West Ashley,13-03-2024
U006350,Christopher Bishop,kylenichols@example.com,Female,Williamsbury,31-10-2024
U006351,Jennifer Ferguson,xanderson@example.org,Female,North Robinfort,10-03-2024
U006352,Shirley Ingram,dennis71@example.net,Other,South Alyssachester,13-03-2024
U006353,Michelle Graham,qdiaz@example.org,Female,Isaiahshire,16-10-2024
U006354,Bryan Petersen,brandy73@example.com,Female,Michaelfort,27-02-2024
U006355,Erik Miller,kevintran@example.com,Male,Bowmanport,29-10-2025
U006356,Michael Calderon,davidwright@example.org,Female,East Brandifurt,21-02-2024
U006357,John Garza,jacksonlauren@example.org,Female,Hamiltonburgh,25-12-2024
U006358,Allen Patrick,carrillodawn@example.org,Male,Anthonybury,02-05-2024
U006359,Robert Potter,lori49@example.org,Female,Castrochester,09-05-2024
U006360,Joshua Henry,susanrivera@example.org,Other,Stephaniestad,21-11-2024
U006361,Kathleen Graham,thomas76@example.org,Female,Cesarburgh,04-07-2024
U006362,Christopher Porter,ldavis@example.net,Female,Josephburgh,07-09-2025
U006363,Ann Aguilar,shelbythompson@example.com,Female,North Kyleshire,17-03-2025
U006364,Stephanie Schmitt,vickie71@example.org,Female,North Scottland,11-04-2025
U006365,Brad Williams,josephsanchez@example.net,Female,Littlefurt,18-09-2024
U006366,Tammy Gonzalez,beckypierce@example.net,Male,Catherineton,19-04-2025
U006367,Alyssa Pugh,william46@example.com,Other,North Michellehaven,04-09-2024
U006368,Jesse Nelson,pottercarolyn@example.net,Male,Tracyhaven,03-01-2024
U006369,Kathleen Foster,ratkinson@example.com,Other,North Anna,19-02-2024
U006370,David Long,cwright@example.com,Other,Peterhaven,26-01-2024
U006371,Veronica Mendez,alvarezterri@example.com,Male,Lake Tonyaland,27-10-2025
U006372,Michael Carter,markkelley@example.com,Male,East Susanfort,06-11-2024
U006373,Mary Oconnor,jamesjohns@example.com,Other,Lake Amber,17-01-2024
U006374,Gary Martinez,madisonshaw@example.org,Female,Lake Angelafort,29-07-2025
U006375,Denise Williams,wking@example.org,Male,Martinview,09-07-2024
U006376,Susan Guerrero,uwilliams@example.net,Other,West Nicholas,24-05-2024
U006377,Brittany Hill,justinolson@example.org,Female,South Justin,22-10-2025
U006378,Walter Wright,jeffreyfrancis@example.org,Female,Williamsborough,23-11-2024
U006379,Edward Griffin,pgarcia@example.com,Male,West Erin,03-05-2024
U006380,Charles Bryant,hansonlinda@example.net,Male,Lake Lauraland,04-04-2025
U006381,Autumn Barajas,keithkent@example.net,Other,West Daniel,06-05-2025
U006382,Carol Zavala,lisa75@example.org,Male,New Heather,04-08-2025
U006383,Anthony Harvey,ntate@example.net,Female,Port Anthonyburgh,04-06-2024
U006384,Rick Gonzales,maria45@example.com,Male,Kaylaport,21-02-2025
U006385,Jessica Thomas,fmorse@example.org,Male,Hartburgh,13-07-2024
U006386,James Owen,jamesnunez@example.com,Female,Littlebury,25-06-2025
U006387,Matthew Hall,tiffanyjones@example.com,Female,Jasonberg,02-12-2024
U006388,Robert Reed,nneal@example.com,Male,Lozanomouth,11-08-2025
U006389,Tim Nicholson,pearsonjeffrey@example.org,Other,East Michael,24-01-2024
U006390,Cynthia Robles,andre35@example.net,Other,Danielton,24-04-2024
U006391,John Green,woodardscott@example.net,Other,North Sarah,28-04-2025
U006392,David Johnson,iperez@example.org,Other,Lake Russell,10-03-2025
U006393,Suzanne Sanders,jsoto@example.net,Female,Fishertown,25-10-2025
U006394,Allen Dean,iroman@example.net,Female,Langhaven,28-05-2025
U006395,Lawrence Patterson,johnstoncolleen@example.com,Female,North Taraberg,07-08-2025
U006396,Alicia Perkins,alicialee@example.org,Female,East Sarah,26-02-2025
U006397,David Ball,melanie63@example.net,Other,North Heather,09-09-2024
U006398,John Mays,abbottmary@example.org,Other,East Joel,25-02-2024
U006399,Philip Massey,petersendoris@example.com,Male,Parkerville,17-04-2025
U006400,Matthew Vang,scarter@example.net,Female,Sandramouth,01-11-2025
U006401,Dylan Howell,sara97@example.net,Male,South Brenda,17-02-2025
U006402,Alexis Campbell,gonzalezethan@example.org,Other,Port Allisonside,05-02-2024
U006403,Savannah Lopez,harrisvalerie@example.net,Male,Sancheztown,28-07-2024
U006404,Jason Holmes,craigmartin@example.net,Male,West Morganview,23-10-2025
U006405,Natalie Cardenas,joanmartinez@example.org,Male,North Elizabethfort,20-04-2024
U006406,Vanessa Hansen,jenniferjackson@example.org,Female,North Connorstad,11-04-2024
U006407,Adam Perry,yorkcarol@example.net,Female,Annatown,01-06-2025
U006408,Emily Moore,perkinsemily@example.com,Other,Anthonychester,11-07-2024
U006409,John Bonilla,morrisonkyle@example.org,Male,New Jessicaview,03-04-2025
U006410,Robin Reyes,frankmiller@example.com,Female,Lake Erika,05-04-2024
U006411,Sherry Shepherd,jeremyanderson@example.com,Other,Benjaminview,09-01-2024
U006412,Lisa Knapp,christophervilla@example.net,Female,Julieborough,12-09-2025
U006413,Albert Mayo,tmiller@example.net,Female,Shahfurt,09-11-2025
U006414,Anthony Washington,qwatson@example.net,Female,South Jason,01-06-2024
U006415,Madison Garcia,kristinmendez@example.net,Female,North Douglasmouth,22-03-2024
U006416,Angela Martinez,sarahhall@example.com,Other,Taylorview,17-07-2025
U006417,Donald Anderson,regina22@example.com,Other,Charlesville,02-11-2025
U006418,Joshua Mcbride,patriciacox@example.com,Female,Karimouth,25-06-2024
U006419,Jessica Powell,michaelmartinez@example.com,Female,West Gerald,15-10-2024
U006420,Larry Cooley,helenbradley@example.org,Male,South Cassandraview,20-01-2024
U006421,Stacey Smith,margaretlong@example.net,Female,Carterside,23-09-2024
U006422,Crystal Garcia,talvarado@example.net,Male,Wilsonview,24-08-2024
U006423,Laurie Sutton,kristen97@example.com,Female,Turnerchester,02-12-2024
U006424,Samantha Richardson,whitestephanie@example.com,Other,Wolfechester,20-01-2025
U006425,Karen Holder,martincarter@example.com,Other,Grayport,24-02-2025
U006426,Shannon Hansen,billyrodriguez@example.com,Male,Huntstad,20-07-2024
U006427,Michelle Arellano,youngdavid@example.com,Other,Port Brandon,25-09-2025
U006428,Julie Perez,eric70@example.com,Other,Taylorfort,15-07-2024
U006429,Andrea Clay,thomasjulie@example.org,Other,West Jameston,06-11-2024
U006430,Todd Cunningham,bowendana@example.org,Other,Port Michaelborough,21-09-2025
U006431,Wayne Parker,mitchell06@example.org,Other,Martinezville,03-05-2024
U006432,James Larson,justin80@example.com,Male,Colefurt,04-02-2024
U006433,Tammy Taylor,ortegatheresa@example.net,Female,Morrisfurt,04-07-2024
U006434,David Morales,robin37@example.org,Female,Frankland,26-08-2024
U006435,David Thomas,zgonzales@example.net,Female,Salinastown,21-06-2025
U006436,Alyssa Nelson,brian93@example.com,Other,Rossborough,05-01-2024
U006437,Diana Lopez,marie33@example.com,Other,South Ericborough,18-12-2024
U006438,Robert Anderson,sotoantonio@example.org,Female,Youngfurt,03-12-2024
U006439,Amanda Allen,pdavenport@example.com,Other,Smithtown,13-10-2024
U006440,Patrick Reynolds,rogersbrittany@example.org,Female,New Bethshire,02-07-2024
U006441,Tiffany Adams,delgadopaul@example.com,Male,East Kristymouth,01-11-2025
U006442,Anna Hernandez,donaldnguyen@example.com,Female,Beasleyville,20-02-2025
U006443,Jose Cooper,boydstephanie@example.org,Other,Reyesbury,28-02-2025
U006444,Joseph Perkins,mckinneyoscar@example.org,Female,Knightville,11-10-2024
U006445,Rachael Gonzalez,ugonzalez@example.org,Female,West Elizabethborough,16-06-2024
U006446,Kathleen Scott,lisa81@example.com,Other,Brendaview,01-05-2024
U006447,Cody Murphy,cynthiaortiz@example.org,Male,Tiffanyville,11-10-2024
U006448,Steven Pearson,mccoyhannah@example.net,Male,Ashleymouth,04-09-2024
U006449,Nicole Spence,hendersonelizabeth@example.net,Other,East Mauriceton,23-03-2025
U006450,Eric Jensen,stephaniebaker@example.net,Female,Jonesfort,25-09-2024
U006451,Robert Bailey,ccabrera@example.org,Female,East Meaganshire,05-02-2024
U006452,Christine Hull,pturner@example.com,Other,Lake Kyleside,24-05-2025
U006453,Anthony Powell,tjones@example.com,Other,Taylorchester,07-10-2024
U006454,Michael Taylor,carl28@example.net,Other,East Patrickville,13-11-2025
U006455,Lisa Hill,lisamorse@example.net,Female,Victorfurt,22-06-2025
U006456,Adrienne Mercado,robertrose@example.net,Male,Rachelside,04-02-2025
U006457,Joshua Gross,rebekahjennings@example.org,Male,Lake Danaberg,15-01-2024
U006458,Shannon Hess,griffinjoseph@example.org,Male,North Tara,29-09-2025
U006459,Tiffany Reed,carlos36@example.net,Female,South Crystal,21-02-2025
U006460,Jason Ayala,brenda60@example.com,Male,Lake Williammouth,09-06-2025
U006461,Sarah Rodriguez,sandrarobinson@example.org,Female,Savannahbury,07-10-2025
U006462,Michael Mcgrath,lroth@example.net,Female,Sototown,24-02-2024
U006463,Claire Garrett,christianatkins@example.org,Other,South Donnamouth,25-06-2024
U006464,Brandi Wiggins,john28@example.com,Female,Meaganland,18-07-2025
U006465,Mary Beck,amandahorton@example.net,Other,Jamestown,27-09-2025
U006466,Ashley Miller,rperry@example.org,Female,Robinsontown,26-10-2024
U006467,Brett Mullins,dylanduncan@example.com,Other,North Darinburgh,04-02-2025
U006468,Sarah Miller,cfernandez@example.com,Other,East Ruth,30-07-2025
U006469,Audrey Ware,gibsonedward@example.net,Female,South Robertstad,12-03-2024
U006470,Elizabeth Simmons,jesus00@example.org,Female,Vegafort,15-03-2025
U006471,Casey Taylor,owallace@example.net,Female,Jonathonborough,26-02-2024
U006472,Holly Soto,edavis@example.net,Female,Garzaville,09-04-2025
U006473,Kimberly Lester,hunterbarbara@example.net,Other,North Sarah,27-08-2025
U006474,Erica Hill,ericperkins@example.com,Other,Moralesville,24-08-2025
U006475,Robert Martinez,steven01@example.org,Other,North Sarah,05-10-2024
U006476,Jerry Arnold,wmorales@example.net,Female,Vancemouth,29-06-2025
U006477,Mark Martin,leechad@example.org,Female,Burnettland,04-11-2025
U006478,Theresa Davila,deborahhernandez@example.com,Male,West Mary,13-11-2024
U006479,Anthony Dunlap,cheyenne31@example.org,Male,Lake Michaelton,30-06-2025
U006480,Carmen Munoz,colleenlawrence@example.org,Male,Alexandrachester,21-01-2024
U006481,Gabrielle Davis,nicoleodonnell@example.org,Male,Marshallland,05-03-2024
U006482,Brittany Martin,jennifer93@example.net,Other,Franklinfurt,08-02-2024
U006483,Diane Morris,jessica68@example.org,Male,Cruzborough,03-06-2024
U006484,Jennifer Williams,michellehall@example.org,Other,Chanstad,01-09-2025
U006485,Karen Johnson,riveraheather@example.net,Female,Lake Kristinafort,23-11-2024
U006486,Amber Lewis,afox@example.org,Other,Heatherport,23-08-2025
U006487,Rachel Davenport,shane31@example.org,Other,East Victoriachester,28-09-2024
U006488,Chelsea Ramos,thomaswallace@example.org,Other,Alexandraland,15-10-2025
U006489,Nathan Anderson,sheltonmichael@example.net,Male,Bradleyview,30-04-2024
U006490,Alec Estrada,andrea66@example.net,Male,Saraburgh,04-11-2024
U006491,Erik Scott,monicalopez@example.net,Male,West Anthony,31-10-2024
U006492,Jacob Cherry,taylornicole@example.net,Female,Jamesmouth,06-08-2025
U006493,Julie Edwards,rodriguezedgar@example.net,Male,New Kenneth,12-03-2024
U006494,David Vaughn,brownashley@example.org,Male,South Margaretview,30-07-2024
U006495,Rebecca Bradley,donaldknight@example.org,Male,North Brittanychester,02-03-2025
U006496,Mary Hayes,paigedean@example.org,Female,Lanebury,29-08-2025
U006497,Jennifer Schneider,jford@example.net,Other,Nelsonfurt,27-06-2025
U006498,Jason Smith,xthomas@example.net,Male,Bridgesburgh,28-10-2024
U006499,Brenda Frazier,timothyfloyd@example.net,Male,South Joyview,20-02-2024
U006500,Phillip Thompson,therring@example.com,Female,Cantuborough,11-10-2025
U006501,Michael Christian,flee@example.org,Other,West Keith,07-04-2025
U006502,Lawrence Reyes,luis44@example.org,Male,East Frankside,22-02-2025
U006503,Julie Randolph,harrisvincent@example.org,Male,Lake Jenny,16-03-2024
U006504,Austin Carter,qvega@example.com,Female,Arthurberg,01-03-2025
U006505,Kimberly Spears,changdaniel@example.com,Other,Garciafort,15-07-2024
U006506,Samantha Fernandez,angela52@example.com,Male,Hortonland,27-09-2025
U006507,Rebecca Snyder,owensjessica@example.org,Male,Millerbury,02-09-2024
U006508,Kevin Mcbride,xrandall@example.org,Other,East Paul,08-05-2024
U006509,Tina May,fhart@example.org,Female,East Anthonybury,15-03-2025
U006510,Paul Yates,blawrence@example.net,Female,Warrenfurt,08-11-2025
U006511,Noah Davis,caleb82@example.com,Male,Beverlyton,28-04-2024
U006512,Jason Martin,lutzdevin@example.org,Male,North Lisa,07-02-2024
U006513,Christine Wallace,lawsonrichard@example.org,Other,Robinsonchester,25-03-2024
U006514,Marie Stuart,angelagreen@example.com,Female,Stoneland,20-11-2024
U006515,Vincent Ramirez,kevin51@example.org,Female,South Danielfurt,18-07-2025
U006516,Thomas Wright,rodriguezjoseph@example.net,Other,Webbstad,16-12-2024
U006517,Michele Franklin,katherinekent@example.com,Male,Lake Dustinstad,26-12-2024
U006518,Jesus Robbins,garzapaige@example.net,Male,South Walter,11-02-2025
U006519,Joseph Wilson,millerjessica@example.net,Other,Jonestown,11-09-2025
U006520,Carl Taylor,timothystewart@example.net,Male,Jamesshire,05-02-2025
U006521,Jacqueline Bray,obaldwin@example.com,Male,Port Eric,29-06-2025
U006522,Lisa Cowan,ryanperry@example.com,Male,Lewisland,30-05-2025
U006523,Dean Harris,toddaustin@example.com,Other,West Benjamin,28-06-2024
U006524,Charles Harmon,uthomas@example.com,Female,Grahamfort,25-09-2025
U006525,Michelle Parker,veronica13@example.org,Female,South Richardton,27-12-2024
U006526,Chloe Valencia,christinacook@example.org,Female,Monicatown,10-05-2025
U006527,Brett Sandoval,moralescharles@example.com,Female,Michellestad,15-02-2025
U006528,Susan May,evelynthomas@example.org,Other,South Marcus,14-04-2025
U006529,Joanna Welch,ericlopez@example.com,Female,East Timothyview,17-08-2024
U006530,Sherry Weeks,meredith68@example.org,Other,Cervantesview,06-09-2025
U006531,Alicia Abbott,salinasjason@example.org,Female,Littleland,05-05-2025
U006532,Mark Torres,gutierrezshelly@example.org,Male,Aliciafort,30-01-2024
U006533,Emily Mitchell,schultztyler@example.com,Other,West Katelynstad,21-02-2025
U006534,Andre Rivera,kgreen@example.com,Other,Port Kimberly,07-11-2025
U006535,Kevin Salinas,rcollins@example.net,Male,Port Justinborough,04-05-2024
U006536,Kelly Morris,josephmegan@example.org,Other,Lake Gregoryberg,30-09-2024
U006537,Erin Kaufman,mvasquez@example.net,Other,South Nicholas,13-04-2024
U006538,Melissa Mccullough,wukristin@example.net,Female,Port Kevinton,25-07-2024
U006539,Janet Price,agarcia@example.net,Other,Lake Suzanne,02-01-2025
U006540,Darren Jones,lorettajames@example.com,Other,Timothyland,17-07-2025
U006541,Glenn Romero,rtucker@example.com,Other,Kylefort,26-04-2024
U006542,Amber Cunningham,perezcarrie@example.com,Other,New Brianchester,03-07-2025
U006543,Jessica Wolf,logangraves@example.net,Female,Garciaburgh,06-04-2024
U006544,Brenda Bradshaw,acostasarah@example.org,Other,West Kristi,15-11-2024
U006545,Matthew Herring,courtneyball@example.com,Other,East Michellechester,02-02-2025
U006546,Gregory Sandoval,uhoffman@example.com,Other,Caseyton,02-10-2024
U006547,Karen Smith,zacharyrivera@example.com,Other,North Maryville,30-07-2025
U006548,Anthony Howard,kimberlyrich@example.com,Female,Moniqueview,11-03-2025
U006549,Steven Ho,flambert@example.net,Female,Calvinton,07-05-2025
U006550,Michael Marks,usullivan@example.com,Female,Port Stacytown,01-08-2024
U006551,Johnny Hanson,eric05@example.net,Other,Lake Joycestad,29-04-2025
U006552,Jessica Cruz,delacruztodd@example.net,Male,North Davidborough,22-07-2025
U006553,Jose Ferguson,robertgordon@example.org,Male,Michaelside,23-02-2024
U006554,Veronica Elliott,zmurphy@example.org,Female,Reedfort,22-08-2024
U006555,Brian Jenkins,justin32@example.net,Female,Lake Sarahside,27-01-2024
U006556,Christopher Williams,rthompson@example.org,Female,Jessicachester,01-03-2024
U006557,Patrick Nguyen,smithkayla@example.org,Female,Scottshire,03-03-2024
U006558,David Hernandez,harveysarah@example.net,Female,Johnsonfort,14-04-2025
U006559,Gabrielle West,coxkristi@example.com,Male,Taylorborough,15-11-2024
U006560,Justin Perry,tabbott@example.net,Female,Lake Julianmouth,28-01-2025
U006561,Laura Harvey,rileydavid@example.net,Male,New Lawrenceton,08-11-2024
U006562,Andrew Lewis,peterglenn@example.com,Male,Lake Heather,02-09-2024
U006563,Brian Davis,anthonymcdonald@example.org,Other,East Aaron,16-05-2025
U006564,Joshua Webb,nbarnes@example.net,Male,Spencerside,11-10-2025
U006565,Sean Smith,christopher80@example.net,Female,North Terryberg,21-09-2025
U006566,Christina Hamilton,gregorycarrillo@example.net,Female,Michaelmouth,05-09-2025
U006567,Shane Mcmillan,james49@example.org,Female,Romanland,31-07-2025
U006568,Brian Delgado,lisa05@example.net,Other,Lake Jeffrey,30-03-2025
U006569,Laura Monroe,john74@example.com,Male,Brianborough,30-09-2025
U006570,Angelica Rogers,williamgriffith@example.com,Other,West Toni,02-10-2024
U006571,Caleb Cox,robert16@example.com,Female,South Stacyport,24-02-2024
U006572,Jeremy Horne,kenneth69@example.com,Female,Coryhaven,24-05-2024
U006573,Melissa Grant,athomas@example.org,Female,North Bryan,06-04-2024
U006574,Dylan Maldonado,michelle11@example.com,Male,Wilsonstad,06-07-2025
U006575,Roy Henry,zimmermanlaura@example.org,Female,North Matthewville,26-04-2025
U006576,Laura Carpenter,lorireese@example.org,Female,Smithshire,07-06-2025
U006577,Theodore Grimes,michael31@example.org,Other,Lake Melissa,04-12-2024
U006578,Kayla Meyer,mlee@example.com,Male,East Jeffreyfort,03-01-2025
U006579,Nicholas Cole,john70@example.net,Male,Kingberg,16-08-2025
U006580,Robert Romero,carlos03@example.org,Other,North Kimberly,03-04-2024
U006581,Kevin Anderson,ambermiller@example.com,Female,Brianberg,14-11-2025
U006582,Joseph Cooper,jking@example.com,Male,Ashleyberg,22-11-2024
U006583,Rachel White,ruizjoshua@example.net,Female,West Emilyfurt,07-12-2024
U006584,Mallory Baldwin,tonyawalsh@example.com,Other,Jamesville,21-04-2024
U006585,Kathryn Stevenson,dhamilton@example.com,Female,Lake Mirandatown,02-06-2025
U006586,Angela Odonnell,cweaver@example.org,Female,South Duanestad,19-05-2025
U006587,Amanda Baker,sestes@example.com,Male,North Bruceview,19-04-2025
U006588,John Davis,davidmarquez@example.com,Male,Brandyburgh,15-04-2025
U006589,Scott Phillips,kimberly50@example.org,Other,West Timothy,31-05-2024
U006590,Susan Richards,jenniferlopez@example.com,Other,Lake Thomas,23-03-2025
U006591,Kimberly Moore,eblake@example.com,Other,Amybury,17-03-2025
U006592,David Howard,morrisjeremy@example.com,Female,Michaelhaven,03-06-2025
U006593,Ashley Garcia,robinsonjoseph@example.com,Female,Joshuashire,19-08-2024
U006594,Michelle Peters,janetblake@example.org,Male,Port Michelleland,27-08-2024
U006595,Brian Patel,dustinhuff@example.org,Female,North Melissa,01-06-2024
U006596,Craig Hull,wbarnes@example.org,Male,Clarkville,10-06-2025
U006597,Earl Little,jefferydavis@example.com,Female,Sarahberg,13-03-2025
U006598,Cody Riddle,wcampbell@example.net,Other,Jonestown,22-03-2025
U006599,Alexandra Johnson,moniquestokes@example.org,Male,New Sarahchester,31-08-2024
U006600,April Rios,melinda93@example.com,Other,East Nancy,07-10-2024
U006601,John Mendez,paulayala@example.net,Other,Josephport,14-06-2024
U006602,Michael Frederick,alexisturner@example.net,Other,Brettborough,21-10-2024
U006603,Steven Miller,donnaharvey@example.org,Other,Lamburgh,12-04-2024
U006604,David Lopez,billaustin@example.com,Female,Thomasberg,11-10-2024
U006605,Arthur Smith,kendrasmith@example.net,Female,Brandonstad,20-08-2024
U006606,April Martin,timothyshelton@example.net,Other,Brittanybury,02-10-2025
U006607,Troy Rich,qwagner@example.com,Other,West Brian,26-08-2025
U006608,Amber Lozano,agonzales@example.net,Other,Port Timothy,28-08-2024
U006609,James Knight,jgiles@example.net,Female,East Rileyville,06-03-2025
U006610,Bailey Ray,gabrielle50@example.org,Female,East Victoria,30-04-2025
U006611,Dustin Thompson,terri97@example.org,Male,West Brandon,26-11-2024
U006612,Donald Richardson,randyparker@example.com,Male,Nortonmouth,13-04-2024
U006613,Kelly Hudson,david83@example.com,Male,New Bettyhaven,29-09-2025
U006614,Alexandria Padilla,willisjames@example.org,Male,Georgeport,22-09-2025
U006615,Alison Dillon,wguerra@example.org,Female,Marybury,18-07-2024
U006616,Carl White,marc50@example.org,Male,North Amy,14-02-2025
U006617,Steven Gonzalez,dbooth@example.net,Other,South Sylvia,16-04-2025
U006618,Stephanie Ali,deanmoody@example.net,Female,Nancyhaven,20-11-2024
U006619,Crystal Clark,jasminehanson@example.net,Other,Aliciachester,12-06-2025
U006620,Joseph Moyer,gjohnson@example.net,Female,East Philip,14-11-2024
U006621,Gina Wilson,uoconnor@example.org,Female,Zunigaton,18-05-2025
U006622,Kelly Cordova,fergusonwilliam@example.org,Other,Nunezstad,15-04-2025
U006623,Teresa Miller,blackwelljoshua@example.net,Other,Westborough,19-02-2024
U006624,Sean Myers,isingh@example.com,Female,Paulland,16-06-2025
U006625,Tara Bryant,jacksonstephen@example.net,Male,Christinefort,11-02-2024
U006626,Melissa Flores,jeffreygreene@example.com,Female,South Austin,17-10-2024
U006627,Justin Davidson,robert23@example.org,Male,New Meagan,03-03-2025
U006628,Daniel Jimenez,johnsonshaun@example.net,Male,Darleneton,05-04-2025
U006629,Brenda King,teresa30@example.com,Male,Markberg,20-05-2025
U006630,Austin Smith,christina20@example.com,Other,Lucaston,03-10-2025
U006631,James Fleming,robertsalinas@example.org,Male,North Tyler,06-08-2025
U006632,Jim Crawford,jbuchanan@example.net,Male,Kimberlyfurt,08-08-2025
U006633,Crystal Gomez,ibishop@example.net,Male,Port Heatherborough,10-03-2024
U006634,Margaret Cohen,mckenziebrett@example.net,Female,Lake Karen,09-05-2024
U006635,John Lowe,carterandrew@example.org,Female,West Jasonton,11-09-2024
U006636,Linda Morton,martinmegan@example.org,Male,Mcclainside,10-11-2025
U006637,Gary Vazquez,johnrobinson@example.com,Other,Devinberg,06-10-2025
U006638,Jamie Keller,hbecker@example.org,Female,Thompsonville,02-06-2025
U006639,Stephanie Alvarez,denise57@example.org,Other,Colemanland,13-05-2025
U006640,Nicole Ortiz,brian21@example.com,Male,North Rebecca,16-04-2025
U006641,David Phelps,zavalajulie@example.com,Male,Marchaven,15-09-2024
U006642,Angel Armstrong,schwartzkristin@example.com,Male,Davidville,07-05-2024
U006643,Kyle Russell,kristasmith@example.org,Male,Lake William,06-11-2025
U006644,Lisa Short,colleenjackson@example.net,Male,Lake Oscar,18-11-2024
U006645,Mary Harper,james42@example.com,Female,South Brianborough,28-10-2024
U006646,Levi Ferguson,gregorydavid@example.com,Male,Wendyview,08-07-2025
U006647,Christine Callahan,jdavis@example.net,Female,West Kaylaland,17-01-2025
U006648,Yolanda Eaton,guerreropaul@example.org,Female,South Hannahton,11-03-2024
U006649,Derrick Duncan,aruiz@example.net,Female,Gonzalestown,28-04-2025
U006650,Ashley Lee,ulindsey@example.net,Female,Lake Mary,12-05-2024
U006651,Michael Alexander,weaverscott@example.com,Female,South Scottmouth,06-01-2025
U006652,Kelly Johnston,jking@example.org,Female,Kimberlyshire,16-08-2024
U006653,Daniel Ferguson,nguyenamanda@example.net,Other,Smithborough,21-09-2024
U006654,Deanna Moore,johnwilliams@example.org,Male,Mooreport,26-04-2025
U006655,Johnathan Rodriguez,dustin73@example.net,Female,North Carloshaven,16-12-2024
U006656,Theresa Allen,heatherwhite@example.com,Male,West Donnamouth,14-07-2025
U006657,Sonya Glenn,osaunders@example.net,Male,East Dakotafurt,16-01-2025
U006658,Kimberly Combs,landrykim@example.net,Male,Dawnside,24-01-2025
U006659,Stephen Mcguire,jeremy90@example.net,Female,Courtneyborough,20-06-2024
U006660,Christine Friedman,vzimmerman@example.net,Female,Brownmouth,07-07-2024
U006661,Jessica Bradshaw,sierrafuller@example.org,Male,Nicholasmouth,04-05-2025
U006662,Lindsey Moore,cortezheather@example.com,Other,New Barbaraview,23-08-2025
U006663,Robin Goodwin,meaganthompson@example.org,Female,Burnsmouth,30-05-2024
U006664,Frank Glover,sandra41@example.org,Male,Jeffreytown,21-04-2025
U006665,Daniel Park,ballardjames@example.com,Male,Whitechester,23-10-2025
U006666,Kayla Hernandez,jonathanpreston@example.com,Female,Port Ashleychester,17-03-2025
U006667,Michael Chavez,lthomas@example.org,Female,Deanstad,17-11-2024
U006668,Michael Holt,cbautista@example.com,Male,North Franciscotown,06-04-2025
U006669,Michael Franco,michael30@example.net,Male,Andrewview,25-01-2024
U006670,Norma Harris,alvarezrebecca@example.net,Other,East Michael,16-05-2024
U006671,Gregory Jackson,john23@example.net,Male,New Brittany,22-03-2025
U006672,Thomas Johnson,tommybentley@example.net,Female,New Ryanshire,07-03-2024
U006673,Amy Silva,kayla34@example.net,Female,Shellyfort,07-07-2025
U006674,Christian Davenport,brian38@example.com,Male,Port Michealhaven,20-04-2025
U006675,Adam Melton,bradleylisa@example.net,Other,Robinsonbury,13-11-2024
U006676,Mark Bradley,brett62@example.org,Male,West Joshua,21-05-2025
U006677,Tammy Goodman,sherrytran@example.net,Male,East Tammy,06-04-2025
U006678,Erin Tucker,markwarren@example.com,Female,New Cristina,23-05-2024
U006679,Sarah Guzman,ashley81@example.com,Other,West Shirleymouth,07-07-2025
U006680,Matthew Freeman,lturner@example.com,Male,North Benjamin,15-02-2024
U006681,Kelly Johnson,ibrown@example.net,Other,West Saraside,12-06-2024
U006682,Chelsea Munoz,rebecca47@example.com,Other,East Cynthia,06-09-2025
U006683,Kelsey Armstrong,williamspears@example.com,Male,North Johntown,07-11-2024
U006684,Shawn Callahan,brittany91@example.net,Female,Larsonmouth,16-05-2024
U006685,Martin Riley,brobinson@example.net,Female,Lake Glenland,15-01-2024
U006686,Stephanie Martin,rebeccarichardson@example.net,Other,Charlesshire,30-10-2025
U006687,Edgar Anderson,robinsonheidi@example.net,Female,Jensenland,07-01-2024
U006688,Ryan Johnson,vazquezbonnie@example.com,Female,Port Johnny,14-01-2025
U006689,Angela Harmon,michael36@example.net,Male,Lake Benjaminstad,24-09-2025
U006690,Monica Smith,kellyskinner@example.net,Other,Port Danielle,16-05-2024
U006691,Jason Mcdaniel,mackthomas@example.net,Other,West Michael,06-07-2025
U006692,Misty Lawrence,masseytamara@example.org,Male,Gibsonport,01-09-2024
U006693,Mary Singleton,christinaanderson@example.net,Other,South Monicatown,06-08-2025
U006694,Rachel Castillo,jacob27@example.org,Other,Foleyburgh,22-03-2025
U006695,Renee Gonzalez,drodriguez@example.org,Other,Hartborough,14-05-2025
U006696,Amy Lopez,buchananwilliam@example.org,Male,Ericmouth,01-06-2025
U006697,Lee Case,michaelthompson@example.org,Female,Lake Kimberly,09-01-2024
U006698,Christine Foster,suzanne40@example.org,Female,Stephenshire,19-08-2024
U006699,Amy Walker,george79@example.org,Other,North Erikaport,29-11-2024
U006700,Matthew Williams,kathryn30@example.org,Female,North Rodneyfurt,24-10-2024
U006701,Denise Lopez,turnermartha@example.net,Male,Erikview,24-06-2025
U006702,Mallory Green,walter50@example.org,Female,South Timothy,14-11-2024
U006703,Andrew Gilbert,jennifermathis@example.net,Male,Patriciaside,21-07-2024
U006704,Paige Morris,gilmorejeremy@example.com,Other,Joshuafurt,09-04-2025
U006705,Corey Martinez,rodgerssara@example.org,Male,Grahammouth,28-07-2024
U006706,Jason Howard,schneidersabrina@example.com,Male,Taylorhaven,20-09-2025
U006707,George Riley,qjensen@example.net,Male,East Ashley,21-05-2025
U006708,Travis Taylor,wilsonmichael@example.org,Other,Woodsview,21-12-2024
U006709,Michael Robinson,ferrellnicole@example.net,Female,West Stephenchester,04-11-2024
U006710,Jessica Caldwell,hcastro@example.org,Female,North Jasontown,20-10-2024
U006711,Alyssa Hurley,qdaniel@example.com,Male,Sullivanmouth,19-10-2025
U006712,Stephanie Woodard,nicole37@example.org,Male,Port Ashleytown,22-07-2024
U006713,Christopher French,angela96@example.org,Female,Robertton,29-07-2024
U006714,Andrea Hall,jeffrey21@example.com,Other,Hallport,09-07-2025
U006715,Tina Keith,gfisher@example.org,Male,Davidbury,03-09-2025
U006716,Matthew Campbell,robyn29@example.net,Female,Susanmouth,12-12-2024
U006717,John Kirby,michaelgraham@example.com,Male,Charlesshire,30-08-2024
U006718,Wendy Ruiz,monica32@example.net,Male,Carrolltown,11-07-2025
U006719,Karen Taylor,davidthomas@example.net,Male,Staffordtown,07-05-2024
U006720,Eric Briggs,aliciabeltran@example.net,Other,Popeburgh,25-03-2025
U006721,Jo Johnson,don61@example.org,Other,Danieltown,11-11-2025
U006722,Paul Aguilar,pwells@example.com,Female,Jacobberg,07-07-2025
U006723,Philip Beck,zruiz@example.net,Other,Dustinmouth,14-06-2024
U006724,Jennifer Marks,kmartin@example.net,Other,Port Jenniferbury,08-01-2025
U006725,Christopher Church,stephanie23@example.net,Male,Port Stephanieside,27-09-2024
U006726,Nicole Perkins,millsashley@example.net,Female,South Kevinmouth,25-10-2024
U006727,Jennifer Barton,tylersmith@example.org,Male,Sarahton,25-04-2025
U006728,James Mathis,annamitchell@example.org,Male,South Nicoleberg,28-04-2024
U006729,Denise Sanchez,ericajones@example.org,Male,Riosshire,01-12-2024
U006730,John Joseph,hjones@example.net,Female,Hernandezbury,15-01-2024
U006731,Anthony Williams,danielssusan@example.com,Male,West Katherineview,19-02-2024
U006732,Todd Johnson,paulamiller@example.com,Other,South Lisafort,14-07-2024
U006733,Nicole Johnson,psalazar@example.org,Other,Jamesfort,17-07-2024
U006734,Dustin Johnson,kathleen62@example.net,Female,Lake Meghanburgh,18-06-2024
U006735,Richard Kent,davidpatel@example.com,Other,Glenville,20-09-2024
U006736,Ryan Wood,sarah39@example.com,Male,Campbellberg,05-10-2025
U006737,Jessica Richards,laurenthomas@example.net,Male,South Jeffrey,22-06-2024
U006738,Jonathan Hoffman,kingrebecca@example.com,Female,Matthewhaven,18-09-2025
U006739,Alex Larson,khenry@example.net,Other,Hintonmouth,21-02-2025
U006740,Ryan Stevenson,clarkejames@example.com,Male,Colliertown,15-03-2025
U006741,Stephen Johnson,mario02@example.com,Other,Thomasberg,13-11-2024
U006742,Jose Jenkins,kristy02@example.org,Other,Fosterfort,17-05-2024
U006743,Susan Avila,alexa34@example.org,Male,Heathermouth,27-01-2025
U006744,Scott Yang,jessemccarthy@example.net,Male,Russellbury,03-10-2025
U006745,Rachel Simmons,tamarasmith@example.com,Female,Tracifort,01-11-2024
U006746,Robert Charles,brian95@example.org,Male,Kramerburgh,05-12-2024
U006747,Christopher Mcmahon,millerdonna@example.com,Female,Taraburgh,26-08-2024
U006748,Donald Barnett,mccoyrichard@example.com,Other,Port Jasminechester,25-02-2025
U006749,Samantha Robinson,angelaaguilar@example.net,Other,East Colleenmouth,25-11-2024
U006750,Susan Ashley,rharris@example.org,Female,Robinbury,18-01-2025
U006751,Tanya Lee,uwarren@example.org,Female,Lisaburgh,04-08-2024
U006752,Rachel Jones,cruzstacy@example.org,Other,Stephensburgh,11-01-2024
U006753,Shawn Hammond,sara76@example.org,Male,West Matthewport,07-04-2025
U006754,Elizabeth Woods,williamturner@example.org,Male,North Mariastad,03-02-2025
U006755,Christopher Baker,ahenderson@example.com,Other,Milesville,02-08-2025
U006756,Paul Cuevas,michael38@example.org,Female,Perezville,23-02-2025
U006757,Scott Soto,samuel03@example.org,Female,South Scottborough,01-02-2024
U006758,John Lane,christian41@example.org,Other,Gibbsstad,17-03-2025
U006759,Marissa Herrera,thompsonkaren@example.org,Male,West Frank,24-11-2024
U006760,Eric Best,wbenitez@example.com,Female,Sarahfurt,06-09-2024
U006761,Jennifer Smith,wilkinscory@example.org,Male,New Stephenborough,07-12-2024
U006762,Sara Beard,agonzalez@example.org,Female,North Alanborough,06-07-2024
U006763,Nathan Cooper,michellecole@example.net,Other,North Lindsaymouth,06-02-2024
U006764,Benjamin Patel,kristiecisneros@example.com,Female,New Susanberg,06-10-2024
U006765,Larry Rodriguez,jose46@example.net,Other,Lake Michaelshire,17-08-2025
U006766,Gary Dennis,ashleycastillo@example.net,Female,Jamesbury,23-04-2024
U006767,Nicholas Lyons,franklinchristopher@example.net,Other,Youngside,09-05-2024
U006768,Sandra Ford,jmontgomery@example.net,Other,Robertfort,20-03-2025
U006769,Ashley Tanner,dmiles@example.net,Female,Patrickhaven,09-05-2025
U006770,Jessica Holmes,jkim@example.org,Male,Dickersonborough,06-07-2025
U006771,Danielle Torres,ytran@example.net,Other,Yvonnehaven,05-11-2025
U006772,Brett Pennington,wagnerlauren@example.org,Male,Leblancville,17-01-2024
U006773,Eric Shepherd,diazjohn@example.net,Other,Cynthiaside,21-05-2025
U006774,Heather Walker,nicholasthompson@example.com,Female,Lake Robin,23-12-2024
U006775,Randy Serrano,dmckinney@example.org,Female,Thomastown,03-05-2024
U006776,Christopher Santiago,monicabonilla@example.org,Other,New Laurachester,28-09-2025
U006777,Kristin Wong,jennysanchez@example.net,Female,South Tracy,25-04-2025
U006778,Ricardo Peterson,jennifer01@example.net,Female,Lewisland,23-09-2025
U006779,George Kirk,monicajackson@example.org,Other,Allenland,02-03-2024
U006780,Elizabeth Sims,whitneycarroll@example.net,Other,Sanchezview,30-11-2024
U006781,Alfred Joseph,ssanchez@example.com,Male,East Kimberly,12-09-2025
U006782,Laura Jordan,edwin96@example.com,Male,New Andre,19-09-2024
U006783,Joshua Stanley,gharris@example.net,Other,East Eddietown,01-08-2025
U006784,Madison Day,chenmaria@example.net,Male,Smithborough,07-01-2024
U006785,Carl Caldwell,perrymoore@example.net,Female,East Amy,18-02-2024
U006786,Jonathan Bright,barkererin@example.com,Female,East Kendra,09-01-2025
U006787,Ann Gonzales,andrew67@example.net,Female,East Donaldbury,10-04-2025
U006788,Sara Paul,rileynicole@example.org,Other,West Sarah,04-11-2024
U006789,Robin Munoz,murphymelissa@example.org,Female,Annborough,01-08-2024
U006790,Lisa Henderson,colonalexander@example.org,Female,New Kyleside,18-04-2025
U006791,Dana Evans,wrightmelissa@example.org,Male,South Stevenshire,22-02-2025
U006792,Denise Suarez,ricky06@example.net,Other,South Michaelland,09-02-2025
U006793,Emily Vasquez,thomas67@example.org,Other,West Melinda,08-04-2024
U006794,Amber Sellers,ecrawford@example.com,Female,New Robert,02-11-2025
U006795,Hannah Zimmerman,uclark@example.com,Other,North Amanda,10-01-2025
U006796,Jessica Dixon,danielmorse@example.net,Male,Port Kimberly,11-11-2025
U006797,Barbara Barton,john42@example.net,Male,West Roberthaven,07-05-2025
U006798,Stephen Durham,randystewart@example.com,Other,Nicoleside,16-01-2024
U006799,Nicholas Santos,lindseyray@example.org,Female,West Courtneytown,29-09-2025
U006800,Martin Smith,davisanne@example.net,Other,Aaronside,18-07-2025
U006801,Gavin Nelson,gthomas@example.com,Male,Bellberg,25-05-2025
U006802,Michael Sanchez,mary15@example.com,Female,East Beth,02-08-2025
U006803,Johnathan Ford,edward58@example.net,Other,New Miamouth,26-06-2024
U006804,Nicole Webster,ffrey@example.net,Male,Rodneystad,24-02-2025
U006805,Rita Rodriguez,njohnson@example.org,Other,Emilyshire,16-09-2024
U006806,Maria Carr,bensonrobin@example.org,Other,Hubbardstad,26-11-2024
U006807,Andrea Walter,sheltonallison@example.org,Female,West Jameston,01-04-2024
U006808,Edwin Hernandez,delgadokimberly@example.net,Male,West Evanchester,29-03-2025
U006809,Amy Daniels,nicoleyoung@example.com,Other,Sandovalshire,27-01-2025
U006810,Scott Guerrero,debra61@example.com,Other,East Davidberg,04-02-2025
U006811,Stephen Rose,hamiltonivan@example.com,Female,Carrfort,04-10-2025
U006812,Pam Martin,nataliefoley@example.net,Other,Kevinport,02-07-2024
U006813,Christopher Bradley,kevin57@example.org,Male,South Kimberlyport,30-09-2024
U006814,Jonathan Haynes,coxjames@example.org,Other,Matthewland,25-02-2025
U006815,Darlene Mcintyre,masseyalisha@example.net,Female,Prattton,15-04-2025
U006816,Brandy Melendez,aconley@example.org,Female,Andersonton,25-07-2024
U006817,Oscar Fleming,chad40@example.net,Female,Robertston,14-11-2024
U006818,Kathy Manning,stephanie51@example.net,Other,New Natalie,18-08-2024
U006819,Kimberly Taylor,laura89@example.net,Female,North Meganchester,10-11-2025
U006820,Justin Brennan,rmartin@example.net,Male,Port Eric,06-07-2025
U006821,Marc Evans,christy33@example.com,Male,Biancaborough,28-06-2025
U006822,Michael Arnold,amydavis@example.com,Other,South Brittanyfurt,01-06-2024
U006823,Katie Reynolds,karenfuller@example.org,Other,Deborahmouth,24-05-2025
U006824,Antonio Taylor,cbates@example.com,Male,East Christopherview,05-10-2024
U006825,Rodney Rios,daltonjennings@example.org,Male,Hernandezport,13-10-2024
U006826,Brittany Donovan,lburton@example.com,Male,West Michael,15-07-2025
U006827,Peter Matthews,allison33@example.net,Male,South Karen,01-04-2025
U006828,Christina Velasquez,eosborn@example.com,Male,Travisstad,16-08-2025
U006829,Jody Berry,esimpson@example.net,Male,Saraview,14-10-2025
U006830,Michael Horton,cmiller@example.net,Male,Chavezport,12-08-2024
U006831,William Garcia,samanthaking@example.org,Female,Melissabury,27-02-2024
U006832,Derek Harper,dennisford@example.net,Male,Leeton,21-10-2025
U006833,Spencer Wilson,rramirez@example.org,Male,Lake Ryan,10-08-2024
U006834,Christine Harrison,ashley39@example.com,Male,Dawnburgh,19-07-2025
U006835,Stephanie Pope,gomezkristi@example.com,Other,North Jasminechester,01-11-2024
U006836,Megan Hansen,zhayden@example.net,Other,Lake Donaldshire,25-09-2025
U006837,David Velasquez,oholland@example.com,Female,Brandonshire,12-10-2024
U006838,Dwayne Stephens,scotthowe@example.org,Other,Port Maria,05-11-2024
U006839,David Dennis,dmolina@example.org,Female,Stephanieport,07-10-2024
U006840,Trevor Navarro,woodwardpatricia@example.com,Other,North Joshua,01-02-2024
U006841,April Taylor,hwashington@example.com,Other,Phillipsburgh,21-04-2024
U006842,Amanda Bray,jaime88@example.com,Other,West Dillon,08-04-2025
U006843,Kimberly Nelson,dmurphy@example.net,Other,Amyshire,26-08-2024
U006844,Jason Patterson,scott59@example.net,Female,Andreaside,12-03-2025
U006845,Steven Lee,barry32@example.net,Male,Michaelside,12-08-2025
U006846,Audrey Thomas,walshtimothy@example.org,Female,East Sharon,15-12-2024
U006847,David Adams,jamescarroll@example.com,Male,Howardbury,24-07-2025
U006848,Scott Daniels,willie45@example.com,Other,Lake Amyfort,24-05-2024
U006849,Alicia Clark,karenvaughn@example.org,Other,New Rickfort,09-03-2025
U006850,Ray Campbell,rebeccamartin@example.com,Male,South Sarahshire,15-06-2025
U006851,Victor Tucker,patellarry@example.org,Male,Rebeccamouth,11-09-2025
U006852,Benjamin Taylor,rryan@example.org,Male,Mollybury,22-07-2025
U006853,John Manning,mercadomaxwell@example.com,Other,Jonesland,21-09-2024
U006854,Brenda Garrison,grossdanielle@example.net,Female,Rhodesborough,24-06-2024
U006855,Brittany Blair,lisa26@example.net,Male,Erinville,12-03-2024
U006856,Holly Krueger,pittmanadam@example.net,Female,North Mario,29-12-2024
U006857,Garrett Contreras,hudsonrobert@example.org,Other,Sandraberg,17-06-2025
U006858,Daniel Le,julia59@example.com,Male,North Kelsey,12-02-2024
U006859,Robert Ruiz,hibarra@example.org,Female,South Heidiside,22-12-2024
U006860,Michael Lee,mary40@example.net,Other,Jeremytown,28-07-2024
U006861,Robert Garcia,jose09@example.net,Other,Gabrielleville,30-09-2024
U006862,Thomas Chen,janderson@example.net,Female,East Jennifer,03-11-2024
U006863,Kristina Castillo,joseph17@example.org,Female,South Kenneth,12-07-2024
U006864,Scott Barber,pgriffin@example.com,Other,North Coryhaven,18-01-2024
U006865,Jennifer Marshall,llozano@example.net,Male,Jamesshire,07-05-2025
U006866,Scott Miller,raven08@example.com,Other,Reyesberg,14-09-2024
U006867,Katie Reed,jackevans@example.com,Female,New Brianhaven,23-08-2025
U006868,Chad Fuller,crystal37@example.org,Other,West Jennifermouth,27-12-2024
U006869,Jacob Brown,bgarner@example.net,Male,Stewartmouth,15-03-2025
U006870,Becky Rogers,eugenejones@example.net,Other,South Robertmouth,18-04-2025
U006871,Melissa Jones,alexandersims@example.com,Male,Lake Elizabeth,20-07-2025
U006872,Michele Shaw,david63@example.org,Female,Millershire,21-06-2025
U006873,John Peterson,kcox@example.com,Male,New Travis,05-03-2024
U006874,Diane Gordon,emily47@example.com,Male,Port Kristin,12-01-2025
U006875,Benjamin Long,mbrown@example.com,Other,Joneschester,11-06-2024
U006876,Timothy Johns,ribarra@example.org,Male,West Samanthaton,12-11-2024
U006877,Ebony Johnston,hernandezdonna@example.org,Male,Woodardberg,23-06-2024
U006878,Anthony Mclaughlin,catherineburke@example.net,Other,Port Sheriland,10-04-2024
U006879,Kenneth Hernandez,mcmillanryan@example.org,Male,Hughesstad,25-05-2024
U006880,Ryan Clark,bmooney@example.org,Other,South Kevin,16-02-2024
U006881,Christopher Hall,christinaramos@example.com,Female,West Pamelatown,15-10-2025
U006882,Colleen Lewis,cgill@example.org,Male,Rubenfort,11-01-2025
U006883,Michael Miller,nataliewilliams@example.org,Male,West Jennifer,20-09-2025
U006884,Joel Williams,shanecooper@example.com,Other,Grahambury,22-02-2025
U006885,Kevin Herrera,tylerarcher@example.com,Other,South Scott,24-01-2025
U006886,Rebecca Hayes,melissamarshall@example.org,Male,New Edwardfurt,09-02-2025
U006887,Cheryl Webb,eharris@example.org,Other,New Jamesville,12-11-2024
U006888,Anthony Tran,butlerbrian@example.org,Other,Williamsmouth,16-08-2025
U006889,Jay Martin,andreagarcia@example.net,Male,Markside,27-09-2024
U006890,Matthew Martin,randerson@example.net,Other,Reedborough,26-06-2024
U006891,Mary Spencer,donnadavis@example.net,Other,New Gary,25-06-2025
U006892,Cheryl Greer,qferguson@example.com,Other,South Robertville,22-10-2025
U006893,Christopher Reed,fgomez@example.com,Female,East Mariostad,08-08-2025
U006894,Laurie Stephens,nunezgina@example.org,Other,Rosstown,12-01-2025
U006895,Melinda Murillo,zcastillo@example.org,Male,East Tamaratown,31-08-2024
U006896,Laura Quinn,amberstark@example.net,Other,Cherrybury,28-01-2024
U006897,Devin Potts,robertmiles@example.org,Other,New Erinfort,03-12-2024
U006898,Shawn Poole,raylisa@example.org,Female,Lake Donnaville,29-03-2025
U006899,Christopher Stephens,nelsontimothy@example.org,Other,Jamesfort,22-10-2024
U006900,Anthony Salazar,william17@example.org,Female,North Brian,31-08-2025
U006901,Sheena Everett,alexis18@example.com,Other,North Deniseburgh,12-05-2025
U006902,Katie Thomas,michaelbeck@example.org,Other,West Chelsea,07-02-2025
U006903,Jason Newman,livingstonerica@example.org,Female,East Markborough,14-04-2025
U006904,Allen Ross,allendonald@example.com,Male,Grosstown,17-06-2024
U006905,Lynn Nunez,qgould@example.com,Male,Mcculloughbury,01-09-2025
U006906,Cynthia Palmer,robersonmary@example.com,Male,Port Jessicaside,09-01-2024
U006907,Mallory Castillo,matthew34@example.net,Other,Lake John,29-11-2024
U006908,Steve Phillips,ewilliams@example.net,Female,New Kathleenton,08-04-2025
U006909,Judith Ross,harrisjason@example.net,Other,Andrewtown,16-05-2024
U006910,Jeffrey Krueger,connor16@example.org,Female,Hawkinsport,01-08-2024
U006911,Michael Calhoun,robertberg@example.com,Other,North John,01-11-2025
U006912,David Hamilton,jacksonmary@example.org,Male,South Pamela,28-03-2025
U006913,Sherry Cole,ljohnson@example.net,Other,Julietown,20-02-2025
U006914,Tracy Miller,smithjacob@example.org,Other,Tonyashire,05-02-2025
U006915,Barbara Bell,jnash@example.net,Female,Crystalview,16-06-2025
U006916,Michael Compton,blakescott@example.org,Female,East Eugeneshire,05-09-2025
U006917,Ann Evans,danielgardner@example.net,Female,East David,09-04-2024
U006918,Natalie Hall,hensondeborah@example.com,Other,New Mark,11-06-2025
U006919,Anthony Anderson,feliciaperkins@example.net,Female,Maytown,01-01-2024
U006920,Kayla Kelly,smithheather@example.com,Female,Philipborough,26-04-2024
U006921,Vanessa Smith,jeffreylittle@example.org,Female,Johnfort,27-02-2024
U006922,Jerry York,belltheresa@example.net,Other,Andersonfort,11-07-2024
U006923,Alexis Fitzgerald,markellis@example.org,Female,Mckeefort,09-10-2024
U006924,Jonathan Kelley,stacydavis@example.org,Other,East Teresastad,28-10-2025
U006925,Christina Collins,john40@example.org,Female,New Allison,14-06-2025
U006926,Ann Martin,pam28@example.com,Other,Port Amandaside,18-11-2024
U006927,Mia Hunter,gnunez@example.org,Male,Lake Amy,06-06-2025
U006928,Cesar Malone,summersdarlene@example.com,Other,Sarahstad,17-08-2024
U006929,Michelle Richardson,egreen@example.org,Other,Port Mary,30-04-2025
U006930,April Smith,jessica88@example.net,Male,Fredbury,29-09-2025
U006931,Michael Baker,jessicajones@example.net,Female,South Andreabury,01-04-2025
U006932,Perry Cohen,jvalencia@example.com,Other,Ryanburgh,22-08-2024
U006933,Matthew Jenkins,elizabeth72@example.org,Other,Donnaland,16-10-2025
U006934,David Ramirez,stanley92@example.com,Female,West Bethview,29-10-2025
U006935,Samantha Gray,owalker@example.com,Female,South Jasmineport,24-09-2025
U006936,Vernon Becker,fcummings@example.com,Female,New Joyburgh,07-10-2025
U006937,Eric Hunter,johnsontheresa@example.com,Female,North Anthonyport,20-09-2024
U006938,Patricia Thomas,dustinkelly@example.net,Female,Harthaven,13-12-2024
U006939,Bryan Daniels,mitchellkevin@example.net,Male,Paulmouth,02-10-2025
U006940,Holly White,tamarageorge@example.org,Other,Cannonland,28-06-2024
U006941,Angela Mueller,wellseric@example.net,Male,Madelineland,19-06-2024
U006942,Ryan Holmes,jasonorozco@example.net,Female,Webbchester,16-01-2025
U006943,Robert Wood,gail86@example.org,Other,Hawkinshaven,07-05-2025
U006944,Brittany Wallace,staffordrebekah@example.net,Male,Dominguezport,27-08-2024
U006945,Rachael Moreno,bsmith@example.org,Other,South Crystal,04-05-2025
U006946,Jose Wallace,csaunders@example.net,Male,East Mary,27-07-2025
U006947,Daniel Butler,stephanie93@example.com,Female,Brandonfurt,25-05-2025
U006948,Holly Soto,staceyryan@example.net,Male,South Kyleshire,01-04-2024
U006949,Marc Williamson,joyceramirez@example.net,Female,Port Douglas,06-11-2025
U006950,Samantha Rodriguez,johncardenas@example.com,Male,West Garystad,22-08-2024
U006951,Matthew Bond,jill14@example.org,Male,Jeffberg,22-12-2024
U006952,Brian Frost,marroyo@example.net,Female,North Michael,24-08-2024
U006953,John Parsons,brittany92@example.net,Male,West Bethany,11-02-2024
U006954,John Decker,scottbarnes@example.com,Other,Hollandland,14-04-2024
U006955,Marisa Foster,jessecuevas@example.org,Female,Hensonton,07-07-2024
U006956,Monica Edwards,jeremyjones@example.com,Other,Matthewsberg,09-06-2024
U006957,Julie Mullen,ellisbarry@example.org,Other,Leonfurt,05-06-2025
U006958,Andrew Moore,ejefferson@example.org,Other,New Emilyport,10-01-2024
U006959,Eric Rowe,james15@example.org,Other,North Katherinefort,12-09-2025
U006960,Tracey Olsen,michaeldelgado@example.com,Other,West Rickchester,24-03-2024
U006961,Stephanie Nelson,vreid@example.net,Male,West Katherinefurt,14-01-2025
U006962,Adam Adkins,aprilperez@example.net,Male,Wilkinsburgh,28-01-2025
U006963,Linda Rice,zoconnell@example.org,Male,Lake Robert,17-01-2025
U006964,Keith Bonilla,johnwilson@example.net,Female,Lake Sarah,27-08-2024
U006965,Samuel Tyler,kyle83@example.net,Female,West Melindafort,24-05-2025
U006966,Christopher Allen,jeremiahwells@example.net,Male,South Chadhaven,19-02-2025
U006967,Aaron Jensen,xgonzales@example.com,Male,Justintown,17-08-2024
U006968,Katherine Miles,timothy61@example.com,Female,South Brendaberg,12-02-2025
U006969,Bradley Mitchell,flewis@example.com,Female,Port Angelamouth,24-09-2024
U006970,Kyle Phillips,sanchezkathleen@example.net,Other,West Amber,14-03-2024
U006971,John Guerrero,duane37@example.org,Male,New Katie,03-05-2024
U006972,Patrick Garcia,gwilliamson@example.net,Male,West Melissaborough,08-11-2025
U006973,Christopher Brown,alewis@example.com,Female,Anthonyfurt,31-12-2024
U006974,Adam Baker,hhunter@example.net,Female,Carlsonfort,26-03-2024
U006975,John Vincent,laurenbrown@example.org,Male,North Christineville,04-10-2025
U006976,Jennifer Guzman,parksangela@example.org,Other,Stevenborough,09-07-2024
U006977,Mary Robinson,qstark@example.com,Female,Lake Whitneyville,23-02-2025
U006978,Ronald Walker,aprilmoore@example.org,Other,New Crystal,10-01-2024
U006979,John Lewis,mark72@example.com,Male,West Cherylmouth,23-04-2024
U006980,Calvin Stephens,ahernandez@example.net,Other,Wardmouth,20-01-2024
U006981,Tommy Luna,ypayne@example.net,Male,Martineztown,05-12-2024
U006982,Jonathan Farley,carrieanderson@example.org,Other,Warnerborough,16-12-2024
U006983,Matthew Romero,tgomez@example.net,Female,South Steven,29-03-2024
U006984,Andrew Curry,ahardin@example.org,Female,New Chase,10-07-2025
U006985,Kent Brown,nancyfernandez@example.org,Male,Melissaland,07-05-2025
U006986,Sally Smith,heather35@example.net,Female,West Grace,29-08-2024
U006987,Patricia Carter,marksanders@example.com,Other,Lake Scotthaven,07-08-2024
U006988,Nicole Boyer,gprice@example.net,Other,East Kimberly,25-07-2024
U006989,Ashley Montes,scarlson@example.net,Other,Lake Lisa,22-11-2024
U006990,Emily Russell,katherinepatterson@example.com,Male,West Ashley,12-04-2024
U006991,Jonathan Lang,jonessarah@example.net,Other,Jessicaside,01-02-2025
U006992,Christopher Reese,joe24@example.com,Other,Tylerport,27-01-2025
U006993,Larry White,crystal22@example.net,Female,Blakemouth,19-07-2025
U006994,Kathryn Walker,dakotawilliams@example.org,Male,Transtad,07-04-2024
U006995,Frances Williams,mwalker@example.org,Other,East Isaacstad,02-04-2024
U006996,Steven Lucas,justin14@example.net,Other,East Joshua,03-08-2025
U006997,Tina White,christina88@example.net,Female,Nicolemouth,23-05-2024
U006998,Jason Mathis,oadams@example.com,Male,New Michaelton,08-09-2025
U006999,Elizabeth Moore,laura99@example.org,Male,Katherinebury,02-04-2024
U007000,Logan Clarke,stacey56@example.net,Female,South Tiffanytown,30-07-2025
U007001,John Park,thomasprice@example.org,Female,West Patriciaburgh,18-11-2024
U007002,Timothy Harris,joshua78@example.net,Female,West Edwardville,18-11-2024
U007003,Justin Williams,brownsydney@example.com,Female,Sarahmouth,06-01-2025
U007004,Mario Ford,mercerandrew@example.org,Male,East Shawnbury,15-12-2024
U007005,Michael Williams,danielle34@example.org,Male,South Joshuamouth,28-09-2025
U007006,Michael Brown,ndonovan@example.net,Other,East Victor,06-01-2025
U007007,Oscar Wagner,chad21@example.net,Other,Richardview,28-02-2025
U007008,Daniel Stokes,glennpacheco@example.org,Other,Villaland,02-01-2025
U007009,Gabrielle Heath,greenechristian@example.com,Male,Elliotttown,29-08-2024
U007010,Kerry Bowman,smithvictoria@example.org,Other,West Lisa,02-08-2025
U007011,Charles Hayes,ecook@example.com,Other,Lindashire,19-09-2025
U007012,Carol Thompson,rileysmith@example.com,Female,Toddmouth,26-01-2024
U007013,Karen Smith,wwilliams@example.com,Male,Huangberg,27-10-2025
U007014,Becky Mccormick,tammysimon@example.org,Female,Brittanyburgh,19-11-2024
U007015,Lisa Robertson,hgibbs@example.com,Other,Lake Kelly,05-04-2024
U007016,Maurice Foster,fmiller@example.org,Male,West Anthony,23-06-2024
U007017,Juan Wells,jeffrey50@example.org,Female,Fieldsbury,05-01-2025
U007018,Sharon Klein,vincentcraig@example.net,Other,Gomezmouth,20-01-2025
U007019,Samantha Johnson,brianpowers@example.org,Other,Austinhaven,08-02-2025
U007020,Lori Brown,michaelrandall@example.net,Male,East Dana,03-10-2025
U007021,Jeffrey Dodson,brentbutler@example.net,Female,Port Douglas,31-03-2025
U007022,Kristi Davila,matthew28@example.org,Other,West Ashley,07-08-2024
U007023,Madeline Griffin,michelle32@example.com,Other,Millerton,17-12-2024
U007024,Eric Wilson,wthompson@example.com,Male,Lake Davidmouth,23-05-2024
U007025,Brandon Elliott,mnicholson@example.com,Male,Port Kristina,15-02-2024
U007026,Kelly Salazar,matthew21@example.com,Male,Markfort,10-11-2025
U007027,Eric Farrell,ghudson@example.net,Other,Katherinestad,05-09-2025
U007028,Kristen Torres,kingjoseph@example.net,Other,South Marcofort,13-07-2025
U007029,Marie Lynch,brian98@example.net,Female,Lloydfurt,25-12-2024
U007030,Monique Rodriguez,asalas@example.com,Female,Chloeside,20-02-2024
U007031,Alexander Perry,hernandezantonio@example.org,Other,West Mikemouth,19-02-2025
U007032,Lauren Lopez,ngonzalez@example.org,Other,Jessicaport,11-11-2024
U007033,Michael Fry,uhamilton@example.com,Other,Ricehaven,25-10-2025
U007034,Lauren Mcguire,cindyrichards@example.com,Male,Sherriville,29-01-2025
U007035,Dennis Pennington,crawfordkenneth@example.org,Male,East Aaronborough,12-08-2025
U007036,Kimberly Paul,kathleenrodriguez@example.com,Female,Lake Rebecca,07-11-2025
U007037,Craig Chapman,jeffrey43@example.org,Female,Joneshaven,29-06-2024
U007038,Ryan Obrien,jenniferrodriguez@example.com,Female,Lake Jaredbury,26-07-2024
U007039,John Lee,zstevenson@example.com,Male,Hernandezton,01-11-2025
U007040,James Jones,aburns@example.net,Male,East Wesley,09-04-2025
U007041,Amanda Sullivan,frenchjasmine@example.org,Female,East Austinborough,19-10-2024
U007042,Lisa Juarez,eric34@example.org,Male,Kennethfort,24-12-2024
U007043,Charles Roberson,ohowell@example.org,Female,New Lynn,01-09-2024
U007044,Lisa Stafford,williamfuller@example.net,Other,Port Samanthaland,19-02-2024
U007045,Heidi Miller,maryford@example.org,Other,Garzafurt,16-11-2024
U007046,Mark Schultz,bmontoya@example.org,Male,North Jennifer,05-12-2024
U007047,Jill Campbell,lance56@example.com,Other,Mitchellfort,30-11-2024
U007048,Matthew Schmitt,kellypatel@example.org,Female,New Kristina,02-09-2025
U007049,Tabitha Bowers,christinadiaz@example.net,Female,Elizabethmouth,20-03-2024
U007050,Jaime Martin,austin71@example.net,Male,Melissashire,02-11-2024
U007051,Daniel Baker,douglas40@example.net,Female,Michaelview,27-02-2024
U007052,Laura Jones,baileyyoung@example.org,Other,Floresberg,07-08-2024
U007053,Jonathan Lopez,richardwalker@example.com,Female,Lake Susanton,01-06-2025
U007054,David Robinson,sheltonjack@example.org,Other,South Jennifer,13-02-2025
U007055,Corey Tran,michaelmiller@example.net,Male,Steeleburgh,08-11-2025
U007056,David Murphy,tiffanydougherty@example.org,Male,New Timothy,17-04-2024
U007057,James Mccall,deanmelissa@example.net,Female,West Margaretstad,01-12-2024
U007058,Stacy Thomas,rsosa@example.net,Other,New Stevenville,30-07-2024
U007059,Angela Wang,brittanyreynolds@example.org,Male,Dianafurt,23-11-2024
U007060,David Hernandez,freemansarah@example.com,Female,Collierberg,11-01-2025
U007061,Jennifer Martin,calderonbrian@example.net,Female,South Davidberg,04-11-2024
U007062,Daniel Rodriguez,burnskevin@example.com,Other,Stephensfort,16-12-2024
U007063,Kevin Williams,davidmcdaniel@example.net,Other,East Brandonbury,06-06-2024
U007064,Timothy Avery,butlerjeremy@example.org,Male,Andersonmouth,21-01-2025
U007065,Cameron Williams,lmendoza@example.com,Other,Hamiltonview,17-12-2024
U007066,Richard Ritter,sullivanamy@example.net,Other,Kristieport,15-02-2024
U007067,Derek Peterson,jessica88@example.com,Other,Melissabury,30-06-2024
U007068,Angelica Mayo,leslie26@example.com,Other,South Patricia,09-12-2024
U007069,Sylvia Shepard,stacycooper@example.org,Male,Maryland,15-10-2024
U007070,Maria Riddle,christopherhernandez@example.net,Male,New Robertstad,20-04-2025
U007071,Victoria Lewis,tamara85@example.com,Male,Sellersland,17-01-2024
U007072,Michael Arellano,ryanhale@example.com,Female,Port Kevin,01-01-2024
U007073,Christina Moreno,michaelhogan@example.com,Female,South Samantha,20-05-2024
U007074,Mark Blackburn,lwilson@example.org,Female,Lake Jonathanside,06-08-2025
U007075,Sherry Mason,eric15@example.net,Other,Taylorburgh,05-07-2024
U007076,Jessica Crosby,obrooks@example.org,Other,Lake Jack,16-02-2024
U007077,Robert Rodriguez,ryanlynch@example.org,Male,Stricklandside,23-01-2024
U007078,Michelle Lee,ernest58@example.net,Male,Erinchester,07-01-2024
U007079,Angelica Waller,peter74@example.net,Other,South Juliehaven,10-06-2024
U007080,Logan Morris,leecharlene@example.net,Female,Port Emilyfort,04-08-2025
U007081,Rhonda Wilson,robertsjoseph@example.org,Female,Susanview,17-03-2025
U007082,April Vargas,jamesconner@example.com,Female,Davischester,26-09-2024
U007083,Jennifer Lee,joyce72@example.com,Female,Mooretown,09-01-2025
U007084,Dominic Bray,phillipsvickie@example.net,Male,Lauraview,28-02-2025
U007085,Tyler Weaver,hyoung@example.net,Female,Shannonmouth,05-02-2024
U007086,Norma Martin,myersrachel@example.net,Female,Lake Teresaland,11-04-2024
U007087,Zachary Fox,johnathan85@example.org,Other,Lake Shellyland,16-03-2024
U007088,Daniel Drake,barbara46@example.org,Other,East Anna,21-03-2025
U007089,Julie Donaldson,dylan69@example.org,Male,South Tannerfurt,28-05-2025
U007090,Brett Lindsey,rebeccamcdonald@example.net,Female,New Cynthiafurt,01-03-2025
U007091,Katie Bishop,enavarro@example.com,Male,South John,04-06-2024
U007092,Parker Lyons,cooperjennifer@example.org,Female,New Billyshire,05-05-2024
U007093,Thomas Lopez,amanda40@example.com,Other,Perryton,23-04-2024
U007094,Diane Cochran,vwilliams@example.com,Female,Thorntonton,13-12-2024
U007095,Samantha Mccormick,wblack@example.com,Other,Jonathanberg,09-03-2025
U007096,Matthew Ray,jonpreston@example.com,Male,Kyleside,02-08-2024
U007097,David Bean,yhenderson@example.com,Female,North Jean,11-02-2024
U007098,Elizabeth Watts,ariana27@example.com,Male,Port Jason,06-12-2024
U007099,Donna Shannon,amyallen@example.org,Male,Johnsonmouth,24-07-2024
U007100,Philip Austin,ehunt@example.com,Male,New Calvin,20-08-2024
U007101,Dale Howell,mpierce@example.org,Other,East Todd,15-03-2025
U007102,Lisa Bennett,cindycampbell@example.org,Female,South Edwardberg,28-09-2024
U007103,Greg Nguyen,april53@example.org,Male,Ryanton,19-08-2024
U007104,Melissa Jacobs,garrettadam@example.com,Other,Josephton,11-03-2025
U007105,Aaron Sims,chelseygarrett@example.com,Male,North Janiceside,13-06-2025
U007106,Jonathan Saunders,matthewmontes@example.com,Male,South Shawnborough,26-01-2025
U007107,Dennis Bryant,wilsonkevin@example.com,Other,Tinashire,05-09-2025
U007108,Tara Rodriguez,jacobtaylor@example.com,Male,North Tommyburgh,13-10-2024
U007109,Luis Watts,katherine43@example.org,Male,West Cynthia,17-01-2025
U007110,Albert Smith,adam43@example.com,Other,Port Justinville,30-11-2024
U007111,Allison Robbins,robertwilliams@example.com,Male,West Billy,03-02-2025
U007112,Rachel Miller,benjaminbailey@example.org,Female,New Nathaniel,30-10-2025
U007113,Theresa Wilson,jeremyfuentes@example.com,Male,Wilsonberg,08-05-2024
U007114,Bethany Cantrell,hopkinskim@example.com,Female,West Kennethberg,12-02-2025
U007115,John Cooper,elizabethedwards@example.org,Other,East Emily,20-03-2025
U007116,Kevin Lamb,zparker@example.net,Male,Wallerberg,09-11-2025
U007117,Christopher Bell,hallbrian@example.net,Female,Jennifershire,13-10-2025
U007118,Melanie Bryant,hansenwilliam@example.com,Female,South Williamchester,05-11-2024
U007119,Thomas Banks,christinashannon@example.com,Female,New Kevin,12-11-2025
U007120,Brooke Alvarado,patriciamartin@example.org,Male,Amberville,27-05-2025
U007121,Lori Frederick,sanchezamanda@example.net,Female,East Charles,22-03-2024
U007122,James Crane,bailey35@example.net,Male,Lake Joshua,24-12-2024
U007123,Julie Rodriguez,cory62@example.net,Other,Maryville,14-05-2024
U007124,John Smith,jenkinsmary@example.net,Other,Anthonymouth,20-08-2025
U007125,Diane Anderson,riceangela@example.com,Male,West Johnhaven,30-05-2025
U007126,Daniel Lucas,chadleach@example.org,Male,North Nicholas,06-02-2025
U007127,Jon Mitchell,karen16@example.com,Other,Tiffanyland,09-07-2025
U007128,Terri Jacobs,sherry56@example.net,Other,North Deborahview,20-08-2024
U007129,Matthew Whitaker,megangreen@example.org,Female,Lake Zachary,31-05-2024
U007130,Eric Richardson,tallen@example.com,Other,Port Mary,15-04-2024
U007131,Joseph Wallace,ashleyfisher@example.org,Female,Craigmouth,23-04-2024
U007132,Sarah Smith,rmiles@example.com,Other,East Randyhaven,09-08-2025
U007133,Billy Dyer,elizabethkelly@example.net,Other,Albertview,28-05-2025
U007134,Julia Fuller,dcaldwell@example.com,Male,Sophiafort,09-09-2025
U007135,Julia Herman,karina29@example.org,Other,East Daisy,09-04-2024
U007136,Martin Carter,greenjames@example.org,Other,Lake Loritown,09-08-2024
U007137,Ann King,youngbreanna@example.org,Other,Port Kyle,29-05-2024
U007138,Tamara Wood,grayashley@example.net,Male,Lake Justinview,21-09-2024
U007139,Peter Russell,larry51@example.com,Female,Davisshire,13-01-2024
U007140,Jesse Williams,aliciaharris@example.com,Other,New Joseph,14-04-2024
U007141,Mark Cowan,alvarezmaureen@example.org,Other,Port Amy,21-07-2024
U007142,Tony Carpenter,joseph00@example.org,Other,West Ryanshire,14-05-2024
U007143,Thomas Williams,mguerra@example.com,Male,Kevinberg,29-09-2025
U007144,Danny Powell,hgreer@example.net,Female,Lake Vincent,25-07-2025
U007145,Brandy Chavez,maryporter@example.com,Male,Ponceborough,20-01-2025
U007146,Thomas Anderson,jennystewart@example.net,Male,Johnsonmouth,06-08-2025
U007147,Amy Edwards,alyssa00@example.org,Female,Kristophermouth,10-02-2025
U007148,Hayden Mercer,ryoung@example.net,Male,Williamton,03-09-2024
U007149,Dwayne Smith,garycantrell@example.com,Other,South Staceyshire,26-04-2025
U007150,Jennifer Mendoza,lauraalvarado@example.org,Other,Elizabethville,09-08-2025
U007151,Jennifer Ward,erikdavid@example.org,Female,Lake Dennis,22-06-2025
U007152,Christopher Winters,douglas98@example.net,Male,East Bruce,27-08-2025
U007153,Autumn Welch,josephclark@example.net,Female,Lake Christine,10-09-2025
U007154,Benjamin Barnes,kayla67@example.org,Other,Dixonfort,02-06-2025
U007155,Dennis Zuniga,donnavargas@example.com,Male,Timothymouth,14-05-2024
U007156,Phillip Hall,deandavid@example.net,Male,Williamshaven,24-02-2024
U007157,Eric Baker,theresakim@example.com,Female,Yatesbury,25-05-2024
U007158,Amanda Rodriguez,miranda76@example.net,Other,Theresastad,27-06-2024
U007159,Douglas Hunt,sandra98@example.org,Female,New Kevinstad,09-09-2025
U007160,Ricky Rasmussen,pdavis@example.net,Other,New Michaeltown,27-02-2024
U007161,Jeffrey Brown,tiffanywalker@example.com,Other,Brittanystad,07-03-2025
U007162,Shane Smith,lisa00@example.net,Female,Ericksonport,14-05-2024
U007163,Aaron Thompson,melaniebradley@example.org,Male,Fordton,04-08-2025
U007164,Patricia Velez,pricelindsay@example.org,Male,Lake Jessetown,31-10-2024
U007165,Francis Mooney,johnmckinney@example.org,Female,Lake Troy,02-06-2024
U007166,Lucas Cardenas,raymond26@example.com,Other,Nicoleburgh,15-09-2025
U007167,Randall Sanford,johnsilva@example.com,Female,East Stephanie,25-02-2024
U007168,Christine Freeman,hannah84@example.org,Male,Cummingston,04-06-2024
U007169,Brianna Wolfe,laguilar@example.org,Female,West Stephaniestad,12-02-2025
U007170,Judith Jones,zunigaalyssa@example.org,Other,Toddstad,06-03-2025
U007171,Michele Andrews,jessica15@example.net,Other,Lake Melissa,16-05-2024
U007172,Christina Hansen,john24@example.net,Male,Albertland,12-02-2024
U007173,Tammy Moran,brownlisa@example.com,Female,Martinezmouth,06-08-2024
U007174,Stephen Chapman,rebeccalowe@example.com,Female,Fletcherfurt,01-11-2024
U007175,Cassie Jackson,hharris@example.net,Other,Hicksville,15-04-2025
U007176,Robert Hudson,mariejohnson@example.com,Other,Powellburgh,06-05-2024
U007177,Christine Parker,marydavis@example.net,Male,East Matthew,20-05-2025
U007178,Eric Foster,washingtonamanda@example.com,Male,New Stephen,26-02-2024
U007179,John Gilbert,hawkinsronnie@example.org,Male,New Richard,06-05-2024
U007180,Michael Williams,joshuabrown@example.net,Other,Lake Erikaport,20-02-2024
U007181,Colin Castillo,ortegachristina@example.org,Female,South Thomas,02-11-2025
U007182,Jay Gray,greenlori@example.com,Other,North Donna,30-07-2025
U007183,Rodney Powell,tristan86@example.org,Other,Hollyview,08-10-2025
U007184,Jacqueline Jones,davidmunoz@example.org,Male,Johnmouth,19-06-2024
U007185,James Gordon,lucasdeborah@example.org,Male,East Cameron,20-06-2024
U007186,Dominic Brooks,glennwhite@example.org,Male,Cynthiafort,05-10-2024
U007187,James Sanchez,russellnicole@example.org,Other,Deborahberg,20-07-2024
U007188,Joshua Mcmillan,taylordaniel@example.org,Female,East Edwin,14-12-2024
U007189,Andrew Clark,laurahart@example.com,Female,Vincentton,16-10-2024
U007190,Sheila Bullock,kristy12@example.net,Female,Powellbury,22-09-2024
U007191,Zachary Johnson,lauriesmith@example.com,Female,Richardsport,07-08-2025
U007192,James Stewart,vwells@example.org,Other,Pamelabury,03-10-2025
U007193,Stephen Allen,brooke40@example.net,Male,Wendybury,11-08-2025
U007194,Lisa Kent,erin33@example.net,Male,Moniquefurt,13-11-2025
U007195,Alicia Roberts,mariobaker@example.net,Female,Lake Robertafort,28-01-2025
U007196,Adam Floyd,veronica67@example.net,Other,Robertsonburgh,28-10-2025
U007197,Stacey Kelly,daniel70@example.net,Female,North Allisonborough,29-09-2024
U007198,Randall Clements,laurenberg@example.net,Female,Smithmouth,15-10-2024
U007199,Michael Page,cookcolleen@example.com,Other,East Holly,18-08-2024
U007200,Charles Torres,franklindavid@example.net,Female,East Lauren,03-01-2025
U007201,Caleb Dawson,fieldstheresa@example.net,Male,New Angelton,12-06-2025
U007202,Jessica Quinn,barnesstephanie@example.net,Other,Lake Julieville,30-03-2025
U007203,Jessica Graves,michael97@example.org,Female,Leeview,24-01-2024
U007204,Robert Combs,kellybutler@example.org,Male,Savannahview,01-09-2024
U007205,Victor Hernandez,bradley16@example.org,Other,East Ronnieport,01-09-2024
U007206,Samuel Ellis,hhamilton@example.net,Female,North David,06-04-2025
U007207,Richard Gonzales,michael57@example.net,Female,Jenniferville,12-07-2025
U007208,Candace York,fwallace@example.org,Male,Martinstad,10-04-2025
U007209,Harold Haas,teresahansen@example.org,Other,New Thomasshire,18-05-2024
U007210,Donna May,xmorgan@example.org,Female,Waltersfort,17-05-2024
U007211,Corey Miller,abigail62@example.org,Male,Jonesborough,30-08-2024
U007212,Ashley King,jmccann@example.com,Male,Danaton,07-08-2025
U007213,Jorge Reed,aevans@example.net,Female,Lake Lisa,30-10-2024
U007214,Nicholas Ross,jennifersmith@example.com,Female,Parkermouth,09-08-2024
U007215,Allen Alvarez,martinezregina@example.com,Other,West Michaelton,10-09-2024
U007216,Timothy Chase,hermandavid@example.com,Male,New Taylor,08-07-2024
U007217,Tracy Wall,ryan29@example.com,Male,Jasonshire,11-06-2024
U007218,Bryan Edwards,natasha16@example.net,Other,Freemanview,23-03-2025
U007219,Christine Wilson,meghan60@example.org,Female,West Justinborough,25-12-2024
U007220,Amanda Roy,smithrobert@example.com,Other,Port Sandramouth,05-09-2024
U007221,Angel Leach,katherine53@example.org,Other,Lake Lisamouth,05-03-2025
U007222,Juan Ward,qhill@example.org,Other,East Amandabury,11-03-2025
U007223,Brian Yu,kristinefox@example.org,Other,New Tinastad,17-05-2024
U007224,Shawn Phillips,jessicasmith@example.org,Other,Chenmouth,11-06-2025
U007225,Gabriela Palmer,morrowashley@example.net,Male,Davidtown,01-07-2024
U007226,Michelle Phillips,qshaw@example.org,Female,Port Ann,19-09-2024
U007227,James Potter,laura22@example.org,Male,Jaimeside,26-08-2024
U007228,Alexandria Hall,stephaniegarcia@example.com,Other,South Marialand,15-07-2024
U007229,Jennifer Ortiz,jakesmith@example.net,Male,Susanville,16-02-2025
U007230,Grace Wallace,clarkteresa@example.net,Female,Carlchester,08-01-2025
U007231,Kelly Murray,amanda88@example.com,Female,Kellimouth,17-06-2024
U007232,Aaron Cordova,jasmineknapp@example.net,Other,Michaelborough,06-10-2024
U007233,Robin Lopez,james64@example.net,Female,South Ernestburgh,07-11-2024
U007234,David Bailey,andrew82@example.net,Female,New Christopherville,03-09-2024
U007235,Nicholas Booth,smithsandra@example.org,Other,South Jennifershire,08-02-2024
U007236,Ann Hawkins,aaron39@example.org,Male,Rhodesmouth,11-10-2025
U007237,Mary Abbott,mthompson@example.com,Male,East Jordanton,24-03-2025
U007238,Amy Anthony,elizabethjackson@example.com,Other,Santiagoshire,07-04-2025
U007239,Maria Clark,jroberts@example.com,Male,Vasquezhaven,13-07-2024
U007240,Kyle Schneider,hilljamie@example.org,Other,East Gary,31-05-2024
U007241,Nicole Jones,anacruz@example.net,Other,East Ray,27-05-2024
U007242,John Fisher,harperkeith@example.com,Other,West Tracymouth,22-10-2025
U007243,Brenda Grant,johnmorgan@example.org,Male,New Sarahview,22-09-2024
U007244,Kyle Clarke,evansalicia@example.com,Male,Gonzalezport,19-07-2024
U007245,Lisa Jordan,rodriguezmaria@example.com,Female,North Suzannechester,30-11-2024
U007246,Philip Green,bcox@example.org,Other,East Mitchell,07-11-2025
U007247,Kimberly Evans,ruizdaniel@example.com,Other,North Jennifer,10-05-2025
U007248,Kyle Rivera,leecraig@example.org,Other,Patriciashire,16-01-2024
U007249,Isabella Berry,cherylbrown@example.net,Male,South Seanstad,06-03-2025
U007250,William Frank,chelsea91@example.net,Female,New Brianna,31-08-2025
U007251,David Heath,losborn@example.com,Male,East Tarabury,07-04-2025
U007252,Tammy Fox,roberthenderson@example.org,Other,Wilsonton,27-06-2024
U007253,Robert Morgan,markjohnson@example.net,Other,Lake Victorfurt,15-02-2024
U007254,Megan Wolfe,andrew76@example.com,Male,East Kevinmouth,16-02-2024
U007255,William Foster,timothyevans@example.com,Female,Nicholasberg,15-01-2024
U007256,Michael May,stephen21@example.net,Male,Lake Amy,29-03-2025
U007257,Grace Hudson,joneswilliam@example.com,Other,Brownland,28-05-2024
U007258,David Webb,garciachris@example.com,Other,Port Jamesburgh,07-02-2025
U007259,Stephen Boone,sramos@example.org,Other,Port Brandonmouth,02-01-2025
U007260,Aaron Abbott,rsalazar@example.org,Male,Jonesview,19-09-2024
U007261,Christine Moon,richard10@example.org,Male,West Anita,26-01-2024
U007262,John Collins,jason93@example.org,Female,Collinsberg,09-02-2024
U007263,Ryan Mcpherson,millerjill@example.com,Male,East Paulmouth,08-04-2024
U007264,Alexa George,mariaoneill@example.net,Other,New Brian,31-03-2025
U007265,Christine Reyes,josejones@example.net,Male,New Trevor,30-08-2025
U007266,Christopher Murphy,markryan@example.org,Female,Elizabethland,28-05-2024
U007267,David Moore,amandaadkins@example.org,Female,West Michaelmouth,12-08-2025
U007268,Donna Morse,robin32@example.org,Female,West Bridget,30-01-2024
U007269,Lisa Carter,rhondahill@example.net,Female,Lake Chelsea,02-09-2024
U007270,Veronica Robertson,montoyamark@example.org,Female,Jessicaton,28-04-2024
U007271,Hailey Miller,wmartin@example.org,Other,Richardsstad,24-05-2025
U007272,Shelly Marshall,bryan34@example.net,Other,West Roger,09-03-2024
U007273,Brittany Jones,patricia09@example.com,Other,Davisview,31-08-2025
U007274,Robert Bauer,martineztodd@example.org,Female,Christophertown,08-09-2024
U007275,Jacob Johnson,gmarsh@example.org,Male,South Leah,04-01-2024
U007276,Kristy Gallagher,xrodriguez@example.org,Male,Scottmouth,12-04-2025
U007277,Sherri Frost,tannerespinoza@example.com,Male,South Robintown,29-10-2024
U007278,Sara Murray,eric03@example.org,Male,Crystaltown,14-03-2025
U007279,Jeremy Carroll,cobbkaren@example.net,Male,Port Joseph,13-03-2024
U007280,Daniel Woodward,donglenn@example.org,Male,Charleston,10-06-2024
U007281,Pamela Smith,sara66@example.com,Other,West Randall,12-01-2025
U007282,Joseph Brown,turnermichael@example.net,Other,Smithside,05-03-2024
U007283,Lindsay Webb,jose07@example.com,Female,Gilbertport,09-02-2025
U007284,Christine Guerrero,oross@example.net,Other,South Anthonymouth,19-02-2025
U007285,Keith Steele,erin70@example.net,Other,West Davidstad,27-09-2024
U007286,Lisa Sanchez,kenneth67@example.net,Other,Jeffreyview,05-02-2024
U007287,Paul Strickland,deanna81@example.net,Male,Sanchezberg,27-07-2024
U007288,Katherine Clark,lucasmoyer@example.net,Other,Christopherville,13-03-2025
U007289,Steven Bullock,reyesrobert@example.net,Male,Glenntown,27-03-2024
U007290,Elizabeth Smith,dustinduarte@example.org,Male,Saundersfurt,20-08-2024
U007291,Phillip Stanton,nathangeorge@example.org,Other,Littleland,13-09-2024
U007292,Christy Irwin,fmcguire@example.org,Male,North Davidton,06-07-2025
U007293,Jennifer Johnson,marycook@example.net,Female,North Jillbury,07-01-2025
U007294,Andrew Stewart,logannelson@example.org,Male,North William,13-02-2024
U007295,Michael Shaffer,hjimenez@example.com,Other,East Michaelchester,14-03-2025
U007296,Thomas Romero,davishannah@example.net,Female,Osbornton,03-09-2025
U007297,Samuel Bond,georgemason@example.com,Male,Fischershire,13-04-2025
U007298,Joseph Velazquez,boydfrederick@example.org,Other,Millerhaven,22-08-2025
U007299,Dylan Casey,bennetttimothy@example.net,Other,Port Jasmin,26-03-2024
U007300,Katie Ruiz,loriparker@example.net,Female,Masonfurt,12-09-2025
U007301,Bradley Jackson,mdixon@example.org,Other,Lindahaven,12-12-2024
U007302,Scott Moore,david95@example.com,Other,Lake Michaelland,27-09-2024
U007303,George Hudson,zmassey@example.net,Female,West Todd,21-11-2024
U007304,Michael Bond,bakerrhonda@example.net,Male,North Joseph,25-06-2025
U007305,Brooke Wheeler,jeremy18@example.net,Female,North Monica,07-11-2025
U007306,Yolanda Wright,lisabarnett@example.net,Female,South Victorville,12-11-2025
U007307,Glenn Duffy,vhanson@example.com,Female,Grayfort,03-12-2024
U007308,Nicole Hayes,michelle24@example.net,Male,New Stephenstad,10-03-2024
U007309,Daniel Bauer,joshuaruiz@example.net,Male,Loriton,19-12-2024
U007310,Kenneth Roy,cynthia06@example.org,Male,North Tammie,06-11-2025
U007311,Diana Larson,john63@example.com,Male,Millerchester,07-10-2025
U007312,William Wells,kellyjohnson@example.net,Male,Angelabury,06-08-2024
U007313,Joseph Gonzalez,perezdonna@example.org,Female,West Carlhaven,06-01-2025
U007314,Paul Brown,stricklandalison@example.net,Male,South Christinechester,12-04-2024
U007315,Sharon Ross,ayalamatthew@example.com,Female,Racheltown,05-07-2024
U007316,Deborah Patel,kruegerbryan@example.net,Female,South Sheila,23-08-2024
U007317,Jacob Mckay,gilbertalan@example.com,Male,Andradeton,16-04-2025
U007318,Laura Martin,stephaniefitzgerald@example.com,Other,Lake Juan,02-02-2025
U007319,Matthew Walters,kim79@example.net,Other,Lindastad,01-10-2024
U007320,Donald Smith,benjamincolleen@example.com,Male,North Thomas,02-08-2025
U007321,Jose Becker,matthewrobinson@example.com,Male,Mcfarlandhaven,09-10-2024
U007322,Lisa Barker,ywilliams@example.com,Male,Skinnerfort,18-06-2025
U007323,Christopher Henderson,shernandez@example.net,Male,Jessicahaven,28-07-2024
U007324,Diana Hoover,timothy16@example.net,Female,South Tamara,28-07-2024
U007325,Erica Bennett,emilyfields@example.net,Other,Port Jonathanville,07-03-2024
U007326,Mark Johnson,reidmatthew@example.com,Female,North Juliantown,05-10-2025
U007327,Todd Lopez,stephenwillis@example.org,Other,Lake Georgechester,11-08-2025
U007328,Jeremy Gill,cherylmurphy@example.org,Female,South Anthonychester,23-04-2025
U007329,Chelsea Garner,lynn42@example.com,Female,West Karen,29-02-2024
U007330,Joel Smith,eric65@example.net,Male,Deniseview,19-08-2025
U007331,Adam Gay,anita28@example.org,Female,Lake Matthewport,18-10-2025
U007332,Beth Hatfield,alopez@example.net,Female,New Heather,09-08-2025
U007333,Timothy Sandoval,daniel88@example.org,Male,New Stephanie,23-11-2024
U007334,John Montoya,fritzgregory@example.com,Other,New Amy,07-02-2025
U007335,Brittany Richardson,brittney70@example.com,Other,Michelleport,12-10-2024
U007336,Amanda Atkins,johnluna@example.org,Female,South Arthurhaven,04-09-2024
U007337,Ashley Leach,tmcneil@example.org,Other,South Tyler,31-10-2025
U007338,Erik Gomez,cbennett@example.com,Female,North Maryville,12-04-2024
U007339,Daniel Kim,biancaweber@example.org,Female,Newtonborough,18-04-2025
U007340,William Jackson,pbuchanan@example.com,Other,New Mark,30-06-2024
U007341,Karl Lucas,rodriguezdanielle@example.com,Other,Wardmouth,28-04-2025
U007342,Amanda Ortiz,richardsonheather@example.com,Other,Colemouth,01-06-2024
U007343,Steven Jones,zadkins@example.org,Other,North Katherinetown,01-05-2024
U007344,John Keller,gnguyen@example.com,Other,New Philip,07-09-2025
U007345,Claudia Salinas,shumphrey@example.net,Other,South Robin,29-03-2024
U007346,Jennifer Williams,cathyturner@example.net,Other,Deannaside,05-11-2025
U007347,William Phillips,dsoto@example.net,Other,Port Melissa,05-05-2024
U007348,Angela Wilson,ideleon@example.org,Male,Craigside,22-01-2024
U007349,Aaron Lawson,gallison@example.com,Other,Amyshire,16-06-2024
U007350,John Hayes,sarahanderson@example.com,Male,West Tina,15-07-2024
U007351,Steven Martin,vmitchell@example.net,Female,Patrickborough,13-01-2025
U007352,Kimberly Shaw,qpaul@example.net,Female,Port Keith,08-08-2025
U007353,Brett Burnett,gomezanita@example.org,Male,Michaelborough,18-08-2025
U007354,Shannon Hall,franklinnicole@example.net,Male,Bartlettshire,08-08-2025
U007355,Heidi Mcdaniel,ronaldruiz@example.org,Other,Melanieland,28-04-2024
U007356,Amy Taylor,sarahhunter@example.org,Other,East Carlosborough,23-12-2024
U007357,Denise Robinson,jaredvelazquez@example.net,Female,Guerraview,20-10-2024
U007358,Erica Roberts,spearsstephanie@example.org,Other,Fishertown,01-11-2025
U007359,Mary Hess,cpatterson@example.net,Male,Robertsberg,22-10-2025
U007360,Robin Johnson,jenniferodonnell@example.org,Other,New Christine,05-06-2025
U007361,Daryl Romero,amoss@example.com,Female,Davidland,08-12-2024
U007362,Diana Bennett,michaelcole@example.net,Other,Randallfort,23-08-2025
U007363,Jennifer Peterson,shannon19@example.com,Other,West David,27-07-2024
U007364,Donald Flores,xvazquez@example.net,Male,Lake Kennethstad,08-07-2024
U007365,Megan Peterson,tonyawolf@example.net,Male,Lake Jeremyberg,27-05-2024
U007366,George Castillo,kim05@example.com,Female,Holtside,15-10-2024
U007367,Lori Hebert,frank18@example.net,Female,Fosterland,03-11-2024
U007368,Gabrielle George,cdudley@example.org,Female,Colemanstad,28-02-2024
U007369,Victoria Hopkins,piercemelanie@example.net,Female,Lorimouth,15-06-2024
U007370,Daniel Ramos,bakerricardo@example.net,Female,Lake Joe,27-02-2025
U007371,Michael Martinez,cristian93@example.com,Female,Hendersonbury,28-04-2025
U007372,Lisa Everett,amy08@example.org,Male,Lake Todd,03-02-2024
U007373,Melinda Horton,diazsandra@example.com,Female,Lake David,20-10-2025
U007374,Cameron Quinn,amy57@example.net,Female,Port Carrie,19-05-2025
U007375,Nancy Bass,gilmorejohn@example.org,Other,Travisfurt,21-06-2025
U007376,Raymond Kelley,vmiller@example.net,Male,North Danielmouth,02-02-2025
U007377,Audrey Ramos,bryantjames@example.org,Other,Jacobville,25-04-2024
U007378,Natalie Lee,arich@example.net,Other,North Dana,27-09-2025
U007379,Jennifer Huang,sperez@example.com,Male,Martinezfort,17-05-2025
U007380,Eric Wilson,dmadden@example.org,Female,Stantonmouth,22-11-2024
U007381,James Scott,shawn72@example.net,Other,New Maryborough,20-01-2025
U007382,Manuel Bailey,urodriguez@example.net,Female,Port Tyler,04-12-2024
U007383,Daniel Spencer,molinabrandon@example.org,Male,Johnsonbury,03-08-2024
U007384,Joshua Sullivan,vsanders@example.net,Other,West Tiffanyfort,28-09-2024
U007385,Felicia Porter,lance35@example.com,Other,Olsonton,28-04-2024
U007386,George Roth,henryamanda@example.net,Male,West Willie,22-03-2024
U007387,Ashley Ball,seth16@example.com,Male,Ashleyland,23-12-2024
U007388,Jonathan Smith,haroldgonzalez@example.org,Other,Cynthiashire,12-07-2024
U007389,Kathryn Morrow,rbaker@example.com,Other,West Kristenfurt,04-11-2025
U007390,Mark Shelton,lindaacevedo@example.com,Other,North Jonathan,07-08-2024
U007391,Linda Gonzalez,gary18@example.com,Male,West Aliciaton,25-10-2024
U007392,Andrew Vasquez,ibenitez@example.com,Female,New Yolandaside,08-01-2024
U007393,Maria Chen,johnsonbecky@example.com,Female,East Abigail,27-05-2024
U007394,Patricia Pittman,troy26@example.net,Female,Mooreside,14-04-2024
U007395,Tracy Kirby,shaun31@example.com,Female,Johnfurt,24-04-2024
U007396,Sean Townsend,walkerdarren@example.net,Male,Johnchester,04-06-2024
U007397,Ernest Richards,tanyajenkins@example.org,Male,Scottfort,01-01-2025
U007398,Tonya Smith,anthonyrichardson@example.com,Female,Christopherside,09-01-2025
U007399,Amy Everett,hsingleton@example.org,Other,Stewartside,10-02-2025
U007400,Rose Vega,boltonolivia@example.net,Other,Lake Christine,18-05-2025
U007401,David Sweeney,jasmine32@example.org,Male,Lake Robert,25-05-2025
U007402,Jennifer Park,wesleylawrence@example.com,Female,North Teresa,09-03-2024
U007403,Brittney Summers,bergabigail@example.org,Male,Davisborough,10-08-2025
U007404,Vanessa Hawkins,timothy01@example.com,Female,Kennedyshire,19-06-2024
U007405,Erik Reynolds,melissasmith@example.net,Female,Lamchester,11-10-2024
U007406,Brandon Harris,ncortez@example.net,Other,Hamiltonburgh,24-02-2025
U007407,Barbara Harris,carlos28@example.org,Other,Lake Scottfurt,28-01-2025
U007408,Karen Morgan,davidgrimes@example.net,Other,Troybury,28-11-2024
U007409,Brittany Baker,charlesjoshua@example.net,Male,West Corey,16-01-2024
U007410,Jason Morrow,robert20@example.com,Other,Port Deannatown,09-01-2025
U007411,Jenna Walker,judith27@example.org,Other,North Zachary,15-03-2024
U007412,Amanda Smith,douglasmichael@example.org,Male,Randallside,08-07-2025
U007413,Brittany Ortiz,andrewrussell@example.com,Male,Sanchezview,17-10-2025
U007414,Amanda Baker,frank59@example.net,Male,Lake Tara,12-06-2024
U007415,Derek Atkinson,jonesphillip@example.com,Other,Oliviastad,12-02-2024
U007416,Jose Alexander,johncampbell@example.net,Female,Longchester,17-02-2024
U007417,Christy Sandoval,cynthia50@example.org,Other,West Andrew,12-07-2024
U007418,Kimberly Williams,floresdennis@example.com,Female,Benjaminfurt,18-09-2024
U007419,Benjamin Petersen,nancy85@example.com,Male,Port Sabrina,23-01-2024
U007420,Danielle Mccullough,lisathompson@example.net,Other,New Jordanmouth,21-04-2025
U007421,Rachel Young,jeffery39@example.net,Other,Jonesbury,18-04-2025
U007422,Virginia Graham,sarahwallace@example.net,Female,Brewerton,10-10-2024
U007423,Christina Kirby,zunigadanielle@example.net,Other,Langland,28-09-2024
U007424,Patrick Richards,josephmiller@example.com,Other,Patrickburgh,08-10-2024
U007425,Teresa Cochran,austinbowman@example.com,Other,Gregorymouth,29-06-2024
U007426,Stephen Santiago,scottcooper@example.com,Male,Angelachester,22-03-2024
U007427,Julie Rodriguez,robertrandolph@example.net,Female,Port Nicholas,18-07-2025
U007428,Leroy Dorsey,andradewilliam@example.com,Other,North Michellestad,02-11-2025
U007429,Allison Noble,glennralph@example.org,Female,Rhondabury,14-03-2024
U007430,Cesar Booth,haleygeorge@example.org,Male,East Annaland,28-06-2024
U007431,Crystal Berry,eduardorose@example.net,Male,South Aaron,08-10-2024
U007432,Jessica Savage,sarahsanchez@example.org,Female,East Elizabeth,29-09-2025
U007433,Mary Hernandez,georgeneal@example.org,Other,East Josephton,05-02-2024
U007434,Devin Nelson,vhaley@example.net,Other,Williamsfurt,23-09-2024
U007435,Melissa Cohen,johnvazquez@example.net,Male,Lake Michelleburgh,02-07-2024
U007436,Michelle Thompson,mwillis@example.net,Male,Port Kristinaview,08-02-2025
U007437,Brandon Booker,allenfields@example.org,Male,Griffithberg,05-09-2025
U007438,Frederick Frazier,vmartin@example.com,Male,New Alicia,08-11-2024
U007439,Tracy Stewart,eadams@example.net,Other,South Amy,22-04-2025
U007440,Barry Hickman,robert32@example.net,Male,South Kristinemouth,30-05-2025
U007441,Tamara Perez,vanessastone@example.net,Female,South Charlotte,16-10-2025
U007442,Shelby Mata,joseph32@example.org,Female,Jamesland,24-09-2024
U007443,Mary White,everettkatie@example.net,Female,New Elizabethborough,12-10-2024
U007444,James Bush,christina52@example.org,Other,Michaelberg,13-04-2025
U007445,Diana Brown,robertvasquez@example.net,Female,Lake Shannonfurt,10-07-2024
U007446,John Chen,omiles@example.net,Female,Kellyton,10-05-2025
U007447,Tonya Jackson,alanmoore@example.net,Other,Carrilloside,17-01-2024
U007448,Laura Richards,moorejoann@example.org,Male,Tracyburgh,05-11-2025
U007449,Cynthia Townsend,aprilwhite@example.org,Male,North Ellenborough,26-11-2024
U007450,Mckenzie Rodriguez,williamsstephanie@example.net,Male,North Kendra,05-02-2025
U007451,James Chung,vhunt@example.org,Male,Danielhaven,21-09-2025
U007452,Ethan Richardson,lindseymonique@example.com,Male,Lake Juan,01-02-2025
U007453,Michael Lowe,micheal38@example.com,Other,New Timothyshire,05-04-2024
U007454,Elizabeth Moore,samanthagarner@example.org,Female,Anaborough,02-03-2024
U007455,Jeanne Perez,hortonsavannah@example.com,Male,Larryfurt,08-10-2025
U007456,Joseph Hernandez,sandra66@example.org,Female,Toddview,26-05-2024
U007457,Eric Mosley,smithjulie@example.org,Female,North Sylviachester,15-12-2024
U007458,Carrie Acosta,cstevens@example.com,Female,North Ethan,14-03-2025
U007459,Susan Mora,sarajohnson@example.net,Other,West Josephburgh,15-03-2024
U007460,Kim Porter,kellysusan@example.org,Male,Port John,20-05-2024
U007461,Amy Palmer,christopher47@example.net,Other,New Jill,30-04-2024
U007462,Mark Marshall,higginsdonna@example.com,Female,Hernandezfort,28-01-2025
U007463,Kevin Conley,colemanjennifer@example.org,Male,Wilsonborough,21-09-2024
U007464,Douglas Young,elizabeth91@example.com,Male,Lake Kathy,07-08-2025
U007465,Jeremy Watkins,joseph05@example.net,Other,Josephfurt,06-08-2024
U007466,Donald Spencer,rubenroberson@example.org,Other,New Sarahport,10-06-2024
U007467,Thomas Sheppard,mmontes@example.net,Female,Cohenburgh,22-07-2024
U007468,Tyrone Carter,jamesklein@example.net,Female,Loriberg,22-12-2024
U007469,Laura Hunt,ashley62@example.com,Female,West Yolanda,07-08-2024
U007470,Angela Marks,muellerjeffrey@example.net,Female,Leahland,08-08-2024
U007471,James Lewis,carlcummings@example.com,Male,Rowlandland,31-10-2025
U007472,Jimmy Cochran,obrienjacob@example.net,Other,Andersonshire,03-11-2024
U007473,Kim Vance,evansshannon@example.com,Other,Kevinmouth,05-10-2025
U007474,Dominique Mclaughlin,weissashley@example.net,Male,Tashaville,21-09-2025
U007475,Aaron Wilson,washingtonelizabeth@example.org,Male,Kevinside,23-03-2024
U007476,Richard Newman,bob85@example.com,Other,North Brandonside,03-10-2025
U007477,Michelle Lee,wparks@example.com,Female,Davismouth,20-09-2025
U007478,Steven Davila,courtneygarcia@example.org,Other,Port Brendaberg,12-11-2024
U007479,Sherry Bryant,brownrobert@example.com,Other,Lowerytown,13-09-2025
U007480,Edwin Warner,jharvey@example.org,Other,Brandymouth,23-10-2024
U007481,Tammy Brown,stephanie99@example.org,Male,Gregoryview,20-10-2024
U007482,Heather Wade,garcialinda@example.org,Male,Jamesfurt,03-05-2024
U007483,Kim Gallagher,amartin@example.org,Male,North Anthony,24-06-2024
U007484,Kimberly Jackson,roseerik@example.com,Male,Port Mariafurt,06-04-2025
U007485,Stephanie Hunt,carlroberts@example.com,Male,Lake William,16-12-2024
U007486,Amber Pruitt,joshua21@example.net,Other,South Kathyfurt,04-12-2024
U007487,Douglas Rodriguez,david60@example.org,Female,North Adrian,11-04-2024
U007488,Jason Duncan,clairewilson@example.com,Male,West Charlene,07-05-2025
U007489,William Hampton,rodriguezdarin@example.com,Male,Russoland,23-04-2025
U007490,Jose Ramirez,jacquelinegonzalez@example.org,Male,West Robert,07-05-2024
U007491,Paula Terry,hayesfrank@example.net,Other,North Natasha,09-06-2024
U007492,Jennifer Morris,nicole09@example.org,Other,Jermainefurt,13-02-2025
U007493,Danielle Fernandez,lewisphilip@example.com,Other,Michelefurt,04-05-2025
U007494,James Luna,wrightemily@example.com,Female,Robertmouth,14-04-2025
U007495,Christopher Adams,jerrydonaldson@example.com,Female,Port Andrew,19-09-2024
U007496,Christopher Jackson,carriekelly@example.org,Male,Ashleyville,20-06-2024
U007497,Wendy Schneider,millerallison@example.org,Male,Samanthachester,01-06-2025
U007498,Tamara Foster,patriciamiranda@example.net,Male,Garnerchester,14-03-2025
U007499,Christopher Lee,zthomas@example.net,Female,West Michaeltown,07-04-2024
U007500,Juan Holmes,smithmelissa@example.com,Male,Larsonborough,17-08-2025
U007501,Shannon Mayer,brandonsweeney@example.com,Male,Shawberg,09-02-2024
U007502,Walter Page,orozcocarlos@example.org,Other,South Nicole,16-11-2024
U007503,Christopher Rich,kirkrobert@example.net,Female,Kevintown,21-01-2025
U007504,Penny Weiss,hendersonmatthew@example.com,Other,Port Dustinfort,10-09-2024
U007505,Jared Holden,william80@example.org,Other,South Lauren,30-08-2024
U007506,Kyle Elliott,ygreen@example.org,Other,West Gregoryview,14-07-2025
U007507,Lori Herrera,phillipsstephen@example.com,Other,East Annette,20-05-2025
U007508,Michelle Lyons,kathleen07@example.net,Other,North Theodore,16-04-2024
U007509,Brooke Walsh,claudia53@example.org,Other,Josephbury,19-10-2024
U007510,Christopher Oneal,devans@example.com,Other,Port Deanna,10-06-2025
U007511,Christine Williams,humphreyclaudia@example.com,Male,South Nicholebury,27-02-2025
U007512,Tony Nguyen,waterskimberly@example.org,Female,Lake Jason,23-01-2025
U007513,Robert Palmer,elizabethmills@example.com,Other,Port Jonathanfurt,02-03-2024
U007514,Michelle Bennett,ehall@example.net,Other,North Brandihaven,27-02-2025
U007515,Pamela Young,katrinastone@example.net,Female,Davidland,23-04-2025
U007516,Heather Ramirez,rjohnson@example.org,Male,Camposfort,23-02-2025
U007517,Michael Mueller,xwalsh@example.net,Male,Gordonchester,01-08-2024
U007518,Kenneth Burns,normanbrian@example.net,Female,New Krystal,10-01-2025
U007519,Barbara Powers,lrandolph@example.org,Female,New Jacob,30-12-2024
U007520,Tony Figueroa,paul96@example.org,Female,Stephaniefort,21-03-2024
U007521,Stephen Knight,peteradams@example.org,Female,Lake John,31-01-2025
U007522,David Estrada,crystal05@example.net,Male,Marktown,12-09-2024
U007523,Nicole Mitchell,loribarker@example.com,Female,Baileyside,30-07-2024
U007524,Nicole Mejia,andrew64@example.org,Other,New Amber,31-08-2025
U007525,William Browning,jasonjames@example.org,Male,North Jeffreyside,02-03-2024
U007526,Christina Alvarez,hoodnathan@example.com,Female,North Brianna,18-08-2024
U007527,Ricky Thomas,nicholskatie@example.com,Female,Lake Raymond,03-06-2025
U007528,Timothy Davis,david04@example.com,Male,West Phillipberg,03-10-2025
U007529,Deborah Brown,rmoore@example.net,Male,Ashleyview,01-08-2025
U007530,Crystal Robles,reeveschristine@example.net,Other,South Roger,10-08-2025
U007531,Katrina Keith,karlathornton@example.net,Female,Coleton,02-09-2025
U007532,Robert Ortiz,johnsonfrederick@example.net,Female,New Matthew,12-12-2024
U007533,Sherri Johnson,brittany35@example.net,Other,Jasonville,26-04-2025
U007534,Brian George,mlong@example.net,Female,South Jessica,20-11-2024
U007535,David Greene,bradleyabbott@example.com,Other,Halebury,08-06-2025
U007536,Travis Mcdonald,reedkevin@example.com,Male,Lake Lisa,02-10-2025
U007537,Kenneth Higgins,millerangela@example.org,Other,West Jamesshire,25-07-2024
U007538,Wanda Saunders,dgreen@example.org,Male,Michaelmouth,25-06-2024
U007539,Michael Edwards,spencermiller@example.org,Other,Sototown,23-04-2024
U007540,Tiffany Valdez,gellis@example.org,Male,New Allison,13-11-2024
U007541,Alison Patterson,xhebert@example.org,Male,New Timothy,29-04-2025
U007542,Dana Oliver,jenningswendy@example.org,Other,West Tanya,15-04-2025
U007543,Amanda Kelly,leecaitlin@example.net,Other,New Victor,17-01-2025
U007544,Angel White,bfoley@example.com,Other,North Jared,28-10-2025
U007545,Kim Watson,gregorybishop@example.net,Other,Sheltonville,30-08-2024
U007546,Steven Baker,wilsonkatherine@example.org,Male,South Samueltown,28-01-2024
U007547,Amy Pierce,baldwineric@example.org,Female,Tamaraville,10-05-2025
U007548,Andrea Phillips,rodrigueztina@example.com,Other,Anthonyborough,01-07-2024
U007549,Matthew Dodson,brownmorgan@example.org,Other,Leetown,14-05-2024
U007550,Nancy Cross,jhatfield@example.com,Other,Herreraborough,28-02-2025
U007551,Sean Henderson,rbrown@example.com,Other,Lake Renee,10-02-2024
U007552,Nathan Harrison,karen69@example.com,Female,South Lindsey,08-04-2025
U007553,Jeanne Munoz,parkershannon@example.net,Female,Angelaborough,15-04-2025
U007554,Jeffrey Williams,scottlong@example.org,Other,Port April,29-01-2024
U007555,Bruce Peters,erika10@example.com,Female,Leeland,02-08-2024
U007556,John West,johnmiller@example.net,Female,Lake Anthonyport,05-10-2025
U007557,Mary Ray,elaine30@example.org,Other,North Megan,24-09-2025
U007558,Mary Miller,tanyamason@example.org,Other,Port Matthewberg,01-06-2024
U007559,Kathy Bean,deborah72@example.com,Other,Port Cassandraside,11-06-2025
U007560,Kimberly Strong,gravestammy@example.org,Female,Annaside,01-05-2025
U007561,Kelly Evans,douglasellison@example.org,Male,Sethburgh,25-03-2025
U007562,Jason Jackson,ortizdaniel@example.org,Other,Laurenberg,28-03-2025
U007563,Michelle Luna,sherri52@example.com,Other,Palmermouth,31-07-2024
U007564,Lauren Williams,myersmaria@example.com,Female,Muellershire,04-10-2025
U007565,Courtney Dunn,nortonkevin@example.org,Other,Velazquezburgh,10-12-2024
U007566,Gregory Davis,smiller@example.org,Other,Lake Richardmouth,10-11-2025
U007567,Dawn Ho,bowersalexandra@example.org,Other,Port Michelleton,25-09-2025
U007568,Crystal Atkins,jacksonmisty@example.org,Female,Amberport,20-08-2025
U007569,Travis Hernandez,gburnett@example.com,Female,Port Deborah,21-06-2025
U007570,William Warner,matthewwilliams@example.org,Male,West Donna,25-01-2025
U007571,Jasmin Hoffman,lewisheather@example.org,Other,West Kristinmouth,16-05-2025
U007572,Andrew Munoz,michellebrown@example.com,Male,Lindseymouth,28-05-2025
U007573,Brittney Martin,rodriguezemily@example.com,Other,Manningchester,28-02-2025
U007574,Lisa Rodriguez,ashley43@example.com,Female,West Bryanbury,02-04-2025
U007575,Kelli Perry,guerrakevin@example.net,Male,Shawnmouth,11-07-2025
U007576,Jacqueline Cox,lesliemullins@example.net,Male,Martinezmouth,07-07-2025
U007577,Michael Diaz,juangarcia@example.net,Male,Dayland,06-09-2024
U007578,Alex Decker,geraldfrederick@example.net,Male,West Robert,09-08-2024
U007579,Shannon Richardson,angela54@example.com,Female,Shawnchester,24-04-2024
U007580,April Brooks,donna02@example.org,Other,New Jessicamouth,21-05-2024
U007581,Brooke Gray,krowe@example.net,Male,Grayshire,06-10-2025
U007582,Nichole Murphy,adamsrobert@example.org,Other,Wendybury,12-12-2024
U007583,Darin Sloan,jenniferduran@example.org,Male,Port Elizabethton,30-06-2025
U007584,Laura Sanchez,pmeza@example.net,Other,Robertsonshire,22-05-2025
U007585,Robert Sullivan,tammyhill@example.net,Female,Port Michaelbury,06-10-2024
U007586,Wendy Burnett,garycalhoun@example.net,Female,West Jamesfurt,09-09-2025
U007587,Levi Duncan,katherine64@example.net,Male,Jonathanfurt,23-01-2024
U007588,Jorge Taylor,baldwinalexis@example.com,Female,New Cherylton,29-05-2025
U007589,Jason Shields,georgeschroeder@example.net,Female,Port Matthewside,12-10-2025
U007590,Antonio Smith,joshua64@example.com,Other,New Barbara,11-11-2024
U007591,Donald Parker,dodsonjessica@example.net,Other,Duncanmouth,31-01-2025
U007592,Stephanie Robinson,cooktammy@example.com,Male,South Johnhaven,09-03-2025
U007593,Ernest Larsen,benjamin06@example.net,Male,North Matthew,15-02-2025
U007594,Angel Pruitt,samantha67@example.net,Other,Katrinaville,21-02-2025
U007595,Lisa Mendez,harriscrystal@example.org,Male,New Jimmy,13-06-2025
U007596,Danielle Poole,parsonsjacqueline@example.net,Other,Port Derekmouth,01-09-2024
U007597,Brenda Mitchell,natalie18@example.org,Female,West Daniel,16-01-2024
U007598,Caitlin Graham,tbradley@example.net,Female,Jasonland,06-05-2024
U007599,Victor Harrison,ysavage@example.com,Male,East Markhaven,09-02-2024
U007600,Melanie Wells,harrisonjohn@example.org,Female,Ryanmouth,01-03-2025
U007601,Natalie Snyder,brownmaxwell@example.org,Female,Bryanside,02-05-2025
U007602,Lauren Jones,nathan56@example.com,Other,Padillaside,02-07-2025
U007603,Donna Smith,sandra11@example.com,Other,Carlsonland,26-10-2024
U007604,Michael Roberts,duane42@example.com,Female,Stanleyshire,29-02-2024
U007605,Ashley Nolan,nblack@example.net,Male,North Valerieside,23-06-2025
U007606,Linda Wilson,greenkathryn@example.com,Male,Nelsonton,29-04-2024
U007607,Ariel Hutchinson,cody31@example.org,Other,West Michaelfort,17-07-2024
U007608,Amanda Smith,nromero@example.org,Female,Port John,07-02-2024
U007609,Alexander Roberson,samantha20@example.org,Female,North Edward,24-08-2024
U007610,Victoria Gonzalez,debranelson@example.org,Female,Shannonbury,17-07-2025
U007611,Kathy Green,todd78@example.org,Other,Port Daniel,08-08-2025
U007612,Debra Bryan,xhall@example.org,Other,Dianeport,23-09-2024
U007613,Norman Chambers,tbrown@example.com,Other,Adamsland,02-11-2025
U007614,Jason Simon,jmay@example.org,Male,Alisonport,10-04-2024
U007615,Matthew Parks,ccarlson@example.org,Male,Meganbury,09-02-2025
U007616,Danielle Ruiz,richardhamilton@example.org,Male,North Scotthaven,11-04-2024
U007617,Lori Davis,mendezclaire@example.com,Female,Lake Jill,07-03-2025
U007618,Amanda Weber,oholloway@example.com,Female,Darrenchester,08-06-2024
U007619,Chris Brown,ureed@example.net,Other,East Zacharyburgh,01-08-2025
U007620,Eric Townsend,ghines@example.net,Female,Port Joshua,22-04-2024
U007621,Sara Hughes,riveratonya@example.net,Female,Amyberg,21-08-2025
U007622,Dustin Cardenas,emaldonado@example.net,Male,Port William,30-08-2025
U007623,Michael Morales,nancy94@example.net,Other,Hensonhaven,12-09-2024
U007624,Devin Carr,xferguson@example.com,Male,Barnesstad,29-12-2024
U007625,Jane Mclaughlin,hgarcia@example.com,Female,North Toniborough,22-06-2024
U007626,Casey Lopez,fishermichael@example.com,Male,East Richardmouth,09-10-2024
U007627,Gabrielle Rivera,patrick42@example.org,Other,East William,04-05-2024
U007628,Alyssa Clark,lisa14@example.org,Female,North Danielleshire,15-10-2025
U007629,Randy Russo,reginaldhuang@example.com,Other,West Johnton,20-06-2024
U007630,Jose Walker,carterjeffrey@example.org,Female,East Marioton,05-10-2025
U007631,Nathan Graves,fgraham@example.com,Female,East Michaelmouth,20-07-2024
U007632,Summer Cordova,ssummers@example.org,Female,Hernandezport,16-02-2024
U007633,Christopher Hayes,tracymccormick@example.org,Other,Medinaborough,19-11-2024
U007634,Jesus Brown,michael97@example.com,Male,East Michaelberg,09-07-2025
U007635,Adam Kerr,samanthawallace@example.com,Other,Lake Tracytown,28-04-2025
U007636,Lisa Ferguson,kimberly51@example.com,Female,Lake Brittany,24-01-2024
U007637,Jennifer Pierce,janetwilson@example.net,Other,Piercestad,08-01-2025
U007638,Micheal Byrd,bhartman@example.net,Other,Johnsonmouth,25-07-2024
U007639,Rachel Pruitt,williamsandrea@example.com,Other,Port Barbaramouth,28-09-2024
U007640,Gregory Peck,hubbardryan@example.org,Female,Jacksonside,07-12-2024
U007641,Michelle Martin,reedwilliam@example.com,Other,North David,08-09-2025
U007642,Joseph Holt,vickiarmstrong@example.org,Other,Kennethchester,04-08-2024
U007643,Eric Schroeder,mercedes24@example.com,Male,Reidshire,01-05-2025
U007644,Seth Tate,rachelcastaneda@example.org,Male,North Dawnton,16-11-2024
U007645,Michelle Horne,elizabethwalker@example.net,Other,South Joshuahaven,14-12-2024
U007646,Katie Brewer,cathyhall@example.org,Other,Lake Russellville,18-09-2025
U007647,Logan Diaz,myoung@example.com,Female,Jonesmouth,09-10-2025
U007648,Lacey Mcdonald,ochandler@example.com,Female,Youngport,09-11-2025
U007649,Micheal Woods,baileyolivia@example.net,Male,North Carmenmouth,14-10-2024
U007650,Kimberly Dixon,randyboyd@example.org,Male,Kayleemouth,08-01-2024
U007651,Dana Ramirez,diana52@example.com,Female,Mcintyrechester,10-06-2025
U007652,Rita Young,victoria32@example.org,Male,New James,23-01-2025
U007653,Maria Noble,lopeztroy@example.org,Female,Port Anthony,23-07-2025
U007654,Keith Day,hilljay@example.com,Female,Phillipburgh,26-07-2024
U007655,Vincent Hardy,vincentsnyder@example.com,Other,West Kerri,15-07-2025
U007656,Taylor Jackson,bakersamantha@example.net,Other,Justinfort,15-05-2024
U007657,Renee Thomas,matthewrichardson@example.net,Male,Laurenport,11-11-2025
U007658,Julie Yu,barbara55@example.net,Other,Hamiltonshire,17-01-2025
U007659,Daniel Young,smithlauren@example.net,Other,Davischester,20-06-2024
U007660,Matthew Franklin,longjason@example.org,Female,Lake Melissa,10-04-2024
U007661,Leah Hill,lnunez@example.com,Male,Khanfurt,24-05-2025
U007662,Tammie Morales,jsimmons@example.com,Other,Christopherbury,04-04-2025
U007663,Bonnie Rodriguez,stevenperez@example.net,Male,Makaylaport,14-05-2025
U007664,Kenneth Tate,haley26@example.com,Female,Bonniemouth,08-11-2025
U007665,Sarah Richardson,joseph41@example.com,Other,Parkerville,01-06-2024
U007666,Alexander Taylor,carlos85@example.net,Female,Pacehaven,21-08-2024
U007667,Norman Stewart,calderonheather@example.net,Other,West Caitlinhaven,28-02-2024
U007668,Cassie Wilson,steven80@example.org,Male,Jessicachester,28-10-2024
U007669,Tamara Williams,hancockeric@example.com,Female,East Jonathan,03-10-2025
U007670,Laura Waters,kylewaters@example.com,Female,Rebeccamouth,11-01-2024
U007671,Kenneth Morris,williambrown@example.com,Male,West Richardport,30-10-2025
U007672,Jim Burns,linda20@example.com,Female,North Cody,24-02-2025
U007673,Donald Perry,kaitlynsnyder@example.net,Male,Vazquezburgh,09-02-2024
U007674,Shelby Torres,william57@example.com,Female,West Andremouth,28-10-2025
U007675,Caitlin Lam,mward@example.net,Female,Port Ashley,17-11-2024
U007676,Amanda Townsend,howellbilly@example.com,Female,Robertstad,05-11-2025
U007677,Beverly Miller,michaelwilliams@example.net,Male,North Scott,20-09-2025
U007678,Derrick Hoover,john26@example.org,Other,Port Joshua,10-07-2025
U007679,David Webb,karengordon@example.net,Female,Mooremouth,27-03-2024
U007680,Jennifer Vazquez,amber07@example.org,Male,East Sherryport,28-06-2024
U007681,Greg Nguyen,julie44@example.net,Male,West Vincentville,05-04-2024
U007682,Madison Guerrero,ganderson@example.net,Female,East Aaronville,18-10-2025
U007683,Jonathan Thomas,william86@example.net,Male,West Carlafurt,01-09-2025
U007684,Dawn Edwards,stephaniejohnson@example.org,Male,Matthewfurt,01-01-2024
U007685,Donald Waters,tracyanderson@example.com,Male,East Nathanielberg,28-02-2024
U007686,Beverly Beasley,kingian@example.org,Female,Port Alexander,08-06-2025
U007687,Brandon Caldwell,tina52@example.com,Other,Benjamintown,20-03-2024
U007688,Jason Barnett,wisejessica@example.net,Male,West Julie,25-05-2025
U007689,Stephanie Campbell,scott97@example.net,Female,South Holly,03-12-2024
U007690,Betty Jones,spearson@example.net,Other,South Heatherview,01-04-2025
U007691,Phillip Burton,ryanwalker@example.net,Male,New Amymouth,23-09-2024
U007692,Darlene Hampton,jdaniels@example.com,Male,Aprilport,10-12-2024
U007693,Lucas Long,sharonsimmons@example.com,Female,Loganport,12-12-2024
U007694,Katherine Rivera,anthony54@example.org,Female,Hatfieldborough,18-04-2025
U007695,David Baker,caldwellkayla@example.com,Other,Lake John,12-06-2025
U007696,Michelle Moore,mcintoshmartin@example.com,Other,East Toddport,20-12-2024
U007697,Clarence Galvan,johnmoore@example.org,Female,Allisonburgh,13-09-2025
U007698,Julie Lynch,brewerdeborah@example.com,Female,Davisbury,21-01-2024
U007699,Stuart Forbes,colleen85@example.org,Male,Gabriellaberg,16-09-2024
U007700,Leonard Palmer,rodriguezjudy@example.org,Male,Fitzgeraldfurt,20-02-2025
U007701,Miguel Hudson,kmorris@example.org,Other,South Sandraside,16-12-2024
U007702,Alex Mason,floresanna@example.org,Other,Port Johnfurt,27-07-2025
U007703,Jennifer Bennett,martinchristopher@example.net,Male,Port Sharon,01-08-2024
U007704,Brian Mcdonald,joshuagarcia@example.com,Male,Caldwellstad,02-06-2025
U007705,David Lamb,brandy06@example.net,Other,Port Williamborough,07-04-2025
U007706,Dylan Oliver,nathaniellee@example.net,Male,Tonyaland,13-12-2024
U007707,Rebecca Palmer,rthomas@example.org,Female,East Laura,13-04-2025
U007708,Ryan Jones,hrollins@example.org,Female,Brittanyfurt,14-11-2024
U007709,Lauren Sims,rebecca17@example.net,Other,New Angelamouth,18-03-2025
U007710,Joel Martinez,padams@example.org,Other,South Jesse,03-12-2024
U007711,Rhonda Cortez,jennifer74@example.org,Male,New Sheena,28-05-2024
U007712,Andrew Guerrero,thomashenson@example.org,Male,Jonathonmouth,15-01-2025
U007713,Sherry Alvarez,ashleytrevor@example.com,Female,North Sharon,19-06-2025
U007714,Jessica Maldonado,ibarber@example.com,Male,Port Paul,06-03-2025
U007715,Michele Harris,sarahwatson@example.com,Other,South Robert,07-01-2024
U007716,Christine Henry,susanosborne@example.net,Other,Jamesberg,05-08-2024
U007717,Matthew Bailey,jasondavila@example.net,Male,North Matthew,18-02-2024
U007718,Eileen Miller,kellychristopher@example.net,Female,Bobbyfort,28-04-2025
U007719,Ashley Buchanan,williamgarcia@example.net,Female,New Heathermouth,20-10-2025
U007720,Zachary Hansen,williamsbrandon@example.net,Male,North Juliebury,06-01-2024
U007721,Anthony Ross,anna61@example.org,Male,Perkinstown,28-03-2024
U007722,Kylie Shaw,smunoz@example.com,Other,Laurachester,04-11-2024
U007723,Catherine Fowler,williamsjason@example.net,Other,South Bianca,18-02-2025
U007724,Kaitlyn Craig,nelsonmercedes@example.org,Other,South Traceyland,22-07-2025
U007725,Rhonda Willis,markschwartz@example.net,Female,North Gregory,25-08-2025
U007726,Stacy Moody,tylermelissa@example.net,Male,Morenoton,18-08-2025
U007727,Kayla Rodriguez,jeffrey11@example.org,Other,Tuckerstad,12-08-2024
U007728,Derrick Jones,uedwards@example.org,Female,Kathleenport,28-08-2025
U007729,Gary Sanchez,elizabeth75@example.com,Other,Catherineberg,11-04-2025
U007730,Harry Mcguire,isaiah91@example.com,Male,Melissafurt,10-03-2025
U007731,Christina Decker,destiny85@example.com,Female,Hooperside,19-03-2024
U007732,John Smith,lwilson@example.com,Male,West Henry,03-10-2025
U007733,Zachary Miller,mary07@example.org,Male,Schmidtberg,29-03-2024
U007734,Dustin Wolf,rrodriguez@example.com,Female,Maddenborough,18-10-2025
U007735,Christopher Edwards,wbrown@example.com,Female,Port Dakotabury,24-10-2025
U007736,Michelle Thomas,zflowers@example.com,Other,Lake Williamview,17-07-2025
U007737,Joshua Ramirez,jenniferperez@example.com,Female,North Blake,09-06-2025
U007738,Christopher Hickman,david97@example.net,Female,Wellsport,14-08-2024
U007739,John Perez,taraharris@example.com,Other,Bryanland,05-04-2024
U007740,Crystal Hill,alexander55@example.org,Male,Mccallberg,25-08-2025
U007741,Taylor Sloan,chloesullivan@example.net,Female,Chapmanview,25-05-2025
U007742,Robert Murray,randy87@example.net,Male,North Thomas,28-01-2025
U007743,Melissa Luna,tiffanyjimenez@example.com,Male,West Kristenfurt,27-03-2025
U007744,Erica Ware,umiller@example.org,Female,East Tommyborough,07-07-2024
U007745,Tony Lutz,maddensuzanne@example.com,Male,Jeremiahberg,09-04-2025
U007746,Amber Stevens,anne67@example.org,Male,Elizabethmouth,23-03-2024
U007747,Deanna Mendoza,whitney16@example.net,Other,Stevenmouth,16-08-2025
U007748,Andrew Richmond,riverajessica@example.com,Other,Vickistad,19-05-2025
U007749,Roy Bates,anitawhite@example.com,Other,Lake Amy,06-11-2024
U007750,Samuel Shaw,victoriawright@example.com,Male,Port Joshua,10-02-2024
U007751,David Valenzuela,jenniferbarnes@example.net,Male,Steelefort,02-05-2024
U007752,Mark Gillespie,kwilliams@example.net,Other,Port Kimberly,29-05-2024
U007753,Michael Brooks,kevinallen@example.net,Female,Port Nicoleville,11-07-2024
U007754,Emily Montgomery,charles79@example.org,Other,South Charlesport,11-02-2025
U007755,Brenda Knight,brian36@example.org,Female,South Emily,13-07-2025
U007756,Robert Martin,sperez@example.net,Female,South Waynemouth,29-10-2024
U007757,John Diaz,lisajones@example.com,Male,West Amanda,24-01-2025
U007758,Jennifer Nguyen,robert39@example.net,Other,Parksborough,14-08-2024
U007759,Scott Smith,campbellrobert@example.org,Female,Erinberg,03-01-2024
U007760,Robert Garcia,lisawashington@example.org,Other,West Eugenefurt,23-04-2025
U007761,Anthony Griffith,harveychristian@example.com,Male,South Ryanbury,02-07-2024
U007762,Wendy Lynch,grimeskristin@example.org,Male,West Jessicashire,05-08-2024
U007763,Lawrence Ferguson,mburns@example.net,Male,East Carolyn,28-02-2024
U007764,Stanley Combs,christina83@example.com,Female,Jeffersonbury,04-02-2025
U007765,Thomas Lewis,yatesbrenda@example.org,Other,Petersonberg,06-05-2024
U007766,Ronald Pham,qbailey@example.org,Female,Adamsmouth,04-08-2024
U007767,Erin Morse,igross@example.com,Other,Davidmouth,24-09-2025
U007768,Madeline Flowers,perryjoseph@example.net,Female,Ashleyburgh,02-03-2024
U007769,Nicholas Mora,heather45@example.net,Male,West Heathermouth,07-08-2025
U007770,Kimberly Beltran,anna04@example.net,Male,Janetland,06-09-2024
U007771,Daniel Smith,tranjessica@example.com,Male,South Ashley,30-04-2025
U007772,Patricia Floyd,fdavis@example.org,Female,Port Nicholas,12-01-2024
U007773,Ronald Chapman,banksjames@example.com,Other,East Bethanyfort,18-04-2025
U007774,Janice Hampton,karengarrett@example.com,Male,Williamsstad,20-05-2025
U007775,Annette Robles,dsimpson@example.org,Male,New Richard,06-03-2024
U007776,Cody Mcguire,fallen@example.net,Female,Brandonview,20-06-2024
U007777,Thomas Castro,michael61@example.org,Male,Port Theresa,05-09-2025
U007778,Abigail Peters,wdennis@example.org,Male,Fowlerport,03-02-2024
U007779,Benjamin Collins,patelsean@example.com,Female,Ashleychester,27-08-2025
U007780,Timothy Lee,patricktimothy@example.com,Female,Matthewsborough,30-03-2025
U007781,Douglas Smith,johnsonbenjamin@example.net,Male,Elizabethfurt,24-08-2025
U007782,Ronnie Smith,yrogers@example.com,Other,Jenniferburgh,17-08-2024
U007783,Jason Kim,shaney@example.net,Other,Jamesport,28-04-2024
U007784,Brenda Simmons,ericgarcia@example.com,Other,New Jacqueline,30-10-2024
U007785,Molly Miller,gsims@example.net,Other,Lisaside,03-09-2024
U007786,Daniel Dixon,zadams@example.net,Other,Lake Brittanyland,18-05-2025
U007787,Nathan Parker,kennethharris@example.org,Other,West Matthew,25-04-2025
U007788,Justin Smith,james89@example.com,Female,Lake Kaitlin,19-04-2025
U007789,Robert Phillips,cookgina@example.org,Other,Wilsonton,13-08-2025
U007790,Michael Steele,bmartinez@example.net,Female,East Donnahaven,25-10-2024
U007791,Luke Snyder,jennifercollins@example.org,Female,Elliottborough,23-11-2024
U007792,Rebecca Jones,marshallmichelle@example.net,Female,East Chris,21-08-2025
U007793,Tanya Wallace,nicholasjones@example.org,Male,North Brandonville,18-06-2024
U007794,Cathy Moyer,boydhayley@example.com,Other,Christinetown,14-02-2025
U007795,Jonathan Wallace,stephen73@example.com,Other,Danielport,29-05-2024
U007796,Gregory Hughes,roger20@example.net,Other,Yvetteport,11-02-2024
U007797,Philip Mack,hernandezwilliam@example.org,Male,Jamesfort,27-04-2025
U007798,Susan Jones,crystalbrewer@example.net,Female,Pamelafort,09-08-2025
U007799,John Waller,rmartin@example.org,Other,Vincentfurt,02-08-2024
U007800,Lisa Garcia,briancampbell@example.org,Male,Port Caitlin,23-06-2025
U007801,Mark Oconnell,gregorymclean@example.com,Male,Michaelchester,19-07-2025
U007802,Sylvia Grant,fwilkerson@example.com,Other,Lynnfort,06-08-2025
U007803,Adam Newton,mortonmichael@example.com,Female,Silvamouth,13-11-2025
U007804,Derek Miller,bradforddaniel@example.org,Male,Marieview,16-05-2024
U007805,Stephanie Peters,ibarajas@example.net,Female,South Brianmouth,25-03-2025
U007806,Andrew Hoffman,christinereilly@example.org,Female,New Dustin,02-12-2024
U007807,Tammy Taylor,sarah34@example.net,Other,Nancymouth,10-03-2025
U007808,Teresa Knight,nicolemartin@example.com,Other,South Shawnland,30-04-2025
U007809,Brad Torres,odominguez@example.org,Other,East Randallfort,18-12-2024
U007810,David Roberts,njohnson@example.com,Female,Kimberlystad,08-09-2025
U007811,Jennifer Fritz,bbeck@example.net,Female,North Kaitlyn,20-11-2024
U007812,Jason Garcia,christinamccormick@example.org,Male,Lake Jeremy,23-03-2024
U007813,Travis Wade,colonblake@example.com,Male,Port Ronnieville,24-07-2024
U007814,Nicholas Sullivan,upatel@example.com,Male,Port Bryanshire,03-09-2024
U007815,Nicole Charles,qrowe@example.net,Other,New Brandon,07-03-2025
U007816,Alex Ward,davidortiz@example.com,Female,North Michael,08-07-2024
U007817,Michael Watkins,davidcantu@example.com,Female,New Kimberlyview,13-04-2024
U007818,Elizabeth Herrera,terri83@example.org,Female,Smithfurt,31-07-2024
U007819,Donna Webster,lopezalan@example.com,Male,Jacksonfurt,03-06-2025
U007820,Caitlin Wagner,brian45@example.org,Other,Lake Alyssa,17-05-2025
U007821,Kevin Weaver,taylormark@example.com,Other,Williamborough,18-07-2025
U007822,Thomas Reed,herrerarobert@example.com,Female,South Geoffreyside,16-02-2025
U007823,Mike Davis,denise39@example.com,Female,Jamesstad,08-08-2024
U007824,Margaret Warren,gary46@example.org,Female,Lake Christopherstad,25-04-2024
U007825,Jennifer Fitzgerald,jack34@example.org,Female,East Kevin,25-08-2024
U007826,Renee Romero,nicholaswilson@example.com,Male,Morrisview,10-10-2024
U007827,Kari Novak,michaelreyes@example.net,Male,Leefurt,01-09-2024
U007828,Jose Mendoza,usandoval@example.net,Female,Taylortown,06-07-2025
U007829,Tamara Wheeler,jacksonbrendan@example.org,Male,Pamelafurt,26-11-2024
U007830,Timothy Thompson,thammond@example.net,Female,Johnsonland,14-09-2024
U007831,Edward Orr,dbutler@example.org,Female,Robinsonberg,05-11-2025
U007832,Thomas Henry,monicajohnson@example.org,Female,Jonesstad,27-05-2024
U007833,Nancy Kerr,ryanwilliams@example.net,Male,Dorseyborough,01-03-2024
U007834,John Brooks,timothyevans@example.org,Female,Williamsburgh,19-06-2025
U007835,Daniel Hernandez,makayla16@example.net,Female,Veronicamouth,10-03-2024
U007836,Ricky Meyer,jonathangreene@example.org,Other,Lake Christopher,27-02-2025
U007837,Jorge Ryan,felicia74@example.org,Other,Douglastown,29-10-2025
U007838,Cole Evans,terri88@example.org,Male,Millerfort,16-06-2025
U007839,John Allen,nbowers@example.com,Other,Rodriguezborough,27-07-2024
U007840,Juan Salazar,patrick47@example.org,Male,Michaelchester,11-09-2025
U007841,Jennifer Mathews,lee05@example.net,Female,East James,04-08-2024
U007842,Jill Flores,lstrong@example.org,Other,Lake Crystal,07-11-2025
U007843,Robert Spence,curtiscervantes@example.org,Male,New Matthew,24-09-2025
U007844,Lisa Lee,christina70@example.com,Female,Millerland,12-06-2024
U007845,Michelle Leon,fwhite@example.org,Other,New Taylorhaven,06-08-2024
U007846,Joan Salazar,davisdaniel@example.org,Other,Lake Krystal,16-02-2024
U007847,Jennifer Brown,travisramirez@example.com,Male,Gomezside,18-02-2025
U007848,Amanda Quinn,emilykelley@example.net,Female,West Kathleen,03-02-2025
U007849,Martin Conner,conniereynolds@example.org,Other,South Staceybury,05-08-2024
U007850,Brittney Matthews,shawn51@example.org,Female,Lake Teresa,21-05-2024
U007851,Troy May,alexa82@example.net,Female,Micheleton,17-07-2025
U007852,Michele Smith,pdavis@example.org,Other,Lake Courtneychester,21-04-2025
U007853,Beverly Mills,welchthomas@example.net,Female,Nixonview,31-05-2024
U007854,James Thompson,jacobwade@example.com,Male,Franciscoborough,15-07-2024
U007855,Cassandra Davis,collinskathryn@example.net,Other,South Anneview,11-04-2024
U007856,Susan Rich,chrisbates@example.com,Male,Farmerville,26-01-2024
U007857,Catherine Navarro,howardchapman@example.org,Other,West Lisa,19-05-2025
U007858,Cody Burke,chavezlouis@example.net,Male,Lisabury,14-02-2025
U007859,Xavier Wood,jonesjeremy@example.org,Female,North Saramouth,28-05-2024
U007860,Brenda Greene,rodriguezlauren@example.com,Female,West Katherine,12-01-2025
U007861,Susan King,carlos56@example.org,Male,West Michelle,13-03-2025
U007862,Nicholas Hart,glee@example.com,Female,Ryanchester,18-07-2025
U007863,Mackenzie Elliott,harringtonvanessa@example.com,Male,West Kaitlinland,23-03-2024
U007864,Derrick Grimes,austinsharon@example.com,Other,Anthonyhaven,08-04-2024
U007865,Emily Gonzalez,wallacemichael@example.net,Other,Robertmouth,15-01-2025
U007866,Thomas Hayes,mtran@example.org,Female,Lake Jillhaven,01-09-2024
U007867,Shawn Harris,uhernandez@example.com,Female,South Geoffrey,23-05-2025
U007868,Keith Brown,wparsons@example.net,Other,West Chadside,07-02-2024
U007869,Dustin Hall,brian14@example.org,Female,South Dennishaven,06-06-2025
U007870,Michele Anderson,qtaylor@example.org,Other,East Victoria,14-09-2025
U007871,Linda Howell,meadowsdavid@example.org,Other,North Eric,24-06-2024
U007872,Elizabeth Villa,oproctor@example.org,Male,Melissaview,19-08-2024
U007873,Jonathan Brown,craig74@example.net,Male,Brownmouth,03-07-2024
U007874,Robin Smith,taylor25@example.org,Other,Kirkbury,23-06-2024
U007875,Ashley Hudson,lauragonzalez@example.net,Other,North Michael,05-02-2024
U007876,Gary Harrell,kimberlylewis@example.org,Male,North Williamville,12-09-2025
U007877,Karen Brooks,wfowler@example.com,Other,New Wyattmouth,03-11-2025
U007878,David Davis,walkerlaura@example.net,Other,Tomton,22-12-2024
U007879,Ian Lindsey,ngreen@example.org,Other,Lake Melissaton,29-07-2024
U007880,Haley Palmer,laurajensen@example.net,Female,Nicolebury,25-07-2025
U007881,Jeremiah Reed,pmay@example.com,Male,East Angelaside,18-09-2024
U007882,Scott Rios,nsmith@example.org,Other,Port Nicholas,19-08-2024
U007883,Rodney Cooper,bowerssamuel@example.org,Other,East Kara,17-06-2025
U007884,Kayla Williams,hamiltonsusan@example.org,Female,New Ricky,24-08-2025
U007885,Eric Mcguire,redwards@example.com,Female,East Tiffanyview,31-03-2024
U007886,Daniel Greene,zblake@example.org,Other,Whiteborough,28-02-2024
U007887,Laura Jones,elizabethdavis@example.net,Male,Williehaven,11-11-2025
U007888,Noah Combs,bjones@example.net,Female,Lake Brendaborough,30-06-2025
U007889,Katelyn Smith,ylewis@example.net,Male,Russellberg,22-03-2025
U007890,Anna Dominguez,egamble@example.com,Female,Port Anthony,13-01-2025
U007891,Rebecca Young,yreynolds@example.com,Female,Lake Amyfort,03-03-2024
U007892,Tracy Larson,oosborne@example.net,Male,North Jade,06-06-2024
U007893,Monica Le,snguyen@example.net,Other,Williamhaven,29-08-2025
U007894,Nicole Graves,michaelphillips@example.com,Male,East Amanda,20-08-2024
U007895,Misty Moyer,johnathangarcia@example.com,Other,New Jason,16-11-2024
U007896,Christina Howe,millerjennifer@example.net,Other,Lopezville,01-11-2025
U007897,Rebecca Burns,icampbell@example.com,Female,North Nicholas,06-03-2024
U007898,Steven Jackson,elijah18@example.org,Female,Rubioshire,19-02-2025
U007899,Emily Carpenter,brownvalerie@example.org,Female,New Rachel,18-03-2025
U007900,Cody Lindsey,paulachen@example.com,Other,Goodmanborough,09-03-2024
U007901,Ashley Perez,brenda27@example.net,Other,Brandonborough,10-02-2024
U007902,Catherine Waters,edwardclark@example.net,Male,South Hollyside,04-06-2024
U007903,Benjamin Brown,christopher63@example.net,Male,West David,27-06-2024
U007904,Aaron Franklin,maria20@example.net,Male,East Michelleborough,10-06-2024
U007905,James Landry,geoffreyberry@example.com,Male,New Dorothyburgh,23-03-2025
U007906,Jeffrey Wood,tmorgan@example.net,Other,Jacquelineport,17-07-2025
U007907,Elizabeth Bauer,lewisjames@example.com,Other,Louisville,07-10-2024
U007908,Timothy Sanchez,xvargas@example.com,Male,Cynthiaberg,11-03-2025
U007909,James Li,pbrown@example.org,Male,Lake Rodneyland,20-11-2024
U007910,Suzanne Gibson,nelsonjason@example.net,Other,Farmertown,15-04-2024
U007911,Angela Gonzalez,qmayer@example.org,Male,Parkerton,09-10-2025
U007912,Sheila Pierce,ijenkins@example.org,Female,Mcdanielville,23-02-2025
U007913,Justin Brown,oking@example.com,Other,Erinmouth,25-03-2025
U007914,Thomas Hicks,stacy25@example.org,Female,Lake Angiechester,06-07-2025
U007915,Wesley Webb,kjones@example.com,Female,Greenfort,20-08-2024
U007916,Shawn Huff,reyeselizabeth@example.com,Other,Williamsfurt,10-08-2025
U007917,Christina Ramsey,christopher40@example.org,Other,New Christine,09-08-2025
U007918,Edward Chavez,lauraacevedo@example.com,Female,East Angelaport,26-08-2025
U007919,Heather Cain,joseph11@example.net,Male,Saundersmouth,07-10-2024
U007920,Micheal Robinson,clarencebailey@example.org,Male,Danielleport,17-06-2025
U007921,Devin Obrien,ngonzales@example.org,Other,Marcport,18-09-2024
U007922,Robert Campos,brandy74@example.com,Female,Lake Angelafort,30-05-2024
U007923,Sarah Lucero,xweaver@example.org,Female,Maryville,23-05-2025
U007924,Todd Newton,patriciavang@example.com,Other,South Katherineborough,20-10-2024
U007925,Vanessa Parks,zthomas@example.com,Other,Trujilloside,18-08-2024
U007926,Brian Hull,ymarsh@example.com,Female,South Stephenton,04-10-2025
U007927,Andrew Perez,williamsoncassandra@example.org,Female,North Stephanieview,06-03-2025
U007928,Chris Wolf,justinphillips@example.com,Other,Port Anthonyton,04-08-2024
U007929,David Anderson,jmartin@example.com,Female,North Michael,04-06-2024
U007930,Robert Jennings,floresamanda@example.net,Male,Port James,01-09-2025
U007931,Raymond Carroll,erinmitchell@example.org,Other,Sarahmouth,09-02-2024
U007932,Margaret Thomas,hardingelizabeth@example.org,Male,Stokesmouth,18-09-2024
U007933,Tamara Morrow,dodsonadam@example.org,Other,Tanyaport,25-04-2025
U007934,Dawn Kelly,abigail88@example.net,Other,West William,01-02-2025
U007935,Casey Lopez,fischerdonna@example.org,Female,Martinhaven,21-08-2025
U007936,Dawn Hill,vrobertson@example.org,Male,Bellmouth,11-09-2025
U007937,Monica Hall,christopher52@example.net,Female,Bakerberg,04-11-2025
U007938,Robert Mcdonald,thompsontheresa@example.net,Male,Castroside,21-12-2024
U007939,Sean Oconnor,paynestacey@example.net,Female,Johnsonshire,18-06-2025
U007940,Eric Brown,brittneyoconnor@example.com,Other,Danielleside,30-07-2024
U007941,Maria Thomas,lespinoza@example.net,Male,Lauraborough,21-09-2024
U007942,Gabriel Chen,john68@example.net,Male,Tristanport,25-03-2024
U007943,Zachary Perez,owright@example.org,Other,Russoview,20-03-2024
U007944,Kelsey Jensen,tsanchez@example.com,Other,Port Alecside,30-04-2024
U007945,Luis Knight,zoeshaffer@example.org,Female,Austinfort,26-07-2025
U007946,Meghan Mccall,mistyarnold@example.net,Male,Williamfort,02-05-2025
U007947,Christopher Williams,hancockconnie@example.org,Female,Port Sharon,23-06-2025
U007948,Felicia Hayes,smiththomas@example.com,Male,Davidhaven,26-02-2024
U007949,Amber Yoder,millerkyle@example.org,Male,Collinsbury,07-06-2024
U007950,Janet Atkins,rickey24@example.org,Female,East Zacharymouth,25-05-2024
U007951,Sarah Huber,robert48@example.org,Other,Rebeccaberg,14-02-2025
U007952,Eric Weeks,willie43@example.org,Other,South Morgan,29-09-2025
U007953,Cindy Schneider,caitlyn55@example.org,Female,Port Joshuaton,06-10-2025
U007954,Jessica Andrade,karen00@example.net,Other,South Thomasport,14-09-2024
U007955,Sarah Davis,cisnerosedward@example.net,Female,North Karenchester,15-11-2024
U007956,Julia Thomas,monicawilliams@example.com,Other,Joanneview,14-04-2025
U007957,Brittney Silva,pearsonjillian@example.net,Female,Smithfort,20-03-2024
U007958,Lindsey Johnson,cheryl21@example.org,Female,Robertburgh,24-05-2025
U007959,Emily Hart,kbenson@example.com,Female,Toddton,09-03-2024
U007960,Amber Diaz,joseph25@example.org,Female,Lake Stephanie,28-10-2024
U007961,Andrew Archer,isabel50@example.net,Other,South Benjaminport,09-08-2025
U007962,Michael Shah,sean63@example.com,Male,Davidville,24-05-2024
U007963,Stephanie Mcbride,jenniferparker@example.org,Other,South Sara,31-07-2025
U007964,Susan Harrison,stephenharper@example.org,Male,Simmonsburgh,18-01-2024
U007965,Gabriella King,haleyyoung@example.net,Female,Kaylaside,19-09-2025
U007966,Stephen Pennington,matthew99@example.org,Male,North Loriberg,31-10-2025
U007967,Yesenia Coleman,ccastillo@example.net,Male,East Vanessa,27-06-2025
U007968,Angela Anderson,adam34@example.org,Other,North Melindaton,06-01-2025
U007969,Richard Williams,michellecastro@example.com,Female,South Anthonyberg,30-07-2024
U007970,Michele King,jeffreycole@example.com,Female,Roberthaven,07-10-2024
U007971,Ryan Hunter,qhensley@example.com,Female,South Donaldport,01-07-2025
U007972,Tina Howell,krichards@example.com,Male,Andersonton,23-10-2024
U007973,Donna Johnson,itaylor@example.org,Female,Smithbury,18-08-2024
U007974,Stephanie Lee,brittneywheeler@example.net,Other,Taylorfort,12-11-2025
U007975,Kimberly Lester,angelascott@example.net,Male,New Jean,28-04-2025
U007976,Dan Lee,nliu@example.net,Male,East Johnchester,15-06-2024
U007977,Jennifer Hensley,michaelwest@example.com,Male,Dominguezfurt,06-03-2025
U007978,Crystal Henry,spencer14@example.org,Male,Christopherchester,05-01-2025
U007979,Sarah Jackson,stewartbarbara@example.com,Other,Thomasborough,20-03-2024
U007980,Jeremy Valentine,nicholascampbell@example.org,Male,Dawnchester,28-07-2025
U007981,Amanda Knox,fjones@example.com,Male,New Nathan,10-09-2025
U007982,Jeffrey Smith,jasonhuang@example.org,Other,Smithfurt,24-11-2024
U007983,Brent Olson,melissa14@example.org,Female,Stewartburgh,24-04-2024
U007984,Michael Brown,tyler01@example.net,Other,South John,03-10-2024
U007985,Caroline Pruitt,jacqueline57@example.org,Female,Brandichester,09-11-2025
U007986,Carolyn Calderon,matthewgreen@example.org,Male,Rodriguezland,16-04-2025
U007987,Travis Rodriguez,laura71@example.org,Male,Paultown,27-05-2024
U007988,Stacy Russell,mschneider@example.org,Male,North Linda,13-10-2024
U007989,Angela Holmes,robert68@example.org,Other,Curtisfurt,14-08-2025
U007990,Jessica Allison,lisa61@example.org,Female,South James,24-02-2024
U007991,James Perkins,wstrong@example.net,Female,East Anna,10-02-2025
U007992,Adam Ray,paul48@example.org,Other,Raymondstad,10-08-2025
U007993,Deborah Henderson,orozcoerika@example.net,Other,West Jessicashire,05-08-2024
U007994,Andrea George,bryanwilkinson@example.org,Female,New Janetmouth,29-01-2024
U007995,Tara Montoya,dianajames@example.com,Other,Fieldsfurt,28-05-2024
U007996,Michael Scott,vargassarah@example.net,Male,East Shannon,05-02-2025
U007997,Adrian Schneider,robert56@example.com,Female,North Heidiberg,30-08-2025
U007998,Megan Orr,pamela49@example.net,Other,South Victoriastad,03-04-2025
U007999,Teresa Evans,eatonkelly@example.com,Female,Smithburgh,23-12-2024
U008000,Scott Day,cassidy85@example.org,Other,North April,30-08-2024
U008001,Donald Adams,smithmarie@example.com,Female,Ericland,10-12-2024
U008002,Linda Gonzalez,jasonmays@example.org,Female,Hillhaven,22-10-2025
U008003,Melinda Leon,josephalvarado@example.net,Female,North Brianmouth,12-11-2024
U008004,Ashley Davenport,jillwatson@example.com,Male,Lake Donna,20-03-2025
U008005,Courtney Fernandez,turnerphillip@example.com,Male,Robertport,01-02-2025
U008006,John Kelly,lcollins@example.net,Female,Scottfort,18-02-2025
U008007,Anthony Jones,zstevenson@example.org,Other,Zacharyshire,19-03-2025
U008008,Brandon Morales,jhoward@example.com,Male,Tiffanyton,03-09-2025
U008009,Ronald Phelps,qclark@example.org,Other,North Claudiaborough,17-06-2024
U008010,Mackenzie Graham,vernonmunoz@example.org,Female,Wagnerfort,13-09-2024
U008011,Yvette Bean,joseph42@example.com,Other,Lake Jesse,20-09-2024
U008012,Gene Arnold,tmorrison@example.net,Male,Castillofort,13-01-2024
U008013,Tony Mcmillan,kristen46@example.org,Other,Grantstad,29-12-2024
U008014,Michael Parker,dmoore@example.com,Other,Petersonfort,26-09-2025
U008015,Jennifer Banks,hubbardvalerie@example.com,Female,Perkinsfurt,03-06-2024
U008016,Phillip Patterson,hfletcher@example.com,Female,Powersborough,09-10-2025
U008017,Cynthia Gonzales,ashley57@example.net,Other,Mcdonaldfurt,01-09-2025
U008018,Ann Ayala,jacksonjared@example.org,Other,South Devin,17-09-2024
U008019,Martin Jones,tanyaedwards@example.com,Female,Montgomeryberg,14-10-2024
U008020,Robin Sanchez,whitehannah@example.org,Male,South Justinchester,23-08-2025
U008021,Nancy Ellis,elizabethmiddleton@example.org,Male,Benjaminville,03-03-2025
U008022,Greg Cline,qriley@example.net,Other,North Cathy,18-01-2025
U008023,Ruben Chang,bmiller@example.net,Female,Fostershire,10-03-2024
U008024,Joshua Guzman,andersonjames@example.org,Other,Yuside,03-06-2025
U008025,Thomas Perkins,emily78@example.com,Female,Lake Jamestown,11-03-2024
U008026,Cole Willis,rdrake@example.net,Male,Lake Robertmouth,31-07-2024
U008027,Charles Castillo,garciaerika@example.org,Other,North Janiceborough,04-03-2024
U008028,Michael Jackson,xpalmer@example.net,Female,East Scottland,02-08-2025
U008029,Patricia Warner,kylemendez@example.net,Other,Sheppardmouth,02-01-2024
U008030,Michele Navarro,reedkaren@example.com,Male,Maldonadohaven,08-01-2025
U008031,Ryan Evans,smartinez@example.net,Male,Colebury,16-01-2024
U008032,Theresa Valencia,schwartzwilliam@example.org,Other,Woodston,14-05-2024
U008033,Deanna Brown,qferguson@example.org,Other,New Christinaport,09-08-2025
U008034,Thomas Ellis,alisonpowell@example.com,Other,Maynardchester,05-11-2024
U008035,Angela Nelson,adavis@example.net,Female,Kathyland,31-05-2025
U008036,Jeffrey Martin,vlewis@example.org,Female,West Cathytown,16-08-2025
U008037,James Sullivan,singhdonald@example.org,Other,Heatherfurt,09-07-2024
U008038,Tracey Miles,christopher28@example.com,Male,East Kathleenhaven,24-05-2024
U008039,Rebecca Black,adkinschristine@example.org,Other,Port Ruthmouth,07-10-2025
U008040,William Thomas,suzanne34@example.org,Other,Port Jenniferchester,19-02-2025
U008041,Kenneth Foster,pwilson@example.net,Male,East Jasmineshire,17-11-2024
U008042,Peter Schmidt,ypatton@example.com,Male,Port Travis,07-12-2024
U008043,Danielle Holt,ryanowens@example.com,Female,East Jessica,30-07-2024
U008044,Lauren Allen,qgarcia@example.net,Other,Leemouth,08-09-2024
U008045,Stephanie Harrington,pateldonald@example.com,Other,New Neilbury,20-05-2025
U008046,Jason Proctor,icole@example.org,Other,Rodriguezborough,27-08-2024
U008047,Michelle Monroe,gmeyers@example.com,Other,New Ashley,18-07-2024
U008048,Thomas Wilson,jesse23@example.net,Male,Richardburgh,26-04-2025
U008049,Jennifer Henry,scottwilliams@example.org,Other,West Theresa,22-09-2025
U008050,Sandra Massey,williamsjeffrey@example.org,Other,East Christopher,14-11-2025
U008051,Tara Conway,qbrewer@example.com,Other,South Lori,17-04-2024
U008052,Ronnie Morrison,pjennings@example.com,Other,New Gregory,11-03-2025
U008053,Richard Cole,christopherjohnson@example.com,Female,Webbberg,30-11-2024
U008054,Heather Schmidt,natalie33@example.net,Other,Port Jennifer,08-03-2025
U008055,Kimberly Green,ebony82@example.com,Male,Lake Candice,22-05-2025
U008056,Maria Curtis,rsanders@example.net,Female,Flowersville,25-06-2024
U008057,Jody Chan,jessicahamilton@example.net,Other,New David,19-01-2024
U008058,Michael Brown,terrance15@example.net,Male,Nicholasberg,19-03-2025
U008059,Sara Morgan,michelle88@example.com,Female,North Rebecca,05-08-2025
U008060,Brian Davenport,wrightkristen@example.com,Female,New Amandabury,25-03-2025
U008061,James Alvarado,ellenrogers@example.com,Other,New Patrickview,28-02-2024
U008062,Joel Frey,nathan57@example.org,Female,Lake Kimberlymouth,09-12-2024
U008063,William Gomez,ygreen@example.com,Other,Lewischester,23-04-2024
U008064,John Taylor,smithdiane@example.net,Other,North Jacksonland,01-07-2024
U008065,Ashley Delgado,sarahlong@example.org,Female,North Matthew,20-01-2024
U008066,Teresa Patton,jackrice@example.org,Female,East Janiceberg,10-01-2024
U008067,Michael Mcgee,lowerydavid@example.net,Female,Port Jayberg,18-01-2025
U008068,John Stone,amyrogers@example.net,Female,Hoffmanchester,13-01-2025
U008069,Paul Gonzalez,moorejerry@example.com,Female,Smithton,22-11-2024
U008070,Joshua Long,michaelthomas@example.com,Male,Lake Matthewmouth,04-01-2024
U008071,Erik Arias,joystewart@example.org,Male,New Curtismouth,13-10-2024
U008072,Derrick Meyer,powellheather@example.org,Other,Denniston,02-02-2024
U008073,Edwin Webb,lunadustin@example.net,Other,Bowmanmouth,05-03-2024
U008074,Robert Taylor,kevin76@example.com,Other,New Edwardberg,10-11-2025
U008075,Shawn Hammond,gabrielsimon@example.org,Female,West Amy,18-07-2025
U008076,Melanie Sullivan,brendaanderson@example.com,Other,South Elizabethbury,15-06-2025
U008077,Sarah Garcia,wilsonderrick@example.com,Other,New Madeline,17-03-2025
U008078,Haley Mills,frankmaynard@example.net,Female,Lake Joy,02-03-2024
U008079,Steven Gibson,johnbailey@example.net,Male,North Michaelburgh,26-05-2025
U008080,Alan Scott,frederick59@example.org,Other,West Justin,21-11-2024
U008081,Jean Lewis,joneschristina@example.com,Female,Johnsonland,02-07-2025
U008082,Earl Strong,owalker@example.org,Other,Lake Elizabethton,04-12-2024
U008083,Ryan Young,michael71@example.org,Male,Lake Molly,09-11-2024
U008084,Ryan Stanton,wandahernandez@example.org,Other,North Marissa,01-02-2024
U008085,George Kim,brendasosa@example.net,Male,Williamberg,03-10-2024
U008086,Nicholas Vazquez,inelson@example.com,Other,Wrightmouth,21-12-2024
U008087,William Robinson,aliceyoung@example.org,Female,Kennedybury,07-02-2025
U008088,Kenneth Garza,jasonwarner@example.com,Other,Piercefort,22-10-2024
U008089,Matthew Pena,thomas95@example.net,Other,Santoston,15-03-2025
U008090,William Gray,wheelerpedro@example.net,Male,Nicoletown,17-09-2024
U008091,Paul Stephenson,amandahardy@example.org,Female,New Angela,26-11-2024
U008092,Michelle Williams,sheaashley@example.com,Female,Lake Joshuastad,22-02-2024
U008093,Robert Robinson,mmiles@example.net,Male,East Matthewmouth,11-10-2024
U008094,Stephanie Miller,patricia32@example.net,Male,Daveview,11-09-2024
U008095,Stephen Gibson,pearsontiffany@example.com,Other,Stacyfurt,27-03-2025
U008096,Sandra Harvey,ferrellisaiah@example.com,Male,Martinezport,23-08-2025
U008097,Christopher Wiggins,dnelson@example.com,Female,Kimberlyside,25-05-2025
U008098,Paul French,leahstevenson@example.org,Female,Port Lydia,06-06-2024
U008099,Amy Martinez,anthony61@example.net,Male,Rileychester,28-07-2025
U008100,Donna Oneill,andrew08@example.net,Other,West Theodore,19-06-2024
U008101,Linda Valdez,christinacrawford@example.org,Female,Lake Kristenshire,07-02-2025
U008102,Christopher Everett,erinmoran@example.org,Female,Lake Pamelastad,22-10-2025
U008103,Michael Walker,dcrawford@example.com,Female,West Nathanton,23-06-2025
U008104,Sandra Calhoun,kerrcharles@example.net,Male,Thomasfort,17-09-2025
U008105,Erin Zimmerman,morganrebecca@example.org,Other,Katherinefort,19-10-2024
U008106,Scott Carter,browncrystal@example.com,Male,Matthewstad,31-08-2024
U008107,Sarah Perry,gregoryjones@example.net,Other,West Heathertown,20-06-2024
U008108,April Cruz,jennifergriffith@example.org,Male,Jonestown,11-03-2024
U008109,Carol Ruiz,vincenttaylor@example.org,Other,Michaelmouth,03-10-2025
U008110,Ryan Curry,ryanbaker@example.com,Other,Abigailview,11-04-2025
U008111,Shannon Barry,jasonpeters@example.com,Male,Lake Donaldchester,09-03-2024
U008112,Justin Huerta,sara51@example.com,Other,South Dennis,13-09-2025
U008113,Emily Barajas,jamescarr@example.com,Female,Petersonview,13-07-2024
U008114,Lori Love,timothyrussell@example.net,Female,New Thomas,22-10-2024
U008115,Susan Hernandez,robin43@example.com,Male,Lake Mitchell,03-09-2025
U008116,Stephanie Patel,vickie80@example.net,Female,Briannashire,11-03-2025
U008117,Travis Fuller,timothystephens@example.org,Other,Andreachester,21-08-2025
U008118,Elizabeth Chapman,danielmcknight@example.net,Male,East Trevor,10-05-2024
U008119,Danielle Wyatt,rkerr@example.org,Female,Port Philip,30-03-2025
U008120,Cheryl Robinson,rhunt@example.org,Male,Brianland,15-02-2025
U008121,Susan Sims,archermichele@example.net,Other,Juliamouth,16-02-2025
U008122,Jonathan Pierce,yvonneshields@example.net,Male,South Heather,15-01-2024
U008123,Carolyn Love,nicholegibson@example.com,Female,Michaelhaven,25-02-2025
U008124,Randy Lewis,jodyrodriguez@example.org,Male,Jonesmouth,23-10-2025
U008125,Nancy Calderon,jonesderrick@example.org,Male,Rodriguezberg,08-05-2024
U008126,Hailey Yu,joseph75@example.org,Other,Diazview,01-04-2024
U008127,Charles Anderson,johnnyrodriguez@example.org,Male,South Troychester,03-10-2024
U008128,Matthew Foster,tmiller@example.com,Female,North Shawnmouth,02-05-2025
U008129,Jessica Gray,cindyrodriguez@example.net,Female,Lake Courtney,17-09-2024
U008130,Molly Lee,eric36@example.com,Female,Codyton,07-08-2025
U008131,Kayla Smith,spencer42@example.com,Male,New Jeremy,03-05-2025
U008132,Lori Silva,robertstewart@example.net,Other,Lake Rebeccaton,29-10-2024
U008133,Daniel Harris,jordan69@example.net,Female,Joshuaville,20-10-2025
U008134,Melissa Morrison,lisadyer@example.com,Other,Manuelton,03-01-2024
U008135,Mark Scott,shawn02@example.com,Other,Lake Donna,06-11-2024
U008136,Daniel Bryant,erichowell@example.net,Male,Lake Juan,09-04-2024
U008137,James Garcia,lutzjennifer@example.net,Male,Lauraville,16-01-2025
U008138,Ashley Thompson,ashley38@example.net,Other,Bowmanhaven,30-10-2024
U008139,Kathleen Barrera,amyholmes@example.net,Other,Reyesberg,31-12-2024
U008140,Daniel Everett,wwright@example.net,Female,New Meganstad,29-08-2025
U008141,Brittany Graham,debbiebautista@example.net,Male,New Alicia,11-03-2025
U008142,Paul Adams,amandawolfe@example.org,Other,Lake Williamborough,20-02-2024
U008143,Elizabeth Rogers,michellehughes@example.com,Female,Curtismouth,08-05-2025
U008144,Matthew Spencer,janice23@example.net,Male,West Christinatown,30-06-2025
U008145,Patricia Allen,daviddaniels@example.com,Male,Port Sarahberg,02-10-2024
U008146,Thomas Vasquez,michael05@example.com,Male,Garrettberg,21-05-2024
U008147,Crystal Paul,nhanna@example.net,Female,Ernesttown,30-03-2024
U008148,William Cowan,kristiharrison@example.com,Female,East Adamshire,04-09-2024
U008149,Emily Frye,veronicacunningham@example.org,Female,Lake Rebeccaton,30-03-2025
U008150,Elizabeth Kim,ryankeith@example.com,Female,West Mark,15-06-2025
U008151,Randy Johns,owhitney@example.com,Female,Brandonfort,12-01-2024
U008152,John Douglas,bsampson@example.com,Other,Burtonville,06-02-2025
U008153,Summer Underwood,rcurtis@example.org,Other,West Robin,17-06-2025
U008154,Frank Nguyen,jacobjones@example.net,Male,Riceport,21-09-2025
U008155,Theresa Nguyen,brettgarcia@example.org,Female,North Michael,26-08-2024
U008156,Jill Villegas,houselorraine@example.com,Other,East Kaitlinfort,10-06-2025
U008157,Timothy Cline,nbenitez@example.org,Other,North Ronniefurt,17-03-2024
U008158,Donald Cantrell,stephanierodriguez@example.net,Female,South Donald,30-01-2024
U008159,Donna Murray,gerald32@example.com,Female,Snyderborough,24-09-2024
U008160,Billy Horne,loriarnold@example.net,Female,Karenland,14-11-2025
U008161,Anthony Black,ibrewer@example.org,Male,Robertsview,25-02-2024
U008162,Andrew Harrell,erandall@example.net,Other,East Mark,08-06-2025
U008163,Amanda Hobbs,victoria17@example.org,Female,Tranland,01-08-2024
U008164,Hannah Boyer,robert19@example.org,Male,North Hunterhaven,27-08-2024
U008165,Melissa Wilson,buckleymichael@example.com,Female,Port Brenda,01-08-2025
U008166,Brittany Burns,carlosmoore@example.com,Female,Lake Debbie,15-02-2024
U008167,Tracy Taylor,corey91@example.org,Female,North Mason,02-07-2025
U008168,Kathryn Henry,zachary48@example.org,Other,Sandersport,09-08-2024
U008169,James Lee,annaconley@example.org,Female,Jenniferburgh,10-04-2024
U008170,Anita Williams,taylorstanley@example.com,Other,North Brandon,17-01-2024
U008171,Jennifer Cobb,jasonpalmer@example.org,Other,Cruzberg,04-10-2024
U008172,Jodi Smith,stephanie43@example.com,Male,West Raymond,01-09-2024
U008173,Katherine Webb,john45@example.com,Male,Floydview,11-02-2024
U008174,Rachel Lane,timothyjones@example.net,Other,South Ashlee,05-01-2024
U008175,Tracey Vega,bakercarl@example.net,Other,Diazmouth,28-12-2024
U008176,Theresa Kirk,tiffany88@example.org,Female,North Elizabethmouth,17-05-2024
U008177,Cheryl Finley,natalie32@example.org,Female,Jenniferfurt,13-05-2025
U008178,Robert Norton,schwartzdavid@example.com,Other,Jenniferland,13-05-2024
U008179,Timothy Miller,ashley52@example.net,Other,Lake Renee,12-11-2025
U008180,Nicole Shaw,glenn22@example.com,Female,Jamesshire,13-08-2024
U008181,Mark Holmes,dkelly@example.com,Female,Daniellefurt,17-04-2025
U008182,Eric Benjamin,janice32@example.net,Female,Stephaniemouth,21-10-2025
U008183,Rebecca Martinez,jasminemartinez@example.com,Female,Thomasland,22-11-2024
U008184,Zachary Clark,kaitlyn77@example.com,Male,Edwardmouth,21-07-2024
U008185,Carolyn Pitts,jeremy20@example.org,Female,Orozcoville,31-01-2025
U008186,Daniel Golden,johnpaul@example.net,Other,New Jeremymouth,05-04-2025
U008187,Paige Tate,reginald31@example.com,Other,East Johnfort,09-04-2024
U008188,Brittany Hendricks,ryanriley@example.net,Female,Lake Scottmouth,14-06-2024
U008189,Andre Eaton,marvin88@example.org,Female,East Sabrina,22-05-2025
U008190,Michaela Smith,johnpowell@example.com,Other,North Jeffrey,01-03-2025
U008191,Ashley Miller,palmertammy@example.org,Other,Lake Brendanton,12-10-2025
U008192,Luke Wright,martinheather@example.com,Male,Robertshire,11-11-2025
U008193,Sherry Gomez,christine66@example.com,Other,Ninamouth,26-10-2024
U008194,Gary Jones,paynenicole@example.net,Other,Kennethview,04-09-2025
U008195,Joel Daniels,hunthenry@example.com,Other,South Donnaside,22-12-2024
U008196,Nicole Werner,loretta52@example.net,Male,Perryside,25-04-2025
U008197,Amanda Thompson,sabrinaadams@example.com,Other,Lake Aliciaview,29-04-2025
U008198,Joseph Huynh,mcguirewilliam@example.com,Female,Jessefurt,27-03-2024
U008199,James Dunn,tiffanywilliamson@example.org,Other,Stevenfort,26-08-2025
U008200,Kimberly Cole,andrewhall@example.com,Other,Danafurt,30-03-2024
U008201,Briana Williams,hughescrystal@example.org,Male,Amyfort,16-02-2024
U008202,Nicholas Cooper,iperry@example.net,Female,Masonview,27-10-2024
U008203,Lisa Pierce,marcus53@example.net,Other,Jacksonberg,16-12-2024
U008204,Brian Martin,qchen@example.net,Male,Erictown,27-01-2024
U008205,Benjamin Acosta,alyssa82@example.org,Other,Matthewsborough,07-12-2024
U008206,Douglas Rogers,fishertina@example.org,Male,Chloechester,04-09-2024
U008207,Brian Gallegos,mperez@example.org,Male,Lake Christopherberg,12-11-2024
U008208,Christopher Smith,burnettjesus@example.net,Male,West Dawntown,04-07-2025
U008209,Matthew Taylor,john40@example.com,Female,East Patriciamouth,11-10-2024
U008210,Sean Brown,michele72@example.net,Male,South Ryan,24-07-2025
U008211,Ashley Rodriguez,gabrielhall@example.net,Other,Nguyenshire,25-06-2024
U008212,Holly Miles,carla93@example.net,Male,Arnoldfort,10-10-2025
U008213,Shelly Lloyd,franklinkristina@example.net,Other,Figueroaland,13-04-2024
U008214,Allison Griffin,qmcdowell@example.net,Female,North Zacharyfort,07-05-2025
U008215,Brittany Rios,colleen91@example.com,Female,South Laurentown,28-09-2024
U008216,Sandra Jordan,rebeccasmith@example.org,Male,Port Kimberlystad,02-05-2024
U008217,Jessica Phillips,jacobmiller@example.org,Other,West Elaine,29-11-2024
U008218,Lawrence Raymond,froberts@example.com,Female,Floresport,12-05-2025
U008219,Olivia Nichols,smyers@example.com,Female,South Barryborough,09-04-2024
U008220,William Brown,jennifer21@example.org,Male,Lake Aaron,18-03-2024
U008221,Teresa Mccoy,tkennedy@example.org,Male,Lyonsbury,17-05-2025
U008222,Alexandra Hunt,kennethjordan@example.com,Male,Lake Mary,10-08-2024
U008223,Christopher Harris,lisaking@example.org,Other,Scottton,21-12-2024
U008224,Erica Weiss,vbrown@example.org,Male,Lake Ronald,06-05-2024
U008225,Sara Carpenter,bvargas@example.net,Male,Lake Tammy,31-08-2025
U008226,Melissa Smith,garmstrong@example.net,Other,Port Crystal,07-10-2025
U008227,Jane Howell,mitchell92@example.com,Other,Lake Kenneth,12-02-2024
U008228,Amber Chung,davisbrittany@example.org,Male,Lake Robert,07-01-2024
U008229,Kari Stewart,isaac59@example.org,Other,West Laura,11-06-2024
U008230,Noah Cooper,zcohen@example.org,Other,North David,19-06-2024
U008231,Latasha Munoz,barbarathomas@example.net,Male,Port Teresafort,11-07-2025
U008232,Allison Gonzalez,mary40@example.com,Other,West Connor,23-11-2024
U008233,William Collins,fieldsjohnathan@example.com,Male,Sherylborough,20-01-2024
U008234,James Graham,xnguyen@example.org,Male,New David,05-02-2024
U008235,Veronica Nelson,fprice@example.org,Other,West Ashleytown,17-02-2024
U008236,Patricia Thompson,jamesponce@example.org,Male,Smithchester,02-11-2024
U008237,Samantha Brown,michaelli@example.com,Female,Gibbsberg,05-08-2025
U008238,Brian Hahn,joannamccoy@example.com,Other,Oconnellland,05-04-2025
U008239,Justin Hanson,jeremy76@example.com,Other,Mccoyport,14-03-2024
U008240,Jerry Warner,joshua56@example.org,Other,North Shawnbury,12-07-2024
U008241,Randy White,parkercolleen@example.net,Male,Lake Brianberg,10-04-2025
U008242,Trevor Nichols,jacob33@example.com,Male,Port Patriciatown,03-08-2024
U008243,Jennifer Becker,elizabethharrington@example.com,Other,West Robertfurt,22-10-2024
U008244,Nicholas Miller,andreaparker@example.net,Male,Meyerhaven,13-06-2025
U008245,Timothy Avila,williamrichard@example.net,Female,Nicholasfort,10-04-2025
U008246,Sara Johnson,joshuadavis@example.org,Female,Rickytown,09-08-2025
U008247,Carolyn James,hamiltonkevin@example.org,Female,South Josephshire,21-04-2024
U008248,Brittney Williams,andrewlopez@example.net,Other,Norrishaven,09-02-2024
U008249,Samantha Martin,lloydlynn@example.net,Male,Padillaland,07-09-2025
U008250,Monica Vaughn,woodwardkathryn@example.org,Other,Saundersland,29-07-2024
U008251,Julie Martinez,kquinn@example.com,Female,Lake William,14-04-2025
U008252,Jennifer Simmons,michelethomas@example.org,Female,South Tiffanystad,17-08-2025
U008253,Brandon Vaughan,across@example.com,Female,Morrowshire,18-10-2025
U008254,Erik Bennett,angelaboyd@example.net,Other,Williamsbury,04-07-2024
U008255,Kimberly Townsend,mperry@example.org,Other,South Zacharyfurt,08-04-2024
U008256,Amy Mccarthy,iorozco@example.org,Female,North Jorge,17-04-2025
U008257,Shawn Miller,david65@example.org,Female,North Philip,29-08-2025
U008258,Shaun Robinson,rebecca47@example.net,Male,Michaelchester,27-10-2024
U008259,Derrick Murphy,eric71@example.net,Male,Debraland,19-12-2024
U008260,Emily Cooke,smithlindsay@example.com,Female,Michaelport,21-10-2024
U008261,Victoria Steele,mikekim@example.com,Male,North Michaelport,04-10-2025
U008262,Logan Vasquez,harold25@example.org,Female,Bradshawville,23-08-2025
U008263,Alyssa Brandt,davidmckee@example.org,Female,Lake Glennfurt,30-10-2025
U008264,Angela Patterson,andersonapril@example.net,Female,Mcguirebury,14-12-2024
U008265,Jason Daniels,qvazquez@example.net,Male,Port Heatherton,06-06-2025
U008266,Kenneth Allen,adam50@example.net,Female,Barbaraville,23-06-2025
U008267,Amanda Brady,maychristian@example.com,Female,Maldonadoberg,19-06-2024
U008268,Sydney Burton,nolanjonathan@example.org,Male,Friedmanmouth,04-10-2025
U008269,Amanda Wilson,rodrigueznicole@example.org,Female,Port Jeffreyborough,21-06-2024
U008270,Billy Wagner,sheri66@example.org,Male,South Lee,02-07-2024
U008271,Sarah Palmer,pamela78@example.com,Female,Sanchezbury,08-05-2024
U008272,Samuel Trevino,ashleybryant@example.com,Male,East Juan,22-12-2024
U008273,Nicole Ramos,jamie96@example.com,Other,Coxchester,02-03-2024
U008274,Dillon Wilson,thomasrobin@example.org,Female,Andrealand,13-10-2025
U008275,Linda Vargas,kellycallahan@example.com,Male,Singletontown,11-02-2024
U008276,Taylor Alvarado,katelyn50@example.org,Other,Judithberg,21-09-2025
U008277,Joshua Griffin,davidadams@example.com,Female,Nguyenborough,20-05-2024
U008278,Brian Jordan,veronicawashington@example.com,Male,Lake Peterchester,29-02-2024
U008279,Tiffany Francis,kimberlyreyes@example.net,Male,New Georgebury,21-12-2024
U008280,Laura Johnson,joseph16@example.net,Other,Vazqueztown,18-03-2025
U008281,Joseph Hart,michelleking@example.net,Female,Kirkchester,03-07-2024
U008282,Andrew Golden,yking@example.com,Male,Martinhaven,03-05-2025
U008283,Karen Coleman,zacharysmith@example.org,Other,East Melissafort,14-01-2025
U008284,Haley Gordon,cchavez@example.com,Other,Amberville,08-09-2024
U008285,Felicia Davis,vdixon@example.org,Male,Holderhaven,19-05-2024
U008286,Debra Chapman,tmayo@example.org,Female,New Michael,01-04-2025
U008287,Justin Nguyen,moralesvictoria@example.org,Other,Shirleystad,04-07-2024
U008288,Brian Li,beniteztyler@example.net,Female,Harperfort,30-04-2025
U008289,Edward Kelley,bwang@example.org,Male,Danielland,13-09-2025
U008290,James Haas,anna39@example.net,Male,Dennishaven,02-01-2024
U008291,Anthony Morrow,hlee@example.org,Male,New Amandafurt,11-02-2024
U008292,Jessica Leblanc,wsalinas@example.net,Male,South Jeffery,15-06-2024
U008293,Brent Johnson,aprilsmith@example.org,Other,Vincentfort,01-09-2025
U008294,David White,donna18@example.net,Other,East Joshua,16-05-2024
U008295,Gerald Phillips,baileywendy@example.net,Female,West Clarenceburgh,27-04-2024
U008296,Misty Campbell,christina71@example.org,Female,Schultztown,30-10-2025
U008297,Tina Boyd,eballard@example.net,Male,Lake Stacyside,27-03-2024
U008298,Kevin Hanson,dustin71@example.org,Female,West Erictown,09-06-2024
U008299,Gregory Mitchell,carrdavid@example.com,Male,Jesusfort,23-12-2024
U008300,Catherine Johnson,rosschristine@example.net,Other,Port Jessicaton,18-05-2024
U008301,Alexander Barry,myersjay@example.com,Other,Hessfort,26-06-2024
U008302,Brandon Salazar,ycarter@example.org,Male,West Annastad,18-05-2024
U008303,Benjamin Dean,pking@example.org,Male,Matthewberg,24-05-2024
U008304,Hannah Barber,vanessalawson@example.org,Other,Jonesfurt,13-07-2025
U008305,Joseph Romero,david26@example.org,Female,Lake Kimberly,30-09-2025
U008306,Jerry Garrett,rhinton@example.com,Female,Hooverchester,13-10-2024
U008307,Mitchell Burton,marvinmartinez@example.net,Male,South Jacqueline,19-05-2024
U008308,Alisha Johnson,xfoster@example.org,Other,Riddleport,28-06-2024
U008309,Jessica Gillespie,danagarrett@example.com,Female,Barbaraland,30-08-2024
U008310,Ryan Jackson,karen32@example.com,Female,New Jonathan,05-11-2024
U008311,Amy Wells,smithbrian@example.com,Other,Maryberg,02-09-2025
U008312,Sarah Arias,charper@example.net,Male,Delgadoborough,12-10-2025
U008313,Christina Moore,william02@example.org,Other,North Sally,02-03-2024
U008314,Elizabeth Carter,fitzpatricktamara@example.net,Other,South Zachary,18-04-2025
U008315,Robert Hardy,lori80@example.com,Female,New Jason,27-11-2024
U008316,Rebecca Ellison,delgadowilliam@example.net,Female,Harrisontown,21-02-2025
U008317,Robert Nelson,jennasnyder@example.org,Female,South Eileenton,22-07-2024
U008318,Jacob Bean,krojas@example.net,Female,New Kimberlyside,18-09-2025
U008319,Julia Hubbard,jeremiah74@example.com,Other,Hansontown,14-11-2025
U008320,Wendy Zimmerman,johnsonmichael@example.net,Male,South Andrea,16-07-2024
U008321,Stacy Hunt,brownnicholas@example.com,Other,West Charles,31-07-2024
U008322,Deborah Carr,michael77@example.net,Male,Jeremyshire,16-12-2024
U008323,Mike Farmer,rollinskaren@example.net,Male,New Christopherhaven,09-11-2025
U008324,Jason Cordova,rogergomez@example.net,Female,Armstrongton,02-09-2025
U008325,Tina West,paulrobin@example.com,Other,Freemanside,22-08-2025
U008326,Amanda Pierce,billygonzales@example.com,Female,North Albertville,16-03-2024
U008327,Brenda Gamble,chasedaniel@example.net,Male,New Gregory,09-10-2024
U008328,David Ward,teresa43@example.org,Other,Susanburgh,29-12-2024
U008329,Eric Vazquez,teresa64@example.com,Other,East Amy,11-03-2025
U008330,Fernando Evans,daniel73@example.com,Female,Rodriguezside,08-11-2025
U008331,Renee Browning,jamie23@example.org,Female,Davidville,01-08-2025
U008332,Mark Morton,mweaver@example.com,Other,New Seanfurt,30-10-2025
U008333,Jose Richard,byrddaniel@example.com,Female,West Megan,29-11-2024
U008334,Crystal Larsen,medinajoe@example.net,Female,North Davidmouth,16-09-2024
U008335,Vanessa Hammond,erin86@example.net,Male,Lake Coreyland,11-01-2024
U008336,Michael Mcbride,todd84@example.org,Other,Michaelmouth,07-10-2024
U008337,John Cooper,price@example.com,Other,Cruzland,14-07-2024
U008338,Laurie Rivas,nicole47@example.com,Male,Youngland,21-09-2024
U008339,Christopher Alexander,tara53@example.org,Female,Mariaborough,10-06-2025
U008340,Brian Jimenez,nrusso@example.org,Other,Tonyaborough,15-11-2024
U008341,Robert Hernandez,qmiller@example.org,Female,Lake Donna,29-09-2025
U008342,Carrie Figueroa,benjamincontreras@example.org,Male,Scottmouth,14-11-2024
U008343,Kimberly Fowler,gabriella14@example.org,Female,Parkermouth,09-05-2025
U008344,Emily Lucas,mcdanielmason@example.com,Female,North Michelle,22-01-2024
U008345,Raven Steele,fflores@example.com,Other,Johnnymouth,11-09-2024
U008346,Monica Payne,jessica39@example.com,Male,Mooreland,29-12-2024
U008347,Jennifer Smith,jmcclain@example.com,Male,Nicoleburgh,23-05-2025
U008348,Jennifer Larsen,younglaurie@example.net,Other,Danieltown,31-01-2024
U008349,Sean Dixon,hperez@example.com,Male,Thompsonburgh,11-07-2024
U008350,Danielle Adams,qhill@example.net,Female,Garciachester,03-06-2024
U008351,David Jarvis,david95@example.org,Other,Lake Jenniferview,26-06-2024
U008352,Heather Wells,ywalsh@example.com,Male,Curtisshire,12-01-2025
U008353,Anita Gomez,michaelbecker@example.com,Female,Smithview,22-05-2024
U008354,Mark Davis,rwalters@example.org,Other,Leahside,04-06-2025
U008355,Gregory Lowe,myerslisa@example.net,Female,New Gregoryborough,15-03-2025
U008356,Beth Clark,larry32@example.com,Male,Escobarhaven,11-12-2024
U008357,Alexis Paul,carlsmall@example.com,Other,Leahport,24-09-2025
U008358,Roger Rodriguez,pjames@example.net,Other,Matthewport,11-03-2024
U008359,Katherine Johnson,christopher99@example.org,Female,Gloriaview,12-12-2024
U008360,David Bray,vbaker@example.com,Female,Moralesberg,20-04-2025
U008361,Colton Lester,uwilson@example.org,Male,Williamsside,08-02-2025
U008362,Zachary Martinez,jpatterson@example.net,Other,Lake Mackenzie,12-05-2024
U008363,Samantha Ramirez,ewatson@example.org,Female,Trantown,20-09-2025
U008364,Carl Finley,davidjennings@example.com,Other,Lopezberg,11-08-2024
U008365,Kimberly Robinson,camerontorres@example.com,Male,Pettyfort,21-05-2024
U008366,Jessica Lee,ijohnston@example.net,Male,Port Aaronhaven,10-10-2025
U008367,Debbie Palmer,anna15@example.net,Male,Wheelerside,27-07-2024
U008368,Jason Anderson,jacksonashley@example.com,Male,Lake Gabriel,05-09-2025
U008369,Jacob Cook,rrodriguez@example.org,Male,West Chadmouth,23-01-2025
U008370,Brittany Carrillo,shaneblack@example.org,Other,Bryanport,14-10-2025
U008371,Robert Barnes,mitchellryan@example.net,Other,New Grant,06-08-2025
U008372,Jerome Gutierrez,kelleypeter@example.net,Male,West Ericfort,28-12-2024
U008373,Scott Gutierrez,ryan62@example.net,Female,East Matthewfurt,08-03-2024
U008374,Joseph Koch,xstephens@example.com,Female,North Jonathanfort,12-02-2024
U008375,Michelle Ortiz,shane97@example.com,Male,Lake Nicholasside,01-03-2025
U008376,Richard Salazar,mosesrachel@example.org,Other,North Williamville,10-04-2024
U008377,Randy Stephens,riversrandy@example.com,Other,Pierceburgh,29-11-2024
U008378,Roger Ramirez,nielsenjoshua@example.org,Female,Lake Jesusbury,27-04-2024
U008379,Travis Reynolds,laura84@example.org,Female,Smithside,24-02-2024
U008380,Casey Diaz,xparrish@example.net,Other,West Ralphshire,25-11-2024
U008381,Patricia Fry,louis26@example.net,Female,Grahamview,06-08-2024
U008382,Mark Mcmillan,stephen99@example.org,Male,Port Theresaside,21-04-2025
U008383,Michael Jones,sarah38@example.net,Male,Port Aliciatown,30-05-2025
U008384,Bradley Smith,reginald39@example.com,Female,Jenniferbury,21-06-2024
U008385,Eric Miller,hhood@example.com,Male,West Christopherfurt,12-04-2024
U008386,Megan Webster,xcopeland@example.net,Female,Steinland,08-10-2024
U008387,Robert Hill,gcortez@example.net,Other,Grayton,27-03-2025
U008388,Tammy Sweeney,dustinschwartz@example.com,Male,Kristenport,12-05-2024
U008389,Dwayne Mathis,justin81@example.com,Female,Maldonadostad,07-05-2025
U008390,Amanda White,kjames@example.com,Male,North Sean,10-04-2024
U008391,Brett Gibbs,steven57@example.net,Male,Martinhaven,08-01-2024
U008392,Diana Rice,zallen@example.org,Other,North Ashley,14-08-2025
U008393,Rachael Henderson,griffithmichele@example.net,Other,Bellmouth,06-10-2024
U008394,Bryan Wilson,colin88@example.net,Other,Thompsonport,24-08-2025
U008395,Danielle Palmer,lloydlaurie@example.net,Female,West Calvintown,25-05-2024
U008396,Amy Tapia,douglas57@example.com,Other,Carlsonmouth,03-01-2025
U008397,George Hudson,kevin80@example.net,Other,Alyssaborough,11-01-2025
U008398,Leslie Wiggins,dgood@example.net,Male,Spencerborough,05-07-2024
U008399,Nancy Morales,james52@example.org,Other,West Michelle,06-08-2025
U008400,Dawn Anderson,markhampton@example.net,Other,New Christopher,14-12-2024
U008401,Jessica Roberson,yharvey@example.com,Male,Chadtown,26-09-2024
U008402,Brandon Anderson,jeannelson@example.net,Male,North Donna,25-07-2025
U008403,Melissa Rush,heatherbond@example.net,Male,West Rachelfort,06-03-2025
U008404,Sue Warner,sylvia96@example.com,Other,New Kelly,03-12-2024
U008405,Samantha Reyes,brich@example.net,Male,Whitneyshire,14-08-2024
U008406,Jason Barber,angie95@example.org,Female,North Coreystad,25-08-2025
U008407,Ashley Benson,ericaadams@example.net,Other,East Samantha,22-04-2025
U008408,Angela Ray,ronaldmorris@example.com,Male,Garyfurt,29-08-2025
U008409,Richard Green,shanelyons@example.org,Female,Stephaniemouth,14-10-2024
U008410,Amanda Hudson,mhorton@example.net,Other,Taylorfurt,20-04-2025
U008411,David Gordon,cassandraclark@example.net,Male,Port Sarahport,01-04-2024
U008412,Shannon Ball,taylor69@example.net,Male,Port Donald,17-01-2025
U008413,Ian Williams,kimberly09@example.org,Other,Emilyberg,20-05-2025
U008414,Jermaine Harmon,bradleyangela@example.org,Other,West Debbie,27-12-2024
U008415,Douglas Galloway,scott12@example.com,Male,Biancafort,18-09-2025
U008416,Tyler Hogan,ryanhoward@example.com,Male,Mackenzietown,26-11-2024
U008417,Haley Stone,paulaevans@example.com,Male,Lake Lori,08-10-2025
U008418,Robert Goodwin,ericperez@example.com,Other,West Rebeccabury,12-04-2024
U008419,John Curtis,kelly37@example.net,Male,Port Danielle,19-06-2025
U008420,Luke Banks,kristen83@example.net,Female,Mistyland,13-03-2025
U008421,Michael Horton,thomas67@example.com,Male,East Kaylaport,21-07-2024
U008422,Melissa Jones,james05@example.net,Female,Aliciatown,11-07-2024
U008423,Patricia Martin,vasquezangela@example.com,Other,Kennethstad,07-10-2025
U008424,Brandon Morales,angelaellison@example.net,Male,South Johnmouth,14-07-2025
U008425,Ashley Bennett,matthew22@example.net,Other,Port Ashley,06-07-2025
U008426,Kaitlyn Dunlap,norrischristopher@example.org,Male,Allisonstad,30-07-2024
U008427,Nicholas Hart,gerald96@example.org,Male,South Kelly,06-06-2025
U008428,Christopher Garcia,stephaniewright@example.com,Male,North Richardborough,07-09-2025
U008429,Rhonda Hoover,ljordan@example.net,Female,North Gregory,29-10-2024
U008430,Kimberly Torres,amandalawson@example.net,Other,Triciamouth,15-08-2024
U008431,Joseph Harris,aaron78@example.org,Other,Fieldstown,14-08-2024
U008432,Donald Alexander,coxcindy@example.net,Male,Edwardborough,14-02-2025
U008433,Michael Rios,dominguezevan@example.com,Male,Clarkville,06-02-2024
U008434,Lisa Mckee,fnelson@example.org,Male,Brendastad,26-01-2024
U008435,Amber Jennings,carlsonbryan@example.org,Female,New Chris,22-09-2024
U008436,Lisa Brennan,hjensen@example.org,Female,South Graceborough,03-11-2024
U008437,Diana Myers,abigailbradley@example.org,Other,Port Craig,09-07-2025
U008438,Theresa Davis,halllisa@example.org,Other,Lake Joseph,13-03-2024
U008439,Daniel Phelps,walkerdustin@example.net,Female,Chanville,18-02-2025
U008440,Vanessa Hunt,tjohnson@example.com,Female,West Amandahaven,25-11-2024
U008441,Rebecca Padilla,anthonygarcia@example.net,Male,Sheltonstad,15-02-2024
U008442,Willie Marks,hurstandrew@example.org,Other,East Williamhaven,21-08-2025
U008443,Daniel Campos,barry96@example.org,Other,Cooktown,11-02-2025
U008444,Megan Mason,christineclark@example.org,Other,Smithton,04-01-2025
U008445,Daniel Price,uhamilton@example.net,Male,Port Angelafurt,01-02-2025
U008446,Johnathan Bernard,adamsashley@example.net,Female,Randyside,25-08-2025
U008447,Patricia Wilkerson,fpacheco@example.com,Male,Leahhaven,03-09-2024
U008448,Justin Smith,jamesandersen@example.net,Male,Michaelshire,22-07-2025
U008449,Nancy Washington,vortega@example.com,Other,Lake Damon,24-01-2025
U008450,Thomas Stewart,mark76@example.org,Male,Williamside,29-06-2025
U008451,Darrell Hughes,hernandezpeter@example.org,Female,North William,05-09-2025
U008452,Mike Conner,powellmary@example.com,Male,Hallside,07-11-2025
U008453,Tracy Wilson,hcarlson@example.net,Male,East Pamela,27-10-2025
U008454,Samuel Le,william05@example.net,Female,West Tonyahaven,18-03-2024
U008455,Eileen Lane,mooremike@example.com,Male,Petersonhaven,05-03-2024
U008456,Brenda Forbes,amber84@example.net,Female,Port Davidshire,29-01-2024
U008457,Julie Scott,sanfordmelissa@example.net,Male,Lynchburgh,12-09-2025
U008458,Erika Michael,anita04@example.org,Other,Port John,05-02-2025
U008459,Terri Carey,ujohnson@example.org,Female,New Scott,27-10-2024
U008460,James Hawkins,smejia@example.com,Other,Barnesport,03-05-2024
U008461,Roger Taylor,heatherdouglas@example.org,Male,Goodwinmouth,07-04-2025
U008462,Alexander May,andrea91@example.com,Female,Andreaport,20-12-2024
U008463,Robert Cantrell,millersarah@example.net,Male,New Kaitlyn,12-02-2024
U008464,Anne Sanchez,brandonbarrett@example.net,Other,Hicksbury,17-05-2024
U008465,Trevor Schwartz,lori51@example.net,Male,Gregton,02-03-2025
U008466,Robert Lawson,robert45@example.net,Male,Torresville,11-06-2024
U008467,Tina Moreno,randallrodriguez@example.com,Male,Laurenbury,01-08-2024
U008468,Brandy Smith,sancheznatalie@example.org,Other,East Juanborough,18-07-2024
U008469,Nicole White,whitecrystal@example.net,Other,West Jesse,15-05-2024
U008470,David Ramos,dconley@example.net,Female,Michaelfort,14-02-2025
U008471,Andrea Santos,thomas43@example.org,Male,Port Danielview,08-08-2025
U008472,Brittany Tapia,cookjennifer@example.org,Male,Campbellborough,02-11-2024
U008473,Becky Silva,williamsontanner@example.org,Female,Kimberlybury,14-09-2025
U008474,Julia Herring,zsmith@example.org,Male,West Carrieborough,07-03-2024
U008475,Nicholas Gordon,brandonsantiago@example.org,Male,Harmonchester,08-06-2025
U008476,Patrick Hughes,alvaradojohn@example.net,Male,Craigbury,10-07-2024
U008477,Susan Bradley,khartman@example.net,Male,New Johnland,05-07-2025
U008478,Benjamin Herrera,michael35@example.org,Male,Tranchester,21-04-2025
U008479,Matthew Nichols,imurray@example.net,Other,Chavezstad,26-05-2024
U008480,Jay Huynh,schneiderjeffery@example.org,Other,Matthewstad,04-08-2025
U008481,Timothy Collins,mcabrera@example.com,Other,West Isaiahton,20-02-2025
U008482,Juan Cook,jacksonjeffrey@example.com,Female,Lake Rachelview,19-04-2024
U008483,Susan Spence,garrisontimothy@example.net,Female,Wagnershire,21-01-2024
U008484,Edwin Johns,bgrant@example.com,Other,West Sarahland,27-09-2025
U008485,Brenda Hawkins,davisdiana@example.net,Female,Craigland,27-08-2025
U008486,Amanda Christensen,michaellopez@example.com,Other,West Meganfort,10-03-2025
U008487,April Taylor,welchmichael@example.com,Male,North Juan,24-02-2025
U008488,Lisa Franklin,tammy91@example.com,Male,Ortizchester,24-09-2024
U008489,Haley Williams,anthonymoyer@example.net,Male,West Kristen,31-07-2024
U008490,Melissa Wood,jwoodard@example.net,Other,New Luke,15-07-2025
U008491,Curtis Wilson,xschmidt@example.org,Female,Allisonside,25-02-2025
U008492,Kathleen Gardner,andrew42@example.net,Other,South Heatherburgh,06-02-2024
U008493,Thomas Cruz,ehenry@example.com,Female,North Megan,18-02-2024
U008494,David Bryant,kevin51@example.net,Female,Ayalaton,20-01-2024
U008495,James Luna,pwalker@example.net,Male,North Martinview,30-05-2024
U008496,Jennifer Wilson,sanchezvalerie@example.com,Male,Henryberg,19-05-2024
U008497,Joseph Silva,markturner@example.org,Other,Jeremyhaven,24-10-2025
U008498,Andrew Johnson,hayesjoseph@example.net,Other,North Cherylmouth,18-08-2025
U008499,Shannon Zimmerman,katherinejohnson@example.net,Male,Derrickland,16-10-2024
U008500,Hunter Carey,scotttammy@example.org,Other,West Destinychester,28-07-2024
U008501,Alexa Payne,scott95@example.org,Male,Morganfurt,08-05-2024
U008502,Andrew Todd,joseph40@example.com,Other,North Matthewborough,16-03-2024
U008503,Angela Arias,imassey@example.com,Female,Jonesland,05-05-2024
U008504,Cindy Dennis,miguelchavez@example.net,Other,Merrittborough,06-01-2024
U008505,Christopher Phelps,owilliams@example.org,Male,Michaelborough,05-03-2025
U008506,Dale Brown,markgraves@example.org,Other,Cooperbury,05-01-2024
U008507,Jesus Riggs,stacyjones@example.com,Female,Lake Patricia,19-01-2025
U008508,Bill Sharp,idiaz@example.com,Female,Longfurt,07-01-2024
U008509,Scott Harris,jacquelinewilliams@example.org,Female,South Maxwell,08-04-2024
U008510,Vicki Perez,dferguson@example.org,Male,Vanceburgh,31-10-2024
U008511,Michael Pratt,colleen20@example.net,Other,Fordmouth,14-06-2024
U008512,Catherine Gonzalez,kevin65@example.net,Male,Port Markburgh,24-01-2024
U008513,Rachel Sparks,samuel85@example.org,Male,Debraborough,05-12-2024
U008514,Brian Paul,mitchell31@example.net,Male,New Suzanne,26-11-2024
U008515,Summer Sampson,hayley88@example.com,Other,Trevormouth,23-10-2025
U008516,Luke Crane,qmckenzie@example.net,Male,Port Saraland,26-03-2025
U008517,Amanda Duncan,coxamber@example.net,Other,Lake Melissa,18-03-2024
U008518,Craig Kim,cohenwilliam@example.com,Female,Matthewsside,31-12-2024
U008519,Ann Porter,rick47@example.net,Other,South Gary,27-09-2025
U008520,John Johnson,karenbarnes@example.org,Other,Stoutville,21-10-2025
U008521,Eric Thomas,elizabeth17@example.net,Male,Lake Taylor,20-10-2024
U008522,Mckenzie Wolf,francochristopher@example.net,Female,East Michael,03-10-2025
U008523,Edwin Harris,tararomero@example.org,Other,East Sarah,04-08-2024
U008524,Gerald Kane,johnnyli@example.net,Other,Port Timothyburgh,22-10-2024
U008525,Cory Vazquez,mallen@example.org,Male,South Thomas,04-09-2024
U008526,Ronald Gross,flemingkathleen@example.net,Female,Lauratown,28-01-2024
U008527,Melissa Parker,alec47@example.com,Male,North Benjaminmouth,21-08-2024
U008528,Tyler Jacobs,enielsen@example.net,Male,Gardnerville,20-08-2024
U008529,Christine Martinez,laura83@example.net,Male,Wigginsmouth,23-10-2024
U008530,Ralph Valdez,clewis@example.org,Male,Andersonstad,11-05-2024
U008531,Cynthia Rodriguez,emilymontgomery@example.org,Other,Port Jeffreyside,27-07-2025
U008532,Brian Carroll,zcampbell@example.net,Female,East Valerie,16-09-2024
U008533,Mark Turner,christinebrennan@example.org,Female,South Robert,22-04-2024
U008534,Timothy Kane,mgonzalez@example.org,Male,Port Keith,11-03-2024
U008535,Kathleen Oliver,lisa96@example.com,Male,Amandaport,03-03-2024
U008536,Patricia Charles,ywatson@example.net,Other,Kathrynstad,05-11-2024
U008537,Kevin Krause,kyliechandler@example.net,Male,New Christophermouth,12-03-2025
U008538,Nicolas Carter,jasongriffith@example.com,Male,Maldonadochester,05-02-2024
U008539,Kelli Gregory,pateljacqueline@example.net,Other,Stephaniemouth,16-10-2025
U008540,Karen Burke,otaylor@example.net,Female,New Craig,02-03-2024
U008541,Jill Nguyen,iwilliams@example.com,Female,Millerchester,04-11-2025
U008542,Stephen Navarro,carlsonpeter@example.net,Male,North Kevin,08-02-2025
U008543,Joseph Burns,paige60@example.com,Female,Lake Ericton,04-03-2024
U008544,Matthew Edwards,lindawhite@example.net,Female,Port Mckenzietown,28-09-2024
U008545,Nicholas Reynolds,uwright@example.net,Female,Burkestad,27-08-2024
U008546,Nicholas Reed,hwood@example.org,Other,North Kristinville,16-03-2025
U008547,Kristi Kennedy,emilymays@example.com,Female,Hillshire,23-11-2024
U008548,Antonio Mcdonald,josephholt@example.com,Male,South Kristinaland,09-02-2025
U008549,Sean Guerra,amy87@example.org,Male,East Denise,29-04-2024
U008550,Kristin Wells,victoria89@example.org,Other,West Randallport,28-04-2024
U008551,April Thomas,elizabeth05@example.org,Male,Josephborough,16-02-2024
U008552,Thomas Lee,johnsonphillip@example.com,Other,Payneshire,22-01-2025
U008553,Brian Davis,thomas29@example.net,Male,Teresaberg,02-12-2024
U008554,Teresa Flowers,obarnes@example.net,Male,New Ian,21-02-2024
U008555,Brett Hutchinson,nwright@example.org,Male,Pacefort,26-11-2024
U008556,Anita Floyd,iolson@example.com,Female,Lake Brianshire,23-05-2024
U008557,Brittany Robinson,seth92@example.com,Other,Lake Williamstad,22-11-2024
U008558,Charles Long,brian34@example.com,Male,Richardville,10-05-2024
U008559,Tina Drake,russelljoel@example.org,Male,Williamberg,09-03-2025
U008560,Ashley Shaw,lewismiranda@example.org,Male,Lake Tristan,10-09-2025
U008561,Melissa Howard,gabriel62@example.com,Other,Kennethbury,08-09-2025
U008562,Nicole Levy,ashleyjohnson@example.org,Female,South Carolside,21-03-2024
U008563,Colin Evans,fitzgeraldamy@example.com,Other,East Sarahport,10-06-2025
U008564,Ryan Castro,wattsdaniel@example.com,Other,North Joseph,22-05-2025
U008565,Andrew Garcia,williamwatkins@example.net,Female,Lake Kevinport,11-11-2024
U008566,Luis Cook,muellerchristopher@example.org,Female,South Melissashire,03-10-2024
U008567,Brian Mendoza,megan72@example.net,Male,Brooksbury,09-08-2025
U008568,Danielle Barnes,jlee@example.net,Other,Peterville,27-05-2024
U008569,Jessica Hunt,matthew96@example.net,Other,East Vincent,04-11-2025
U008570,Jessica Krueger,twilliams@example.org,Female,Hansonside,28-06-2024
U008571,Jamie Arroyo,amandamiller@example.com,Male,Gregoryton,27-11-2024
U008572,Jeremy Palmer,wbond@example.com,Male,Lake Jamiemouth,02-11-2024
U008573,Jasmine Schneider,donbradley@example.com,Female,Lake John,23-07-2024
U008574,Kimberly Hoffman,raymond98@example.org,Male,Holtshire,05-07-2025
U008575,Scott Davis,kblack@example.net,Male,Garrisonborough,20-02-2025
U008576,Tonya Ford,sharon55@example.com,Male,Port Amyborough,29-10-2025
U008577,Sara Hill,randymartinez@example.net,Other,Marcusport,30-05-2025
U008578,Timothy Guerra,ksmith@example.net,Female,Boydhaven,29-08-2025
U008579,Douglas Davis,ann85@example.org,Male,New Cynthia,07-10-2025
U008580,Stephanie Martin,samuel86@example.net,Female,Margaretstad,17-04-2025
U008581,David Lam,brianrice@example.org,Male,North Johnside,27-03-2025
U008582,Anthony Vance,rebecca26@example.net,Male,North Lisaland,01-11-2025
U008583,Charles Fox,jcontreras@example.net,Female,Lindseyport,06-02-2024
U008584,Jonathan Clements,tinasullivan@example.net,Other,Mitchellfort,29-05-2025
U008585,Samantha Price,dixonmichelle@example.com,Female,Jennifermouth,20-09-2024
U008586,Kimberly Smith,welchvincent@example.com,Male,Adamville,10-06-2025
U008587,Brittany Mills,gknight@example.org,Female,Josephberg,05-10-2025
U008588,Matthew Shaw,rhall@example.com,Male,Lake Nicolebury,25-02-2024
U008589,Dennis Good,erinnguyen@example.org,Male,North Angela,15-03-2024
U008590,Jacob Jimenez,catherine39@example.org,Other,North Joanville,06-04-2025
U008591,David Adams,maxwelllisa@example.com,Female,Port Jeffrey,08-10-2025
U008592,Jorge Ramsey,swelch@example.net,Male,Frankfurt,06-11-2025
U008593,Katherine Chapman,patelmary@example.com,Female,Port Leahview,11-01-2025
U008594,Amy Aguilar,gfranklin@example.net,Female,Lake Joshualand,13-04-2024
U008595,Debra Jones,santosdarryl@example.com,Male,New Jennifermouth,11-02-2025
U008596,Shannon Curry,stephaniecontreras@example.com,Female,Burtonhaven,06-01-2024
U008597,Douglas Wilkins,nleonard@example.net,Other,West Michaeltown,18-09-2025
U008598,Danielle Collins,allenramirez@example.com,Male,Samanthaberg,29-08-2024
U008599,Rebecca Carpenter,douglas52@example.net,Other,Port Justin,23-12-2024
U008600,Brett Bowman,robertselizabeth@example.com,Female,Jesseshire,03-04-2024
U008601,Jennifer Cherry,castillodennis@example.com,Female,Danielview,02-03-2024
U008602,Patricia Lopez,tstone@example.net,Male,Manuelbury,03-06-2025
U008603,Alan Carr,tbrooks@example.com,Female,West Tracy,18-01-2024
U008604,Kristen Moore,annette87@example.com,Male,Tinaton,24-04-2024
U008605,Ralph Coleman,haustin@example.com,Male,Joshuaberg,31-05-2025
U008606,Melinda Chavez,carrillodeborah@example.org,Other,Mistystad,07-05-2025
U008607,Bradley Bailey,mcneiltony@example.com,Other,Crosbyhaven,15-02-2024
U008608,Christopher Hernandez,mariah87@example.com,Male,Mooreton,26-07-2025
U008609,Christopher Hutchinson,kallen@example.org,Female,Ingramburgh,31-08-2025
U008610,Samuel Hamilton,walterbruce@example.net,Male,Port Elizabeth,12-09-2024
U008611,Emily Parsons,jgoodman@example.net,Male,Rosebury,07-05-2025
U008612,Jennifer Anderson,colemanashley@example.com,Female,Scottshire,19-06-2024
U008613,Stephanie Snyder,ana03@example.org,Female,Sparksport,23-02-2024
U008614,Robert Rodriguez,willie24@example.com,Female,Port Christopherland,22-08-2025
U008615,Stacey Olson,alexmacias@example.org,Male,Port Bryanville,05-06-2025
U008616,Paul Ferguson,smithsamantha@example.com,Female,Joelberg,21-06-2025
U008617,Jamie Campbell,jeffrey82@example.net,Male,West Jennifer,01-10-2024
U008618,Audrey Rogers,john41@example.org,Female,West Anthony,13-08-2025
U008619,Isaiah Bowen,norrisrobert@example.com,Other,Joannaborough,25-11-2024
U008620,Cory Fowler,deansandra@example.com,Male,Phillipsland,25-03-2024
U008621,Joseph Bean,david04@example.org,Other,Lake Alan,19-02-2025
U008622,Paige Hall,anthony47@example.net,Other,South Tracy,04-01-2024
U008623,Michael Park,jessicacampbell@example.net,Male,Dustinchester,29-07-2024
U008624,Denise Collins,robinmorgan@example.net,Other,New Carolinemouth,24-11-2024
U008625,John Collier,ksmith@example.com,Other,Port Stephen,29-10-2024
U008626,Lucas Briggs,natalie53@example.net,Male,Mcintyreton,19-04-2024
U008627,Robert Mueller,adam18@example.com,Male,Port Patriciaport,26-12-2024
U008628,Ronald Payne,stephaniedaniels@example.net,Female,Leslieland,17-06-2025
U008629,Elizabeth Woodard,justinchandler@example.net,Other,Lake Patrickfort,19-12-2024
U008630,Heidi Davidson,penningtoncheryl@example.net,Female,New Michael,09-09-2024
U008631,Christina Kennedy,ffischer@example.net,Male,North Brendachester,11-05-2024
U008632,Gerald Davis,tiffanygarcia@example.net,Other,West John,15-09-2025
U008633,Alex Macias,crystal07@example.org,Female,Port Charlesville,04-07-2024
U008634,Luis Gray,zcalhoun@example.com,Female,Robertville,18-10-2025
U008635,James Bell,jonesjay@example.com,Female,East Beth,24-05-2024
U008636,Sheila Cox,wgordon@example.com,Male,Higginsfurt,08-02-2025
U008637,Samuel Barron,xward@example.com,Other,West Jessica,10-03-2024
U008638,Daniel Brown,bmunoz@example.com,Female,New Teresabury,10-07-2025
U008639,Monica Johnson,fclayton@example.org,Other,Port Benjamin,09-10-2024
U008640,Shannon Diaz,josephellis@example.org,Male,North Christiantown,03-03-2024
U008641,Aaron Smith,breanna37@example.org,Male,Wilsonview,04-10-2024
U008642,Michael Riley,walkerkristie@example.net,Female,East Debbie,12-08-2024
U008643,Veronica Cook,martinezcynthia@example.net,Female,Port Conniestad,15-10-2024
U008644,Sandra Phillips,campbellscott@example.net,Other,Travisview,12-10-2024
U008645,Michael Thompson,ramirezjennifer@example.net,Male,West Williamside,07-03-2025
U008646,Lisa Rivera,joseph30@example.org,Other,Huntville,30-07-2024
U008647,Jessica Parker,hrodriguez@example.com,Male,East Andrewview,23-02-2024
U008648,William Parsons,danielle76@example.net,Other,West Kevin,26-01-2024
U008649,Nicole Orr,charlesfleming@example.org,Male,Alvarezland,01-06-2024
U008650,Mary Mitchell,christinarichardson@example.net,Female,Navarroview,24-08-2025
U008651,Michelle Smith,vincent74@example.com,Male,Jasonbury,29-10-2024
U008652,Vincent Butler,jamesthompson@example.net,Male,Zhangside,16-09-2025
U008653,Tammy Hernandez,loribates@example.org,Female,Crystalfort,04-07-2024
U008654,Charles Gonzales,obaird@example.org,Other,New James,27-04-2025
U008655,Abigail Parker,sheltonbrian@example.net,Other,Sandovalbury,16-03-2024
U008656,Jennifer Pineda,owhite@example.com,Male,Moorestad,15-04-2025
U008657,Jessica Garner,carlathomas@example.com,Female,Janetberg,13-04-2024
U008658,Brent Anderson,washingtonbrooke@example.net,Other,South Kathleenborough,03-08-2025
U008659,Corey Johnson,dawsondavid@example.net,Female,Port Jaketon,21-02-2024
U008660,Alan Thomas,baileyjennifer@example.net,Female,Heidiview,14-05-2024
U008661,Thomas Robbins,alexajones@example.org,Other,North Christina,03-02-2025
U008662,William Morales,nathan31@example.org,Male,Port Tammy,24-03-2025
U008663,Robert Morales,andrew85@example.net,Female,West Traceyside,19-12-2024
U008664,Brandon Williams,jstanley@example.net,Female,North Brandonburgh,17-09-2024
U008665,Brenda Herrera,rebekahhughes@example.net,Male,South Jamesville,12-03-2024
U008666,Robert Fitzgerald,fryenicole@example.org,Male,Martinezview,05-05-2024
U008667,Eric Ray,melindapearson@example.net,Other,North Ruth,09-06-2025
U008668,Daniel Wilson,edwardmartinez@example.net,Male,Christopherstad,19-07-2025
U008669,Lisa White,wesparza@example.net,Other,Lisaburgh,09-03-2025
U008670,Michael Avila,frank47@example.com,Other,Thomasburgh,10-10-2025
U008671,Beth Wheeler,hbarrett@example.com,Female,Garrettside,24-07-2024
U008672,Kristina Black,bwilliams@example.org,Male,Leonardstad,05-04-2025
U008673,Vanessa Colon,christopherrusso@example.org,Male,New Jerryside,28-03-2024
U008674,April Norris,ljackson@example.com,Female,Chelseaport,18-12-2024
U008675,Julie Barry,derek05@example.com,Female,Barrettshire,09-01-2024
U008676,Matthew Chapman,angelawilson@example.net,Male,Martinhaven,02-11-2024
U008677,Glenda Patton,morgancrystal@example.net,Other,New Stephanie,24-08-2024
U008678,Ryan Rios,margaret38@example.com,Male,Fritzfurt,16-07-2024
U008679,Ashley Jackson,ejordan@example.org,Male,North Jennifer,28-10-2025
U008680,Natasha Monroe,sdiaz@example.org,Female,Jasminehaven,21-09-2024
U008681,Brian Orozco,hduke@example.net,Other,Bradville,21-09-2025
U008682,Samuel Blair,ohill@example.net,Female,Donnaton,09-01-2024
U008683,Bradley Morse,donovanelizabeth@example.org,Male,Clarkside,01-09-2024
U008684,Julie Murphy,bowmanmegan@example.net,Other,West Kimberlybury,14-07-2025
U008685,Michael Walker,xrivera@example.org,Female,West Jennifer,16-12-2024
U008686,Sarah Johnson,parkbradley@example.net,Other,Dawnburgh,06-08-2025
U008687,Misty Reid,katherinezuniga@example.com,Other,New Brianna,08-06-2024
U008688,Brendan Carr,mburton@example.net,Other,Petersonfort,08-03-2025
U008689,Robert Brown,davidsonanita@example.org,Male,Port Christopherbury,28-10-2024
U008690,Tyler Garcia,dsmith@example.org,Female,Jamestown,30-08-2024
U008691,Stacy Skinner,bernard44@example.net,Female,Lake Ashleyview,01-03-2025
U008692,Renee Murray,andrew54@example.com,Male,West Rebecca,03-01-2024
U008693,Brian Hartman,leemicheal@example.org,Other,Buchananview,01-06-2024
U008694,Ann Ball,nbell@example.net,Female,Zunigaton,05-01-2024
U008695,Richard Carrillo,anthonycole@example.net,Male,Edwardsberg,25-09-2024
U008696,Rachael Gonzales,michellemartin@example.org,Female,Williammouth,21-11-2024
U008697,Melody Cook,rachel91@example.org,Other,Grayfort,09-11-2024
U008698,Joshua Christensen,gregory19@example.net,Female,West Jamesstad,13-06-2024
U008699,Aaron Duncan,mezatimothy@example.net,Other,East Danielleberg,20-08-2025
U008700,Jay Lawson,billy61@example.net,Other,Port Andrew,16-03-2025
U008701,Shelby Thompson,rosalesanna@example.net,Male,East Amy,04-08-2025
U008702,Brad Brown,ihunt@example.com,Other,North Erin,24-06-2024
U008703,Megan Green,velezlaura@example.org,Male,Lake Natashaberg,26-04-2024
U008704,Briana Davis,jasonlyons@example.com,Female,Jasonport,07-08-2025
U008705,Daniel Brooks,jonesamanda@example.org,Other,East Brianstad,05-05-2024
U008706,Shaun Harris,jessica84@example.com,Female,Lake Kevinhaven,11-04-2024
U008707,Tyler Irwin,michael40@example.com,Other,Elizabethmouth,26-04-2025
U008708,Martha Baker,richardmyers@example.org,Male,Martinborough,15-01-2025
U008709,Elizabeth Hutchinson,salazardiana@example.org,Female,Joshuabury,03-03-2024
U008710,Stephanie Campos,heatherforbes@example.net,Female,New Coreyburgh,10-09-2024
U008711,David Mays,jaredmontgomery@example.com,Female,New Joycetown,23-06-2025
U008712,Brad Austin,cabbott@example.org,Other,Jenniferton,07-01-2024
U008713,Amy Gilmore,figueroarachel@example.com,Other,Chadland,16-01-2024
U008714,Katrina Moore,patriciachaney@example.net,Other,Richardchester,14-11-2024
U008715,William Matthews,mdixon@example.com,Other,Jamesland,16-04-2024
U008716,Ryan Cooper,russellmartin@example.org,Male,North Michael,23-10-2025
U008717,Steven Guzman,brownbrenda@example.net,Other,Kristenchester,23-03-2024
U008718,Derek Schultz,ronaldtaylor@example.com,Male,North Kirk,05-08-2024
U008719,Jeffrey Bailey,annecruz@example.org,Other,East Miguelport,20-09-2024
U008720,Elizabeth Garcia,kelly99@example.com,Female,Lake Amytown,09-05-2025
U008721,Virginia Warren,coreyjones@example.org,Other,Troyville,19-03-2024
U008722,Kerri Cervantes,david38@example.com,Male,New Felicia,02-08-2025
U008723,Robert Lewis,wellsrichard@example.net,Other,New Thomastown,24-05-2024
U008724,Danielle Davis,ochoasusan@example.net,Other,Lake Markfort,17-03-2024
U008725,Julie Kelley,william64@example.net,Female,South Christineville,16-02-2025
U008726,Katie Williams,deborahcabrera@example.com,Male,East Joshua,02-01-2025
U008727,Ryan Wright,halljason@example.com,Male,South Charles,10-02-2024
U008728,Amy Green,nathanconway@example.com,Female,Alishaborough,26-10-2025
U008729,Dominic Duran,xhuffman@example.net,Female,Port Nancychester,23-03-2024
U008730,Kathleen Norman,sfowler@example.com,Female,Jessicaton,18-07-2024
U008731,Joan Santana,gonzaleztony@example.net,Other,Stevenburgh,19-03-2024
U008732,Donald Camacho,carlosmcdonald@example.com,Male,West Stevenbury,03-11-2025
U008733,Dawn Rasmussen,dodsontanya@example.com,Female,Karaberg,27-08-2024
U008734,Melissa Jordan,kyleyoung@example.net,Female,Camachoton,22-01-2025
U008735,Cheryl Cole,kruegerkristen@example.org,Male,Jensenfort,25-02-2024
U008736,Nichole Allison,myerswhitney@example.org,Other,Robertchester,27-06-2025
U008737,Bryan Nelson,mgallagher@example.com,Other,Mcfarlandmouth,13-07-2024
U008738,Tasha Khan,scott06@example.com,Other,North Karenland,17-03-2025
U008739,Erica Smith,kevinjones@example.net,Male,North Alexishaven,29-04-2024
U008740,Jessica Diaz,jasonrobinson@example.com,Other,Sethburgh,24-10-2025
U008741,Dawn White,patrickdavenport@example.net,Other,Ronaldshire,19-01-2025
U008742,Bryan Fletcher,uhunt@example.com,Male,Adamsshire,03-08-2025
U008743,Matthew Holmes,luishahn@example.net,Male,Port James,26-10-2025
U008744,Jennifer Marshall,guerrerosharon@example.org,Female,Beardstad,14-10-2025
U008745,Shawn Ruiz,sharonrobertson@example.net,Male,Hernandezchester,23-08-2024
U008746,Rebecca Lopez,iturner@example.net,Other,Sanchezhaven,02-02-2025
U008747,Barry Stewart,xwhite@example.net,Male,New John,08-07-2024
U008748,Jason Stokes,heidigalvan@example.org,Other,Wadefort,20-02-2024
U008749,Matthew Williams,allenallison@example.com,Female,Candiceton,11-11-2024
U008750,Ian Hunt,vasquezjames@example.org,Other,West Brandonfort,31-05-2025
U008751,Joanna Davis,jfarley@example.org,Other,Watsonside,19-02-2025
U008752,Kathleen Lee,travis74@example.com,Other,Marieburgh,03-03-2025
U008753,Debbie Henson,jeffreymoody@example.org,Male,West Sarahshire,28-08-2024
U008754,Teresa Clark,christinawood@example.net,Other,Peterside,28-05-2024
U008755,Paula Barker,christinapeck@example.org,Male,Josephborough,19-11-2024
U008756,Michael Boone,bishopjohn@example.net,Female,New Petermouth,16-10-2024
U008757,Henry Garcia,larryjordan@example.net,Female,Sergioside,31-08-2025
U008758,Kenneth Murphy,adrian08@example.net,Female,Brownmouth,25-06-2024
U008759,Edward Valdez,lynn28@example.net,Other,Randallland,04-04-2025
U008760,Randall Turner,stevensonmichael@example.org,Other,Diazhaven,10-08-2024
U008761,Sandra Gaines,xsanchez@example.net,Female,East Paul,03-01-2025
U008762,Elizabeth Horne,jasongarcia@example.org,Female,North Pamela,31-08-2024
U008763,Gregory Glass,hopkinsmatthew@example.org,Male,Clarkestad,19-05-2025
U008764,Jason Phillips,carloshill@example.com,Male,Carterhaven,08-04-2024
U008765,Lori Jennings,margaret62@example.com,Female,Lake Linda,16-02-2024
U008766,James Graham,johnnyjones@example.com,Female,Whiteshire,20-07-2024
U008767,Mariah Walton,hernandezwalter@example.net,Female,Lauraborough,03-07-2025
U008768,Erica Flores,theresa09@example.com,Female,Gibsonhaven,06-01-2024
U008769,Joshua Davis,stephen53@example.org,Other,Emilystad,11-01-2024
U008770,Joseph Patterson,dbryan@example.net,Other,Port Amberland,14-03-2025
U008771,Ryan Greer,james07@example.net,Male,Lake Madison,06-05-2024
U008772,Ashley Cox,caseygriffin@example.org,Female,North Jonathan,05-02-2025
U008773,Tanya Mccoy,sophia59@example.com,Other,Tanyaborough,11-01-2025
U008774,Jennifer Herring,lrogers@example.net,Other,New Joanmouth,13-01-2025
U008775,Jeanne Morrison,brenthernandez@example.net,Other,West Dennis,12-06-2025
U008776,Nicholas Wade,patrick67@example.org,Other,West Crystalside,13-12-2024
U008777,David Garcia,lauren96@example.net,Female,Christophertown,11-05-2025
U008778,Jennifer Wilson,anthonywaters@example.com,Female,New Jeffreyfurt,14-11-2024
U008779,Anthony Kennedy,kyle64@example.org,Other,Port Johnhaven,25-12-2024
U008780,Lauren Jackson,bparks@example.net,Female,Carlsonberg,06-03-2025
U008781,Eric Brown,logan76@example.org,Other,Amandaview,29-02-2024
U008782,Katie Vargas,farrellbrenda@example.com,Other,Lake Melissafort,28-06-2024
U008783,Justin Thomas,klara@example.org,Male,Hardinview,03-07-2024
U008784,James Walker,flee@example.com,Male,North Jason,19-12-2024
U008785,Timothy Collins,qhodge@example.com,Female,Julietown,18-05-2025
U008786,Carl Osborn,mathew68@example.com,Male,Angelaland,21-06-2025
U008787,Michelle Bradshaw,kimberly38@example.net,Male,Lake Jesse,21-10-2024
U008788,Jennifer Morton,annette81@example.net,Female,Maryville,29-01-2024
U008789,Donald Goodman,lgibson@example.com,Male,Johnsonhaven,31-07-2025
U008790,Aaron Tucker,robertsbrandi@example.org,Female,East Francisco,12-10-2024
U008791,Melinda Burnett,curtisflynn@example.net,Male,Stephanieville,16-05-2025
U008792,Kathleen Kim,elizabethhuffman@example.net,Male,East Barbaraside,16-06-2025
U008793,Melissa Brown,jonathan40@example.org,Male,Port William,15-01-2025
U008794,Christopher Carter,bridgesmichael@example.net,Female,Williamsmouth,25-11-2024
U008795,Kristin White,joseph52@example.org,Male,West Zacharyside,02-09-2025
U008796,Nathan Herrera,gina09@example.net,Other,Christopherchester,29-08-2025
U008797,Alexis Taylor,martinscott@example.org,Male,Shannonbury,09-12-2024
U008798,Edward Rice,hunterwest@example.com,Female,Danielleview,01-11-2024
U008799,Alicia Jordan,mary68@example.org,Male,East Kelly,12-03-2025
U008800,Henry Hickman,gwilliams@example.net,Male,Port Jimmyville,30-11-2024
U008801,Christine Salas,osmith@example.net,Other,West Julie,17-07-2024
U008802,Christopher Hudson,clifford16@example.net,Other,Annettechester,12-01-2025
U008803,Megan Oneill,cclements@example.net,Male,Higginsshire,20-06-2024
U008804,Jordan Montgomery,richarddebra@example.net,Female,South Johnton,16-09-2024
U008805,Mark Hobbs,allison29@example.net,Female,West Annafort,28-08-2025
U008806,Mallory Johnson,perkinssteven@example.com,Other,East Carolynburgh,25-12-2024
U008807,Zachary Colon,walkerjohn@example.org,Other,Meyerville,13-05-2025
U008808,Ashley Rodriguez,lisabailey@example.com,Male,Jonesport,29-02-2024
U008809,Debra Donovan,fdunn@example.net,Female,South Chelseaside,17-02-2025
U008810,Nicole Johnson,nmayo@example.net,Female,Maryfurt,05-01-2025
U008811,James Stewart,paul95@example.org,Female,South Tyler,14-09-2024
U008812,Ashley Wells,toddseth@example.org,Female,Cruztown,30-03-2024
U008813,Anita Brooks,bridgetdominguez@example.net,Other,North Davidview,30-06-2025
U008814,Calvin Jones,mariaclements@example.org,Other,Melissahaven,05-07-2025
U008815,Mary Ward,wilsonmichael@example.net,Male,Drakeberg,05-09-2025
U008816,Timothy Green,paul88@example.com,Female,East Jennifer,24-04-2025
U008817,Jason Taylor,dawn72@example.com,Male,Jonathanborough,21-09-2024
U008818,Scott Mckenzie,henry49@example.com,Male,West Emilyview,13-12-2024
U008819,Jenna Hardy,asantiago@example.com,Male,Debrastad,15-07-2025
U008820,Heidi Washington,sarah85@example.org,Male,South Tammy,20-07-2025
U008821,David Chan,blove@example.net,Other,Jonathanview,21-09-2024
U008822,Cynthia George,aandrews@example.org,Other,Toddport,23-04-2024
U008823,Craig Hurst,lawrence13@example.org,Female,New Elizabeth,19-09-2024
U008824,Anthony Johnson,manderson@example.com,Female,Salasstad,17-06-2025
U008825,Melissa Jimenez,cynthia14@example.net,Other,Gayberg,08-07-2025
U008826,Bryan Henderson,dramirez@example.com,Female,South Marie,02-10-2025
U008827,Tara Price,hamiltonchristina@example.org,Other,Lake Deanburgh,24-01-2024
U008828,Melvin Medina,tamara38@example.com,Other,South Jennifershire,21-03-2025
U008829,Barbara Wong,bwalters@example.org,Female,South Rileyville,29-08-2025
U008830,Andrew Brady,hallpaul@example.org,Female,Carolview,05-10-2025
U008831,Nicole Jackson,zwilson@example.net,Other,Stevensview,13-05-2025
U008832,Lisa Clark,danielleadams@example.org,Other,South Lauraton,02-11-2024
U008833,Tanner Cunningham,marvinbell@example.com,Other,East Kimberly,10-04-2024
U008834,Ray Singleton,kennedyvictor@example.org,Other,Port Sharon,12-12-2024
U008835,Carol Wilson,calderonellen@example.net,Other,Matthewhaven,11-12-2024
U008836,Jacob Hickman,shawnclarke@example.com,Female,Lake Edward,03-02-2025
U008837,Michelle Gray,christopher51@example.net,Female,South Dawn,11-05-2024
U008838,Juan Ochoa,gwashington@example.com,Female,West Omar,17-06-2025
U008839,Heather Williams,silvamonica@example.org,Other,Port Richardside,10-10-2025
U008840,Kelsey Wilson,brenda42@example.com,Male,West Courtneyport,01-01-2024
U008841,Roger Martinez,troy48@example.net,Female,New Bradleyshire,20-07-2024
U008842,Stephen Diaz,jimmy30@example.com,Male,Hendersonton,26-07-2024
U008843,Kimberly Hernandez,robertmcknight@example.net,Female,East Rebecca,08-07-2024
U008844,Frank Villarreal,alexander58@example.org,Male,New Kaylee,20-04-2024
U008845,Kaitlyn Dunn,priscillabauer@example.com,Female,South Marcia,28-06-2024
U008846,Kyle Smith,hhenderson@example.net,Female,Ramirezhaven,30-12-2024
U008847,Stacey Harrington,khamilton@example.org,Female,Ethanbury,01-07-2025
U008848,Timothy Garcia,davidmoore@example.org,Male,Gilmoreville,23-12-2024
U008849,Ashley Lucas,karenwallace@example.com,Male,New Jesse,14-10-2025
U008850,Kathryn Williams,erichopkins@example.org,Female,Huangfort,07-05-2024
U008851,Deborah Calhoun,davidnguyen@example.org,Female,Wilsonhaven,27-07-2025
U008852,Brittany Hernandez,sonia33@example.com,Female,Rogersland,24-01-2024
U008853,Joshua Griffin,john15@example.net,Male,North Richard,16-04-2024
U008854,Jon Mitchell,jill74@example.org,Other,South Zacharyhaven,24-06-2024
U008855,Anthony Cooper,zkelly@example.com,Male,Richardsonhaven,11-05-2025
U008856,Savannah Jacobs,angelajacobs@example.com,Other,Mcdowellside,10-05-2024
U008857,Melissa Pena,smithtimothy@example.net,Other,North Angelica,23-02-2024
U008858,Ralph Cooper,melissa38@example.org,Female,New Danielside,26-04-2024
U008859,Anna Blake,tina94@example.net,Male,East Christian,09-10-2025
U008860,Kelly Perez,jonathan41@example.org,Male,Newtonhaven,29-06-2024
U008861,Jessica Townsend,hrios@example.com,Other,Stokesside,09-11-2025
U008862,Brian Lawrence,michaelgraves@example.com,Other,Woodardborough,01-11-2024
U008863,Samantha Schultz,burnsstephanie@example.org,Other,Lake Wendychester,27-02-2024
U008864,Kelly Coleman,benjaminrodriguez@example.net,Male,West Meghanborough,21-10-2024
U008865,Sherry Lopez,catherine16@example.org,Male,Anthonytown,13-03-2024
U008866,Christopher Black,tiffanymccarthy@example.org,Male,Elizabethtown,17-06-2024
U008867,Daniel Webster,frankthomas@example.org,Male,Port Samantha,13-01-2024
U008868,Elizabeth Smith,michael42@example.com,Male,Kaylahaven,09-03-2025
U008869,Shawn Kane,elizabethanderson@example.net,Female,South Craig,17-02-2024
U008870,John Wang,richardsonadrienne@example.net,Other,Jonathanburgh,26-10-2024
U008871,Kenneth Valdez,michelle13@example.org,Male,South Christopher,27-10-2025
U008872,Stephanie Marshall,jerry45@example.net,Female,Cassandraberg,14-06-2024
U008873,Daniel Morris,deleonteresa@example.com,Female,South Patricia,09-01-2025
U008874,Ashley Gonzalez,qmorgan@example.org,Female,West Melissa,10-05-2024
U008875,Donald Smith,mary91@example.org,Male,East Mike,04-10-2024
U008876,Kathleen Gibbs,osborncristian@example.org,Male,Feliciaport,16-08-2024
U008877,Stephanie Patterson,michelle74@example.net,Other,Lake Richard,27-11-2024
U008878,Dustin Carroll,gmclean@example.net,Other,New Maryfurt,01-04-2024
U008879,Katie Chan,thomasjoseph@example.org,Male,Jessicaville,15-05-2024
U008880,Jonathan Coffey,danamitchell@example.net,Other,Lake Julianshire,14-03-2025
U008881,Eric Baker,tgarcia@example.org,Female,Port Tammymouth,27-04-2025
U008882,Frank Hernandez,kristina06@example.com,Female,North Lance,13-07-2024
U008883,Angela Le,jaredjackson@example.net,Male,Lake Jacobhaven,15-04-2025
U008884,Steven Brown,rlee@example.net,Female,Jamesville,28-05-2024
U008885,Shelly Snow,fmiller@example.net,Female,Patriciafurt,07-01-2024
U008886,Madeline James,millertimothy@example.com,Other,Shawnport,31-07-2024
U008887,John Garcia,austin14@example.net,Male,Stephanieview,23-01-2024
U008888,Melissa Morrow,wallersandra@example.net,Other,Richardmouth,24-10-2024
U008889,Sara Sampson,christensenrenee@example.com,Female,South Lauren,05-01-2024
U008890,Ryan Payne,erikarodriguez@example.com,Male,Sullivanview,03-03-2024
U008891,Jeremy Logan,kellyhuang@example.com,Male,Lake Anthony,04-06-2025
U008892,Andrea Collins,bensonmichael@example.org,Female,Jeffreyberg,24-12-2024
U008893,Annette Nelson,perezmelissa@example.org,Female,West Harold,14-06-2025
U008894,Michelle Hayes,barbarasmith@example.com,Male,Lopezburgh,09-02-2025
U008895,Gary Roberts,ian33@example.net,Female,Lake Christopherburgh,04-11-2025
U008896,Timothy Ramirez,tapiaryan@example.net,Female,Dillonfort,05-11-2024
U008897,Katherine Lowery,michael20@example.com,Male,Tatehaven,04-02-2024
U008898,Amanda Ramirez,larry27@example.net,Male,North Michael,18-10-2025
U008899,Patricia Cortez,huntercharles@example.net,Other,East Paula,16-03-2024
U008900,Ashley Ellis,bgriffin@example.net,Other,Stricklandshire,21-03-2024
U008901,Steven Mckay,cassandra27@example.net,Other,Huffmanhaven,10-01-2025
U008902,Jon Wall,jgonzalez@example.net,Female,Jacquelineborough,11-01-2025
U008903,Brian Hawkins,wilsonamanda@example.net,Other,South William,09-04-2024
U008904,Amy Osborne,ortizchelsea@example.com,Other,Port Kathryn,19-10-2025
U008905,Isabella Baker,john48@example.org,Female,South Bradley,20-03-2024
U008906,Kristin Mack,brianguerra@example.com,Female,North Cheryl,20-10-2024
U008907,Shannon Koch,rachel81@example.com,Female,Mcdowellmouth,15-08-2025
U008908,Brandon Alvarez,pagechad@example.com,Other,Port Jenniferchester,10-04-2025
U008909,David Davis,jballard@example.net,Other,Jamiemouth,28-08-2024
U008910,Christine Keith,leepatrick@example.org,Male,South Melindahaven,01-03-2025
U008911,Trevor Simpson,karen03@example.org,Other,West Jennifermouth,15-10-2024
U008912,John Mayer,elizabeth67@example.org,Other,Willisfurt,04-09-2025
U008913,Jill Mullins,vanessa74@example.com,Female,West Christina,18-01-2025
U008914,David Gutierrez,allison40@example.org,Female,Douglasberg,11-10-2024
U008915,George Roberts,rpierce@example.org,Other,Rodrigueztown,19-02-2024
U008916,Clayton Pratt,cheyennehernandez@example.com,Male,Lake Amyfurt,31-07-2025
U008917,Shane Walker,william90@example.com,Other,Christopherburgh,16-05-2024
U008918,David Miller,andrea30@example.net,Female,Newtonfort,02-03-2025
U008919,Nicole Rodriguez,ocrawford@example.com,Male,South Carolynland,11-02-2024
U008920,David Boyd,amanda31@example.com,Male,Erinside,08-07-2024
U008921,Gloria Fleming,adamsandrew@example.net,Other,Lake Travisview,05-05-2024
U008922,William Rhodes,walshmichael@example.com,Other,West Katie,03-10-2025
U008923,Michael Webb,charles39@example.com,Male,North Jasonbury,24-01-2025
U008924,Anthony Soto,tammycampbell@example.org,Female,Holtberg,28-03-2024
U008925,Sarah Turner,lynngarza@example.com,Male,Christopherport,13-03-2025
U008926,Ryan Howell,leonardthomas@example.net,Female,Adamview,21-01-2025
U008927,Cheryl Kim,michaeljennings@example.net,Other,Parkschester,25-10-2024
U008928,Jessica Perry,wwise@example.net,Male,North Andrewburgh,06-07-2025
U008929,Jonathan Fox,daniel67@example.org,Female,North Johnfort,15-06-2025
U008930,Sara Richardson,richard38@example.net,Female,Jacobburgh,16-11-2024
U008931,Shawn Morales,karen80@example.com,Male,New Katherineton,13-03-2024
U008932,Matthew Reeves,moonjoshua@example.org,Female,Elizabethfurt,06-10-2024
U008933,Natasha Ward,boltoncrystal@example.com,Male,Hernandezshire,16-09-2024
U008934,Stacy Ramos,hhardy@example.org,Other,Lamberthaven,21-05-2025
U008935,Charles Vaughn,stephensonkayla@example.org,Other,East Linda,21-08-2024
U008936,Ronnie Lewis,richardsonsean@example.org,Male,Campbellmouth,19-07-2025
U008937,Sandra Thompson,kscott@example.net,Other,Barberside,20-02-2025
U008938,David Powell,juliecooper@example.net,Other,Jacquelineburgh,03-09-2024
U008939,John Meyer,marissamcclure@example.net,Male,Lindsaystad,15-09-2025
U008940,James Davis,thomaspreston@example.org,Female,New Tammyhaven,18-09-2024
U008941,Patricia Jones,dawn48@example.com,Male,Williamport,10-10-2024
U008942,Bridget Waller,rojasfernando@example.org,Male,West Brianshire,09-08-2025
U008943,Richard Hill,anna18@example.org,Male,Morrisport,12-10-2024
U008944,Jay Williams,hmcmahon@example.com,Other,South Kevinville,15-04-2025
U008945,Steven Willis,dyang@example.org,Female,Port Ryan,03-06-2025
U008946,Jennifer Stevens,nelsonalexis@example.org,Other,Lynchview,25-09-2024
U008947,Kelli Scott,gjones@example.com,Other,West Laura,15-03-2025
U008948,Kristin Daniel,scottrobert@example.org,Male,Samanthaland,10-04-2025
U008949,Marilyn Jackson,friedmanchristopher@example.org,Other,East Bethshire,30-07-2025
U008950,Michael Parker,roblesgregory@example.com,Female,North Elizabeth,11-03-2025
U008951,Jamie Williams,nathan60@example.org,Male,Popeland,21-08-2025
U008952,Richard Johnson,efuller@example.com,Female,Kingmouth,31-07-2024
U008953,Melanie King,ogutierrez@example.net,Female,Lake Kimberlyshire,07-03-2024
U008954,Peter Herrera,johnsoncarl@example.org,Other,North James,28-07-2025
U008955,Alexis Howard,richardsdiamond@example.net,Other,North Ellenport,14-06-2025
U008956,Logan Moyer,kjackson@example.net,Other,Brittanyville,07-06-2025
U008957,Mark Morrison,teresa76@example.net,Male,New Josephmouth,24-01-2025
U008958,Victoria Garcia,mary03@example.com,Other,Townsendshire,21-12-2024
U008959,Henry Moore,allenbarbara@example.net,Female,New Karen,10-02-2024
U008960,Jacob Baird,fanderson@example.com,Female,Chadville,26-06-2024
U008961,Austin Larsen,yatesjessica@example.net,Male,North Crystal,20-05-2025
U008962,Michael Gray,bpowell@example.org,Other,South Katietown,18-09-2024
U008963,John Joseph,johnsonraymond@example.org,Female,Terryfort,16-07-2024
U008964,Gregory Miller,rmiller@example.org,Female,Scotthaven,06-03-2025
U008965,Kevin Scott,houstonlauren@example.com,Female,Davidport,17-12-2024
U008966,Christina Simmons,sarah91@example.com,Female,Lake Charlesland,30-07-2025
U008967,Megan Higgins,vneal@example.net,Male,Matthewville,16-06-2024
U008968,Hector Frederick,schroederlinda@example.org,Female,Schaeferville,29-06-2024
U008969,Melissa Bentley,earlmcdonald@example.com,Female,Rebeccachester,26-07-2025
U008970,John Wallace,jessica40@example.org,Female,Jennafurt,10-12-2024
U008971,Jon Scott,khudson@example.com,Female,Rossview,16-10-2024
U008972,Brandon Andrews,gjones@example.net,Female,East David,05-03-2025
U008973,Morgan Wise,lisamartin@example.net,Other,Aliciaton,27-06-2024
U008974,Cody Rhodes,tperez@example.org,Male,New Matthewfurt,22-11-2024
U008975,Eric Stark,kevincarroll@example.net,Male,West Catherinemouth,16-12-2024
U008976,Edward Dorsey,ginalynch@example.com,Other,Sarahshire,17-03-2025
U008977,Amy Campbell,lbentley@example.net,Female,Jacksonfurt,14-09-2025
U008978,Daniel Vasquez,mortonlinda@example.com,Other,Port Andrea,12-01-2024
U008979,Heather Gonzalez,tinacarr@example.net,Female,Wilsonmouth,09-08-2024
U008980,Jason Stephens,sandra34@example.org,Female,Susanside,26-05-2025
U008981,Trevor Lyons,fowens@example.org,Female,Michaelton,21-07-2024
U008982,Margaret Sanchez,ejones@example.com,Male,Matthewside,30-01-2025
U008983,Karen Oliver,yolanda68@example.com,Other,Pricehaven,12-08-2025
U008984,Julia Sanchez,gomezamanda@example.net,Female,New Denisemouth,05-05-2025
U008985,Melinda Little,henryford@example.net,Other,Brandyport,03-02-2024
U008986,Kurt Howard,nancy40@example.org,Female,New Barbarafurt,04-12-2024
U008987,Denise Francis,scott90@example.com,Male,South Andrew,03-05-2025
U008988,Karen Nelson,joshuaramos@example.net,Other,North Karashire,08-06-2025
U008989,Brett Oneill,vmurphy@example.net,Other,West Gregoryland,07-09-2025
U008990,Margaret Hunt,dyerryan@example.com,Male,Crawfordtown,11-04-2025
U008991,Steven Harvey,robertreynolds@example.com,Male,Georgebury,23-12-2024
U008992,Amy Barber,fosterdavid@example.net,Male,Aprilhaven,31-08-2025
U008993,Yolanda Hill,ysantos@example.net,Female,Port Melissaton,04-06-2025
U008994,Brian Mullins,pwhitaker@example.com,Female,Port Justinburgh,02-01-2025
U008995,Brooke Williams,samuelmyers@example.com,Other,Jeffreyberg,18-11-2024
U008996,Stephen Sparks,michael49@example.org,Female,Carneyberg,08-11-2025
U008997,Stephen West,allenrodney@example.org,Male,Hutchinsonstad,28-11-2024
U008998,Tyler Morrow,dawnmolina@example.com,Other,Lake Toddmouth,29-10-2025
U008999,Andrea Barr,qking@example.com,Female,East David,28-02-2024
U009000,David Ramirez,gdudley@example.net,Male,Lake Hannahshire,18-12-2024
U009001,Tammy Bell,opaul@example.org,Male,Fuentesfort,13-05-2025
U009002,Tamara Garner,jlawrence@example.com,Female,Lewisport,12-01-2024
U009003,Meagan Cook,ylloyd@example.org,Other,East Rachel,19-12-2024
U009004,Karen Rivera,anamcmillan@example.com,Female,West Shellyfort,11-05-2024
U009005,Brian Cain,jonathanknox@example.org,Female,East Christopher,21-10-2024
U009006,Nicole Brown,smithanna@example.com,Male,East Kyleport,21-04-2024
U009007,Sarah Stafford,mmckee@example.net,Other,Port Kelly,22-12-2024
U009008,Mark Walker,uarnold@example.net,Female,Wadeborough,09-05-2024
U009009,Autumn Bailey,eric68@example.com,Other,Moodyfurt,06-01-2025
U009010,Joseph Ross,donaldsonnatasha@example.org,Other,East Taylorton,08-09-2024
U009011,Anthony Simon,omay@example.net,Male,West Carol,18-05-2025
U009012,Andrea Adams,stephanieperez@example.org,Male,South Doris,03-09-2025
U009013,Joseph Arnold,george85@example.org,Male,Burtonstad,15-08-2025
U009014,Raymond Rivera,robert18@example.org,Female,Murphyview,20-10-2024
U009015,Maria Hamilton,dhunt@example.com,Female,West Mark,14-07-2025
U009016,Nichole Davis,bennettkeith@example.com,Other,Port Debra,06-06-2025
U009017,Paul Bell,jillarellano@example.net,Female,Kimburgh,15-09-2024
U009018,Kristina Rivera,gjordan@example.net,Male,South Robert,18-10-2024
U009019,Lee Flores,ksmith@example.org,Female,Gordonfort,12-06-2024
U009020,Connie Evans,jamesclark@example.net,Other,West Samuel,06-10-2024
U009021,Jenna Harrison,carrollmargaret@example.net,Female,Port Monica,29-11-2024
U009022,Julie Smith,kent09@example.com,Female,East Denise,04-01-2024
U009023,Calvin Miller,amy26@example.com,Other,Christopherside,21-07-2025
U009024,Dawn Alexander,monicaromero@example.org,Other,Thomasport,27-09-2025
U009025,Reginald Franklin,franklinjames@example.net,Female,Laurenburgh,02-07-2025
U009026,Shawn Brown,frivera@example.com,Male,Hernandezbury,04-03-2025
U009027,Jean Jackson,nwong@example.org,Male,East Cliffordside,25-05-2024
U009028,Patrick Dawson,samantha27@example.net,Male,New Tonya,17-06-2024
U009029,Patricia Kelly,hross@example.com,Male,New Melissaton,15-10-2024
U009030,John Turner,michaelnichols@example.org,Female,South Natalieville,01-03-2024
U009031,David Ramsey,kevin09@example.com,Female,Edwardshaven,27-07-2024
U009032,Jennifer Thomas,gbennett@example.org,Other,Christinaview,16-08-2024
U009033,William Morris,dylan98@example.net,Other,Beasleyshire,09-06-2024
U009034,Jonathan Byrd,eric81@example.org,Female,Lake Jacob,30-11-2024
U009035,Brandy Robbins,williamchavez@example.com,Male,Harrisbury,11-10-2024
U009036,Alexander Bailey,pscott@example.net,Other,Nicoletown,03-08-2024
U009037,Debra Hinton,grice@example.com,Other,North Stacy,07-11-2025
U009038,Steven Garcia,petercarter@example.net,Female,East Emily,21-08-2025
U009039,John Russo,paul02@example.net,Female,Graytown,10-04-2025
U009040,Taylor Baker,gonzalezjared@example.net,Male,Port Julie,13-03-2025
U009041,Patricia Johnson,levipotts@example.com,Female,Jenniferfurt,23-10-2024
U009042,Jacob Howell,jelliott@example.org,Other,New Christinatown,03-11-2024
U009043,Douglas Robinson,millerpatricia@example.org,Other,New Feliciaburgh,25-05-2024
U009044,Julie Bennett,jjackson@example.org,Male,New Danielburgh,16-02-2025
U009045,Robert Gomez,jeffrey83@example.com,Male,Lake Paula,01-05-2024
U009046,Katherine Mccarthy,upowers@example.org,Male,Nataliefurt,22-11-2024
U009047,Cindy Singleton,christinaarnold@example.com,Female,North Wendy,30-12-2024
U009048,Jonathan Gibson,catherine38@example.com,Female,New Jamie,14-06-2025
U009049,Kelli Orozco,joanne47@example.net,Male,New Autumn,07-04-2025
U009050,Elizabeth King,davidroman@example.net,Other,Karenhaven,13-09-2024
U009051,David Washington,fuenteskelly@example.net,Other,Port Waynetown,24-08-2024
U009052,Benjamin Fox,patelmelissa@example.com,Female,South Deborahberg,16-04-2024
U009053,Angela Ferguson,carlbrown@example.org,Other,Powersstad,23-01-2025
U009054,Wendy Burns,mcastillo@example.net,Female,Garciaton,13-04-2025
U009055,Ralph Lawrence,john22@example.org,Other,East Rebekah,09-02-2025
U009056,Justin Daniels,wrightlisa@example.net,Female,Zimmermanchester,03-10-2025
U009057,Cory Davis,bryan36@example.com,Female,Damonbury,21-05-2025
U009058,Thomas Cannon,jeremyscott@example.org,Other,Jessicabury,16-01-2024
U009059,Alejandra Mitchell,pricephyllis@example.org,Other,South William,28-03-2025
U009060,Gina Phillips,todd77@example.net,Female,East Nicole,05-02-2025
U009061,William Anderson,damon89@example.com,Other,Rileyside,07-06-2025
U009062,Joseph Martinez,avaldez@example.com,Male,South Ann,30-08-2025
U009063,Carlos Miller,emilyenglish@example.com,Female,Lake Julie,10-04-2024
U009064,Robert Jimenez,chadmartinez@example.com,Other,New Felicia,24-02-2024
U009065,Fred Scott,mcruz@example.com,Other,Loribury,11-03-2025
U009066,Laura Rogers,mwalsh@example.org,Other,Matthewfort,09-01-2024
U009067,Danny Lewis,gcunningham@example.com,Male,West Charlotteland,02-11-2024
U009068,Brian Moses,kenneth62@example.com,Female,Carlosfort,29-06-2025
U009069,Robert Sullivan,kevinhamilton@example.com,Male,Port Michaelmouth,23-08-2025
U009070,Aaron Orozco,angela63@example.org,Other,East Joshuabury,02-08-2024
U009071,Ann Lopez,banksrussell@example.com,Male,Thomasmouth,27-07-2025
U009072,Larry Lindsey,lewisrichard@example.com,Male,Lake Richardshire,21-01-2024
U009073,Eric Shelton,johnjones@example.org,Female,South Isaiahfurt,03-11-2024
U009074,Margaret Hernandez,elopez@example.com,Female,Port Erinchester,10-06-2025
U009075,Tracy Miller,jason43@example.com,Other,Larsonport,27-06-2024
U009076,Alexis Calhoun,wilkersonchristopher@example.net,Male,Boydland,04-05-2025
U009077,Stephen Johnson,llong@example.net,Female,East Sean,26-07-2025
U009078,Tamara Bailey,kimberly35@example.com,Male,Heatherburgh,01-04-2024
U009079,Aimee Ross,zacharygarcia@example.net,Male,Lake Patrick,15-07-2024
U009080,Wendy Cowan,zingram@example.net,Female,Blankenshipstad,28-12-2024
U009081,Jessica Jones,robertshaw@example.com,Female,New Nicoleland,24-09-2025
U009082,Thomas Fields,lauriegreen@example.net,Female,South Juliaside,16-05-2025
U009083,Joe Torres,gary62@example.net,Other,Jenniferport,18-04-2025
U009084,Ann Nguyen,richard76@example.org,Female,New Patriciahaven,22-02-2024
U009085,Joe Patterson,jacobsnicholas@example.net,Male,Markstad,12-07-2025
U009086,Paul Ingram,lukenguyen@example.org,Female,Jonesshire,08-11-2025
U009087,Jacob Palmer,vaughnsarah@example.net,Female,Andersonton,09-01-2025
U009088,Amy Lee,kkent@example.com,Other,Davidfurt,20-10-2024
U009089,Dawn Mendoza,jasoncarter@example.net,Other,North Aaronview,05-06-2024
U009090,Karen Rivers,stephanie92@example.com,Male,New Karinamouth,03-12-2024
U009091,Linda Williams,berrymark@example.org,Other,South Jaime,28-07-2025
U009092,Matthew Chen,coxhunter@example.com,Male,Melissaville,20-03-2024
U009093,Denise Crawford,fsnyder@example.com,Other,Jenniferhaven,02-08-2025
U009094,Joshua Saunders,deleonandrew@example.org,Male,Hensleyville,10-02-2024
U009095,Ana Clark,alison36@example.org,Male,Tranborough,20-04-2025
U009096,Joseph Meyer,turnerashley@example.com,Other,South Nicholas,29-02-2024
U009097,Joshua Mcdonald,pamelaconner@example.net,Male,West Paulahaven,23-09-2024
U009098,Jonathan Watson,hernandezjeffrey@example.com,Other,Brandonstad,11-04-2025
U009099,Jacqueline Ward,megan62@example.org,Female,Thomashaven,09-09-2025
U009100,Rebekah Williamson,marshalljerry@example.com,Female,Ortizport,16-12-2024
U009101,Philip Harrington,popebrenda@example.com,Other,Brookebury,17-06-2024
U009102,Paul Hayes,dday@example.org,Female,Isaacfort,04-07-2024
U009103,Tracey Pearson,prattronnie@example.com,Female,Thomasmouth,14-05-2024
U009104,Crystal Nguyen,rwatkins@example.com,Other,East Ryanbury,01-03-2024
U009105,Brian Harmon,davidking@example.org,Other,Scotttown,15-10-2024
U009106,William Lambert,lthomas@example.net,Other,Lake Sarahbury,05-01-2024
U009107,Alexander Rice,moorewilliam@example.com,Female,North Patrick,16-01-2024
U009108,Phillip Rosales,heatherdiaz@example.com,Male,Jacquelineton,13-08-2025
U009109,Derek Green,fkramer@example.org,Other,South Kelly,17-03-2025
U009110,Andrew Montes,nmorris@example.net,Other,New Hollymouth,03-01-2024
U009111,Lucas Valdez,carterpatrick@example.net,Female,Robinsonton,16-10-2025
U009112,Hannah Bailey,patricia26@example.org,Male,Brookeview,12-11-2025
U009113,Joshua Key,ebailey@example.com,Male,Jonestown,17-05-2024
U009114,Melissa Pearson,vargaspaul@example.com,Male,North Laura,03-06-2024
U009115,Douglas Thomas,mmedina@example.org,Other,Hartberg,11-01-2025
U009116,Christina Robbins,kelly38@example.org,Female,New Jessica,17-10-2025
U009117,Jacob Adams,wuisaiah@example.com,Female,Lake Geneton,20-04-2025
U009118,Patricia Parker,danielle85@example.net,Female,Williamton,22-05-2024
U009119,Chad Martinez,kenneth39@example.net,Female,Timothyfort,18-07-2025
U009120,Allison Haynes,xsoto@example.org,Female,East Heatherside,23-03-2025
U009121,Nathaniel Jackson,patrickwhite@example.com,Male,North Crystalton,19-03-2025
U009122,Christopher Bryant,suzanne87@example.org,Male,Claytonhaven,04-06-2024
U009123,Robin Quinn,ystanton@example.org,Male,Porterhaven,06-04-2025
U009124,Matthew Richmond,ohall@example.net,Male,West Donnabury,19-01-2024
U009125,Tammy Cooke,sharris@example.net,Other,West Sandra,04-08-2024
U009126,Matthew Diaz,jonathanbailey@example.com,Male,Harpermouth,25-02-2024
U009127,Jasmine Robinson,gainesmackenzie@example.org,Male,South Shelby,05-01-2025
U009128,Stephanie Holmes,rachaelstout@example.net,Other,Port Josephborough,16-09-2024
U009129,Cassandra Reed,hguzman@example.net,Other,West Jaimeborough,06-05-2024
U009130,Laura Hoffman,deborah22@example.org,Other,Cynthiaborough,18-11-2024
U009131,Deborah Nelson,christopher04@example.net,Other,Hunterfurt,24-06-2025
U009132,Caleb Baker,jennifer72@example.net,Other,Walkerside,22-08-2024
U009133,Julie Byrd,pcole@example.net,Other,Martinezberg,26-03-2024
U009134,Courtney Lewis,mwhite@example.org,Other,West Anthonystad,06-07-2025
U009135,Tyler Palmer,bryantstephanie@example.com,Other,Lake Elizabethfurt,20-01-2024
U009136,Sherri Anderson,jriley@example.net,Male,Johnshire,23-02-2024
U009137,Cheryl Cohen,franktimothy@example.net,Female,Port William,23-10-2024
U009138,Cassandra Graves,hensleyjessica@example.net,Female,Berryshire,09-10-2024
U009139,Cindy Lee,nelsonandrea@example.org,Male,Jeremyfort,02-12-2024
U009140,Brent Snyder,lisa03@example.net,Male,Dunlapburgh,16-04-2025
U009141,Gerald Pena,kevin80@example.org,Male,Andersonshire,17-06-2024
U009142,Robert Horton,hayala@example.net,Male,West Ryanmouth,06-04-2024
U009143,Jonathan Benjamin,ronaldbrown@example.org,Female,South Ericview,23-10-2024
U009144,Barry Scott,hardinjill@example.net,Female,West Jamesberg,18-05-2025
U009145,Samuel Jimenez,leonardshelley@example.org,Female,New Paulshire,21-10-2024
U009146,Kelly Dickerson,jhernandez@example.com,Other,West Angelicaton,28-08-2024
U009147,Scott Koch,philip18@example.net,Female,Rodgersview,26-09-2025
U009148,Timothy Green,hodgesdavid@example.com,Male,Jamestown,04-02-2024
U009149,Michael Weber,slee@example.org,Female,Karatown,25-10-2025
U009150,Brandon Wilson,karenperkins@example.org,Other,Melissahaven,18-03-2025
U009151,Kristine Miller,quinnryan@example.org,Other,Crystalborough,15-10-2024
U009152,Holly Williams,adam42@example.org,Female,Tiffanyberg,27-01-2025
U009153,Tamara Hughes,ronaldrogers@example.org,Male,South Martin,07-02-2024
U009154,Ryan King,aaronwest@example.com,Other,Port Marc,18-07-2024
U009155,Kenneth Benson,jennaanderson@example.com,Female,West Emilyhaven,23-04-2024
U009156,Stephanie Todd,vthomas@example.com,Male,North Tonyside,12-01-2025
U009157,Lisa Smith,blackwellpamela@example.net,Other,Christiantown,29-12-2024
U009158,Mitchell Dominguez,duncanlisa@example.org,Male,Port Jasminemouth,02-06-2025
U009159,Daniel Soto,devinthomas@example.net,Male,Stevenmouth,11-01-2024
U009160,Gary Hawkins,dudleyjasmine@example.org,Male,Robertstad,31-07-2025
U009161,David Pittman,uthomas@example.net,Other,Lake Karenbury,27-09-2025
U009162,Sara Ortiz,schroedersharon@example.org,Male,New Dianamouth,25-05-2025
U009163,Samantha Gates,peggy21@example.org,Other,North Michele,16-04-2024
U009164,Evelyn Rodriguez,donna04@example.com,Male,Shawview,09-09-2024
U009165,Todd Zamora,marilyn26@example.net,Female,West Gregoryburgh,13-09-2025
U009166,Bonnie Bryant,cruzbrittany@example.com,Male,Langmouth,17-03-2025
U009167,Matthew Holmes,milleramanda@example.org,Male,East Joseph,15-05-2025
U009168,John Lopez,vcarter@example.org,Male,New Sierramouth,01-01-2025
U009169,Cynthia Owens,jweeks@example.net,Male,South Carolynfurt,23-02-2025
U009170,Sheila Rodriguez,harrisjessica@example.com,Female,Thomasburgh,07-10-2024
U009171,Raven Smith,ibaker@example.net,Other,Lake Crystalshire,28-02-2024
U009172,Taylor Smith,haleroberta@example.net,Male,East Haleyton,12-09-2024
U009173,Stuart Miller,daniel59@example.org,Male,South Peggy,26-05-2025
U009174,Jared Perez,ncherry@example.net,Male,Baileychester,08-09-2024
U009175,Holly Hunter,igonzalez@example.com,Female,Lewisview,08-01-2025
U009176,Michele Lee,schroedergeorge@example.com,Female,South Victoria,26-01-2024
U009177,Marisa Mcmahon,zgonzalez@example.org,Male,North Robertside,15-08-2024
U009178,Chad Burns,alexismcintyre@example.org,Male,Port Wanda,07-01-2025
U009179,Jeffrey Miller,wigginscheryl@example.com,Male,Thomasstad,18-12-2024
U009180,Karen Michael,tracy13@example.net,Male,Port Stephenberg,24-10-2024
U009181,Robert Smith,joshuapatterson@example.org,Other,Garrettville,19-09-2025
U009182,Joshua Lyons,darinharris@example.com,Other,East Staceyhaven,22-09-2024
U009183,Alison Rodriguez,nunezlaura@example.com,Other,South Blake,02-09-2025
U009184,Sarah Garcia,peterjohnson@example.com,Male,West Jessicaview,18-10-2024
U009185,Ryan Miller,julia82@example.org,Female,East Nancyside,01-08-2024
U009186,Frederick Mcmahon,jeromesmith@example.com,Male,South Melissa,18-06-2025
U009187,Victor Owens,jphillips@example.org,Female,West Margaretstad,25-05-2024
U009188,Heather Anderson,kylethomas@example.org,Male,Katherineview,18-03-2025
U009189,Carlos Barrett,lestervictoria@example.org,Male,Brandonbury,26-09-2024
U009190,Ronald Dawson,jeffreylowe@example.com,Female,Port Anthonyborough,20-09-2024
U009191,Ray Chavez,paula90@example.com,Other,North Travis,14-05-2024
U009192,Tammy Crane,rcole@example.net,Male,Christopherborough,25-08-2025
U009193,Bryan Carney,helen55@example.net,Male,Underwoodmouth,02-05-2025
U009194,Renee Hill,blackburnjulia@example.org,Male,Millerfort,27-08-2024
U009195,Christopher Russell,briannapatterson@example.com,Other,Josephborough,23-04-2024
U009196,Brian Patterson,anita71@example.org,Male,South Jody,09-02-2024
U009197,Jamie Goodman,rcarey@example.com,Other,North Thomasview,03-07-2024
U009198,Juan Martinez,omarjenkins@example.org,Male,Stewartville,17-07-2024
U009199,Stephanie Colon,jonesdouglas@example.net,Male,Lake Scott,09-03-2024
U009200,Jessica Cisneros,thomasholly@example.org,Other,Richardton,12-04-2024
U009201,Jennifer Perkins,brian54@example.org,Female,North Paul,22-07-2024
U009202,Jennifer Patton,brandonbrown@example.org,Male,Lake James,25-12-2024
U009203,Christopher Perez,greenekathryn@example.com,Male,Cruzville,02-04-2024
U009204,Richard Sanchez,noblephillip@example.com,Male,Lake Saraland,04-04-2024
U009205,David Porter,rebeccakline@example.org,Other,Michaelfurt,23-10-2025
U009206,Juan Hayes,austin61@example.net,Female,Adrianaville,15-11-2024
U009207,Nicholas Mclaughlin,kevincole@example.com,Other,Burtonborough,13-01-2025
U009208,Rachel Kelley,dkane@example.com,Female,Tinashire,09-08-2025
U009209,Samantha Mendoza,qpeters@example.org,Female,Bellshire,12-06-2025
U009210,David Munoz,pharper@example.org,Male,West Andrew,23-03-2024
U009211,Connie Wagner,robertschmidt@example.net,Other,Lynchmouth,04-05-2024
U009212,David Smith,callen@example.com,Other,Lake Kelly,11-06-2024
U009213,Lisa Koch,gfritz@example.org,Other,Shawview,18-06-2025
U009214,David Andrews,gallegossteven@example.com,Male,Jesseside,08-02-2024
U009215,James Mitchell,smartin@example.net,Other,Ramirezberg,02-11-2024
U009216,Kayla Martin,corycross@example.net,Other,North Melissa,02-01-2025
U009217,Aaron Little,martinchristina@example.net,Male,Stuartborough,13-09-2025
U009218,Andrew Lawson,ryanmitchell@example.org,Male,Erikton,13-08-2024
U009219,Cynthia Smith,vbraun@example.org,Other,South Mary,26-05-2024
U009220,Barbara Young,samantha24@example.net,Male,East Brianside,30-09-2024
U009221,Joseph Miller,monique62@example.org,Other,North Amyton,18-02-2025
U009222,Austin Oconnor,lunasarah@example.com,Male,Taylorport,06-08-2025
U009223,Kristi Johnson,matthewsjulie@example.org,Other,Lake Stephentown,21-03-2024
U009224,Tracy Castro,ericyoung@example.com,Male,Kennethfort,01-01-2025
U009225,William Marshall,rknapp@example.com,Female,Smithview,08-10-2024
U009226,Kenneth Simpson,mendozarobert@example.com,Male,Davidfurt,05-11-2025
U009227,Gabriel Fritz,karen22@example.org,Other,Lake Johnside,24-03-2024
U009228,Tina Hayes,derrick18@example.com,Male,Hinesberg,03-12-2024
U009229,Beth Ayers,kevindiaz@example.net,Other,Lake Robinton,04-04-2024
U009230,Rachel Duffy,jimmy02@example.net,Male,South Pamela,21-05-2025
U009231,Erica Garcia,opatel@example.com,Male,West Jacobview,05-12-2024
U009232,Casey George,jonathan39@example.com,Other,New Alan,14-07-2024
U009233,Judith Hansen,weissjill@example.net,Other,Michaelland,13-03-2024
U009234,Katie Gibson,qgreene@example.net,Female,Andreaville,20-03-2024
U009235,Kristen Mcknight,beverlycastaneda@example.org,Female,Lake Tanyafurt,19-04-2025
U009236,Joseph Gentry,sara93@example.net,Other,Brianshire,29-01-2024
U009237,Alexandra Ramirez,adominguez@example.com,Other,Jasonmouth,02-01-2025
U009238,Louis Chapman,laura33@example.org,Male,Jaredview,06-03-2024
U009239,Kellie Wagner,maria14@example.net,Female,Rodgersview,18-02-2024
U009240,Douglas Fritz,dawn30@example.net,Other,Lake Douglas,19-01-2024
U009241,April Jackson,oparker@example.net,Male,Jamesstad,18-05-2025
U009242,Peter Hurley,allendavid@example.net,Male,Christopherside,16-01-2025
U009243,Jenny Wilson,dmercer@example.net,Female,Davenportshire,07-08-2025
U009244,Stacey Jones,lparsons@example.org,Female,Deborahmouth,21-12-2024
U009245,Victoria Wagner,uwilson@example.net,Female,Robertland,26-03-2024
U009246,Debbie Shelton,sarah62@example.net,Male,Lake Crystalchester,10-11-2024
U009247,Curtis English,lisa34@example.net,Other,Frankstad,24-09-2025
U009248,Joseph Blair,fernandezjustin@example.net,Male,Lake Shelbyport,24-12-2024
U009249,Tony Peters,jason05@example.net,Female,South Danielleborough,03-05-2025
U009250,Mark White,tammy92@example.net,Male,Donnamouth,10-08-2024
U009251,Dana Conrad,angelicasullivan@example.org,Female,West Devin,09-01-2025
U009252,Desiree Wood,madisonmcfarland@example.com,Male,Wellsland,24-04-2024
U009253,Jennifer Cisneros,aaronrosario@example.com,Female,North Lisa,27-09-2024
U009254,Grace Oconnor,george69@example.com,Male,Lake Nataliechester,17-10-2024
U009255,Tammy Smith,brian83@example.net,Other,South Erika,28-01-2024
U009256,Paul Hines,gbarry@example.net,Male,Heatherside,09-04-2025
U009257,Megan Gonzalez,crusso@example.org,Female,Cristinaside,11-10-2025
U009258,Jared Porter,srosario@example.org,Female,Collinsview,04-07-2024
U009259,Sarah Woodward,ashleytaylor@example.org,Other,Port Lisa,05-12-2024
U009260,Terri Nichols,bbooker@example.com,Female,East Mary,24-08-2024
U009261,Amber Erickson,uholmes@example.net,Other,North Lisahaven,25-01-2024
U009262,Stephanie Mckenzie,ryan33@example.net,Other,Tarastad,25-08-2025
U009263,Erin Williams,jacqueline47@example.net,Male,Harperside,05-02-2025
U009264,Allen Smith,jackson56@example.com,Male,South Debra,20-02-2025
U009265,Kristin Morgan,rwilson@example.com,Female,Jonesmouth,19-04-2024
U009266,Aaron Braun,davisjohn@example.org,Female,West Michael,20-07-2024
U009267,April Powell,kshields@example.com,Male,East Autumn,11-08-2025
U009268,Leslie Cline,gabrieldavis@example.org,Female,Lake Lee,27-09-2024
U009269,Jeffrey Alvarez,padillachristina@example.org,Female,East Bruceburgh,26-03-2024
U009270,Gabriel Brennan,colinlong@example.net,Female,West Christopher,09-07-2024
U009271,Sherry Davis,spencedevin@example.com,Other,Lake Walter,09-12-2024
U009272,Martha Brock,charlesstevenson@example.org,Other,Buchananland,04-05-2025
U009273,Catherine Rodriguez,hernandezamanda@example.net,Female,New Dwayneborough,01-11-2024
U009274,Gary Mccormick,revans@example.net,Other,West Michael,25-05-2024
U009275,Debra Jordan,david04@example.net,Female,Jenkinsbury,27-04-2025
U009276,Tamara Cobb,suzannestewart@example.com,Male,Robinshire,06-01-2024
U009277,David Zamora,scott01@example.org,Other,Juarezshire,21-12-2024
U009278,Kimberly Baker,rossvirginia@example.net,Female,Juliestad,24-11-2024
U009279,Darius Smith,owilliams@example.net,Female,West Sherriside,07-07-2025
U009280,Kimberly Pugh,ferrellfernando@example.com,Female,New Thomas,04-09-2025
U009281,Timothy Dominguez,pamelajackson@example.com,Male,East Gabriel,19-02-2024
U009282,Austin Hurley,dsloan@example.net,Male,Lake Ianside,19-04-2025
U009283,Dennis Garcia,josephwilcox@example.com,Female,Sherrybury,29-05-2025
U009284,Robert Fuentes,jameswillis@example.org,Other,Brownfurt,15-06-2025
U009285,Christina Lopez,qschultz@example.org,Female,South Ashley,17-10-2024
U009286,Jessica Moore,wellslaurie@example.org,Male,South Timothy,12-09-2025
U009287,William Moreno,campbellgwendolyn@example.com,Male,Lake Bethany,03-11-2025
U009288,Carolyn Brown,aimeephillips@example.org,Other,Kathrynchester,28-06-2024
U009289,Ryan Hudson,amber36@example.net,Female,Richardston,21-08-2025
U009290,Jennifer Joyce,meadowsthomas@example.com,Other,Aguirreland,07-01-2025
U009291,Amber Coleman,wellschristopher@example.org,Male,Youngstad,08-03-2025
U009292,Aaron Scott,kkelly@example.org,Female,Holmesside,02-06-2024
U009293,Stephanie Hall,william71@example.net,Female,Petersberg,16-01-2024
U009294,Jeremy Gomez,yhamilton@example.org,Other,Belindabury,13-02-2024
U009295,James Wood,droberson@example.net,Other,Port Troymouth,14-07-2024
U009296,Jeffery Clark,ecampbell@example.net,Other,Karenmouth,10-04-2025
U009297,Jeffrey Silva,crystalbutler@example.net,Male,New Aaron,05-09-2024
U009298,Nathaniel Young,shill@example.net,Male,New Michelle,12-02-2024
U009299,Jessica Taylor,tryan@example.com,Male,Loganport,14-04-2024
U009300,Sara Ingram,ybrewer@example.org,Female,Williamton,11-10-2025
U009301,Bernard Ross,nicoleerickson@example.net,Female,New David,07-09-2025
U009302,Dennis Rivera,evansraymond@example.net,Other,Madisonhaven,29-02-2024
U009303,Samantha Carter,montgomerynicole@example.org,Other,Troyview,22-10-2025
U009304,Michele Freeman,hknight@example.org,Male,Dixonchester,10-09-2025
U009305,Marcus Dillon,charlesphillips@example.net,Other,Lake Danielleville,16-04-2024
U009306,Gregory Johnson,kelseyoliver@example.net,Male,Josephshire,03-07-2024
U009307,Denise Sanchez,jerometaylor@example.net,Male,Burnsmouth,14-05-2025
U009308,James Quinn,nrios@example.org,Female,Lake Samantha,07-02-2024
U009309,Jose Fry,stephanie84@example.com,Male,Mooreshire,22-08-2024
U009310,Christine Snyder,john14@example.com,Female,Jonestown,22-02-2024
U009311,Samuel Morris,jclark@example.net,Male,North Jeffreyport,16-02-2024
U009312,Jeremy Cruz,pam45@example.net,Other,Jonathanton,30-04-2025
U009313,Anthony West,xsawyer@example.org,Female,North Jesusshire,04-01-2024
U009314,Joseph Jennings,stricklandleonard@example.net,Male,South Kelly,16-02-2025
U009315,Cynthia Davis,jroth@example.com,Male,Lake Jefferymouth,04-02-2024
U009316,Debra Simmons,ckoch@example.com,Female,Reynoldsmouth,17-04-2025
U009317,Annette Short,brittneykane@example.com,Other,East Stephen,11-09-2025
U009318,Monique Weber,dawntodd@example.net,Female,New Adam,06-11-2025
U009319,Daniel Munoz,stephengutierrez@example.net,Female,Smithchester,21-04-2025
U009320,Barbara Long,rrivera@example.net,Other,North Marcia,07-06-2024
U009321,Justin Reyes,ghogan@example.com,Other,Lake Melissafort,02-12-2024
U009322,Rebecca Fritz,andrewrobertson@example.com,Other,Ingramberg,28-04-2024
U009323,Wayne Clark,allisonpotter@example.com,Female,Thompsonport,24-08-2025
U009324,Albert Adkins,charlesscott@example.com,Other,Brandtmouth,09-11-2025
U009325,John Trevino,cassandrapatel@example.org,Female,Amandaberg,10-03-2024
U009326,Henry Bradley,jeremy27@example.org,Female,West Rachelborough,02-03-2025
U009327,Michael Henry,mitchellnicole@example.org,Female,East Laurastad,03-09-2025
U009328,Juan Smith,troygilbert@example.org,Other,Alexanderville,20-04-2025
U009329,Grace Benson,baileylisa@example.net,Other,West Anthonyport,16-05-2025
U009330,Howard Brooks,robertramirez@example.org,Female,Burnsburgh,05-09-2024
U009331,Amy Merritt,kennethbrooks@example.org,Female,Robbinschester,06-10-2024
U009332,Audrey Curry,dcox@example.net,Other,South Theresa,13-06-2024
U009333,Donna Conway,joanna78@example.net,Female,East Whitneytown,27-06-2025
U009334,Kevin Martin,hduncan@example.org,Male,Michellechester,06-01-2024
U009335,Jessica Lewis,vincent77@example.com,Female,Leeville,28-09-2025
U009336,Charles Franklin,pclay@example.org,Male,Melissabury,28-08-2025
U009337,Scott Johnson,christopher10@example.com,Male,East Michellemouth,30-11-2024
U009338,Bryan Conrad,shane93@example.com,Female,Lake Sherryland,07-04-2024
U009339,Suzanne Shaw,christopher57@example.net,Female,Richardstad,23-04-2025
U009340,Antonio Allen,fwaller@example.org,Female,Lake Johnathan,14-10-2024
U009341,Anthony Flores,whitejasmine@example.org,Male,North Richard,21-04-2024
U009342,Barbara Fleming,griffinmisty@example.com,Other,West Deniseburgh,18-03-2024
U009343,Keith Johnson,wheelercaleb@example.org,Male,Lake Vanessa,22-08-2025
U009344,Jennifer Rasmussen,rlopez@example.com,Male,Patriciafort,08-12-2024
U009345,Jordan Shea,lparrish@example.net,Male,Reginaland,24-05-2025
U009346,Gabriel Mcintosh,lloydrebecca@example.net,Other,Aguilarmouth,04-05-2025
U009347,James Liu,awood@example.net,Male,North Tiffanyview,04-05-2025
U009348,Ralph Rivera,snash@example.org,Male,Churchtown,14-05-2024
U009349,Christina Meza,deansheila@example.com,Female,Sarahland,04-08-2024
U009350,Erin Newman,pfoster@example.org,Other,Lake Susantown,16-06-2024
U009351,Martin Lewis,curtismyers@example.com,Male,Edwardsville,22-04-2024
U009352,Jennifer Gallagher,zbaker@example.org,Male,Lopezmouth,20-05-2025
U009353,Tonya Johnson,katherinebrown@example.net,Female,Goodmanstad,02-05-2025
U009354,Carrie Powell,icarter@example.net,Other,Gonzaleztown,27-07-2024
U009355,Jared Brown,connie66@example.org,Other,Armstrongmouth,12-03-2024
U009356,Jamie Price,ortizashley@example.net,Female,North Kimberly,01-08-2025
U009357,Michael Christian,tsandoval@example.net,Male,Lake Melanieburgh,26-11-2024
U009358,David Mann,jeremymeyer@example.com,Female,Thompsonfort,28-08-2024
U009359,Brent Berry,carlos84@example.org,Other,Byrdstad,11-11-2025
U009360,James Coleman,tiffanyfernandez@example.com,Other,North Phillipmouth,26-11-2024
U009361,Ronnie Mejia,codygould@example.org,Male,Richardsonshire,17-03-2024
U009362,David Schneider,ronaldshea@example.com,Male,South Brandiburgh,10-04-2024
U009363,Sarah Chen,susandavis@example.net,Other,South Danafort,26-03-2025
U009364,Robert English,beckerchristopher@example.org,Other,East Tammyhaven,21-02-2025
U009365,David Moore,ojohnson@example.net,Female,Sosaville,11-11-2024
U009366,Martin Gonzalez,warren71@example.org,Female,Sharonton,06-05-2025
U009367,Kimberly Bradley,diana13@example.net,Male,Colleenstad,16-04-2025
U009368,Eric Huang,lauren65@example.org,Female,Port Joannview,25-08-2024
U009369,Connor Moore,jeremyramirez@example.org,Other,West Stevenview,09-07-2024
U009370,Sean Carson,sandrawong@example.com,Female,Bobbyside,23-03-2024
U009371,Kimberly Robertson,pruittmatthew@example.com,Female,West Anamouth,23-11-2024
U009372,Alex Jenkins,jenna62@example.com,Other,West Ralphhaven,22-02-2024
U009373,Jacob Long,cyoung@example.com,Female,Hortonhaven,03-02-2025
U009374,Anthony Bennett,christopherjenkins@example.org,Other,Ethanville,29-02-2024
U009375,Kathryn Coleman,williamssamantha@example.net,Female,Mullinsport,31-08-2025
U009376,Brenda Morrison,michelle31@example.org,Other,East Stephanieshire,09-11-2025
U009377,Richard Shaw,adam74@example.org,Other,New Renee,04-01-2024
U009378,Shannon Norman,ibarratimothy@example.net,Male,Medinaland,28-10-2024
U009379,Marie Lopez,qwhitaker@example.com,Male,North Antonio,21-02-2024
U009380,Rickey Trujillo,patrickcampbell@example.net,Female,Lake Nicolas,17-10-2024
U009381,Eddie Hartman,kpowers@example.com,Male,Wilkinsberg,16-07-2025
U009382,Logan Gordon,xfranklin@example.org,Female,East Brandonborough,28-07-2024
U009383,Erica Turner,ashleyharris@example.com,Female,Port Jasonshire,22-05-2024
U009384,Alex Morris,hodgesnicole@example.com,Female,Danielview,04-12-2024
U009385,Alexander Nelson,kelsey37@example.com,Female,Port Eileenton,03-05-2025
U009386,Thomas Melendez,jasonhughes@example.com,Female,Robertburgh,03-09-2025
U009387,Oscar Lopez,fosterandrew@example.org,Female,Annaborough,04-03-2024
U009388,Anthony Aguirre,buchananchad@example.com,Male,South Rachaelview,25-08-2024
U009389,Scott Hicks,bestjane@example.com,Male,Simonland,09-03-2024
U009390,Madison Briggs,wilsonjonathan@example.com,Male,Morrowborough,12-07-2024
U009391,Larry Young,guerrerochristian@example.com,Other,North Billmouth,21-02-2024
U009392,Allison Suarez,qmccarty@example.org,Other,New Ashley,10-12-2024
U009393,Matthew Garrett,lindsay12@example.net,Female,Lake Joseph,23-06-2025
U009394,Savannah Watts,sbrown@example.net,Other,West Richard,20-02-2025
U009395,Danielle Adams,heidi69@example.org,Male,Lake Kimberly,05-11-2024
U009396,Paul Morales,coxjill@example.org,Female,Garrettside,30-03-2025
U009397,Scott Wilson,lopezsteven@example.net,Female,South Darylville,05-11-2024
U009398,Amanda Grant,caitlinelliott@example.org,Male,Dixonmouth,20-09-2024
U009399,Mark Moore,colechristopher@example.org,Female,New Selenabury,16-10-2024
U009400,Greg Wilson,lukeknight@example.org,Other,Lake Jamieport,17-06-2024
U009401,Michael Leonard,kfox@example.org,Female,Shepherdchester,01-01-2025
U009402,Ashley Hayes,kathleen71@example.org,Female,Melissaton,19-11-2024
U009403,John Kennedy,munozchristopher@example.com,Male,Jamesfort,19-04-2025
U009404,Mark Barnes,angelalutz@example.com,Other,South Donnaburgh,23-11-2024
U009405,Jody Andrade,baileygutierrez@example.com,Other,Ginafort,29-04-2025
U009406,Cathy Stout,allen14@example.net,Female,New Catherineville,07-05-2024
U009407,Clarence Villanueva,alicehernandez@example.net,Other,West Sharontown,24-10-2024
U009408,Paul West,katie61@example.org,Other,North Misty,16-07-2024
U009409,Jennifer West,michael56@example.com,Other,West Veronicafurt,17-10-2024
U009410,Michael Morgan,megan05@example.net,Other,Andersonfurt,29-10-2024
U009411,Stephanie Torres,aaronmartinez@example.org,Other,Underwoodfort,13-03-2025
U009412,Kevin Snow,umoore@example.org,Female,Lake Rebeccahaven,25-02-2024
U009413,Heidi Jackson,kristy81@example.net,Female,Emilyburgh,18-04-2024
U009414,Steve Bruce,charlesmartinez@example.com,Other,Olsonside,22-08-2025
U009415,Kimberly Ward,michaelthompson@example.com,Male,East Michael,11-04-2024
U009416,Brittany Williams,bishopjennifer@example.com,Other,Dixonland,31-03-2025
U009417,Dorothy Wright,harold38@example.com,Male,Kingmouth,26-03-2025
U009418,Brenda Briggs,robertrubio@example.com,Female,Jefferyshire,15-01-2024
U009419,Ashley Chandler,edgar31@example.com,Female,Beverlyton,07-08-2024
U009420,Calvin White,zachary39@example.net,Female,Andersonhaven,30-12-2024
U009421,Richard Raymond,evelynroth@example.net,Other,Paulland,16-03-2024
U009422,Timothy Gordon,millerjessica@example.com,Female,East Brian,15-11-2024
U009423,Jennifer Lewis,zyates@example.com,Other,East Robertamouth,18-10-2024
U009424,Juan Copeland,danielleunderwood@example.com,Other,Port Luisbury,15-02-2025
U009425,Nicole Chen,grahamlawrence@example.net,Female,Hernandeztown,25-01-2024
U009426,Keith Peterson,brandonhorne@example.com,Female,Lake Derektown,09-11-2024
U009427,Samantha Kim,fguerrero@example.com,Female,North Alicia,01-10-2024
U009428,Meghan Harrison,wcook@example.net,Male,Crystalport,14-09-2024
U009429,Samantha Mcbride,hullvalerie@example.com,Male,New Patrickborough,29-09-2024
U009430,Jennifer Moreno,cheryl35@example.org,Other,Martinezton,26-02-2024
U009431,Scott Pierce,myerskenneth@example.com,Male,Port Donaldton,17-06-2024
U009432,Mark Sanchez,scampbell@example.org,Male,Wilkinsfurt,28-01-2024
U009433,Anna Carter,xchung@example.net,Female,New Aaronville,10-09-2024
U009434,Autumn Little,michellelopez@example.net,Female,Gordonfort,23-11-2024
U009435,Tara Porter,dcole@example.org,Other,Michellestad,12-04-2025
U009436,Steven Reyes,brandi53@example.net,Other,Deniseville,04-04-2025
U009437,Kendra Torres,leedanielle@example.org,Male,Lake Joseland,07-02-2024
U009438,Daniel Peters,jacob35@example.net,Other,Johnsonborough,18-12-2024
U009439,Michelle Pitts,kmejia@example.com,Female,Forbesport,19-04-2025
U009440,Gabriel Giles,april71@example.org,Female,Parsonsport,01-07-2025
U009441,Robert Ellis,jason14@example.org,Male,Port Angela,17-04-2024
U009442,Ricardo Maldonado,brandygarcia@example.com,Female,Lynntown,05-10-2024
U009443,Kerry Garcia,hannahlindsey@example.net,Female,East Bradton,17-02-2024
U009444,Crystal Baker,scarey@example.org,Female,Sweeneyville,11-05-2025
U009445,Matthew Johnson,sydney56@example.com,Female,Port Sarah,04-04-2025
U009446,Christopher Vaughn,robertsjohnny@example.net,Female,South Rachelshire,17-09-2024
U009447,Jose Guerrero,michaelnavarro@example.net,Male,North Justintown,10-02-2024
U009448,Brett Collier,jason31@example.org,Other,Nathanmouth,06-03-2024
U009449,Steven Harper,joel55@example.org,Male,East Edward,24-02-2024
U009450,James Greene,villegasmatthew@example.org,Male,Lake Elizabeth,09-10-2025
U009451,Randall Thomas,lindamitchell@example.net,Male,East Donnaberg,14-04-2024
U009452,Jonathan Smith,becky68@example.com,Other,Mcmillanport,24-07-2025
U009453,Elizabeth Miller,davidthompson@example.org,Female,Jonesside,06-03-2025
U009454,Dylan James,theresacampbell@example.net,Other,Port Teresaton,08-06-2025
U009455,Jennifer Lane,karenjones@example.com,Male,South Kyle,21-07-2025
U009456,Steven Gallagher,carl31@example.com,Other,Port Brianhaven,07-07-2024
U009457,Todd Walker,richard18@example.net,Male,Michaelview,20-10-2025
U009458,Felicia Stewart,kennethperez@example.com,Female,North Tracyton,15-06-2024
U009459,Amber Blackwell,cmullins@example.com,Male,New Theresaborough,12-01-2025
U009460,Jodi Kelly,chad69@example.com,Female,Parkerfort,03-05-2024
U009461,Julie Thomas,walshkelly@example.com,Male,Grahamville,03-10-2024
U009462,Tiffany Lopez,phillipsrichard@example.net,Male,Micheleland,06-02-2024
U009463,Julie Jackson,eschneider@example.net,Other,East Samantha,03-06-2024
U009464,William Nelson,tonyjones@example.com,Female,Kirkville,09-06-2025
U009465,John Blackwell,lorisullivan@example.com,Male,North Robinberg,16-09-2024
U009466,Shane Jones,zroberts@example.org,Female,West Deanfort,18-11-2024
U009467,Nicole Christensen,weavermichael@example.com,Other,Katherinestad,17-10-2025
U009468,Corey Jimenez,raymondfoley@example.org,Female,North Scott,03-11-2024
U009469,Gerald Michael,arthurcline@example.org,Other,South Andrewborough,09-12-2024
U009470,Gordon Glover,teresahogan@example.com,Other,Montoyafort,21-06-2024
U009471,Gina Norton,corey41@example.org,Female,Port Benjaminbury,16-01-2024
U009472,Marc Tran,stonebrandon@example.org,Female,East Scott,24-03-2024
U009473,Timothy Ortiz,kristin39@example.net,Male,East Adamshire,14-06-2025
U009474,Tara Martinez,hkey@example.com,Other,East Michaelhaven,07-05-2025
U009475,Charles Carpenter,davidsanders@example.com,Female,South Patrickland,05-01-2024
U009476,Bill Herring,alexandriafletcher@example.net,Other,Willisview,06-08-2024
U009477,Jared Taylor,pjohnson@example.net,Male,South Breannaborough,17-03-2024
U009478,Jacob Clark,martinezcolleen@example.net,Female,Fergusonland,27-01-2024
U009479,Henry Armstrong,perry56@example.org,Female,Brandiberg,20-09-2025
U009480,Gabrielle Serrano,rachelblackwell@example.net,Other,New Timothy,31-01-2025
U009481,Toni Silva,vmitchell@example.org,Female,Deborahview,01-11-2025
U009482,Joshua Myers,soniabryan@example.com,Female,North Tylerport,17-02-2025
U009483,Stephanie Perez,troystafford@example.org,Other,Amandatown,15-06-2024
U009484,Laura Larson,danielthomas@example.org,Male,Grantmouth,01-11-2024
U009485,Donald Smith,morgan25@example.com,Female,West Kevin,02-03-2024
U009486,Jack Padilla,lhendricks@example.org,Male,South Breannashire,17-06-2025
U009487,Peter Hart,dyerheather@example.net,Other,New Steve,01-04-2025
U009488,Monica Castillo,martincarr@example.com,Other,North Joshua,15-01-2024
U009489,Sandra Valencia,frank19@example.com,Male,Barkermouth,03-05-2024
U009490,Patrick Bowen,randytrevino@example.org,Female,North Caitlin,25-08-2025
U009491,James Norton,kristencontreras@example.com,Female,Cruzborough,13-04-2025
U009492,John Richmond,teresabrown@example.org,Other,Tiffanyton,28-11-2024
U009493,Michael Stanton,bridgesjennifer@example.net,Other,Williamsberg,25-10-2024
U009494,Kyle Doyle,jonathan99@example.net,Female,Watkinsfurt,18-03-2024
U009495,Gary Martin,john81@example.com,Male,East Carlstad,21-08-2024
U009496,Robert Hill,thomas72@example.org,Other,New Victoriastad,16-08-2024
U009497,Elizabeth Williams,amanda54@example.org,Female,Ianland,13-01-2024
U009498,Brittany Meyer,douglascline@example.net,Female,Brittneyborough,10-08-2024
U009499,Robert Brown,jonesanthony@example.net,Female,Ericastad,02-01-2025
U009500,Christina Gardner,jonathon99@example.org,Male,Rebeccastad,17-10-2025
U009501,Nancy Branch,pamela72@example.org,Female,Mathisview,04-10-2024
U009502,Adam Moore,james80@example.com,Other,Port James,25-10-2025
U009503,Nicholas Holland,thomashunter@example.org,Male,Alexanderside,25-05-2024
U009504,Michael Wyatt,lisaoliver@example.net,Other,South Seanstad,08-12-2024
U009505,Donald Ferguson,fgoodman@example.org,Male,Amymouth,20-09-2025
U009506,Zachary Johnson,mary86@example.net,Female,West Antonioborough,23-07-2024
U009507,Kimberly Sims,kmiller@example.net,Female,South Cathy,03-01-2024
U009508,Edward Ponce,ygallegos@example.com,Male,West Grace,31-01-2024
U009509,Kathy Mitchell,erika43@example.com,Female,West Candace,14-11-2025
U009510,Joshua Neal,dennishicks@example.org,Other,Joannton,21-06-2024
U009511,Gregory Castillo,jessica94@example.org,Female,Padillaton,09-10-2025
U009512,Maureen Mills,colsen@example.org,Male,Port Cathy,25-09-2024
U009513,Trevor Perry,lmata@example.org,Other,South Jeremy,03-05-2025
U009514,Eric Clark,owensterri@example.org,Other,Laurenfort,04-04-2024
U009515,Patricia Kirby,kennedymelissa@example.org,Male,New Alexandra,08-02-2024
U009516,Pamela Martin,rosstammy@example.com,Other,North Laurashire,11-11-2024
U009517,Stephanie Barnes,brian39@example.net,Other,West Noahborough,26-08-2025
U009518,Jamie Arias,cochrandavid@example.com,Male,East Brittanyberg,11-08-2025
U009519,Zoe French,bkelley@example.org,Other,East Ryanhaven,20-07-2025
U009520,Sandra Mccarthy,wrandall@example.com,Female,Port Shirleytown,25-08-2025
U009521,Gary Juarez,jmartinez@example.org,Female,Collinbury,03-10-2024
U009522,Mark Marsh,katherine49@example.org,Male,Priceborough,19-08-2024
U009523,Jennifer Miller,danielle60@example.com,Other,South Randallport,27-09-2025
U009524,Christy Jones,igonzales@example.org,Other,North Ronald,27-03-2025
U009525,Sherri Nelson,meyersroy@example.org,Female,Kelleyview,10-10-2025
U009526,Joseph Jenkins,melanie68@example.org,Female,Karlfurt,21-11-2024
U009527,Janice Hill,nguyenbrandon@example.org,Male,Allenfort,05-06-2024
U009528,Nicholas Mooney,jennifercoffey@example.org,Female,Ryanchester,13-11-2024
U009529,Chris Kirby,bperez@example.net,Male,Chapmanview,25-12-2024
U009530,Debra Ewing,tking@example.org,Other,Haileyburgh,31-03-2025
U009531,Kristin Bradford,alvaradobrian@example.org,Female,Jeffberg,14-07-2025
U009532,Justin Gonzales,jasondavis@example.com,Other,South Timothyhaven,01-07-2024
U009533,Rachel Gibson,ahunt@example.net,Female,Hayesmouth,19-10-2024
U009534,Jennifer Lopez,jessebarton@example.org,Female,Freemanfort,12-10-2025
U009535,Glenn Castillo,jdillon@example.org,Other,East Melinda,19-09-2025
U009536,Melinda Dyer,urogers@example.com,Other,New Lisaland,03-08-2025
U009537,Marco Ruiz,monica76@example.net,Female,Garciaton,24-01-2025
U009538,Charlene Lin,carramanda@example.net,Male,New Pamelaport,11-03-2024
U009539,Michael Weeks,cindy87@example.net,Female,New Audreychester,10-08-2025
U009540,Phillip Mcclain,franciscocole@example.net,Female,North Jodyfurt,16-04-2025
U009541,Samuel Bell,jeffrey95@example.org,Female,Barrettfurt,04-03-2024
U009542,Lisa Wiggins,david60@example.com,Other,New Robin,17-01-2024
U009543,Nancy Hughes,brandonlawrence@example.org,Other,Fisherport,27-03-2025
U009544,Joann Kirk,allen76@example.com,Female,Castillobury,26-08-2025
U009545,Kimberly Ellis,sextonchristopher@example.com,Other,Georgeport,02-01-2025
U009546,Joseph Estrada,newmanbrian@example.net,Other,Lake Marcusborough,17-02-2024
U009547,Andrew Williams,bowerssteven@example.net,Male,West Brian,27-01-2025
U009548,Janet Hebert,williamspeter@example.net,Male,Vaughnshire,10-06-2025
U009549,Norma Carson,tinayork@example.net,Other,North Richard,03-05-2024
U009550,Thomas Long,fweber@example.org,Other,North Nicholasbury,02-01-2025
U009551,Kimberly Colon,eric23@example.net,Other,Hallville,06-04-2025
U009552,Jennifer Allen,ismith@example.com,Male,Shawmouth,03-10-2024
U009553,John Rivera,kpowell@example.org,Other,Kimberlymouth,27-10-2025
U009554,Mark Thomas,michael99@example.org,Female,Tiffanybury,27-06-2025
U009555,Emily English,emorris@example.com,Male,West Anthony,16-05-2024
U009556,Colton Hunt,anna93@example.com,Other,Williamsstad,04-06-2024
U009557,James Acosta,sabrinapollard@example.org,Other,Ashleytown,30-03-2025
U009558,Julia Coleman,xgordon@example.com,Female,Nelsonshire,09-08-2025
U009559,Thomas Hood,debra42@example.net,Female,Rebeccaport,30-01-2024
U009560,Lindsey Martin,odavis@example.org,Other,East Leah,24-02-2025
U009561,Mason Holmes,jeffreysmith@example.org,Other,Alexandrastad,07-01-2025
U009562,Jared Choi,vgordon@example.org,Other,New Brianborough,22-04-2025
U009563,Michael Villarreal,seancarey@example.com,Female,Youngside,01-08-2025
U009564,Paul Arellano,erinolsen@example.net,Other,Port Michael,25-08-2024
U009565,Ronald Turner,christinekennedy@example.net,Other,Fergusonborough,30-08-2024
U009566,Richard Jones,lindanelson@example.com,Other,North John,20-10-2025
U009567,Christina Leach,vanessafranklin@example.com,Male,Rebekahhaven,29-06-2025
U009568,Anthony Suarez,bennettnorma@example.net,Other,East Jessica,20-06-2024
U009569,Sara Gray,kimsparks@example.org,Male,Mariochester,20-02-2025
U009570,Jack Moreno,curtis64@example.net,Female,Hardymouth,16-04-2024
U009571,Aaron Mendez,amberevans@example.com,Female,West Seanmouth,02-06-2024
U009572,Tina Davis,jennifermcneil@example.com,Male,New Zachary,30-04-2025
U009573,Michael Robinson,thompsonchristopher@example.com,Male,New Michelle,18-08-2025
U009574,Shannon Chavez,pyates@example.org,Male,North Wesleyhaven,27-07-2024
U009575,Joshua Perez,davisjames@example.com,Other,East Harrymouth,11-07-2024
U009576,Brian Sullivan,ichase@example.org,Other,Desireeton,16-08-2024
U009577,Robert Riley,georgechambers@example.org,Female,Butlerland,02-06-2024
U009578,Lisa Mills,rodriguezjulie@example.org,Female,Autumnborough,30-03-2024
U009579,Andrea Johns,erikmorris@example.com,Female,Kellymouth,10-05-2025
U009580,Betty Watson,nathanieljones@example.net,Female,East Jessica,06-03-2025
U009581,Andrea Gibson,tchristian@example.com,Male,North Joelville,12-11-2024
U009582,Justin Roberts,parkeranna@example.net,Other,Schmidttown,06-07-2025
U009583,Stephen Sanders,blairjoseph@example.net,Male,South Lesliebury,18-10-2024
U009584,Cindy Copeland,lewisrebecca@example.net,Female,North Matthewmouth,06-11-2024
U009585,Kathryn Bradley,jeffrey18@example.net,Female,Oliviafurt,15-03-2024
U009586,Katherine Evans,shane58@example.com,Female,Port Karen,18-01-2025
U009587,Mark Jennings,bowmankaren@example.com,Other,Lake Edwardberg,24-12-2024
U009588,Angela Hernandez,posborne@example.org,Male,Samanthafort,19-07-2024
U009589,Mary Rios,wilsonelizabeth@example.org,Female,East Kelly,19-10-2024
U009590,Gene Huerta,howarderica@example.org,Other,South Mary,27-09-2025
U009591,Elizabeth Copeland,pamela74@example.com,Other,Burchhaven,27-11-2024
U009592,Jennifer Smith,kimberlyjohnson@example.com,Male,North Lindsey,18-02-2025
U009593,Lindsay Alvarez,rmelendez@example.org,Female,Port Kimberly,06-03-2025
U009594,Jennifer Martinez,jamesmelissa@example.org,Male,Jacksonhaven,04-02-2024
U009595,Michael Lee,mark56@example.net,Male,West Madison,18-06-2025
U009596,Douglas Woods,jonathanwarren@example.net,Male,East Nicole,03-05-2024
U009597,Dustin Adams,bauerandrew@example.org,Male,New Savannahside,12-05-2024
U009598,Debra Leonard,burtonkaren@example.com,Male,East Ian,20-11-2024
U009599,David Caldwell,danabradshaw@example.net,Male,Donnaview,15-08-2025
U009600,Joe Houston,jennifer55@example.net,Female,Brianview,12-03-2024
U009601,James Rhodes,palvarado@example.net,Female,Port Brett,27-09-2025
U009602,Mary Vargas,powersscott@example.com,Female,Murphystad,29-04-2024
U009603,Keith Torres,lgallagher@example.org,Other,South Carrie,25-01-2024
U009604,Matthew Moran,marywilliams@example.net,Female,New Breanna,05-10-2025
U009605,Dalton French,cynthiaanderson@example.org,Female,North Jermaine,12-10-2025
U009606,Joshua Smith,longrobert@example.net,Other,South Ashley,13-04-2025
U009607,Jenna Yu,robleserica@example.com,Male,Anthonyside,13-04-2025
U009608,Roger French,erinmoreno@example.net,Male,Andrewton,03-10-2025
U009609,Nicole Simmons,sarahneal@example.net,Male,South Ericmouth,19-03-2024
U009610,Amy Smith,montoyawilliam@example.com,Female,West Molly,14-09-2025
U009611,Robert Johnson,ktorres@example.com,Male,Port Keith,21-01-2025
U009612,Joshua Young,stacyhoward@example.net,Male,Veronicastad,08-05-2024
U009613,Anna Jensen,christopherhardy@example.org,Female,Lake Julia,15-08-2025
U009614,Gregory Morton,xlawrence@example.com,Female,South Rachel,26-07-2024
U009615,Mary Edwards,jeffrey46@example.com,Other,Snyderland,29-06-2025
U009616,Richard Ellis,kwang@example.net,Other,Rogerston,17-08-2025
U009617,James Jordan,tchristensen@example.org,Male,East Bonnieborough,06-03-2025
U009618,James Miller,antoniopetty@example.org,Other,Port Pamelastad,12-01-2024
U009619,Austin Kennedy,devonmckenzie@example.net,Male,Gutierrezview,23-09-2025
U009620,Timothy Woodard,edwin48@example.net,Other,South Juanton,22-02-2024
U009621,Kathryn Payne,mfuentes@example.net,Female,Joelport,25-09-2024
U009622,Molly Hatfield,hcarlson@example.org,Male,East Madison,12-03-2025
U009623,Casey Glass,cmartinez@example.com,Male,Port Shelby,17-11-2024
U009624,Brent Wong,amy35@example.com,Male,New Christian,08-01-2025
U009625,Rachel Miller,boyerjoshua@example.org,Female,Port Heather,27-09-2024
U009626,Heather Cochran,michelleschultz@example.com,Other,Hannashire,19-01-2024
U009627,Charles Williamson,ashleyalexis@example.org,Female,West Dawnville,14-04-2024
U009628,Dennis Sharp,srich@example.org,Male,East Olivia,19-08-2024
U009629,Beth Edwards,colleen19@example.org,Female,Rosemouth,11-06-2025
U009630,Sharon Griffin,grace23@example.org,Female,Rodrigueztown,17-01-2025
U009631,Melissa Harris,kari25@example.net,Other,North Jocelynville,04-05-2024
U009632,Christopher Cervantes,ingrammorgan@example.org,Other,Williamsshire,06-04-2025
U009633,Patrick Huynh,saundersdavid@example.net,Male,Port Amy,14-12-2024
U009634,David Riley,katherinephillips@example.org,Female,East Andrew,26-05-2024
U009635,Jamie Ho,ubrown@example.net,Other,Sandershaven,06-02-2024
U009636,Cassandra Gray,vfoster@example.com,Male,Port James,27-05-2024
U009637,Matthew King,jonescarol@example.com,Male,North Stephaniemouth,02-07-2025
U009638,Kaitlyn Reid,vgillespie@example.com,Male,Lauramouth,11-10-2024
U009639,Kaitlin Young,nancybrown@example.com,Other,Freemanhaven,01-10-2025
U009640,Claudia Vargas,iromero@example.com,Other,Kaitlinside,19-04-2025
U009641,Emma Price,mwalters@example.com,Other,Carmenburgh,22-06-2025
U009642,Steve Ruiz,bartonholly@example.org,Male,Thomashaven,10-11-2025
U009643,Bruce Jones,kristina42@example.net,Other,Barnesborough,02-09-2025
U009644,Daryl Bowman,daniel21@example.net,Other,Bakerberg,05-03-2024
U009645,Alex Jacobs,arellanoamber@example.net,Other,Flynnmouth,03-02-2024
U009646,Lauren Bishop,shannon81@example.net,Other,North Morganbury,18-04-2024
U009647,John Brown,timothy97@example.net,Female,New Timothy,06-11-2025
U009648,Richard Washington,deanjustin@example.net,Female,East Natalie,07-08-2025
U009649,Ashley Lee,denisebrown@example.org,Male,Lake Lisa,25-01-2024
U009650,Ashley Ford,stephaniewilliams@example.org,Male,Port Brandifurt,16-02-2024
U009651,Michael Chaney,katherine05@example.net,Other,Mcguireshire,16-04-2024
U009652,Tammie Morris,ashleylloyd@example.org,Male,Petersonfurt,13-03-2024
U009653,Mariah Patel,hlane@example.org,Female,South Markside,24-01-2024
U009654,Henry Garcia,michaelhanson@example.net,Female,Garciafurt,02-05-2024
U009655,Michael Smith,kathryn48@example.org,Other,New Alexandra,21-07-2025
U009656,James Smith,omichael@example.net,Other,East Tara,06-11-2024
U009657,Craig Cunningham,bwhite@example.net,Female,Jonesberg,19-03-2025
U009658,Leslie Hernandez,eadkins@example.net,Other,South Miguelport,03-04-2025
U009659,Nicholas Peck,thomasdanielle@example.com,Other,Lake Maryberg,29-06-2025
U009660,Craig Miller,jamesowens@example.org,Male,Mckayshire,15-04-2025
U009661,Michelle Mcneil,diazgary@example.com,Female,Lake Danielle,05-04-2025
U009662,Tami Norris,scooper@example.org,Male,Jasonport,23-06-2025
U009663,Kristen Cook,jasmine06@example.net,Male,Jasminfurt,20-05-2024
U009664,Maria Wright,matthewcardenas@example.net,Male,West Samanthaland,22-02-2024
U009665,Laura Reid,jamie67@example.com,Male,North Michellechester,10-04-2025
U009666,Tony Miller,danielmartin@example.org,Male,Torresberg,17-04-2024
U009667,Christopher Peterson,roydavid@example.com,Female,South Morganstad,18-06-2025
U009668,David Page,chad38@example.net,Female,Christopherfort,05-07-2024
U009669,Diane Madden,timothystephens@example.net,Female,North Paulmouth,13-09-2024
U009670,Shari Oconnor,annarios@example.org,Female,East Evanview,10-04-2024
U009671,Anthony Martin,andersonapril@example.com,Other,Kellyburgh,12-02-2024
U009672,Gregory Chapman,mark74@example.net,Male,Gonzalezshire,23-11-2024
U009673,Kathryn Carter,anthonyalexander@example.com,Female,Port Shannon,15-08-2025
U009674,Julia Myers,petersenkerry@example.org,Other,Lake Stephen,19-06-2024
U009675,Ashley Stanley,antonio14@example.com,Female,North Christopher,10-05-2024
U009676,Kenneth Ruiz,oleon@example.com,Other,Jamesville,23-01-2025
U009677,Lisa Jones,matthew92@example.com,Male,Patriciatown,25-05-2024
U009678,Jesse Huang,hernandezcody@example.net,Female,Melindafort,25-12-2024
U009679,Matthew Jordan,losborne@example.com,Other,Gregorymouth,01-02-2024
U009680,Jason Butler,anthony99@example.net,Female,Lake Rebecca,19-01-2025
U009681,Mark Richard,qbartlett@example.com,Female,Mckeeberg,18-07-2025
U009682,Angela Sutton,james47@example.net,Other,Davisland,25-12-2024
U009683,Jose Dixon,nathanrussell@example.net,Male,Leonardview,31-07-2024
U009684,Johnny Collier,rmartinez@example.net,Female,New Emilymouth,20-07-2024
U009685,Eric Haley,coletracy@example.net,Male,Bushborough,08-08-2025
U009686,Samuel Smith,rodriguezkristen@example.net,Female,Burgessport,03-05-2024
U009687,Summer Robbins,jessica58@example.net,Female,Cassandraland,16-02-2025
U009688,Troy Ryan,zbrown@example.net,Other,Anthonyburgh,05-04-2025
U009689,Danielle Farrell,andersonnathan@example.net,Female,Kimberlyburgh,28-09-2024
U009690,Vickie Wilson,nina01@example.com,Female,Michaelshire,28-08-2024
U009691,Danielle Obrien,jonathanlee@example.org,Male,West Michelle,22-12-2024
U009692,Gary Solomon,christie33@example.org,Other,Port Jerrymouth,31-01-2024
U009693,David Thompson,emacias@example.com,Other,Stevenstown,09-10-2025
U009694,Alexander Wolfe,jonesann@example.org,Male,Williamsmouth,26-02-2025
U009695,Becky Byrd,andrewsmith@example.org,Other,Ericborough,17-10-2025
U009696,John White,melendezzachary@example.com,Other,Currytown,21-09-2025
U009697,Lauren Allen,vazquezelizabeth@example.org,Male,Port Logan,17-09-2024
U009698,Jessica Fernandez,thompsonjeffrey@example.org,Other,Garnerside,12-05-2025
U009699,Clifford Rivera,fletchermargaret@example.net,Other,Lewisfort,01-11-2025
U009700,Gary Beltran,chendavid@example.org,Male,Lake Whitneymouth,29-01-2024
U009701,Brandy Hess,yolandapaul@example.com,Female,Goodwinchester,10-01-2025
U009702,Austin Mitchell,amysmith@example.net,Other,Michellebury,30-07-2025
U009703,Paula Donovan,nprice@example.com,Female,Perezbury,24-10-2024
U009704,Diana Campos,cynthia80@example.net,Female,Heathermouth,06-09-2024
U009705,Amber Johnson,jeanettegarcia@example.org,Other,Port Kaylaburgh,13-03-2024
U009706,Troy Guerrero,brian98@example.com,Other,Ellisfurt,12-11-2024
U009707,Christopher King,scombs@example.com,Female,Strongfurt,18-05-2025
U009708,Logan Welch,williamgraham@example.org,Other,Brandonhaven,13-03-2024
U009709,Marcus Payne,gordonlisa@example.net,Male,Lake Gregorybury,10-07-2024
U009710,Sarah Miller,nelsonadam@example.net,Other,Stevenburgh,19-01-2025
U009711,Melissa Francis,holtmaureen@example.net,Male,Sullivanbury,07-05-2025
U009712,Diane Green,shawntaylor@example.com,Female,Brandonborough,06-08-2025
U009713,Ryan Shaw,martinezrobert@example.org,Female,New Robertamouth,07-02-2025
U009714,Morgan Doyle,ashley20@example.com,Male,Port Nathaniel,22-06-2024
U009715,Philip Anderson,ginabooker@example.net,Female,Barbarastad,08-03-2025
U009716,James Jones,elizabeth84@example.com,Female,Lake Thomasfort,22-10-2025
U009717,Andrew White,richard01@example.org,Female,Pamelafort,13-06-2024
U009718,Chelsea Ramirez,emorales@example.net,Male,Lake Leslietown,03-10-2024
U009719,David Smith,alawrence@example.org,Male,New Lisa,23-10-2024
U009720,Erica Bowen,jeffrey71@example.net,Female,Port Morgantown,11-06-2025
U009721,Kaitlyn Perez,dellis@example.com,Male,Griffithshire,05-05-2025
U009722,Frank Floyd,wongashley@example.net,Male,South Dennis,04-02-2024
U009723,Amy Grant,jwright@example.net,Female,Port Brendanland,12-11-2025
U009724,Jessica Everett,deckermackenzie@example.org,Other,Barrshire,09-08-2025
U009725,Joseph Thompson,qhodges@example.org,Female,Margaretport,11-10-2025
U009726,Kelly Thompson,xdavis@example.org,Other,Kevinfurt,22-09-2024
U009727,Melanie Sanchez,simpsonthomas@example.org,Female,East Judithmouth,11-04-2025
U009728,Michelle Maxwell,peter42@example.net,Male,Pachecoton,23-10-2024
U009729,Jerome Manning,jenniferclark@example.net,Female,North Carmenside,08-09-2025
U009730,Bridget Flynn,todd43@example.net,Male,Davidhaven,24-02-2025
U009731,Michelle Clayton,hicksnancy@example.net,Female,New William,05-03-2024
U009732,Gregory Rodriguez,xwilson@example.org,Female,Mitchellhaven,13-05-2025
U009733,Kathy Pierce,jeremytucker@example.org,Other,Port Howardborough,18-12-2024
U009734,Jerry Acevedo,qstewart@example.com,Female,East Hollyside,04-11-2025
U009735,Megan Becker,hnichols@example.org,Female,East Lindsaychester,08-10-2024
U009736,Joshua Oliver,micheal38@example.net,Other,Port Corey,20-01-2025
U009737,Deborah Peterson,mccoyalexander@example.net,Female,Rickyland,06-04-2025
U009738,Angelica Patel,chapmanclaudia@example.org,Male,Brittneyhaven,15-08-2025
U009739,Tim Miller,kerry91@example.com,Male,Lake Mary,23-05-2025
U009740,Jesus Harvey,etorres@example.com,Other,Lake Roy,07-12-2024
U009741,Lauren Wilson,sabrinagallagher@example.net,Female,Bradyfurt,18-04-2024
U009742,Alex Wilson,dawn30@example.org,Other,Lake Kristenchester,05-01-2024
U009743,Karen Walker,calebhernandez@example.org,Male,Lake Victoria,21-07-2024
U009744,Janice Duke,lucaslauren@example.net,Female,New Leon,23-10-2025
U009745,Sara Nelson,watkinscynthia@example.net,Female,New Rachelton,20-03-2024
U009746,Anthony Jones,nathanlee@example.org,Other,Port Brianna,12-02-2024
U009747,Jonathan Jacobson,nicolemarshall@example.org,Other,East Heatherville,03-02-2024
U009748,William Jones,michaelbeasley@example.com,Other,Port Anthony,21-06-2025
U009749,Matthew Flores,kaitlin24@example.org,Other,Johnsonville,25-06-2024
U009750,Arthur Ramos,blake60@example.org,Female,Cynthiamouth,10-03-2024
U009751,Sheryl Meadows,kevin37@example.net,Female,Booneton,25-03-2024
U009752,Eduardo Waters,justin28@example.com,Other,West Alexandraland,01-02-2025
U009753,Natasha Clark,brooksjessica@example.org,Male,New Christopher,28-03-2025
U009754,Joseph Graves,gmccoy@example.org,Male,North Shannonside,16-10-2024
U009755,Patricia Thompson,medinajoseph@example.org,Other,Aguilarfort,31-08-2024
U009756,Sean Lane,jay75@example.org,Other,North James,08-07-2025
U009757,Elizabeth Barajas,lopezkristen@example.net,Male,Obrienchester,23-09-2025
U009758,Donna Strong,katelynrowe@example.com,Other,East Isaiah,16-09-2025
U009759,Emily Miller,keithwise@example.net,Female,Murphyborough,26-10-2025
U009760,Angela Nicholson,antonio39@example.net,Other,Douglasbury,22-08-2025
U009761,Anthony Hall,anguyen@example.com,Male,New Monicaville,05-09-2024
U009762,Eric Smith,shannonjimenez@example.net,Male,Schmidtland,19-09-2024
U009763,Frances Castro,wmoore@example.org,Female,Kirstenshire,30-01-2024
U009764,Jennifer Macias,zharris@example.net,Male,Burnsbury,28-01-2025
U009765,Gregory Banks,daniellewilson@example.org,Other,Maxwellborough,13-02-2025
U009766,Christopher Wallace,jeremy17@example.org,Female,Port Bradleymouth,13-06-2024
U009767,Heidi Blair,matthew80@example.net,Female,Evansland,13-02-2024
U009768,Justin Bishop,vperez@example.com,Other,North Christina,31-08-2025
U009769,Rebecca Jenkins,daledavis@example.org,Male,Destinyhaven,04-11-2025
U009770,Christina Smith,fisherann@example.com,Male,New Matthew,30-08-2024
U009771,Katherine Walker,maxwelltammy@example.net,Male,Danielston,01-10-2024
U009772,Raymond Harmon,rmerritt@example.com,Male,Amandafurt,17-03-2024
U009773,Paul Martin,annalopez@example.com,Other,Longberg,24-02-2024
U009774,Rebecca Rhodes,kendramiller@example.org,Other,South Marymouth,29-02-2024
U009775,Alex Graves,meganbeck@example.org,Other,Jefferyview,07-02-2025
U009776,Keith Bell,scottpamela@example.net,Male,Lake Ray,01-11-2025
U009777,Nicholas Hammond,sarahcraig@example.net,Other,Davisbury,13-09-2024
U009778,Zachary Russell,schwartztiffany@example.net,Other,East Becky,11-09-2024
U009779,Christopher Carrillo,yrice@example.net,Female,New Kylestad,25-02-2024
U009780,Jade Reynolds,velasquezkevin@example.com,Female,Lake Christieburgh,27-06-2025
U009781,Susan Jackson,pwaller@example.com,Female,Patriciabury,04-11-2025
U009782,Albert Hill,robinsondavid@example.net,Female,Heatherville,03-10-2025
U009783,Jennifer Nelson,jeremyclayton@example.net,Other,Jacobchester,17-09-2024
U009784,Brian Logan,tracey50@example.com,Male,South Lisa,28-10-2024
U009785,Chad Martinez,kgates@example.net,Female,North Alexview,17-09-2025
U009786,Keith Medina,michelle31@example.net,Male,West Heather,17-11-2024
U009787,Margaret Brown,ggordon@example.org,Other,Courtneyborough,26-06-2025
U009788,Amanda Townsend,robertrodriguez@example.org,Other,Salazarchester,03-04-2024
U009789,Kathryn Wilkins,cynthia76@example.net,Female,Port Haleyton,30-11-2024
U009790,Monica Romero,eugene98@example.org,Female,Caseychester,12-03-2024
U009791,Denise Valencia,martinbrooks@example.net,Male,Taylorville,07-03-2024
U009792,David Thomas,kowens@example.com,Male,Lake Matthewview,11-05-2024
U009793,Jason Lopez,swillis@example.net,Female,Hernandezhaven,19-02-2024
U009794,Ricky Harris,coopertodd@example.org,Female,Josephville,14-06-2024
U009795,Kelly Evans,brookewhite@example.com,Male,Trujillofurt,06-04-2024
U009796,Douglas Cannon,gsmith@example.org,Female,South Jayfurt,10-05-2024
U009797,Nancy Garcia,jamesstevens@example.com,Female,Catherinestad,14-03-2025
U009798,Rebecca Blanchard,teresamullins@example.net,Other,Lake Nicholeshire,27-01-2024
U009799,Austin Reid,melanie73@example.net,Male,Shannontown,28-10-2024
U009800,Daisy Hull,roylevine@example.net,Male,North Karenburgh,08-01-2024
U009801,Rebecca Hansen,deandouglas@example.net,Male,North Benjamin,07-02-2025
U009802,Andrew Gomez,gaustin@example.com,Other,Kathleenview,01-09-2024
U009803,Robert Lewis,danbauer@example.org,Other,Lake Annafurt,15-09-2024
U009804,Thomas Cortez,moorechad@example.org,Other,Tamarachester,01-05-2024
U009805,Matthew Ryan,jeffrey65@example.org,Other,West Danielburgh,28-03-2024
U009806,April Walker,reidpaula@example.com,Male,Bradleyside,01-10-2024
U009807,Jennifer Harris,damon88@example.org,Male,West Taraborough,14-11-2024
U009808,Gregg Watts,loriherrera@example.net,Female,New Angelafurt,22-02-2024
U009809,Jasmin Bell,rubenramirez@example.net,Male,Leehaven,17-10-2025
U009810,Samuel Joseph,nicholas10@example.org,Female,New Adambury,30-04-2025
U009811,Thomas Cummings,christopherwhite@example.org,Other,Lake Amanda,01-08-2024
U009812,Dean Vincent,cforbes@example.org,Male,New Marie,02-08-2025
U009813,Nancy Mendez,wburns@example.com,Male,Smithview,14-09-2025
U009814,Isaac Morris,qmoore@example.net,Female,Bowersland,24-02-2024
U009815,Catherine Frye,kimberly25@example.com,Other,South Lindsey,11-09-2025
U009816,Edward Wilson,jamesnorton@example.net,Female,Krausechester,31-01-2024
U009817,Denise Patterson,ericachan@example.com,Other,Griffinbury,12-05-2025
U009818,Fernando Clark,conniehumphrey@example.org,Female,Colemantown,24-03-2025
U009819,Shannon Morgan,ericmaldonado@example.com,Male,New David,02-10-2024
U009820,Shannon Finley,lauracook@example.net,Male,Teresamouth,14-01-2024
U009821,Michael Silva,fostersamantha@example.org,Female,Brownmouth,28-01-2024
U009822,Darrell Hill,sarah79@example.net,Male,Gonzalezberg,26-02-2025
U009823,Jennifer Morales,jasoncasey@example.net,Other,Lake Nicolestad,24-06-2025
U009824,Angela West,kimberly21@example.net,Male,East Jessica,08-09-2024
U009825,Rachel Potter,paul60@example.com,Male,Angelaview,21-07-2025
U009826,Lindsay Gardner,michaelmcbride@example.net,Other,Shawnville,16-08-2024
U009827,Kathryn Rodriguez,hensleykevin@example.org,Other,West Jenniferbury,11-09-2024
U009828,Michaela Huber,tracie66@example.net,Female,Lisaberg,12-06-2024
U009829,Frances Chase,kathleen26@example.com,Female,Ashleyfurt,18-10-2024
U009830,Donna Rivera,hicksadam@example.com,Other,Rothside,06-07-2025
U009831,Brandon Torres,joshuaharper@example.com,Female,South Elizabethport,12-07-2025
U009832,Joel Obrien,jrussell@example.org,Male,Natalieport,22-09-2025
U009833,Brittany Hicks,rkramer@example.net,Male,Jonathanside,18-05-2025
U009834,Raymond Marshall,scotttamara@example.com,Other,Dawnshire,28-08-2024
U009835,Jose Holland,huangryan@example.com,Male,Port Juan,10-02-2025
U009836,Richard Wells,lambertandrea@example.net,Male,North Ginamouth,07-06-2024
U009837,Charles Lloyd,lorraine82@example.com,Female,South Ashleefurt,10-08-2025
U009838,Nathaniel Gallegos,michaelsanders@example.net,Female,Geraldborough,11-04-2025
U009839,Hayley Mckee,reedsusan@example.org,Other,South Alex,31-05-2025
U009840,Jack Rhodes,sharon62@example.org,Female,North Amber,01-12-2024
U009841,Darrell Rogers,markalvarez@example.org,Female,East Brooke,22-09-2024
U009842,Carol Murray,monicasingleton@example.com,Male,Rileystad,10-07-2025
U009843,Christopher Guzman,ebrown@example.com,Female,Lunaton,01-02-2025
U009844,Paul Friedman,whitedonald@example.org,Male,New Samuelton,26-02-2025
U009845,Tammy Price,noahwilliams@example.net,Other,New Robert,02-04-2024
U009846,Alejandro Watson,thomas07@example.com,Male,Williamsland,20-05-2024
U009847,Jacqueline Wilson,maciasgeorge@example.net,Female,Grahamville,27-01-2024
U009848,Richard Gibson,danavaldez@example.org,Other,Angelachester,18-05-2024
U009849,Amanda Jones,patriciabaker@example.net,Other,Jenniferton,22-08-2024
U009850,Ryan Watson,lisawatts@example.com,Male,Walkerport,03-09-2025
U009851,Andrew Schultz,eileenthomas@example.com,Female,Saundersland,19-02-2024
U009852,Lisa Wilkins,bradfordashley@example.net,Male,Lewiston,20-05-2025
U009853,Wesley Chambers,juliebell@example.org,Female,Port Alexa,20-09-2025
U009854,Abigail Patterson,byrdfrederick@example.net,Male,East Kimberly,21-04-2024
U009855,Diane Johnston,theresa00@example.com,Male,Danielville,23-01-2025
U009856,Shawn Washington,landrychristopher@example.net,Female,West Adamhaven,12-08-2024
U009857,George Guzman,jenniferray@example.com,Female,Paynefort,29-05-2024
U009858,Bonnie Ortiz,crossmelanie@example.net,Male,Hahnton,03-04-2025
U009859,William Miles,debrafranco@example.org,Other,West Dustinbury,10-01-2025
U009860,Erik Phillips,daniellestokes@example.com,Female,South Jon,16-12-2024
U009861,Mary Hamilton,dixonjennifer@example.net,Male,Calderonton,30-09-2025
U009862,Amanda Snyder,stevendavis@example.org,Female,Scottbury,09-07-2025
U009863,Deborah West,levinemonica@example.com,Other,Port Oliviaburgh,06-09-2024
U009864,Evelyn Parsons,gwhitehead@example.com,Other,New John,12-07-2024
U009865,Tina Morgan,smithrebecca@example.org,Other,West Lisafort,13-10-2025
U009866,Stephanie Ryan,lmcmillan@example.org,Female,Johnsonmouth,22-04-2024
U009867,Marie Sims,curryrachel@example.com,Male,Port Dawnland,07-04-2024
U009868,Kylie Cole,browncassandra@example.org,Male,Simonmouth,09-05-2025
U009869,Nicole Oneal,hawkinsgabriel@example.net,Female,Lake Christopher,29-09-2024
U009870,Corey Harris,smithgabriella@example.org,Male,Veronicaport,20-04-2025
U009871,Jason Murphy,fgriffin@example.org,Female,North Charles,19-03-2024
U009872,Christine Arnold,imccoy@example.net,Other,East Theresaton,05-11-2025
U009873,Christopher Lee,chenamy@example.net,Female,New Rodneyton,30-05-2024
U009874,Jackie Larson,richardcampbell@example.com,Other,Ronnieborough,17-05-2025
U009875,Loretta Gonzales,amanda18@example.net,Male,Port David,06-07-2024
U009876,Brenda Miller,ronaldclark@example.org,Other,Carolshire,21-01-2025
U009877,Frances Zuniga,mooreryan@example.com,Female,Johnsonbury,05-09-2025
U009878,Annette Craig,macktiffany@example.net,Other,Davismouth,19-06-2024
U009879,Jenna Rivera,taylorkenneth@example.com,Female,Woodsmouth,13-10-2024
U009880,Miranda Wilkins,erika41@example.com,Other,North Mary,02-08-2025
U009881,Shannon Snyder,martingilbert@example.org,Other,Wardton,08-08-2025
U009882,Katherine Moody,pamelanelson@example.com,Female,Mayborough,13-08-2025
U009883,Timothy Ponce,cwells@example.net,Male,Port Meganstad,11-10-2025
U009884,Monica Maldonado,kathleenhenderson@example.org,Male,North Jessica,26-02-2025
U009885,Melissa Gonzales,taralyons@example.org,Other,New Paulshire,16-01-2025
U009886,Rebecca Valenzuela,tmarshall@example.net,Male,Andrewsbury,21-04-2024
U009887,Brandon Flores,cheryladams@example.org,Male,North Tanya,03-06-2025
U009888,Keith Hanna,jamesmyers@example.org,Female,Prestonchester,19-11-2024
U009889,Rachel Allen,kimberlyhernandez@example.net,Male,Lake Ericaborough,19-03-2024
U009890,Melissa Luna,jacob49@example.org,Female,Elizabethstad,16-05-2025
U009891,Jacqueline Anderson,reyespaul@example.com,Female,New Tony,21-05-2025
U009892,Ashley Mccormick,unorris@example.net,Other,Port Amandahaven,20-06-2025
U009893,Joe Garner,mford@example.org,Other,Justinville,21-08-2025
U009894,Jared Hansen,ralphmitchell@example.net,Other,Zoeburgh,14-10-2024
U009895,Brandy Rodriguez,glennparks@example.org,Other,East Daniel,01-12-2024
U009896,Shannon Sharp,kayladavis@example.org,Other,Port Kyle,16-06-2024
U009897,Russell Burke,higginslauren@example.org,Male,East Michael,08-06-2024
U009898,Charles Harrington,walterrivera@example.org,Male,Schroederchester,06-02-2024
U009899,Jeremy Preston,jesse14@example.net,Female,Port Robertton,01-01-2024
U009900,Steven Moody,gregknox@example.com,Other,Smithbury,02-07-2024
U009901,Jennifer Rodriguez,rogersdawn@example.net,Other,Christopherborough,12-10-2025
U009902,Sylvia Dorsey,alyssajackson@example.com,Female,West Paulshire,27-06-2024
U009903,Jessica Russell,elizabeth33@example.net,Female,Nolanborough,31-07-2025
U009904,Spencer White,jamesjimenez@example.org,Female,East Yvonneberg,05-06-2024
U009905,Jason Lopez,amy60@example.org,Other,Williamsborough,29-06-2025
U009906,Wendy Nichols,williamgreen@example.net,Female,South Christina,02-01-2024
U009907,Deanna Fleming,porterkayla@example.com,Male,New Shirleyville,29-06-2024
U009908,Amy Guzman,hayden69@example.org,Other,Patrickberg,16-08-2025
U009909,Beth Smith,vwebb@example.org,Male,Jennifermouth,15-02-2025
U009910,Ronald Jimenez,ramirezgary@example.org,Other,Wangside,30-04-2024
U009911,William Davis,leecameron@example.net,Male,Port Zacharyton,18-01-2025
U009912,Gabrielle Adkins,kentjose@example.com,Female,Ralphmouth,10-05-2024
U009913,Jeffrey Austin,bondanthony@example.com,Male,Lake Daniel,17-10-2025
U009914,Nathan Martinez,uosborne@example.org,Other,Snyderfort,30-04-2024
U009915,Janice White,anthonygates@example.com,Female,Victoriaport,30-06-2025
U009916,Michael Phillips,williamsellen@example.com,Female,Joshuabury,29-08-2024
U009917,Steven Smith,suzannekelley@example.org,Female,New Sharontown,02-01-2025
U009918,Jeremy Walker,allenkayla@example.net,Male,South David,15-01-2024
U009919,Tracy Williams,heatherhall@example.org,Male,Erinborough,16-05-2024
U009920,Sabrina Phillips,johnsonamanda@example.net,Female,West Elizabethstad,07-03-2025
U009921,Hailey Bautista,lambertana@example.org,Other,Evansberg,14-12-2024
U009922,Duane Ray,swhite@example.org,Other,Port Travis,31-10-2024
U009923,Lisa Garrett,elizabeth72@example.net,Female,Cooktown,26-08-2025
U009924,Shannon Malone,hbridges@example.net,Male,Wagnerhaven,26-04-2024
U009925,Keith Conley,harrisondonald@example.net,Female,Keystad,12-02-2024
U009926,William Boyle,erica13@example.org,Male,Port Amy,25-08-2024
U009927,Heather Montes,simschad@example.com,Female,North Katelyn,27-02-2025
U009928,Donna Turner,dodsonnancy@example.org,Male,South Craigchester,01-11-2025
U009929,Christopher Lee,iayala@example.com,Male,Williamside,03-07-2024
U009930,Douglas Phelps,fitzgeraldtravis@example.com,Female,Port Jeremy,08-04-2025
U009931,Meagan Case,davidjohnson@example.org,Female,Lake Alyssamouth,01-12-2024
U009932,Susan Martin,justin49@example.org,Other,Morrowburgh,17-09-2024
U009933,Brian Brooks,hintonmichael@example.net,Female,Martinezmouth,03-04-2024
U009934,Julie Green,aclarke@example.net,Female,Lopezmouth,02-08-2025
U009935,Nathan Simmons,joshuahansen@example.org,Female,Adkinsstad,15-03-2025
U009936,Joseph King,wpatel@example.com,Female,Smithtown,29-02-2024
U009937,Dennis Green,jjohnson@example.net,Other,West Lauraton,04-06-2025
U009938,Sarah Sellers,opowers@example.com,Female,East Melissa,05-07-2024
U009939,Laura Joseph,alexisgraham@example.com,Other,West Aprilton,09-05-2025
U009940,Sarah Simmons,timothy28@example.net,Female,Sandrafort,16-02-2024
U009941,Sean Gonzalez,kellerkristen@example.org,Female,Mitchellfort,27-05-2025
U009942,Katrina Hull,nclayton@example.org,Male,Port Amanda,24-03-2024
U009943,Holly Rojas,kelly82@example.com,Female,Emilyfurt,18-07-2025
U009944,Charles Ruiz,tylervazquez@example.net,Other,Port Brianport,18-12-2024
U009945,Kristen Anderson,hernandezmatthew@example.org,Female,Ricemouth,28-02-2025
U009946,Damon Hogan,chris63@example.com,Male,West Mark,05-10-2024
U009947,Erin Campbell,zwebster@example.com,Other,New Troy,13-05-2024
U009948,Christopher Shaffer,etran@example.org,Other,Danaborough,11-06-2025
U009949,Edward Chapman,carloskrueger@example.com,Other,New Jennifer,29-03-2025
U009950,Donna Good,khicks@example.org,Female,New Ethan,17-01-2024
U009951,Shelley Wright,lynchalan@example.org,Male,Rollinsstad,01-04-2025
U009952,Cameron James,christygrant@example.com,Male,South Rachel,13-07-2024
U009953,Brian Gordon,ncohen@example.org,Male,Turnertown,30-09-2025
U009954,Harry Nguyen,rebeccagonzalez@example.net,Male,Port Jamesland,16-11-2024
U009955,Jacob Davis,mcmahoncathy@example.net,Male,Myersburgh,13-01-2024
U009956,Adam Hall,kathleen01@example.net,Male,South Jesus,15-09-2025
U009957,Troy Brennan,rcasey@example.org,Male,Hillborough,27-08-2024
U009958,Dawn Jones,davidball@example.net,Female,Morganbury,24-01-2025
U009959,Julie Morgan,erikadavenport@example.org,Female,Kathleentown,03-10-2025
U009960,Kevin Warner,graykyle@example.org,Male,Christopherside,01-01-2025
U009961,Angela Contreras,andrea51@example.org,Other,South Michaelton,11-10-2024
U009962,Mallory Obrien,courtneymills@example.com,Female,New Matthewfurt,01-03-2024
U009963,Ashley Black,jodi95@example.com,Female,Davieschester,27-04-2024
U009964,Glen Hall,sharpdiane@example.net,Male,Lake Rebeccamouth,27-05-2024
U009965,Micheal Randolph,rdixon@example.com,Female,West Angela,09-10-2024
U009966,Jason Branch,aaronramos@example.org,Male,Kristinside,22-12-2024
U009967,Justin Kelly,jessica13@example.com,Female,Veronicaton,01-06-2025
U009968,Megan Wong,williamgrimes@example.net,Female,New Gailport,27-03-2024
U009969,Maria Sanchez,carrillojade@example.org,Other,East Deniseshire,11-06-2024
U009970,Casey Johnson,scox@example.com,Other,Hooperhaven,08-10-2025
U009971,Tanya Wagner,haleregina@example.net,Female,Petersview,04-01-2025
U009972,Christopher Hale,robertsims@example.net,Female,North Jason,16-04-2024
U009973,Christopher Melton,haleyperez@example.org,Female,Chaseport,06-08-2024
U009974,Jacqueline Schultz,czimmerman@example.net,Male,New Yvonneborough,06-10-2024
U009975,Tyler Kelley,dianaodom@example.net,Other,Sloanview,20-10-2025
U009976,Annette Alvarado,margaretmccoy@example.com,Male,Smithmouth,27-02-2024
U009977,Daniel Armstrong,campbellwilliam@example.net,Male,Michaelberg,11-08-2024
U009978,Eric Wilcox,jamie54@example.org,Female,South Ernestland,18-03-2024
U009979,Heather Ramirez,wheelerlisa@example.com,Male,South Patriciaton,12-03-2025
U009980,Margaret Kelly,bryan63@example.net,Male,Jillbury,13-05-2025
U009981,Courtney Juarez,steve08@example.org,Female,Gabriellastad,16-02-2024
U009982,Natasha Taylor,terrireeves@example.org,Male,Kaylafurt,26-01-2024
U009983,Heather Haynes,melvinroberson@example.com,Male,Port Kimberly,04-07-2025
U009984,Sheri Hickman,watkinscharles@example.net,Other,East Mariachester,21-03-2024
U009985,Monique Williams,robertbest@example.com,Other,Joshuaberg,06-01-2025
U009986,Brian Graham,esims@example.com,Female,New Donnashire,17-06-2025
U009987,Christopher Williams,lindawright@example.com,Other,Murphyland,15-06-2024
U009988,Jason Butler,williamdavis@example.net,Other,Nixonview,26-10-2025
U009989,Amanda Silva,andrea85@example.com,Other,Trevorport,10-07-2025
U009990,Brittany Weber,pmoses@example.net,Male,Lake Kaylastad,09-06-2025
U009991,Joseph Weaver,roachtimothy@example.com,Other,Michaelmouth,27-07-2024
U009992,Timothy Wells,devon49@example.org,Male,Port Christineshire,15-09-2024
U009993,Kelly Torres,wardnathan@example.net,Other,Katiefort,17-07-2024
U009994,Daniel Vasquez,jeremymclaughlin@example.org,Other,North Travisville,04-09-2025
U009995,Michael Taylor,fhopkins@example.org,Male,East Nicholas,19-05-2025
U009996,Jill Moreno,joshua27@example.com,Female,East Monica,11-05-2025
U009997,Cheryl Brown,patrickmoore@example.net,Male,New Kimberlyshire,14-12-2024
U009998,Susan Randolph,bvasquez@example.com,Male,New Kristin,17-04-2024
U009999,Michelle Parker,savannah49@example.net,Female,Wellsfurt,15-03-2025
U010000,Claire Sullivan,thomas24@example.net,Other,East Heather,13-01-2024
